target_relative_path	source_repository	source_repository_url	source_branch	source_HEAD	source_relative_path	git_tracked	source_blob_oid_if_available	raw_sha256	canonical_text_sha256	asset_class	research_layer	research_series	migration_disposition	provenance_note
manifests/CORPUS_INDEX.tsv	generated				generated/pass3.5/manifests/CORPUS_INDEX.tsv	FALSE		3207767154b6a6728073b1d068fb2754793169d63dc6dc0727177602700e56f9	3207767154b6a6728073b1d068fb2754793169d63dc6dc0727177602700e56f9	GENERATED_INDEX	global	pass3.5	GENERATED_INDEX	Generated Pass 3.5 corpus index; not a transformed source proof body.
manifests/SOURCE_EQUIVALENCE_MANIFEST.tsv	generated				generated/pass3.5/manifests/SOURCE_EQUIVALENCE_MANIFEST.tsv	FALSE		eae45d3f388680760d98fa27acb35f22f7343ddd2ac1f3852b74a9e303340d1c	eae45d3f388680760d98fa27acb35f22f7343ddd2ac1f3852b74a9e303340d1c	GENERATED_INDEX	global	pass3.5	GENERATED_INDEX	Generated Pass 3.5 source-equivalence manifest; contains aliases and symmetric source provenance, not physical proof copies.
manifests/SOURCE_REPOSITORIES.md	generated				generated/pass3.5/manifests/SOURCE_REPOSITORIES.md	FALSE		fa1d36cf0d4c8134b34ad7565e162671536f6c3b06a4ffc8228176a7eb44aac8	fa1d36cf0d4c8134b34ad7565e162671536f6c3b06a4ffc8228176a7eb44aac8	GENERATED_INDEX	global	pass3.5	GENERATED_INDEX	Generated Pass 3.5 source repository record; not a transformed source proof body.
NOTATION.md	critical	https://github.com/dongxuelian2/three-term-decimal-concatenation-square-sum.git	master	9a4e0481444302b81c69c53d599d69979616a034	NOTATION.md	TRUE	3d5036f2a4de8a9b16dd24b49e33d7f62f57e4bb	b2cb74bafc75593f3621bfbb880431077f204ea7cca48c97f63fd647c8f1489a	b2cb74bafc75593f3621bfbb880431077f204ea7cca48c97f63fd647c8f1489a	NAVIGATION_INDEX	shared	navigation	COPIED_TRACKED	Stable critical-corpus notation retained verbatim as the candidate root notation reference.
README.md	generated				generated/pass3.5/README.md	FALSE		d42de2e24469f475ce11213504e0682ad97063de5dc5696c10737f4806c02042	d42de2e24469f475ce11213504e0682ad97063de5dc5696c10737f4806c02042	GENERATED_INDEX	global	pass3.5	GENERATED_INDEX	Generated Pass 3.5 consolidation navigation; not a transformed source proof body.
reports/critical/C2_NEGATIVE_FINAL_SPRINT_REPORT.md	critical	https://github.com/dongxuelian2/three-term-decimal-concatenation-square-sum.git	master	9a4e0481444302b81c69c53d599d69979616a034	C2_NEGATIVE_FINAL_SPRINT_REPORT.md	FALSE		5331cc082c6a60c5b851424e8dbc1739535c5d0c6f07879cf26187073a5f8bcf	5331cc082c6a60c5b851424e8dbc1739535c5d0c6f07879cf26187073a5f8bcf	MATHEMATICAL_STAGE_REPORT	critical	C2	COPIED_LOCAL_IGNORED	Ignored local mathematical sprint report; retained because its body records the C2 L+ closure and exact remaining L- frontier.
reports/global/CORPUS_STATUS.md	generated				generated/pass3.5/reports/global/CORPUS_STATUS.md	FALSE		453529af5e99ca9debf1f4082bdeea8add9829f47c270e20f2ba597830d429b8	453529af5e99ca9debf1f4082bdeea8add9829f47c270e20f2ba597830d429b8	GENERATED_INDEX	global	pass3.5	GENERATED_INDEX	Generated Pass 3.5 corpus-level status navigation; source theorem/status documents remain scoped authorities.
reports/global/proved_results_index_v3.md	critical	https://github.com/dongxuelian2/three-term-decimal-concatenation-square-sum.git	master	9a4e0481444302b81c69c53d599d69979616a034	reports/proved_results_index_v3.md	TRUE	3926e08fa0e21306a596e4c1909964a9442e34da	e2fa484d558e61808118475b6d2572369f066aa96f75c2983df3144c0251161e	e2fa484d558e61808118475b6d2572369f066aa96f75c2983df3144c0251161e	MATHEMATICAL_STATUS_INDEX	global	global	COPIED_TRACKED	Canonical global v3 staging representative copied verbatim; the critical and strict source copies are equivalent and neither is ranked as more authoritative. See SOURCE_EQUIVALENCE_MANIFEST.tsv.
reports/global/proved_results_report_v3.md	critical	https://github.com/dongxuelian2/three-term-decimal-concatenation-square-sum.git	master	9a4e0481444302b81c69c53d599d69979616a034	reports/proved_results_report_v3.md	TRUE	408ee052831fdf81ce8aa028d8229a819c6e64d7	d37c0d1cc0bff23d43ee5301a04046745ce5e0ee2fb671791868ddcdee5388a6	d37c0d1cc0bff23d43ee5301a04046745ce5e0ee2fb671791868ddcdee5388a6	MATHEMATICAL_STATUS_INDEX	global	global	COPIED_TRACKED	Canonical global v3 staging representative copied verbatim; the critical and strict source copies are equivalent and neither is ranked as more authoritative. See SOURCE_EQUIVALENCE_MANIFEST.tsv.
reports/global/PROVENANCE_OVERVIEW.md	generated				generated/pass3.5/reports/global/PROVENANCE_OVERVIEW.md	FALSE		bd5d325b8f16314075196830039b72d9e8158e17747154d9f83906564d9c04a3	bd5d325b8f16314075196830039b72d9e8158e17747154d9f83906564d9c04a3	GENERATED_INDEX	global	pass3.5	GENERATED_INDEX	Generated Pass 3.5 provenance navigation; not a transformed source proof body.
reports/strict/current_research_status_v3.md	strict	https://github.com/dongxuelian2/strict-layer-proof-research.git	main	ff3c28197be0c0f55ad5628a5d76182120e454c1	00-foundation/current_research_status_v3.md	TRUE	8471bbecef38f281daf7a30773f069e8c7730d76	c043eb4fd099bd51706c1846d5b51d2187e0dcc0577bef645e7755590186dfd0	20099705089442b7cee87e2340ed23fe86d0046f7cca1b53aa94b57fb8e41528	MATHEMATICAL_STATUS_INDEX	strict	foundation	COPIED_TRACKED	Tracked strict-layer mathematical document retained under the normalized target layer.
reports/strict/proved_results_index_v2.md	strict	https://github.com/dongxuelian2/strict-layer-proof-research.git	main	ff3c28197be0c0f55ad5628a5d76182120e454c1	00-foundation/proved_results_index_v2.md	TRUE	168193b100ae8d4e0b14b96dd6c507b362685163	fff157e9a04c8bd0a5e7b062e3e1fae659e56c84b3a69a28ed4fd7891487dc98	a103aa10d65ce6ef326f770f477a59317a7f772f9fc4752c795dea0dd1c66f4f	MATHEMATICAL_STATUS_INDEX	strict	foundation	COPIED_TRACKED	Tracked strict-layer mathematical document retained under the normalized target layer.
reports/strict/proved_results_report_v2.md	strict	https://github.com/dongxuelian2/strict-layer-proof-research.git	main	ff3c28197be0c0f55ad5628a5d76182120e454c1	00-foundation/proved_results_report_v2.md	TRUE	7fdee0b7733ea545c8c1c35d761fb6a9058f4f2f	8c7e9b4b6c458ba4379999c9b729eb4cbdd6afe620c3ec1299130d4b11b05c39	68dbd892a59f28c7a86d2d561f3595f8d52d14672ce20359095a9b7689c16929	MATHEMATICAL_STATUS_INDEX	strict	foundation	COPIED_TRACKED	Tracked strict-layer mathematical document retained under the normalized target layer.
reports/strict/state/strict_layer_A1_exact_word_state_after_double_euclidean_campaign.md	strict	https://github.com/dongxuelian2/strict-layer-proof-research.git	main	ff3c28197be0c0f55ad5628a5d76182120e454c1	50-state-and-computation/strict_layer_A1_exact_word_state_after_double_euclidean_campaign.md	TRUE	47b6e4a60781996385a5c0648465a5cc186b8425	7d9f2a8e35b2615ca83be7cc2acbd31d4f90586b7dd759736f9262ce69401c7c	7d9f2a8e35b2615ca83be7cc2acbd31d4f90586b7dd759736f9262ce69401c7c	MATHEMATICAL_STATUS_INDEX	strict	other	COPIED_TRACKED	Tracked strict-layer mathematical document retained under the normalized target layer. Exact canonical-text duplicates omitted: strict:archive-by-series/30-A1-pre-J2/strict_layer_A1_exact_word_state_after_double_euclidean_campaign.md.
reports/strict/state/strict_layer_A1_SRCU_state_after_campaign.md	strict	https://github.com/dongxuelian2/strict-layer-proof-research.git	main	ff3c28197be0c0f55ad5628a5d76182120e454c1	50-state-and-computation/strict_layer_A1_SRCU_state_after_campaign.md	TRUE	a22076881e7ae9e54d8c798214f9ba4eb3059dbe	ba63a4e56fe834703a8b0f0e20e7a3f0f575944efb2fc694c0f6225777996a8a	3443b40f4efc15322e221027a34be8103563885d8790830077c1bf1ac46adc0b	MATHEMATICAL_STATUS_INDEX	strict	other	COPIED_TRACKED	Tracked strict-layer mathematical document retained under the normalized target layer. Exact canonical-text duplicates omitted: strict:archive-by-series/30-A1-pre-J2/strict_layer_A1_SRCU_state_after_campaign.md.
reports/strict/state/strict_layer_A1_unified_state_after_long_campaign.md	strict	https://github.com/dongxuelian2/strict-layer-proof-research.git	main	ff3c28197be0c0f55ad5628a5d76182120e454c1	50-state-and-computation/strict_layer_A1_unified_state_after_long_campaign.md	TRUE	b3451dc245040146abf72f1226b670241eb6063e	94cb7334b1625fc8634a388c83e361cd08e10027cb57d6ec256082712f15bbcb	94cb7334b1625fc8634a388c83e361cd08e10027cb57d6ec256082712f15bbcb	MATHEMATICAL_STATUS_INDEX	strict	other	COPIED_TRACKED	Tracked strict-layer mathematical document retained under the normalized target layer. Exact canonical-text duplicates omitted: strict:archive-by-series/30-A1-pre-J2/strict_layer_A1_unified_state_after_long_campaign.md.
research/critical/archive/foundations/critical_even_edge_2adic_campaign.md	critical	https://github.com/dongxuelian2/three-term-decimal-concatenation-square-sum.git	master	9a4e0481444302b81c69c53d599d69979616a034	docs/foundations/critical_even_edge_2adic_campaign.md	TRUE	5cc13b7472b22a9e06e827db0cfee2265891af0d	9064f5b9888682171915a724721d1f2b46c9870c45e32077443b2436151dda46	9064f5b9888682171915a724721d1f2b46c9870c45e32077443b2436151dda46	MATHEMATICAL_PROOF	critical	foundation	COPIED_TRACKED	Critical foundational campaign retained under the critical archive layer.
research/critical/archive/foundations/finite_cell_transfer_campaign.md	critical	https://github.com/dongxuelian2/three-term-decimal-concatenation-square-sum.git	master	9a4e0481444302b81c69c53d599d69979616a034	docs/foundations/finite_cell_transfer_campaign.md	TRUE	5e0660d86f6ea61dc5ad12ec2f6a06e8495851c6	3b454adea9f128eeee3cc83d944de87b3e930dc2b0a8077f6949e663684c1c70	3b454adea9f128eeee3cc83d944de87b3e930dc2b0a8077f6949e663684c1c70	MATHEMATICAL_PROOF	critical	foundation	COPIED_TRACKED	Critical foundational campaign retained under the critical archive layer.
research/critical/archive/foundations/gaussian_concat_coupling_campaign.md	critical	https://github.com/dongxuelian2/three-term-decimal-concatenation-square-sum.git	master	9a4e0481444302b81c69c53d599d69979616a034	docs/foundations/gaussian_concat_coupling_campaign.md	TRUE	9df2f47f22b0e2847fb2be10789895c2e9a4a1b0	c89f2517d5e3c76194f9ba0ca6d1aacc39f4e6d9f360dc7d437aa378c93149c2	c89f2517d5e3c76194f9ba0ca6d1aacc39f4e6d9f360dc7d437aa378c93149c2	MATHEMATICAL_PROOF	critical	foundation	COPIED_TRACKED	Critical foundational campaign retained under the critical archive layer.
research/critical/archive/foundations/kernel_free_branch_campaign.md	critical	https://github.com/dongxuelian2/three-term-decimal-concatenation-square-sum.git	master	9a4e0481444302b81c69c53d599d69979616a034	docs/foundations/kernel_free_branch_campaign.md	TRUE	b127e5b2f43f41df09325746afd1308725f2058f	7862d6fd941ffd9bec04cc62a3cd40a4eab4529a45f3e2f2a1061dfb6d62c5ff	7862d6fd941ffd9bec04cc62a3cd40a4eab4529a45f3e2f2a1061dfb6d62c5ff	MATHEMATICAL_PROOF	critical	foundation	COPIED_TRACKED	Critical foundational campaign retained under the critical archive layer.
research/critical/frontiers/c2_negative_frontier_20260811.md	critical	https://github.com/dongxuelian2/three-term-decimal-concatenation-square-sum.git	master	9a4e0481444302b81c69c53d599d69979616a034	docs/frontiers/c2_negative_frontier_20260811.md	TRUE	3c9ef93a8b862127c20c06fb9bc78f27f1efa44d	a4c10f1adbc7965c7998e6d5e0345983593b14fe2a6db2e08c413c831779fa26	a4c10f1adbc7965c7998e6d5e0345983593b14fe2a6db2e08c413c831779fa26	MATHEMATICAL_FRONTIER	critical	frontiers	COPIED_TRACKED	Critical frontier note retained verbatim.
research/critical/frontiers/critical_G_A2_high_phi_Fprimary_minus_P0_frontier_research_20260813.md	critical	https://github.com/dongxuelian2/three-term-decimal-concatenation-square-sum.git	master	9a4e0481444302b81c69c53d599d69979616a034	docs/frontiers/critical_G_A2_high_phi_Fprimary_minus_P0_frontier_research_20260813.md	FALSE		3ae97ff674384387f5b9a9e4756eefafdd568ecb057553afa57aa8fd1a7186f8	3ae97ff674384387f5b9a9e4756eefafdd568ecb057553afa57aa8fd1a7186f8	MATHEMATICAL_FRONTIER	critical	frontiers	COPIED_LOCAL_IGNORED	Ignored local frontier referenced by README.md and STATUS.md; selected docs/frontiers path is preferred over the exact root duplicate. Exact canonical-text duplicates omitted: critical:critical_G_A2_high_phi_Fprimary_minus_P0_frontier_research_20260813.md.
research/critical/G/critical_G_A1_unit_determinant_campaign.md	critical	https://github.com/dongxuelian2/three-term-decimal-concatenation-square-sum.git	master	9a4e0481444302b81c69c53d599d69979616a034	docs/G/critical_G_A1_unit_determinant_campaign.md	TRUE	52265d0e224b45b5d9aace4cfbc0ad918eae9f0b	a1dccbb3812f7f678a72370d3471c4459d6c57dd3ed44ca0a64161678d2f0fd0	a1dccbb3812f7f678a72370d3471c4459d6c57dd3ed44ca0a64161678d2f0fd0	MATHEMATICAL_PROOF	critical	G	COPIED_TRACKED	Critical G-template campaign or resolution.
research/critical/G/critical_G_A1_unit_determinant_resolution.md	critical	https://github.com/dongxuelian2/three-term-decimal-concatenation-square-sum.git	master	9a4e0481444302b81c69c53d599d69979616a034	docs/G/critical_G_A1_unit_determinant_resolution.md	TRUE	b42455b2e4369c204b1b7e4aa99e4f6452d95357	f3572f6426a24f9b923e4acae69eec3e5a229e1e65bebec013660f87fbc06600	f3572f6426a24f9b923e4acae69eec3e5a229e1e65bebec013660f87fbc06600	MATHEMATICAL_PROOF	critical	G	COPIED_TRACKED	Critical G-template campaign or resolution.
research/critical/G/critical_G_A2_exceptional_binary_resolution.md	critical	https://github.com/dongxuelian2/three-term-decimal-concatenation-square-sum.git	master	9a4e0481444302b81c69c53d599d69979616a034	docs/G/critical_G_A2_exceptional_binary_resolution.md	TRUE	043b46ee07a3b79fe89a519a0ca4a73e71f5aa59	4c1b686ea0660311d575de88089e5f078fc78f219c25e9a40a5e1a3239906c25	4c1b686ea0660311d575de88089e5f078fc78f219c25e9a40a5e1a3239906c25	MATHEMATICAL_PROOF	critical	G	COPIED_TRACKED	Critical G-template campaign or resolution.
research/critical/G/critical_G_A2_high_phi_Fplus_resolution.md	critical	https://github.com/dongxuelian2/three-term-decimal-concatenation-square-sum.git	master	9a4e0481444302b81c69c53d599d69979616a034	docs/G/critical_G_A2_high_phi_Fplus_resolution.md	TRUE	723611441df5dd4a079efd0a1e70b05029250edc	a5df32430964008834843f6a9252ec5ac0ff0677214a3c0634a78219b0d4fed2	a5df32430964008834843f6a9252ec5ac0ff0677214a3c0634a78219b0d4fed2	MATHEMATICAL_PROOF	critical	G	COPIED_TRACKED	Critical G-template campaign or resolution.
research/critical/G/critical_G_A2_high_phi_Fprimary_minus_binary_master_campaign.md	critical	https://github.com/dongxuelian2/three-term-decimal-concatenation-square-sum.git	master	9a4e0481444302b81c69c53d599d69979616a034	docs/G/critical_G_A2_high_phi_Fprimary_minus_binary_master_campaign.md	TRUE	5f65b662c667345cfd85bda3decc49170497ca1e	45f86ffece2b3c178cde98e00bc9da7fcf38885b2d1099d9e50c481cdb2ad54b	45f86ffece2b3c178cde98e00bc9da7fcf38885b2d1099d9e50c481cdb2ad54b	MATHEMATICAL_PROOF	critical	G	COPIED_TRACKED	Critical G-template campaign or resolution.
research/critical/G/critical_G_A2_high_phi_Fprimary_minus_campaign.md	critical	https://github.com/dongxuelian2/three-term-decimal-concatenation-square-sum.git	master	9a4e0481444302b81c69c53d599d69979616a034	docs/G/critical_G_A2_high_phi_Fprimary_minus_campaign.md	TRUE	7baccbc8936c3baadc206c4c7a198231563aa65c	2c61e0c356257158eefdfad608a555ed9abc692a8f296d45b251b76893c08c16	2c61e0c356257158eefdfad608a555ed9abc692a8f296d45b251b76893c08c16	MATHEMATICAL_PROOF	critical	G	COPIED_TRACKED	Critical G-template campaign or resolution.
research/critical/G/critical_G_A2_high_phi_Fprimary_minus_dual_corridor_campaign.md	critical	https://github.com/dongxuelian2/three-term-decimal-concatenation-square-sum.git	master	9a4e0481444302b81c69c53d599d69979616a034	docs/G/critical_G_A2_high_phi_Fprimary_minus_dual_corridor_campaign.md	TRUE	6a5fb9560a1f01cbfcb7d1da894dd6d12bc3327c	c8cbd68a0e2dd76ff0171868dbc9b9ac19567c4bbe91f3e3afc9f94863415dc7	c8cbd68a0e2dd76ff0171868dbc9b9ac19567c4bbe91f3e3afc9f94863415dc7	MATHEMATICAL_PROOF	critical	G	COPIED_TRACKED	Critical G-template campaign or resolution.
research/critical/G/critical_G_A2_high_phi_Fprimary_minus_positive_j0_campaign.md	critical	https://github.com/dongxuelian2/three-term-decimal-concatenation-square-sum.git	master	9a4e0481444302b81c69c53d599d69979616a034	docs/G/critical_G_A2_high_phi_Fprimary_minus_positive_j0_campaign.md	TRUE	c180465f1259852465fc73d906931051c2a14b6c	11f97bca3cf9a46c173da73edc404c99d05752d0b61ecaff6a7be4858db8667d	11f97bca3cf9a46c173da73edc404c99d05752d0b61ecaff6a7be4858db8667d	MATHEMATICAL_PROOF	critical	G	COPIED_TRACKED	Critical G-template campaign or resolution.
research/critical/G/critical_G_A2_high_phi_Fprimary_minus_positive_j1_campaign.md	critical	https://github.com/dongxuelian2/three-term-decimal-concatenation-square-sum.git	master	9a4e0481444302b81c69c53d599d69979616a034	docs/G/critical_G_A2_high_phi_Fprimary_minus_positive_j1_campaign.md	TRUE	cecfe2a4ca53cb516e02e60fa35d0e48321d4f93	4841a04117e3c201e8ccf6731c3d5574f8c700822d50f90e3eb595783c329a17	4841a04117e3c201e8ccf6731c3d5574f8c700822d50f90e3eb595783c329a17	MATHEMATICAL_PROOF	critical	G	COPIED_TRACKED	Critical G-template campaign or resolution.
research/critical/G/critical_G_A2_high_phi_Fprimary_minus_zero_quotient_campaign.md	critical	https://github.com/dongxuelian2/three-term-decimal-concatenation-square-sum.git	master	9a4e0481444302b81c69c53d599d69979616a034	docs/G/critical_G_A2_high_phi_Fprimary_minus_zero_quotient_campaign.md	TRUE	3b72d200acea9487a40e7a4eb39683d5c06dd6bd	986e197ac08386c288478c30b5e3a12e177c0cde4fbf1258cc9b50d1d445d5c7	986e197ac08386c288478c30b5e3a12e177c0cde4fbf1258cc9b50d1d445d5c7	MATHEMATICAL_PROOF	critical	G	COPIED_TRACKED	Critical G-template campaign or resolution.
research/critical/G/critical_G_A2_high_phi_single_lift_campaign.md	critical	https://github.com/dongxuelian2/three-term-decimal-concatenation-square-sum.git	master	9a4e0481444302b81c69c53d599d69979616a034	docs/G/critical_G_A2_high_phi_single_lift_campaign.md	TRUE	ac60d0cb1731863a5e7c340acfc6e6d030928c1f	c53658e9a02c2424357b1728b4726fd541e015c7c461fd173cc45ec9ce3c8aa0	c53658e9a02c2424357b1728b4726fd541e015c7c461fd173cc45ec9ce3c8aa0	MATHEMATICAL_PROOF	critical	G	COPIED_TRACKED	Critical G-template campaign or resolution.
research/critical/G/critical_G_A2_low_phi_deep_lift_campaign.md	critical	https://github.com/dongxuelian2/three-term-decimal-concatenation-square-sum.git	master	9a4e0481444302b81c69c53d599d69979616a034	docs/G/critical_G_A2_low_phi_deep_lift_campaign.md	TRUE	beb95a56650fee65600305bd7ff1caa804c08ce4	a0927ee8e2fd6963d29c730aa4584fc88514d1a58ae88b32648dad83fa532d46	a0927ee8e2fd6963d29c730aa4584fc88514d1a58ae88b32648dad83fa532d46	MATHEMATICAL_PROOF	critical	G	COPIED_TRACKED	Critical G-template campaign or resolution.
research/critical/G/critical_G_A2_low_phi_first_deep_negative_campaign.md	critical	https://github.com/dongxuelian2/three-term-decimal-concatenation-square-sum.git	master	9a4e0481444302b81c69c53d599d69979616a034	docs/G/critical_G_A2_low_phi_first_deep_negative_campaign.md	TRUE	8b03a5852ffb9c5388d4c4f07d17295d8bb45d4c	af0524c714a26613ba7e5bc6c44f268e03b319adcad02132af9cddeec788da2b	af0524c714a26613ba7e5bc6c44f268e03b319adcad02132af9cddeec788da2b	MATHEMATICAL_PROOF	critical	G	COPIED_TRACKED	Critical G-template campaign or resolution.
research/critical/G/critical_G_A2_low_phi_first_deep_positive_campaign.md	critical	https://github.com/dongxuelian2/three-term-decimal-concatenation-square-sum.git	master	9a4e0481444302b81c69c53d599d69979616a034	docs/G/critical_G_A2_low_phi_first_deep_positive_campaign.md	TRUE	c8fc56a57385c5f8023434f0df409d5af1440bfe	573acd36d02fd3a2036d7154a68cb3de38ee6b1d2689f57e3746ba5cbc5bd406	573acd36d02fd3a2036d7154a68cb3de38ee6b1d2689f57e3746ba5cbc5bd406	MATHEMATICAL_PROOF	critical	G	COPIED_TRACKED	Critical G-template campaign or resolution.
research/critical/G/critical_G_A2_low_phi_full_multiblock_campaign.md	critical	https://github.com/dongxuelian2/three-term-decimal-concatenation-square-sum.git	master	9a4e0481444302b81c69c53d599d69979616a034	docs/G/critical_G_A2_low_phi_full_multiblock_campaign.md	TRUE	e07ea3455738d580d3b49acd63c1d19fbfa588dc	0bafb0c1c7d9e807a0f6d468f90501e247e9831c63d7eb3b705804dd4fc7a4e8	0bafb0c1c7d9e807a0f6d468f90501e247e9831c63d7eb3b705804dd4fc7a4e8	MATHEMATICAL_PROOF	critical	G	COPIED_TRACKED	Critical G-template campaign or resolution.
research/critical/G/critical_G_A2_low_phi_shallow_negative_campaign.md	critical	https://github.com/dongxuelian2/three-term-decimal-concatenation-square-sum.git	master	9a4e0481444302b81c69c53d599d69979616a034	docs/G/critical_G_A2_low_phi_shallow_negative_campaign.md	TRUE	180747a35c4a43a5c218a3a5da0146dc4f3f291f	1c919cdd4348d21b29cf4ebd6849060e83921a65c4a41583a7857f26eed80161	1c919cdd4348d21b29cf4ebd6849060e83921a65c4a41583a7857f26eed80161	MATHEMATICAL_PROOF	critical	G	COPIED_TRACKED	Critical G-template campaign or resolution.
research/critical/G/critical_G_A2_low_phi_shallow_positive_campaign.md	critical	https://github.com/dongxuelian2/three-term-decimal-concatenation-square-sum.git	master	9a4e0481444302b81c69c53d599d69979616a034	docs/G/critical_G_A2_low_phi_shallow_positive_campaign.md	TRUE	de8bbd661aeeaef78cdacef86d0857d7c17f7df7	711f361431eb47dc0aea60a06bf31bcbc76919d20586b32bd9f8792360d1d530	711f361431eb47dc0aea60a06bf31bcbc76919d20586b32bd9f8792360d1d530	MATHEMATICAL_PROOF	critical	G	COPIED_TRACKED	Critical G-template campaign or resolution.
research/critical/G/critical_G_A2_unit_determinant_campaign.md	critical	https://github.com/dongxuelian2/three-term-decimal-concatenation-square-sum.git	master	9a4e0481444302b81c69c53d599d69979616a034	docs/G/critical_G_A2_unit_determinant_campaign.md	TRUE	23743d91812e814fdbd5c11df74b5218e5cc9f24	3cfd781c0e9273b15ce12e9e4e7505902056a4c12e2aebd5bad78725682dcc55	3cfd781c0e9273b15ce12e9e4e7505902056a4c12e2aebd5bad78725682dcc55	MATHEMATICAL_PROOF	critical	G	COPIED_TRACKED	Critical G-template campaign or resolution.
research/critical/G/critical_G_C_gamma1_unit_determinant_campaign.md	critical	https://github.com/dongxuelian2/three-term-decimal-concatenation-square-sum.git	master	9a4e0481444302b81c69c53d599d69979616a034	docs/G/critical_G_C_gamma1_unit_determinant_campaign.md	TRUE	5da8d431069209f3e669a94fb342c584534c851a	10be671d7279984326e598bfe172c851d567e995f3438dd324ed67d637f190f0	10be671d7279984326e598bfe172c851d567e995f3438dd324ed67d637f190f0	MATHEMATICAL_PROOF	critical	G	COPIED_TRACKED	Critical G-template campaign or resolution.
research/critical/G/critical_G_C2_binary_discriminant_resolution.md	critical	https://github.com/dongxuelian2/three-term-decimal-concatenation-square-sum.git	master	9a4e0481444302b81c69c53d599d69979616a034	docs/G/critical_G_C2_binary_discriminant_resolution.md	TRUE	348d881dc350e53af2a3880643dd0dd029ab91b4	bf0b54ebe1a83e891bae462995360eddc00b657fe1e7a5bff974fc594a4f1eeb	bf0b54ebe1a83e891bae462995360eddc00b657fe1e7a5bff974fc594a4f1eeb	MATHEMATICAL_PROOF	critical	G	COPIED_TRACKED	Critical G-template campaign or resolution.
research/critical/G/critical_G_C2_negative_endpoint_resolution.md	critical	https://github.com/dongxuelian2/three-term-decimal-concatenation-square-sum.git	master	9a4e0481444302b81c69c53d599d69979616a034	docs/G/critical_G_C2_negative_endpoint_resolution.md	TRUE	a4b7e1faedbc7792f21424293ef65a2a3b2462db	fe2103bfe6bb9d38ec8063e65284d2b24e600d4b4e78c4619da8980405279ce3	fe2103bfe6bb9d38ec8063e65284d2b24e600d4b4e78c4619da8980405279ce3	MATHEMATICAL_PROOF	critical	G	COPIED_TRACKED	Critical G-template campaign or resolution.
research/critical/G/critical_G_content_dichotomy_campaign.md	critical	https://github.com/dongxuelian2/three-term-decimal-concatenation-square-sum.git	master	9a4e0481444302b81c69c53d599d69979616a034	docs/G/critical_G_content_dichotomy_campaign.md	TRUE	793446626fa1570d675ed1400c78fca5800f796d	71c93457abcfe63b53c9f717247c3e113a54d92207ff4995686c12a4e7cabe39	71c93457abcfe63b53c9f717247c3e113a54d92207ff4995686c12a4e7cabe39	MATHEMATICAL_PROOF	critical	G	COPIED_TRACKED	Critical G-template campaign or resolution.
research/critical/G/critical_G_exact_divisor_states_campaign.md	critical	https://github.com/dongxuelian2/three-term-decimal-concatenation-square-sum.git	master	9a4e0481444302b81c69c53d599d69979616a034	docs/G/critical_G_exact_divisor_states_campaign.md	TRUE	a205208a27afd1ed7d7da5324abdf8c3c4c0dd9d	1077b351079b6f35408f73628bde5b07c29b43291af59d242c34476cc5ea081a	1077b351079b6f35408f73628bde5b07c29b43291af59d242c34476cc5ea081a	MATHEMATICAL_PROOF	critical	G	COPIED_TRACKED	Critical G-template campaign or resolution.
research/critical/G/critical_G_J10_boundary_campaign.md	critical	https://github.com/dongxuelian2/three-term-decimal-concatenation-square-sum.git	master	9a4e0481444302b81c69c53d599d69979616a034	docs/G/critical_G_J10_boundary_campaign.md	TRUE	d7e6a163f96b69787f37f0354bb1b61ff2a2c21a	55ac76b094088858a6b7faa520d13cbe82a7c0f39b58f6662e4842ea3bf360bc	55ac76b094088858a6b7faa520d13cbe82a7c0f39b58f6662e4842ea3bf360bc	MATHEMATICAL_PROOF	critical	G	COPIED_TRACKED	Critical G-template campaign or resolution.
research/critical/G/critical_G_J10_valuation_resolution.md	critical	https://github.com/dongxuelian2/three-term-decimal-concatenation-square-sum.git	master	9a4e0481444302b81c69c53d599d69979616a034	docs/G/critical_G_J10_valuation_resolution.md	TRUE	5a0875e935bdcaa2d46b33bfae8184a63b5ee484	575d4095f831192bcd6258bc3dc76bee3e82b7631b24d10cca34b3634e80ee5d	575d4095f831192bcd6258bc3dc76bee3e82b7631b24d10cca34b3634e80ee5d	MATHEMATICAL_PROOF	critical	G	COPIED_TRACKED	Critical G-template campaign or resolution.
research/critical/G/critical_G_primitive_core_campaign.md	critical	https://github.com/dongxuelian2/three-term-decimal-concatenation-square-sum.git	master	9a4e0481444302b81c69c53d599d69979616a034	docs/G/critical_G_primitive_core_campaign.md	TRUE	78a78583cbb667f2d1876aa0a66cbbda4310f5de	ae348ecc9f865989899692ed7dcee07daf731187a6b4b8b39c73dea4debd827d	ae348ecc9f865989899692ed7dcee07daf731187a6b4b8b39c73dea4debd827d	MATHEMATICAL_PROOF	critical	G	COPIED_TRACKED	Critical G-template campaign or resolution.
research/critical/G/critical_G_primitive_remainder_campaign.md	critical	https://github.com/dongxuelian2/three-term-decimal-concatenation-square-sum.git	master	9a4e0481444302b81c69c53d599d69979616a034	docs/G/critical_G_primitive_remainder_campaign.md	TRUE	f584f8c0dac970f4bcde182cc52247e5e74b1d2f	7918fd0a766658b1f428637ed2e57a470a3b332aba97086174caecf2eddcd732	7918fd0a766658b1f428637ed2e57a470a3b332aba97086174caecf2eddcd732	MATHEMATICAL_PROOF	critical	G	COPIED_TRACKED	Critical G-template campaign or resolution.
research/critical/G/critical_G_scale_divisor_campaign.md	critical	https://github.com/dongxuelian2/three-term-decimal-concatenation-square-sum.git	master	9a4e0481444302b81c69c53d599d69979616a034	docs/G/critical_G_scale_divisor_campaign.md	TRUE	0fe6b5a19fed0258d6c8041f255000682db75c4e	9cda44443926e00edb4da8dc91b203cb3e138a91a8542920a498c660fd3c268f	9cda44443926e00edb4da8dc91b203cb3e138a91a8542920a498c660fd3c268f	MATHEMATICAL_PROOF	critical	G	COPIED_TRACKED	Critical G-template campaign or resolution.
research/critical/G/critical_G_terminal_quotient_campaign.md	critical	https://github.com/dongxuelian2/three-term-decimal-concatenation-square-sum.git	master	9a4e0481444302b81c69c53d599d69979616a034	docs/G/critical_G_terminal_quotient_campaign.md	TRUE	e4d7c5a5a677ea04239b645a6ca49df00cffe156	e19ff4c9638875b76683aad974d6a22704c65f593b13acd5bef08b7577167e88	e19ff4c9638875b76683aad974d6a22704c65f593b13acd5bef08b7577167e88	MATHEMATICAL_PROOF	critical	G	COPIED_TRACKED	Critical G-template campaign or resolution.
research/critical/lemmas/exact-tail-normal-form.md	critical	https://github.com/dongxuelian2/three-term-decimal-concatenation-square-sum.git	master	9a4e0481444302b81c69c53d599d69979616a034	docs/lemmas/exact-tail-normal-form.md	TRUE	9c6896732f4635e6ffbcc2054bc9b0404169509e	62e502c8a81ef6db2e4fa733f843de53e348367fee1481e8c4caf3bfcd0a92f7	9f2caa3edfa8cc0e2f9d8b5fb02c5e84dfa69e90d0589314568054e212c3296b	MATHEMATICAL_PROOF	critical	lemmas	COPIED_TRACKED	Extracted mathematical lemma or closure statement.
research/critical/lemmas/factor-quotient-character.md	critical	https://github.com/dongxuelian2/three-term-decimal-concatenation-square-sum.git	master	9a4e0481444302b81c69c53d599d69979616a034	docs/lemmas/factor-quotient-character.md	TRUE	c39c2775aefb160c6ca44498624064c7cfc4f14a	30fa40bef04b38b34c21066a670fd3eca550d97c11fdb8d8d790dd0897c2331d	ee23a866ba20fbb24db969d0e55b19ae7302094088712761527382a26bf7324f	MATHEMATICAL_PROOF	critical	lemmas	COPIED_TRACKED	Extracted mathematical lemma or closure statement.
research/critical/lemmas/negative-complement-corrected-divisor-normal-form.md	critical	https://github.com/dongxuelian2/three-term-decimal-concatenation-square-sum.git	master	9a4e0481444302b81c69c53d599d69979616a034	docs/lemmas/negative-complement-corrected-divisor-normal-form.md	TRUE	484baa3d894cb3bc5b421c3d13290209adbe3d06	a6d4e5ab3fd76bd2f9ee57bfc7f65162e418de5cd035976f8224c85459a71799	7cfc39eb081be3c237b8d54e346c649697e3838092eee68028d654cef62121fe	MATHEMATICAL_PROOF	critical	lemmas	COPIED_TRACKED	Extracted mathematical lemma or closure statement.
research/critical/lemmas/negative-complement-five-adic-lift.md	critical	https://github.com/dongxuelian2/three-term-decimal-concatenation-square-sum.git	master	9a4e0481444302b81c69c53d599d69979616a034	docs/lemmas/negative-complement-five-adic-lift.md	TRUE	e8a047bba48ead093ad305779cf8ef311118bd18	c581ea7bc89807423346f2aa1a4a0a4b8176096e6b554e64ffb4aa7af6e33c09	9d9224d8a9a7d0d4100a2640554d596462836c461ace206b62a57c12a130afdd	MATHEMATICAL_PROOF	critical	lemmas	COPIED_TRACKED	Extracted mathematical lemma or closure statement.
research/critical/lemmas/negative-complement-unequal-five-adic-classification.md	critical	https://github.com/dongxuelian2/three-term-decimal-concatenation-square-sum.git	master	9a4e0481444302b81c69c53d599d69979616a034	docs/lemmas/negative-complement-unequal-five-adic-classification.md	TRUE	69ff3f5aa360e3a906fc6d619e966f7689ac84d5	1619fa5d4e5b756f7597826a7f375408d5fc64bbc72bd0b4e312af78825ba98e	5c097cbeb976aba0d7cf40d158016c1faf222213ce816fb6e85d67bd99e09108	MATHEMATICAL_PROOF	critical	lemmas	COPIED_TRACKED	Extracted mathematical lemma or closure statement.
research/critical/lemmas/positive-complement-factor-pair.md	critical	https://github.com/dongxuelian2/three-term-decimal-concatenation-square-sum.git	master	9a4e0481444302b81c69c53d599d69979616a034	docs/lemmas/positive-complement-factor-pair.md	TRUE	edc8a68a9d4ebef48f1f0ecfb3354aff0a6d93a7	c2c2756f1b43a37e65d2c2e9a8dcf4b7dd1379f6a67f27dd24af2f9e18de884a	bf4adc1f4ab414743171a253e2e46ebf0c7701c6bb9221c39037bad49fe00f13	MATHEMATICAL_PROOF	critical	lemmas	COPIED_TRACKED	Extracted mathematical lemma or closure statement.
research/critical/lemmas/positive-complement-zero-root-closure.md	critical	https://github.com/dongxuelian2/three-term-decimal-concatenation-square-sum.git	master	9a4e0481444302b81c69c53d599d69979616a034	docs/lemmas/positive-complement-zero-root-closure.md	TRUE	a8557931b87d881e804db7b346d5b50c11187a60	7911fa8a19d1bc5ce1cc09420a4ef8ed23b53755b141108af11aee174832e739	94d0738fb87962b3b1cb26a56d1938213932ea5cac491336fc95d597d0e7a885	MATHEMATICAL_PROOF	critical	lemmas	COPIED_TRACKED	Extracted mathematical lemma or closure statement.
research/critical/lemmas/q3-zero-closure.md	critical	https://github.com/dongxuelian2/three-term-decimal-concatenation-square-sum.git	master	9a4e0481444302b81c69c53d599d69979616a034	docs/lemmas/q3-zero-closure.md	TRUE	7fe340e0dc18d9eb9f044b5641447f45f56c0f92	e8fb35561ba7bffd204ad3dab4d3812c7dd3c8ea63a99159eede67f7d739035a	ada77eaa46c99621dc97552d31a09ad131d0a70222b864379712988a96237b36	MATHEMATICAL_PROOF	critical	lemmas	COPIED_TRACKED	Extracted mathematical lemma or closure statement.
research/critical/lemmas/quotient-fixed-residues.md	critical	https://github.com/dongxuelian2/three-term-decimal-concatenation-square-sum.git	master	9a4e0481444302b81c69c53d599d69979616a034	docs/lemmas/quotient-fixed-residues.md	TRUE	0cd170f9590229b39beab5445741b4b3abc4191b	691dd150456061bca1648182d6542183025ba4649f514a02f07ee29031951292	ee8388d0421585b0a21975162b5367210e28ad7ed76394c4260bfeea6d198b5a	MATHEMATICAL_PROOF	critical	lemmas	COPIED_TRACKED	Extracted mathematical lemma or closure statement.
research/critical/lemmas/r1-zero-root-mod4-closure.md	critical	https://github.com/dongxuelian2/three-term-decimal-concatenation-square-sum.git	master	9a4e0481444302b81c69c53d599d69979616a034	docs/lemmas/r1-zero-root-mod4-closure.md	TRUE	d59ddd5a36a9c853cd2d3c75a52d41308e7bbc32	e89f11a151b1cc20cba338f87c4fff19e2b5a3f817149432ce8a7c4cab7e9bd4	fafb701e05576195ce3715a634fbfd0cd920d4dc2859bf4f4fae251277c8e53c	MATHEMATICAL_PROOF	critical	lemmas	COPIED_TRACKED	Extracted mathematical lemma or closure statement.
research/critical/lemmas/r2-authoritative-growing-residue-close-factor-classification.md	critical	https://github.com/dongxuelian2/three-term-decimal-concatenation-square-sum.git	master	9a4e0481444302b81c69c53d599d69979616a034	docs/lemmas/r2-authoritative-growing-residue-close-factor-classification.md	TRUE	737a132628a394efae35cea34bde1458c7ebbaf7	3c764de403a031517faf3e081d5ceee2825a546b1c3565f12887c7dfd17eab5e	e4329261e217fe72625bd9b76a8a6c7a635d1cb76222f2d6f7d6347f2f9b4bdb	MATHEMATICAL_PROOF	critical	lemmas	COPIED_TRACKED	Extracted mathematical lemma or closure statement.
research/critical/lemmas/r2-canonical-seven-eleven-subbranch-closure.md	critical	https://github.com/dongxuelian2/three-term-decimal-concatenation-square-sum.git	master	9a4e0481444302b81c69c53d599d69979616a034	docs/lemmas/r2-canonical-seven-eleven-subbranch-closure.md	TRUE	86227f77e44a6cd14fa70d284d585d8c06da9bb6	540e5de5b0759d6eec7ad0fbc3d040f50f77951ba93183147b16b2d5e5089284	a7547bf88dd416a6ecb19f9c41659886fd67110abde4b97ccad2c6b7f6fe49be	MATHEMATICAL_PROOF	critical	lemmas	COPIED_TRACKED	Extracted mathematical lemma or closure statement.
research/critical/lemmas/r2-digit-recovery-two-adic-boundary.md	critical	https://github.com/dongxuelian2/three-term-decimal-concatenation-square-sum.git	master	9a4e0481444302b81c69c53d599d69979616a034	docs/lemmas/r2-digit-recovery-two-adic-boundary.md	TRUE	f47b5a4d79bd24532565c247528d1bafc7751fa8	488dc6a1236c9c403e55362044955aba9f0343e8ad5e0ad739f5706a4389644d	bfbf5376e2c0d3de62db98bafb2be441c1f06c303733049c54755d580cce9955	MATHEMATICAL_PROOF	critical	lemmas	COPIED_TRACKED	Extracted mathematical lemma or closure statement.
research/critical/lemmas/r2-global-three-mod-four-valuation-support.md	critical	https://github.com/dongxuelian2/three-term-decimal-concatenation-square-sum.git	master	9a4e0481444302b81c69c53d599d69979616a034	docs/lemmas/r2-global-three-mod-four-valuation-support.md	TRUE	1537dab61d4af16b6d522335cce016b3dd730586	9446957b6903ff6f97017d79ab53221752dac169844afc3a4ae5a4a8f633a767	0abde8d45cc601461659891b1ab02883440dc6690427b22353da3b5a0d7a07f3	MATHEMATICAL_PROOF	critical	lemmas	COPIED_TRACKED	Extracted mathematical lemma or closure statement.
research/critical/lemmas/r2-lminus-corrected-five-adic-residue.md	critical	https://github.com/dongxuelian2/three-term-decimal-concatenation-square-sum.git	master	9a4e0481444302b81c69c53d599d69979616a034	docs/lemmas/r2-lminus-corrected-five-adic-residue.md	TRUE	0512c911d3eae295a99386d1e28727ae6b14540e	25428a3b0dfc9c46ae022429c54a7c69b3c3da944e91ec79e462957961ab627e	81b0e41a952bed2ef31de0aa0858a4bf94207cd1273b3d96fa32e0f1816bf425	MATHEMATICAL_PROOF	critical	lemmas	COPIED_TRACKED	Extracted mathematical lemma or closure statement.
research/critical/lemmas/r2-lminus-gcd-aware-square-factor-allocation.md	critical	https://github.com/dongxuelian2/three-term-decimal-concatenation-square-sum.git	master	9a4e0481444302b81c69c53d599d69979616a034	docs/lemmas/r2-lminus-gcd-aware-square-factor-allocation.md	TRUE	b8dea5fb553864d3817afbb673e98c3103cce515	57a8ed6d3e5a8e757bd5298a7760c95a9652f99ebbd2dd065dde61a1f20650d5	d9598ab188c49c9ba6e732fa72214f416588279c9ea71f9b274699807cb8ec41	MATHEMATICAL_PROOF	critical	lemmas	COPIED_TRACKED	Extracted mathematical lemma or closure statement.
research/critical/lemmas/r2-lminus-global-finite-digit-test.md	critical	https://github.com/dongxuelian2/three-term-decimal-concatenation-square-sum.git	master	9a4e0481444302b81c69c53d599d69979616a034	docs/lemmas/r2-lminus-global-finite-digit-test.md	TRUE	0d222483a9d8317ed1bde5b0a6afbe2e0ebe04b1	7a6f6550ce114e9b1b94c25801b48c5aae8309a911af3342a497e89127f9ee1b	c92825c4e7da725608701c4f22a12cb2e69e75472bb0660f5f39aa40920249e4	MATHEMATICAL_PROOF	critical	lemmas	COPIED_TRACKED	Extracted mathematical lemma or closure statement.
research/critical/lemmas/r2-lminus-nontrivial-three-mod-four-support-reduction.md	critical	https://github.com/dongxuelian2/three-term-decimal-concatenation-square-sum.git	master	9a4e0481444302b81c69c53d599d69979616a034	docs/lemmas/r2-lminus-nontrivial-three-mod-four-support-reduction.md	TRUE	4a61937e0267075b0da571d55d5786a609676360	02a6c76449ad82235e985c5697fdaeaa8b426b48654b3aacaf8da10e7fe80d72	0ea021970045d8682a4a719c7fc9b9899bd8a6e58803e3ba6eaa40562e90a00f	MATHEMATICAL_PROOF	critical	lemmas	COPIED_TRACKED	Extracted mathematical lemma or closure statement.
research/critical/lemmas/r2-lminus-primitive-support-congruence-reduction.md	critical	https://github.com/dongxuelian2/three-term-decimal-concatenation-square-sum.git	master	9a4e0481444302b81c69c53d599d69979616a034	docs/lemmas/r2-lminus-primitive-support-congruence-reduction.md	TRUE	40591aa89d7e6b61c4c2c706ed404fb378b1a3f4	0849a3b1e45a3bdac37d5308f403a31454f6e0c9930704f71b9ecc40b6913874	b4a2e00247ebec570ceaf096e4cd680c437fc63fdad48d9b22cad2e1073bbe72	MATHEMATICAL_PROOF	critical	lemmas	COPIED_TRACKED	Extracted mathematical lemma or closure statement.
research/critical/lemmas/r2-lminus-quotient-complete-arithmetic-core.md	critical	https://github.com/dongxuelian2/three-term-decimal-concatenation-square-sum.git	master	9a4e0481444302b81c69c53d599d69979616a034	docs/lemmas/r2-lminus-quotient-complete-arithmetic-core.md	TRUE	cf29abf6fd484e6353e28e18f07f144f0cb8ca17	760aa8f45c4d359e49b21f09b59335171014029e98dce922a355ae3b866bcccb	be6707756dffc15dd5d3160387c9b8c0046fe2899c7bd3dc97b3cb1b6ee192df	MATHEMATICAL_PROOF	critical	lemmas	COPIED_TRACKED	Extracted mathematical lemma or closure statement.
research/critical/lemmas/r2-lplus-global-finite-digit-test.md	critical	https://github.com/dongxuelian2/three-term-decimal-concatenation-square-sum.git	master	9a4e0481444302b81c69c53d599d69979616a034	docs/lemmas/r2-lplus-global-finite-digit-test.md	TRUE	82ffa30a39dd69f9f21ddcd5c724649ef8980897	eff0346c621ccdaef933679562e7152ea648d99858f527e19631a0bc8d1cf0f7	789cc6cdac6182beb0f2dbd6718fe7b8538bd515e3b2082a7f55ce1ac85d0af8	MATHEMATICAL_PROOF	critical	lemmas	COPIED_TRACKED	Extracted mathematical lemma or closure statement.
research/critical/lemmas/r2-lplus-growing-residue-decimal-place-cut.md	critical	https://github.com/dongxuelian2/three-term-decimal-concatenation-square-sum.git	master	9a4e0481444302b81c69c53d599d69979616a034	docs/lemmas/r2-lplus-growing-residue-decimal-place-cut.md	TRUE	7beaed9f332c8ebe70824f31d8c13b1917bb4ebd	adade3d14ec5329d4928e092710ec1ea3a82f4d5060d9326ab432e206ccca0d2	31f388c10cac1362d22ce88ddc3ec7375477a65baaa2e395d90751c523aa604c	MATHEMATICAL_PROOF	critical	lemmas	COPIED_TRACKED	Extracted mathematical lemma or closure statement.
research/critical/lemmas/r2-lplus-joint-canonical-digit-polynomial.md	critical	https://github.com/dongxuelian2/three-term-decimal-concatenation-square-sum.git	master	9a4e0481444302b81c69c53d599d69979616a034	docs/lemmas/r2-lplus-joint-canonical-digit-polynomial.md	TRUE	8fcdec6715c01819958642961784eafe64749874	430b99ab6872b73563a17d52ca6931b235a0a0a166fc66bddaa2f1f84143a312	e5b6397afab38fb6c59126a8d19427204590783171216c493591eac4b4f04bdc	MATHEMATICAL_PROOF	critical	lemmas	COPIED_TRACKED	Extracted mathematical lemma or closure statement.
research/critical/lemmas/r2-lplus-quotient-complete-arithmetic-core.md	critical	https://github.com/dongxuelian2/three-term-decimal-concatenation-square-sum.git	master	9a4e0481444302b81c69c53d599d69979616a034	docs/lemmas/r2-lplus-quotient-complete-arithmetic-core.md	TRUE	4095f722c83ca8b1830087a83b4301f970ee7bc8	a39eb5cfbaa6533a1081803ac72e21eff9b398a044ed1d567aa95e0d61202e7a	3ee8402d450b72db5acfa388e90fbb37a271c3fdd534fcb434e9d48d185273de	MATHEMATICAL_PROOF	critical	lemmas	COPIED_TRACKED	Extracted mathematical lemma or closure statement.
research/critical/lemmas/r2-mod3-canonical-digit-divisor-subbranch-closure.md	critical	https://github.com/dongxuelian2/three-term-decimal-concatenation-square-sum.git	master	9a4e0481444302b81c69c53d599d69979616a034	docs/lemmas/r2-mod3-canonical-digit-divisor-subbranch-closure.md	TRUE	57583e99d3e80234767fa2bafd44a2433a4fad73	8f8e7c7ba109d0e2f4e83ac7e3b62f7c60576d774a33c80f257e417e19d29042	f6b8facb7d816fb991100511649e6afb7a5cab78f9c0b31011a633045f45df2a	MATHEMATICAL_PROOF	critical	lemmas	COPIED_TRACKED	Extracted mathematical lemma or closure statement.
research/critical/lemmas/r2-positive-complement-orientation-safe-allocation.md	critical	https://github.com/dongxuelian2/three-term-decimal-concatenation-square-sum.git	master	9a4e0481444302b81c69c53d599d69979616a034	docs/lemmas/r2-positive-complement-orientation-safe-allocation.md	TRUE	958931a9b6d82f43c17fc2d65b7464e83f7b3340	745dad30ffbde9b130409e768b094de274bc97b2c4d5962e445e0db496a19a6c	c55ef8f8866b67490950612e28ea8523b4ee3c731fd59f45cc9e81275e504445	MATHEMATICAL_PROOF	critical	lemmas	COPIED_TRACKED	Extracted mathematical lemma or closure statement.
research/critical/lemmas/r2-surviving-orientation-sign-normal-forms.md	critical	https://github.com/dongxuelian2/three-term-decimal-concatenation-square-sum.git	master	9a4e0481444302b81c69c53d599d69979616a034	docs/lemmas/r2-surviving-orientation-sign-normal-forms.md	TRUE	36eeb23f0b822c6703bed270e289ebf6f5296a3d	a898b8c2c35d003c47b42eeb1b0f015f69fb1c70c745debcd38903b7a05d36c3	ba20e4c6b466cb4ccf87cc93a3d4705b4064dbfbbe08451e742e321fc7244dc9	MATHEMATICAL_PROOF	critical	lemmas	COPIED_TRACKED	Extracted mathematical lemma or closure statement.
research/critical/lemmas/r2-terminal-divisor-mod40-subbranch-closure.md	critical	https://github.com/dongxuelian2/three-term-decimal-concatenation-square-sum.git	master	9a4e0481444302b81c69c53d599d69979616a034	docs/lemmas/r2-terminal-divisor-mod40-subbranch-closure.md	TRUE	f95df0a8bcfdde731c0b03fa3ec3d72114801514	37b4f9758bac165c1c573cf6a6ebf7fdfbc5bde2fd9dcb2807019e0dbcff2bd5	ff7490f7d98d7098e3e622870d1505bb902d9450d45c5862ab5d96f49903801c	MATHEMATICAL_PROOF	critical	lemmas	COPIED_TRACKED	Extracted mathematical lemma or closure statement.
research/critical/lemmas/r2-terminal-factor-five-adic-residue-lift.md	critical	https://github.com/dongxuelian2/three-term-decimal-concatenation-square-sum.git	master	9a4e0481444302b81c69c53d599d69979616a034	docs/lemmas/r2-terminal-factor-five-adic-residue-lift.md	TRUE	9f1e9693e100289f319b4649c127f5d92dc33607	98a2b2fec90d4a8dd906cc80cd4b30c6862ec622cfc4589482437041c1c0a23d	47f9c17d388ce4085d48483673ead3ee79e9146cba33ac433bb92a00698d7979	MATHEMATICAL_PROOF	critical	lemmas	COPIED_TRACKED	Extracted mathematical lemma or closure statement.
research/critical/lemmas/r3-negative-complement-valuation-closure.md	critical	https://github.com/dongxuelian2/three-term-decimal-concatenation-square-sum.git	master	9a4e0481444302b81c69c53d599d69979616a034	docs/lemmas/r3-negative-complement-valuation-closure.md	TRUE	51a1169d6c21b1a9a0c8e2862a7ffcb009325ab6	47a03d6ae14963380e7d9c2e62c0a193c08ff416733b4802d669e20ed63411bd	38cf65696997496ed7acc96b6bbea112a46d86a17df962589b46ba94bc070cdb	MATHEMATICAL_PROOF	critical	lemmas	COPIED_TRACKED	Extracted mathematical lemma or closure statement.
research/critical/lemmas/r4-unit-five-adic-recovery-closure.md	critical	https://github.com/dongxuelian2/three-term-decimal-concatenation-square-sum.git	master	9a4e0481444302b81c69c53d599d69979616a034	docs/lemmas/r4-unit-five-adic-recovery-closure.md	TRUE	6f63de476a25873050b6803305e8c1c43fcd135c	d605300f3cf00274e9316461614bbcc68aa6293d40e55afccf3fb0140c150f10	12a2561b1fffa3b41c154e1a1e9920e39267faa97debef1ec777eb93cb7bada1	MATHEMATICAL_PROOF	critical	lemmas	COPIED_TRACKED	Extracted mathematical lemma or closure statement.
research/critical/lemmas/recovery-sign-normal-form.md	critical	https://github.com/dongxuelian2/three-term-decimal-concatenation-square-sum.git	master	9a4e0481444302b81c69c53d599d69979616a034	docs/lemmas/recovery-sign-normal-form.md	TRUE	2904844d17ea54be1f1adb056dbc585b26776c4d	49e86eb196df26c9d9da7d86e0394dcdfe6a84b4cc4eecca7bc972f162048206	1846fd842f8afe4b1f6b9e1339f94bab7e7725548a6681b2480878ad5b51873c	MATHEMATICAL_PROOF	critical	lemmas	COPIED_TRACKED	Extracted mathematical lemma or closure statement.
research/shared/source-navigation/critical_dependencies.md	critical	https://github.com/dongxuelian2/three-term-decimal-concatenation-square-sum.git	master	9a4e0481444302b81c69c53d599d69979616a034	docs/dependencies.md	TRUE	2fa43103621a8543479cd2a159f3c26a6efb3c27	3ecaf73450f48c453ca618e4b0b8b5d9a4ed2947d3a3c9bdfbc12927c6d9e930	3ecaf73450f48c453ca618e4b0b8b5d9a4ed2947d3a3c9bdfbc12927c6d9e930	NAVIGATION_INDEX	shared	navigation	COPIED_TRACKED	Dependency navigation retained verbatim.
research/shared/source-navigation/critical_README.md	critical	https://github.com/dongxuelian2/three-term-decimal-concatenation-square-sum.git	master	9a4e0481444302b81c69c53d599d69979616a034	README.md	TRUE	e0e44bfbd95b35e14187b7d16227d2915c83670c	e836b0bc80be157a2fdd3fae97d5df45a06576852c9436f091d25ecd5198cada	e836b0bc80be157a2fdd3fae97d5df45a06576852c9436f091d25ecd5198cada	NAVIGATION_INDEX	shared	navigation	COPIED_TRACKED	Source navigation retained verbatim; the candidate root README is a newly generated combined navigation file.
research/shared/source-navigation/critical_STATUS.md	critical	https://github.com/dongxuelian2/three-term-decimal-concatenation-square-sum.git	master	9a4e0481444302b81c69c53d599d69979616a034	STATUS.md	TRUE	f9132e7ec484b65e08e384ce1263212bff1d699d	3ea4a087f43b32ccf24a437f8c830777b23a5f670eeaa54ba95a318763d0c68b	3ea4a087f43b32ccf24a437f8c830777b23a5f670eeaa54ba95a318763d0c68b	NAVIGATION_INDEX	shared	navigation	COPIED_TRACKED	Source status retained verbatim; the candidate root STATUS is a newly generated combined status file.
research/shared/source-navigation/strict_README.md	strict	https://github.com/dongxuelian2/strict-layer-proof-research.git	main	ff3c28197be0c0f55ad5628a5d76182120e454c1	README.md	TRUE	e91bfe574246c291e8d11d369855efa16e057324	4650ebc84bd15314b738d6a4421db75d0648e97ec0ed32053232b95df91eb9cb	7f35061e0fc50fb42e5a0bc7a2b7c5865378d0b232a420ba162bd99f29fdc85a	NAVIGATION_INDEX	shared	navigation	COPIED_TRACKED	Tracked strict-layer mathematical document retained under the normalized target layer.
research/strict/A1-backward/strict_layer_backward_A1_2x5_decimal_synchronization_campaign.md	strict	https://github.com/dongxuelian2/strict-layer-proof-research.git	main	ff3c28197be0c0f55ad5628a5d76182120e454c1	40-A1-backward/strict_layer_backward_A1_2x5_decimal_synchronization_campaign.md	TRUE	4dc6c10053be4d3a082f6c2a1d46b43d52e148b1	61ee6ff2b956d2de5cbbba0f557a50f902a07f460dd63a60e67cf1c56a6add68	a460a1427aa4fad487410f0b81735319eceff1ca87026a5b4161c44f49a047c8	MATHEMATICAL_PROOF	strict	A1-backward	COPIED_TRACKED	Tracked strict-layer mathematical document retained under the normalized target layer. Exact canonical-text duplicates omitted: strict:archive-by-series/30-A1-pre-J2/strict_layer_backward_A1_2x5_decimal_synchronization_campaign.md.
research/strict/A1-backward/strict_layer_backward_A1_5phase_cut_synchronization_campaign.md	strict	https://github.com/dongxuelian2/strict-layer-proof-research.git	main	ff3c28197be0c0f55ad5628a5d76182120e454c1	40-A1-backward/strict_layer_backward_A1_5phase_cut_synchronization_campaign.md	TRUE	81bc3349ce4fcb9e3360c1779b6c47fd47a779b0	2ce8bf751baf83349226683f033bf52268e9f5cdca4dd62468ab40678bad851f	34d8764df0d99e505939e9ffd2c4e99e563e2349b8428e91481ff71ff92323b2	MATHEMATICAL_PROOF	strict	A1-backward	COPIED_TRACKED	Tracked strict-layer mathematical document retained under the normalized target layer. Exact canonical-text duplicates omitted: strict:archive-by-series/30-A1-pre-J2/strict_layer_backward_A1_5phase_cut_synchronization_campaign.md.
research/strict/A1-backward/strict_layer_backward_A1_common_U_pullback_primitive_radial_gluing_campaign.md	strict	https://github.com/dongxuelian2/strict-layer-proof-research.git	main	ff3c28197be0c0f55ad5628a5d76182120e454c1	40-A1-backward/strict_layer_backward_A1_common_U_pullback_primitive_radial_gluing_campaign.md	TRUE	3e23daa4c1c970b35e06d86734e12f7127eee0b8	6af5ee9f4182ddf286586925c2b6e3224f591190d1460b121394d2c0c67d550f	b27f0dec82b9ca669e98771335698b602f77d5c437737542bb34b3d60ad1f6e9	MATHEMATICAL_PROOF	strict	A1-backward	COPIED_TRACKED	Tracked strict-layer mathematical document retained under the normalized target layer. Exact canonical-text duplicates omitted: strict:archive-by-series/30-A1-pre-J2/strict_layer_backward_A1_common_U_pullback_primitive_radial_gluing_campaign.md.
research/strict/A1-backward/strict_layer_backward_A1_same_cut_norm_excess_campaign.md	strict	https://github.com/dongxuelian2/strict-layer-proof-research.git	main	ff3c28197be0c0f55ad5628a5d76182120e454c1	40-A1-backward/strict_layer_backward_A1_same_cut_norm_excess_campaign.md	TRUE	a7da7deabe4e1d02fa66ae9d01a6921077faa0ae	0d99f8fb86aa0bc8ac5de6283925e555c7cfffac80d0019ffece20780888a50d	c558bfd531bb0680ed0762d50c18a16ec7f2d7367213ef83935e9d8ce0a62280	MATHEMATICAL_PROOF	strict	A1-backward	COPIED_TRACKED	Tracked strict-layer mathematical document retained under the normalized target layer. Exact canonical-text duplicates omitted: strict:archive-by-series/30-A1-pre-J2/strict_layer_backward_A1_same_cut_norm_excess_campaign.md.
research/strict/A1-backward/strict_layer_backward_A1_word_recovery_architecture_campaign.md	strict	https://github.com/dongxuelian2/strict-layer-proof-research.git	main	ff3c28197be0c0f55ad5628a5d76182120e454c1	40-A1-backward/strict_layer_backward_A1_word_recovery_architecture_campaign.md	TRUE	1ca4d0fd898ae3f1fc6e65f5e3f578eac60b2114	748dc49340e470ea63b4be820673c00ad7527e99f88bb9eb4afec6a06b41fc81	d48e4073da7fd65dae0c1828804cbff4717a96081ba126247477bf757a47fc6a	MATHEMATICAL_PROOF	strict	A1-backward	COPIED_TRACKED	Tracked strict-layer mathematical document retained under the normalized target layer. Exact canonical-text duplicates omitted: strict:archive-by-series/30-A1-pre-J2/strict_layer_backward_A1_word_recovery_architecture_campaign.md.
research/strict/A1-forward/archive/30-A1-pre-J2/strict_layer_A1_endpoint_quotient_integer_alignment_campaign.md	strict	https://github.com/dongxuelian2/strict-layer-proof-research.git	main	ff3c28197be0c0f55ad5628a5d76182120e454c1	archive-by-series/30-A1-pre-J2/strict_layer_A1_endpoint_quotient_integer_alignment_campaign.md	TRUE	b2a4b32ed06b3e6312fa59ebab1c333ce37d9a29	b57946cbf410b2372fa620a13d8ba0788ec4eb8be09f77f41c52cd5a2af8ff1e	32547a6e84ab1fc083c4f2ab08c913bef82850da4daafae4928edb015aaaff49	MATHEMATICAL_PROOF	strict	A1-forward	COPIED_TRACKED	Tracked historical strict-layer archive document; source path retained in manifest.
research/strict/A1-forward/archive/30-A1-pre-J2/strict_layer_A1_resonance_RGCD_overload_extinction_campaign.md	strict	https://github.com/dongxuelian2/strict-layer-proof-research.git	main	ff3c28197be0c0f55ad5628a5d76182120e454c1	archive-by-series/30-A1-pre-J2/strict_layer_A1_resonance_RGCD_overload_extinction_campaign.md	TRUE	2af7bef5f03ab041f18debdb68fe857be6a87cd8	8ffce65a173370586b026806c71cad73c553263ae5cc3d19d12d94cd77553de7	2a1ca0f5e7d394f018d49e22af5c25422ce09f348e3f0ced28d64df5bf1355e0	MATHEMATICAL_PROOF	strict	A1-forward	COPIED_TRACKED	Tracked historical strict-layer archive document; source path retained in manifest.
research/strict/A1-forward/archive/30-A1-pre-J2/strict_layer_A1_resonance_state_after_RGCD_campaign.md	strict	https://github.com/dongxuelian2/strict-layer-proof-research.git	main	ff3c28197be0c0f55ad5628a5d76182120e454c1	archive-by-series/30-A1-pre-J2/strict_layer_A1_resonance_state_after_RGCD_campaign.md	TRUE	1d68e049c45f4a0b0ffe22eebcb1b95fa505b34c	ce9ae08344d0d5cdd43cdcf0fc0f5e1e660875e7d9c151240616fdbf86aacf54	441cbc6c0f9abf5b15e946a500f85ffbb3b61257e89d341e8cb0171bf02b234e	MATHEMATICAL_PROOF	strict	A1-forward	COPIED_TRACKED	Tracked historical strict-layer archive document; source path retained in manifest.
research/strict/A1-forward/archive/30-A1-pre-J2/strict_layer_A1_resonant_transition_reduced_fraction_unit_exclusion_campaign.md	strict	https://github.com/dongxuelian2/strict-layer-proof-research.git	main	ff3c28197be0c0f55ad5628a5d76182120e454c1	archive-by-series/30-A1-pre-J2/strict_layer_A1_resonant_transition_reduced_fraction_unit_exclusion_campaign.md	TRUE	b4aaeb50aee9006be0e8ed8b3530a28c55180da3	1c2185aea25456c66bb8dbaeae5b3d5d19f00cb3ed2ad43775e565b1581d28c4	c988d48b69dc213f6bb92565d1bb8788dc5e1ff201cfc81518411bac24d9d201	MATHEMATICAL_PROOF	strict	A1-forward	COPIED_TRACKED	Tracked historical strict-layer archive document; source path retained in manifest.
research/strict/A1-forward/archive/30-A1-pre-J2/strict_layer_A1_RU_H_first_candidate_excess_campaign.md	strict	https://github.com/dongxuelian2/strict-layer-proof-research.git	main	ff3c28197be0c0f55ad5628a5d76182120e454c1	archive-by-series/30-A1-pre-J2/strict_layer_A1_RU_H_first_candidate_excess_campaign.md	TRUE	6e250ab59c4f0d746fb5e8778f87c82279e6e382	b8ade15130fc3b3e3455bf711eddee5652d11db23d40f0492330f2d5f8c22dea	94e78612f54728b65ebb3612b722b21bea43942aa2edc4cfa374b5642e582a4f	MATHEMATICAL_PROOF	strict	A1-forward	COPIED_TRACKED	Tracked historical strict-layer archive document; source path retained in manifest.
research/strict/A1-forward/archive/30-A1-pre-J2/strict_layer_A1_SRUS_state_after_resonance_transition_campaign.md	strict	https://github.com/dongxuelian2/strict-layer-proof-research.git	main	ff3c28197be0c0f55ad5628a5d76182120e454c1	archive-by-series/30-A1-pre-J2/strict_layer_A1_SRUS_state_after_resonance_transition_campaign.md	TRUE	9c2fc905905ce46a7396b2d1177b160472047622	92cb2375b579a3230a6032f18836bc8bcd66e3d1a31319ea0a65284aa5490827	47f64f92ec254d305d4f8ce796f0934db36f91c37dbeccb3e16a30f16a074b19	MATHEMATICAL_PROOF	strict	A1-forward	COPIED_TRACKED	Tracked historical strict-layer archive document; source path retained in manifest.
research/strict/A1-forward/strict_layer_A1_double_euclidean_smith_gcd_terminal_campaign.md	strict	https://github.com/dongxuelian2/strict-layer-proof-research.git	main	ff3c28197be0c0f55ad5628a5d76182120e454c1	30-A1-forward/strict_layer_A1_double_euclidean_smith_gcd_terminal_campaign.md	TRUE	f9ec8c87a3f1054a1a5ac95d6f5073e195012d42	b193cdd29cd14f70290a08dfe1ae0e3c93ef91c8a41e20d83c7f25422acbabe3	f90ab827fe157876aea20c335a576254cf0c3eb663051c11c1a671c12eeed370	MATHEMATICAL_PROOF	strict	A1-forward	COPIED_TRACKED	Tracked strict-layer mathematical document retained under the normalized target layer. Exact canonical-text duplicates omitted: strict:archive-by-series/30-A1-pre-J2/strict_layer_A1_double_euclidean_smith_gcd_terminal_campaign.md.
research/strict/A1-forward/strict_layer_A1_double_euclidean_word_smith_terminal_campaign.md	strict	https://github.com/dongxuelian2/strict-layer-proof-research.git	main	ff3c28197be0c0f55ad5628a5d76182120e454c1	30-A1-forward/strict_layer_A1_double_euclidean_word_smith_terminal_campaign.md	TRUE	fe41c1dc0fd9868e31a0752c238d12594164fdee	501362cf314848b73d3446bd7ce5af77238c56e7d6ed7f60101ef80f90ed3169	2e72adca88e837afd1f1503daa3135a1ca7393f6717167648d1e034d5cb08d3c	MATHEMATICAL_PROOF	strict	A1-forward	COPIED_TRACKED	Tracked strict-layer mathematical document retained under the normalized target layer. Exact canonical-text duplicates omitted: strict:archive-by-series/30-A1-pre-J2/strict_layer_A1_double_euclidean_word_smith_terminal_campaign.md.
research/strict/A1-forward/strict_layer_A1_exact_mantissa_defect_quotient_campaign.md	strict	https://github.com/dongxuelian2/strict-layer-proof-research.git	main	ff3c28197be0c0f55ad5628a5d76182120e454c1	30-A1-forward/strict_layer_A1_exact_mantissa_defect_quotient_campaign.md	TRUE	dbe489163c77e95a5b7444e628d04a2e050015b2	532234eff08a1792355917caa291ea97f272c81d14a8395010e62025ed6db27b	f5881416c13195ca1e72862b126c7f87fb92dd2e970fa9803c8548e2c05102dd	MATHEMATICAL_PROOF	strict	A1-forward	COPIED_TRACKED	Tracked strict-layer mathematical document retained under the normalized target layer. Exact canonical-text duplicates omitted: strict:archive-by-series/30-A1-pre-J2/strict_layer_A1_exact_mantissa_defect_quotient_campaign.md.
research/strict/A1-forward/strict_layer_A1_flat_locus_structural_elimination_campaign.md	strict	https://github.com/dongxuelian2/strict-layer-proof-research.git	main	ff3c28197be0c0f55ad5628a5d76182120e454c1	30-A1-forward/strict_layer_A1_flat_locus_structural_elimination_campaign.md	TRUE	9ce4e5e31301093d75f6bcbad76e02eb403691c8	2f70de6f2d79ff5b9e5c2a23575d87d2667b3e1eb76ab784c62241303b896cc9	870de827e5bdcdf438d82d81da5ab25d42ce271d62c665c59a16a82f28694ca8	MATHEMATICAL_PROOF	strict	A1-forward	COPIED_TRACKED	Tracked strict-layer mathematical document retained under the normalized target layer. Exact canonical-text duplicates omitted: strict:archive-by-series/30-A1-pre-J2/strict_layer_A1_flat_locus_structural_elimination_campaign.md.
research/strict/A1-forward/strict_layer_A1_generic_primitive_defect_synchronization_campaign.md	strict	https://github.com/dongxuelian2/strict-layer-proof-research.git	main	ff3c28197be0c0f55ad5628a5d76182120e454c1	30-A1-forward/strict_layer_A1_generic_primitive_defect_synchronization_campaign.md	TRUE	d489ee20246860006627d3b09b6445283029d9b9	7f149c8d3213473162132ec3a10197f881d880e002f2bffc6196e46ecd8394fd	41d961fa7a243d91b6346c4f8b406922278fddb3d89ebdc36393054ebf9f9f5d	MATHEMATICAL_PROOF	strict	A1-forward	COPIED_TRACKED	Tracked strict-layer mathematical document retained under the normalized target layer. Exact canonical-text duplicates omitted: strict:archive-by-series/30-A1-pre-J2/strict_layer_A1_generic_primitive_defect_synchronization_campaign.md.
research/strict/A1-forward/strict_layer_A1_iterated_smith_coprime_radial_exclusion_campaign.md	strict	https://github.com/dongxuelian2/strict-layer-proof-research.git	main	ff3c28197be0c0f55ad5628a5d76182120e454c1	30-A1-forward/strict_layer_A1_iterated_smith_coprime_radial_exclusion_campaign.md	TRUE	b2e307dc73aaafde95fd4b709482b7ba10a3362b	c459c3ca65624c112a96895c34d8fa01e500606c6fe441fc2b30baf3f146698e	7f8ba8746b3a0f3812401ca7dacb79a91a7ae96708d285a2696822258f893ffd	MATHEMATICAL_PROOF	strict	A1-forward	COPIED_TRACKED	Tracked strict-layer mathematical document retained under the normalized target layer. Exact canonical-text duplicates omitted: strict:archive-by-series/30-A1-pre-J2/strict_layer_A1_iterated_smith_coprime_radial_exclusion_campaign.md.
research/strict/A1-forward/strict_layer_A1_moving_core_decimal_translation_global_campaign.md	strict	https://github.com/dongxuelian2/strict-layer-proof-research.git	main	ff3c28197be0c0f55ad5628a5d76182120e454c1	30-A1-forward/strict_layer_A1_moving_core_decimal_translation_global_campaign.md	TRUE	ae8b647c3e81062780c5dfb9e8d0ae525f2f7b8a	e5d27c7278115854222c6d61341c70dfb63143c5e0d9d4c161f808a13deceba5	71f00a8d8427a0ac753c07f725600e74068c23fe409ba09ad1fa2f851464c37f	MATHEMATICAL_PROOF	strict	A1-forward	COPIED_TRACKED	Tracked strict-layer mathematical document retained under the normalized target layer. Exact canonical-text duplicates omitted: strict:archive-by-series/30-A1-pre-J2/strict_layer_A1_moving_core_decimal_translation_global_campaign.md.
research/strict/A1-forward/strict_layer_A1_moving_profile_coprime_integer_scale_campaign.md	strict	https://github.com/dongxuelian2/strict-layer-proof-research.git	main	ff3c28197be0c0f55ad5628a5d76182120e454c1	30-A1-forward/strict_layer_A1_moving_profile_coprime_integer_scale_campaign.md	TRUE	653e274b4ab2911aaa832b92363fd3950c88ca5c	08793d3ee0760fb11e8b9192cd1e0190792098b10849dfcfb0f0ab94eadc9398	07975f7f3d51f5ccfea92b362ef613b9817ad0e6643699a68acc23099a40696d	MATHEMATICAL_PROOF	strict	A1-forward	COPIED_TRACKED	Tracked strict-layer mathematical document retained under the normalized target layer. Exact canonical-text duplicates omitted: strict:archive-by-series/30-A1-pre-J2/strict_layer_A1_moving_profile_coprime_integer_scale_campaign.md.
research/strict/A1-forward/strict_layer_A1_primitive_conic_common_U_digit_window_campaign.md	strict	https://github.com/dongxuelian2/strict-layer-proof-research.git	main	ff3c28197be0c0f55ad5628a5d76182120e454c1	30-A1-forward/strict_layer_A1_primitive_conic_common_U_digit_window_campaign.md	TRUE	af08b29e38e6f951c4df6e18397d6ae15d776f90	7fecbe35d539abf605ea27acc6fd2800cadb46ac46b81b8433d54f8a6fad2ef5	2d48c2158ab4121b04b0b89bcf481e4f31a70da1759c264fdf78c6e043bc5451	MATHEMATICAL_PROOF	strict	A1-forward	COPIED_TRACKED	Tracked strict-layer mathematical document retained under the normalized target layer. Exact canonical-text duplicates omitted: strict:archive-by-series/30-A1-pre-J2/strict_layer_A1_primitive_conic_common_U_digit_window_campaign.md.
research/strict/A1-forward/strict_layer_A1_smith_reduced_common_U_exclusion_campaign.md	strict	https://github.com/dongxuelian2/strict-layer-proof-research.git	main	ff3c28197be0c0f55ad5628a5d76182120e454c1	30-A1-forward/strict_layer_A1_smith_reduced_common_U_exclusion_campaign.md	TRUE	dffa29714dc29dc184eaae74169eb70fe32de945	c644e33a782887f76629cf05ab42232f30922faae6ef0cfe1a94d2c39b215601	55cbbcc921123c8dd7096c95dd9d7946930f7b96a27bf33c2fe5c74b09c12e00	MATHEMATICAL_PROOF	strict	A1-forward	COPIED_TRACKED	Tracked strict-layer mathematical document retained under the normalized target layer. Exact canonical-text duplicates omitted: strict:archive-by-series/30-A1-pre-J2/strict_layer_A1_smith_reduced_common_U_exclusion_campaign.md.
research/strict/A1-forward/strict_layer_A1_unified_moving_profile_terminal_campaign.md	strict	https://github.com/dongxuelian2/strict-layer-proof-research.git	main	ff3c28197be0c0f55ad5628a5d76182120e454c1	30-A1-forward/strict_layer_A1_unified_moving_profile_terminal_campaign.md	TRUE	591f28c0dd48209f1b138410238a4bd5d5e5a365	2e8a23f96548782eaaff4dda5f1edcd253423f7e67cbd2250c0b725456fe6965	e9c4542e7ccf3bf168f3a7f2b1d53c93c1530ac98e55a5c5f137afafa2d78b47	MATHEMATICAL_PROOF	strict	A1-forward	COPIED_TRACKED	Tracked strict-layer mathematical document retained under the normalized target layer. Exact canonical-text duplicates omitted: strict:archive-by-series/30-A1-pre-J2/strict_layer_A1_unified_moving_profile_terminal_campaign.md.
research/strict/backward-global/strict_layer_backward_algebraic_denominator_interface.md	strict	https://github.com/dongxuelian2/strict-layer-proof-research.git	main	ff3c28197be0c0f55ad5628a5d76182120e454c1	10-backward-global/strict_layer_backward_algebraic_denominator_interface.md	TRUE	d27f01175cb6d2433f08881ed04aee5bce0a09d4	f76a3d8ff8115c30546b78b05f123060ef9bcf89be0540f078f635cfdee6d1fd	c913dc1dbf8dae32c17b2a176a76f9dca1869bd41bd6cba9c60917cd5322650b	MATHEMATICAL_PROOF	strict	backward-global	COPIED_TRACKED	Tracked strict-layer mathematical document retained under the normalized target layer. Exact canonical-text duplicates omitted: strict:archive-by-series/10-strict-layer-core/strict_layer_backward_algebraic_denominator_interface.md.
research/strict/backward-global/strict_layer_backward_canonical_dependency_skeleton.md	strict	https://github.com/dongxuelian2/strict-layer-proof-research.git	main	ff3c28197be0c0f55ad5628a5d76182120e454c1	10-backward-global/strict_layer_backward_canonical_dependency_skeleton.md	TRUE	a1c28cc32b6ba09cb69b6248b40f67c11b53592a	112f625fc895b57b7a0d8bc04125feee78f9c341d7ad5acffe36f596bd8a6413	db57e6f9aafefcca8ae3ca9c7cb43517cc601e5d23a4648edf4d8bf7f2345769	MATHEMATICAL_PROOF	strict	backward-global	COPIED_TRACKED	Tracked strict-layer mathematical document retained under the normalized target layer. Exact canonical-text duplicates omitted: strict:archive-by-series/10-strict-layer-core/strict_layer_backward_canonical_dependency_skeleton.md.
research/strict/backward-global/strict_layer_backward_canonical_synchronization_quotient.md	strict	https://github.com/dongxuelian2/strict-layer-proof-research.git	main	ff3c28197be0c0f55ad5628a5d76182120e454c1	10-backward-global/strict_layer_backward_canonical_synchronization_quotient.md	TRUE	242d688909107b54cecd4e773d88a0a52cb8c776	6ea8621a9413311f4d4b00beb945519120271a202d8b33a9c903dd7560f17727	69f5c887331636d0883f1e5b33e4e9082521089c9fd5711a045f5d745f3396ed	MATHEMATICAL_PROOF	strict	backward-global	COPIED_TRACKED	Tracked strict-layer mathematical document retained under the normalized target layer. Exact canonical-text duplicates omitted: strict:archive-by-series/10-strict-layer-core/strict_layer_backward_canonical_synchronization_quotient.md.
research/strict/backward-global/strict_layer_backward_denominator_decimal_interface.md	strict	https://github.com/dongxuelian2/strict-layer-proof-research.git	main	ff3c28197be0c0f55ad5628a5d76182120e454c1	10-backward-global/strict_layer_backward_denominator_decimal_interface.md	TRUE	eadc14058586c28968d1e128c7fb1d5cf40b25e4	fa37a278e33f285aa740db5c089fd211312df6fcca40baf74be0464280cded22	0158316ac9dde17937aa475b7a6eab28e931eb3d6ac3008238b59f1d2ffae199	MATHEMATICAL_PROOF	strict	backward-global	COPIED_TRACKED	Tracked strict-layer mathematical document retained under the normalized target layer.
research/strict/backward-global/strict_layer_backward_global_obstruction_campaign.md	strict	https://github.com/dongxuelian2/strict-layer-proof-research.git	main	ff3c28197be0c0f55ad5628a5d76182120e454c1	10-backward-global/strict_layer_backward_global_obstruction_campaign.md	TRUE	2aee3046ee9dc1e9ee4ec96eee76b26507668b84	7ddd6c94eadd3cd0631af21886fe82e59d311a5d7b4f9ce361a717115a38fc8d	004ee89165d035d8c7ecbb0207224dca3fa7e6b32471e6dc0399007fe94590ee	MATHEMATICAL_PROOF	strict	backward-global	COPIED_TRACKED	Tracked strict-layer mathematical document retained under the normalized target layer. Exact canonical-text duplicates omitted: strict:archive-by-series/10-strict-layer-core/strict_layer_backward_global_obstruction_campaign.md.
research/strict/backward-global/strict_layer_backward_global_witness_gluing_campaign.md	strict	https://github.com/dongxuelian2/strict-layer-proof-research.git	main	ff3c28197be0c0f55ad5628a5d76182120e454c1	10-backward-global/strict_layer_backward_global_witness_gluing_campaign.md	TRUE	cf740fb2989cfad96f09f05a599df9b275d90377	e9358bdb17584574ddb859f5a6e21773726ebaeb6f2e48c8b236ab0be02d3d9d	ba5932a58278688a455a090bec1c02db9c8d9bbc92589b8760b97df628b7dbdd	MATHEMATICAL_PROOF	strict	backward-global	COPIED_TRACKED	Tracked strict-layer mathematical document retained under the normalized target layer. Exact canonical-text duplicates omitted: strict:archive-by-series/10-strict-layer-core/strict_layer_backward_global_witness_gluing_campaign.md.
research/strict/campaigns/105/105_R1_Common_Obstruction_Reconstruction.md	strict	https://github.com/dongxuelian2/strict-layer-proof-research.git	main	ff3c28197be0c0f55ad5628a5d76182120e454c1	archive-by-series/90-105/105_R1_Common_Obstruction_Reconstruction.md	TRUE	51870550511c23937a069ea407eae7bbccffd71e	f4b1071184bdd783cfe8f5014b215992342fb81d413214a6406e1ac96b9dfc21	d06d6095644982290d74a784f367451250540b82aca8ff8063eb090414fb4852	MATHEMATICAL_STAGE_REPORT	strict	105	COPIED_TRACKED	Tracked historical strict-layer archive document; source path retained in manifest.
research/strict/campaigns/105/105_R10_DES_Endpoint_Coset_Lift_Index.md	strict	https://github.com/dongxuelian2/strict-layer-proof-research.git	main	ff3c28197be0c0f55ad5628a5d76182120e454c1	archive-by-series/90-105/105_R10_DES_Endpoint_Coset_Lift_Index.md	TRUE	b67bd0f9af6b4fd320a38b6fb1d3e802dfcc398b	a5c544be30b946f613be4b017cd8b0c925ee44e1ac4069b33b8bacf70354e77e	c37c52064f2749d5365820601149010f142b8e41edc9646a027bd83a464c3947	MATHEMATICAL_STAGE_REPORT	strict	105	COPIED_TRACKED	Tracked historical strict-layer archive document; source path retained in manifest.
research/strict/campaigns/105/105_R11_Exact_DES_Quotient_Threshold_Membership.md	strict	https://github.com/dongxuelian2/strict-layer-proof-research.git	main	ff3c28197be0c0f55ad5628a5d76182120e454c1	archive-by-series/90-105/105_R11_Exact_DES_Quotient_Threshold_Membership.md	TRUE	36eaf5515430fbe1f3ceef5d55004c613f969b55	e9d9fba0d5ed0cac7b6c2f3a3cc4bcc47fcc2395198b35e7e5b3d664ecafae1b	05028fc069a574a80913f6f106dbc24653fb2ea7c50c2cf4a67e572a037ff725	MATHEMATICAL_STAGE_REPORT	strict	105	COPIED_TRACKED	Tracked historical strict-layer archive document; source path retained in manifest.
research/strict/campaigns/105/105_R12_Normalized_Local_DES_Numerator_Residue.md	strict	https://github.com/dongxuelian2/strict-layer-proof-research.git	main	ff3c28197be0c0f55ad5628a5d76182120e454c1	archive-by-series/90-105/105_R12_Normalized_Local_DES_Numerator_Residue.md	TRUE	e14f7bbe6b42c059ea6ff0ea8bd33c5e7c3482a9	b5cbc5be63f23fb514b446a706492754675142ba77157a11aa2d773c49d9ed02	9e269c37bbbe23906b21310346ac11824a586702972c0cab91503ad5546f3521	MATHEMATICAL_STAGE_REPORT	strict	105	COPIED_TRACKED	Tracked historical strict-layer archive document; source path retained in manifest.
research/strict/campaigns/105/105_R13_Post_PSDG_Source_Carrier_Image.md	strict	https://github.com/dongxuelian2/strict-layer-proof-research.git	main	ff3c28197be0c0f55ad5628a5d76182120e454c1	archive-by-series/90-105/105_R13_Post_PSDG_Source_Carrier_Image.md	TRUE	fc780f04975cf5476ea51fc4c697a664ec78a66c	be9e1d1ec17ac375c4fb52e580d6b6cc27d06b0d352b42ce8a8ab75837c146dc	a11fe86436da6b59abd777844619d0a54a006b5c2dcea8beba09e359decf491c	MATHEMATICAL_STAGE_REPORT	strict	105	COPIED_TRACKED	Tracked historical strict-layer archive document; source path retained in manifest.
research/strict/campaigns/105/105_R14_Positive_Radial_Core_Lift_Fibre.md	strict	https://github.com/dongxuelian2/strict-layer-proof-research.git	main	ff3c28197be0c0f55ad5628a5d76182120e454c1	archive-by-series/90-105/105_R14_Positive_Radial_Core_Lift_Fibre.md	TRUE	3aaf40feb5900b27013ec8b423de7b4a8f8c5d62	2315d86f242de0609a0ee7649493f768185d7b31d5ba1ff20ff21ca19f55d57a	f19ea4cc1e428dd42eca7f7ea584bd4b28adfc146c1b280e12a1eacfa8d3db1b	MATHEMATICAL_STAGE_REPORT	strict	105	COPIED_TRACKED	Tracked historical strict-layer archive document; source path retained in manifest.
research/strict/campaigns/105/105_R15_Master_G1_Z_Shell_Phase_Offensive.md	strict	https://github.com/dongxuelian2/strict-layer-proof-research.git	main	ff3c28197be0c0f55ad5628a5d76182120e454c1	archive-by-series/90-105/105_R15_Master_G1_Z_Shell_Phase_Offensive.md	TRUE	73998f03a68b6541da61a2febaec7669829daa82	c88c339fac64eaf1ad05d8a674db06ea316c20419fc7fb1c249ddde41ce7b77a	42ae75f11238a36ac04f8ca00b0c829189b608754406f828b6eb4730bea1b533	MATHEMATICAL_STAGE_REPORT	strict	105	COPIED_TRACKED	Tracked historical strict-layer archive document; source path retained in manifest.
research/strict/campaigns/105/105_R16_Master_Complement_Divisor_Omega_Corridor.md	strict	https://github.com/dongxuelian2/strict-layer-proof-research.git	main	ff3c28197be0c0f55ad5628a5d76182120e454c1	archive-by-series/90-105/105_R16_Master_Complement_Divisor_Omega_Corridor.md	TRUE	aa7cdbcd28f2efce0444cb78f4a2dbae630976f0	156a7c5fdd0db10fc38f0aaf78586ba30875023999c76a6902eb86009603cd7c	73279520973464e0399db36c8ac9b401efad75f4e29935d484364434d85544f5	MATHEMATICAL_STAGE_REPORT	strict	105	COPIED_TRACKED	Tracked historical strict-layer archive document; source path retained in manifest.
research/strict/campaigns/105/105_R17_Post_D_Source_Excess.md	strict	https://github.com/dongxuelian2/strict-layer-proof-research.git	main	ff3c28197be0c0f55ad5628a5d76182120e454c1	archive-by-series/90-105/105_R17_Post_D_Source_Excess.md	TRUE	601f81a238874288b00aa69cba9190003952239a	cd723d953ebb6d0da979a26fe93e1dd18bd3bbb4a7b5997c37def124b9b8d7fb	f8792821f280f0980814155c2bd3d24eba4eaa177dfa56cc06f9c5105549e5ab	MATHEMATICAL_STAGE_REPORT	strict	105	COPIED_TRACKED	Tracked historical strict-layer archive document; source path retained in manifest.
research/strict/campaigns/105/105_R18_Post_Corridor_Z_Shell_Compatibility.md	strict	https://github.com/dongxuelian2/strict-layer-proof-research.git	main	ff3c28197be0c0f55ad5628a5d76182120e454c1	archive-by-series/90-105/105_R18_Post_Corridor_Z_Shell_Compatibility.md	TRUE	579d3763d37405f734e2de9ba3805b6ce27dfbd5	40d7c923ae572643b867c0ae9efa09dc489755553bb652a62cea86a2a713af39	2cc4c42d8d8c93cd5d51b57873297b2a5ee276d97d330d48c4a6ef289fe5c82e	MATHEMATICAL_STAGE_REPORT	strict	105	COPIED_TRACKED	Tracked historical strict-layer archive document; source path retained in manifest.
research/strict/campaigns/105/105_R19_Absorbed_Content_Smith_Saturation.md	strict	https://github.com/dongxuelian2/strict-layer-proof-research.git	main	ff3c28197be0c0f55ad5628a5d76182120e454c1	archive-by-series/90-105/105_R19_Absorbed_Content_Smith_Saturation.md	TRUE	4ff0125327b6e5616f61e20857098268dd44a6e3	5a9fba0844979b82fff9f3720e42a6f8f516f389799d29829b38756298e3efc8	51c7f2ad1aa7bfa3d1027a132bc4252b7a4cd15546ca5b5457a325bbf30076ce	MATHEMATICAL_STAGE_REPORT	strict	105	COPIED_TRACKED	Tracked historical strict-layer archive document; source path retained in manifest.
research/strict/campaigns/105/105_R2_Source_Section_Internalization.md	strict	https://github.com/dongxuelian2/strict-layer-proof-research.git	main	ff3c28197be0c0f55ad5628a5d76182120e454c1	archive-by-series/90-105/105_R2_Source_Section_Internalization.md	TRUE	5a9447421dafdf7bf6274a097fc5772f7a3a5e1c	585fcf0d3339117f61ebbc71f24e355f7c301e54fb2e3cbd8b89277b1d551fe3	1837e84a9e6fe265a17edd0a8160010ac8413068333a046bac6078cdd31c926d	MATHEMATICAL_STAGE_REPORT	strict	105	COPIED_TRACKED	Tracked historical strict-layer archive document; source path retained in manifest.
research/strict/campaigns/105/105_R20_Face2_Decimal_Primary_Absorption_Budget.md	strict	https://github.com/dongxuelian2/strict-layer-proof-research.git	main	ff3c28197be0c0f55ad5628a5d76182120e454c1	archive-by-series/90-105/105_R20_Face2_Decimal_Primary_Absorption_Budget.md	TRUE	f5f0caae59b66faed35dda00ada55c237b4c8cbe	1d6efbf8934015f2da7a62bcff75bf1e6ffc981022b850c5fd5095574a56b94b	572532e1bcfdcd570d540574751dd89a63787e5caa0edc2ca6226fe36281130b	MATHEMATICAL_STAGE_REPORT	strict	105	COPIED_TRACKED	Tracked historical strict-layer archive document; source path retained in manifest.
research/strict/campaigns/105/105_R21_Normalized_Denominator_Ratio_Corridor.md	strict	https://github.com/dongxuelian2/strict-layer-proof-research.git	main	ff3c28197be0c0f55ad5628a5d76182120e454c1	archive-by-series/90-105/105_R21_Normalized_Denominator_Ratio_Corridor.md	TRUE	5bbbd61d9966883cc944586de51c25607496ce1b	66c60f54d59417a7e844e5d3713b7d98103bf1cfb367696b63d74ce9f9104c0a	d61ed47073108c5892b382a993daf9bde77f42479637fad977a444f2ce034aac	MATHEMATICAL_STAGE_REPORT	strict	105	COPIED_TRACKED	Tracked historical strict-layer archive document; source path retained in manifest.
research/strict/campaigns/105/105_R22_Master_Angular_Elimination.md	strict	https://github.com/dongxuelian2/strict-layer-proof-research.git	main	ff3c28197be0c0f55ad5628a5d76182120e454c1	archive-by-series/90-105/105_R22_Master_Angular_Elimination.md	TRUE	53a67e0d05966b6be7fe684db3d27e026ac6ea35	bba06deed5b8aea371f622c116ca8e2a233a81d0aa160963e15cc12d5c9905cc	b2b056f25bc9157e3d3abccd36d1f4a8a3013ddc40c44412233740335fc45cf6	MATHEMATICAL_STAGE_REPORT	strict	105	COPIED_TRACKED	Tracked historical strict-layer archive document; source path retained in manifest.
research/strict/campaigns/105/105_R23_Completed_Positive_Angular_Load_Corridor.md	strict	https://github.com/dongxuelian2/strict-layer-proof-research.git	main	ff3c28197be0c0f55ad5628a5d76182120e454c1	archive-by-series/90-105/105_R23_Completed_Positive_Angular_Load_Corridor.md	TRUE	2d607b254abe3cf0d065c3e59aae9b712b91594b	b2d31a69063d8cc4c36bd5503db6cacd373911b9a4df0da7b7253ca4e7fb71fc	75e7b55e4e0130118b773d70c3c6ae1192a088cf0b96f5340201b6709b830ccf	MATHEMATICAL_STAGE_REPORT	strict	105	COPIED_TRACKED	Tracked historical strict-layer archive document; source path retained in manifest.
research/strict/campaigns/105/105_R24_Post_Support_Source_Carrier_Image.md	strict	https://github.com/dongxuelian2/strict-layer-proof-research.git	main	ff3c28197be0c0f55ad5628a5d76182120e454c1	archive-by-series/90-105/105_R24_Post_Support_Source_Carrier_Image.md	TRUE	94a3c2dfaf8f5c3bee02f59b96c792ce4d72348f	3bfabd767d5e18ec236018e1b255aba2ad04a63dd67feaa5c4bdee9a3c60d322	e6768ee326b9796130e4ea63933ed72238f1c327c63759b70c9662e0590deedf	MATHEMATICAL_STAGE_REPORT	strict	105	COPIED_TRACKED	Tracked historical strict-layer archive document; source path retained in manifest.
research/strict/campaigns/105/105_R25_Positive_Carrier_Excess_Divisor.md	strict	https://github.com/dongxuelian2/strict-layer-proof-research.git	main	ff3c28197be0c0f55ad5628a5d76182120e454c1	archive-by-series/90-105/105_R25_Positive_Carrier_Excess_Divisor.md	TRUE	cea51c45e890a55658e178587e7d0df06786a77d	82a25fc89a8d02f7f4091a152b9de97b6ef30f11063d1e32eb6676bd70837151	d211f81c318124bf3102cbca790fb4af7397cc3cf56719d0fbab0b2f2e946913	MATHEMATICAL_STAGE_REPORT	strict	105	COPIED_TRACKED	Tracked historical strict-layer archive document; source path retained in manifest.
research/strict/campaigns/105/105_R3_Source_Completed_Valuation_Atlas.md	strict	https://github.com/dongxuelian2/strict-layer-proof-research.git	main	ff3c28197be0c0f55ad5628a5d76182120e454c1	archive-by-series/90-105/105_R3_Source_Completed_Valuation_Atlas.md	TRUE	f6551de49c5056f8cc70ce047ab34ddc0dd2717e	74f62905ef91c1d9689fa3b3c9a288df66642ae8df6c54ffc052d36eb7934fda	b7069eaa9884d22f94f9a50756fdac9d0c8f5ef9620ff41515e9c6621be6c57f	MATHEMATICAL_STAGE_REPORT	strict	105	COPIED_TRACKED	Tracked historical strict-layer archive document; source path retained in manifest.
research/strict/campaigns/105/105_R4_Source_Completed_Fixed_Incidence_Extraction.md	strict	https://github.com/dongxuelian2/strict-layer-proof-research.git	main	ff3c28197be0c0f55ad5628a5d76182120e454c1	archive-by-series/90-105/105_R4_Source_Completed_Fixed_Incidence_Extraction.md	TRUE	584343d39a1abd1e0221cee789b670c8d864db6e	bff07686a5e5ae1982fcd9eefff49da54c0e90a413d41caaea52aad72d87d29e	1a699fd5d724b06a67e80335f6bbe8e6b55e5807722aa7c67fe4f4f073755aa2	MATHEMATICAL_STAGE_REPORT	strict	105	COPIED_TRACKED	Tracked historical strict-layer archive document; source path retained in manifest.
research/strict/campaigns/105/105_R5_Outer_Depth_Source_Selector_Fixedness.md	strict	https://github.com/dongxuelian2/strict-layer-proof-research.git	main	ff3c28197be0c0f55ad5628a5d76182120e454c1	archive-by-series/90-105/105_R5_Outer_Depth_Source_Selector_Fixedness.md	TRUE	a95dbc1181a91ecb7d316aecdb8df892dedbbfc2	75754d30fb9a98cf488624d0937d2885d211cc48678624e23ec1caed42283323	06d675f46231493be3aed371f385947eb6dc35a7cbb490dd7e500b2ccd41fab8	MATHEMATICAL_STAGE_REPORT	strict	105	COPIED_TRACKED	Tracked historical strict-layer archive document; source path retained in manifest.
research/strict/campaigns/105/105_R5C_Moving_Base_Full_Source_Decision.md	strict	https://github.com/dongxuelian2/strict-layer-proof-research.git	main	ff3c28197be0c0f55ad5628a5d76182120e454c1	archive-by-series/90-105/105_R5C_Moving_Base_Full_Source_Decision.md	TRUE	7268be2e37e16462a89352eda0927b8e000ba7d3	b8afb365feec2bb37353d32310bc8766162f577b3a7d7b3ac01964cd05897762	3628f0404c85cabc1d1681837cbe8a5ab929a9d06bacf46ca7bcbfb3147896fc	MATHEMATICAL_STAGE_REPORT	strict	105	COPIED_TRACKED	Tracked historical strict-layer archive document; source path retained in manifest.
research/strict/campaigns/105/105_R6_General_Moving_Profile_Sphere_Master_Lift.md	strict	https://github.com/dongxuelian2/strict-layer-proof-research.git	main	ff3c28197be0c0f55ad5628a5d76182120e454c1	archive-by-series/90-105/105_R6_General_Moving_Profile_Sphere_Master_Lift.md	TRUE	9ba31b9101befbc72f6ecc0d1c1a5539e807b7bd	48231ab221283b2de47c704fc8731a0a9b6e995c7b705d465ca0d41f0abae8f8	69bbca50c6fec4cad66394546559677bd6b95971b2a919d9be27c46cd9d62249	MATHEMATICAL_STAGE_REPORT	strict	105	COPIED_TRACKED	Tracked historical strict-layer archive document; source path retained in manifest.
research/strict/campaigns/105/105_R7_Exceptional_Square_Locus_Source_Intersection.md	strict	https://github.com/dongxuelian2/strict-layer-proof-research.git	main	ff3c28197be0c0f55ad5628a5d76182120e454c1	archive-by-series/90-105/105_R7_Exceptional_Square_Locus_Source_Intersection.md	TRUE	b81eca4c55dd0c1651fc9ae23872b8a1c6012fb5	9923a3525be18d575b91df365a31478f597d97bb9ffa69b46e1efc771bce008c	ec2b52b0c8aa01c07b7241f4fd32768dc45175a47de9b63a220d5ea598ff583a	MATHEMATICAL_STAGE_REPORT	strict	105	COPIED_TRACKED	Tracked historical strict-layer archive document; source path retained in manifest.
research/strict/campaigns/105/105_R7B_Oriented_Root_Divisibility.md	strict	https://github.com/dongxuelian2/strict-layer-proof-research.git	main	ff3c28197be0c0f55ad5628a5d76182120e454c1	archive-by-series/90-105/105_R7B_Oriented_Root_Divisibility.md	TRUE	d3fe39772f29f2c5f0727590216f205c7a13d02a	f02b10d1a27af545551789f7e6c9c8205e1b4c471bfd8fc1f94269a20e590609	f8bfe6f6d68c085c07ce2ea478b363910cb7a403b16e653da3ef5cd8e6f4428c	MATHEMATICAL_STAGE_REPORT	strict	105	COPIED_TRACKED	Tracked historical strict-layer archive document; source path retained in manifest.
research/strict/campaigns/105/105_R7C_Prescribed_Source_Divisor_Gate.md	strict	https://github.com/dongxuelian2/strict-layer-proof-research.git	main	ff3c28197be0c0f55ad5628a5d76182120e454c1	archive-by-series/90-105/105_R7C_Prescribed_Source_Divisor_Gate.md	TRUE	f162b4c7ce4585f719d13cf3aec18599de4101a9	3245c6345f1914ce8917629e9e9373eeaa703ae16ed93adc2439ff9f67de5a0b	b92633440469c3cc252dbe237f2891eea2f7c5a945a638b3d3357ce5519e9f7e	MATHEMATICAL_STAGE_REPORT	strict	105	COPIED_TRACKED	Tracked historical strict-layer archive document; source path retained in manifest.
research/strict/campaigns/105/105_R7D_Determinant_Packet_Source_GCD_Firewall.md	strict	https://github.com/dongxuelian2/strict-layer-proof-research.git	main	ff3c28197be0c0f55ad5628a5d76182120e454c1	archive-by-series/90-105/105_R7D_Determinant_Packet_Source_GCD_Firewall.md	TRUE	a630de541a1b26f90c5bf69039a6301c39983689	53b3af9a2aebba809c2b2d426b06fd766d9c17f95e803351c7c31e4d64184d04	69c32a5c06e202431aba3a0f7694211c86b9fdd7d0422a09ef488eb31d229033	MATHEMATICAL_STAGE_REPORT	strict	105	COPIED_TRACKED	Tracked historical strict-layer archive document; source path retained in manifest.
research/strict/campaigns/105/105_R8_Common_U_Integer_Source_Fibre.md	strict	https://github.com/dongxuelian2/strict-layer-proof-research.git	main	ff3c28197be0c0f55ad5628a5d76182120e454c1	archive-by-series/90-105/105_R8_Common_U_Integer_Source_Fibre.md	TRUE	5a075fa0b3ab1b9e82267eec119a62bf21d2ddb1	ac7c0e7156a2cfd61dfd20fa7d86507add7d50cfe5313adeb5aef0e1dc5b9044	972fa7b8a5ad54224405b1f19e750f3beb1f4b96d5b36e6e4ac283e7a927c6a3	MATHEMATICAL_STAGE_REPORT	strict	105	COPIED_TRACKED	Tracked historical strict-layer archive document; source path retained in manifest.
research/strict/campaigns/105/105_R9_Endpoint_Quotient_Source_Successor.md	strict	https://github.com/dongxuelian2/strict-layer-proof-research.git	main	ff3c28197be0c0f55ad5628a5d76182120e454c1	archive-by-series/90-105/105_R9_Endpoint_Quotient_Source_Successor.md	TRUE	bf3953f8fb6faa45b549ba4a1e2659b5495f6cbd	e2c7125eff82b69e6a294a98a97bd72c94cec31727491c25779cd869d991f542	4560c3db521082d83a5e0d2f19a5d64f9728d4bc552ceb0210218108876d1fd7	MATHEMATICAL_STAGE_REPORT	strict	105	COPIED_TRACKED	Tracked historical strict-layer archive document; source path retained in manifest.
research/strict/campaigns/105/105-R26-stage-archive.md	strict	https://github.com/dongxuelian2/strict-layer-proof-research.git	main	ff3c28197be0c0f55ad5628a5d76182120e454c1	archive-by-series/90-105/105-R26-stage-archive.md	TRUE	8622296f6c5b8b26e84221807d4e4d52d2b082a4	70f0ae887e8572fe22cbd7448a241f467e0a982fe9233777c77afbbdb8fe2573	41f4e2aad7720862a98349d61d22c482b7f5045b6c54bfea56651d4032d97680	MATHEMATICAL_STAGE_REPORT	strict	105	COPIED_TRACKED	Tracked historical strict-layer archive document; source path retained in manifest.
research/strict/campaigns/105/105-R27-stage-archive.md	strict	https://github.com/dongxuelian2/strict-layer-proof-research.git	main	ff3c28197be0c0f55ad5628a5d76182120e454c1	archive-by-series/90-105/105-R27-stage-archive.md	TRUE	91712791bda7bbfa72327e8c3edbd0d248f36238	cbd6dc4146ddf3c222539edf4805e45f0642b419a7b24438672c81a38d76069a	5a18cba2cbae8346300f54d845107699c4cd3f31cca7b527c11de77597bd74b2	MATHEMATICAL_STAGE_REPORT	strict	105	COPIED_TRACKED	Tracked historical strict-layer archive document; source path retained in manifest.
research/strict/campaigns/105/105-R28-stage-archive.md	strict	https://github.com/dongxuelian2/strict-layer-proof-research.git	main	ff3c28197be0c0f55ad5628a5d76182120e454c1	archive-by-series/90-105/105-R28-stage-archive.md	TRUE	1cdb078711f3afe78b362bd7ac63a733fc500632	c2bc15468d713663e69efceb4bfc0eb4997f3b08307ea62e564d573cfab0ef36	ee1bf90f78f4317eefc3e3c341c3f15828e7e69724e2b5fa393765ab106f14a1	MATHEMATICAL_STAGE_REPORT	strict	105	COPIED_TRACKED	Tracked historical strict-layer archive document; source path retained in manifest.
research/strict/campaigns/105/105-R28-TC1-derivation.md	strict	https://github.com/dongxuelian2/strict-layer-proof-research.git	main	ff3c28197be0c0f55ad5628a5d76182120e454c1	archive-by-series/90-105/105-R28-TC1-derivation.md	TRUE	b1dd83e9980c48c0d95f5008c21b551e42e3526e	80bc8890cf77b7703ab67532e622b952f233cc2ddd8f74ee1221f301c62533f3	4dbeba031fdba7c9ead02c72a53e6300b306b5ca610aa8f9adc1931f43363f3a	MATHEMATICAL_STAGE_REPORT	strict	105	COPIED_TRACKED	Tracked historical strict-layer archive document; source path retained in manifest.
research/strict/campaigns/105/105-R28-TC1-normal-form.md	strict	https://github.com/dongxuelian2/strict-layer-proof-research.git	main	ff3c28197be0c0f55ad5628a5d76182120e454c1	archive-by-series/90-105/105-R28-TC1-normal-form.md	TRUE	64f258ae2a852485531b69935d7c10ed19aa4cc1	26d91b0d99c8b322996c09bef8e851edec4e3dac0a4fd0739fbe0f6e31c780a4	1909f445f52237a13066ff74439f46b53b84ff5b6b60742c0e87e46bc3a36aca	MATHEMATICAL_STAGE_REPORT	strict	105	COPIED_TRACKED	Tracked historical strict-layer archive document; source path retained in manifest.
research/strict/campaigns/105/105-R29-mu-core-derivation.md	strict	https://github.com/dongxuelian2/strict-layer-proof-research.git	main	ff3c28197be0c0f55ad5628a5d76182120e454c1	archive-by-series/90-105/105-R29-mu-core-derivation.md	TRUE	a1e3f83c5e054a8861f1616c2c4933ceeca3456b	65ca130d2ce6172b3653a121825f4543ee370ed37954affdb8ea995e5375b894	51e666bb36d9cff3276ca9c6a9485d77a3bc486b12564b3f3907b30d82007e52	MATHEMATICAL_STAGE_REPORT	strict	105	COPIED_TRACKED	Tracked historical strict-layer archive document; source path retained in manifest.
research/strict/campaigns/105/105-R29-POST-RADIAL-SUPPORT-SATURATION-CERTIFICATE.md	strict	https://github.com/dongxuelian2/strict-layer-proof-research.git	main	ff3c28197be0c0f55ad5628a5d76182120e454c1	archive-by-series/90-105/105-R29-POST-RADIAL-SUPPORT-SATURATION-CERTIFICATE.md	TRUE	586d852442e47ad9de5ca560b18b5a2c76a9d643	f936400c70532882960114483e352af8be310738fd14738f093a00e0e42471d0	e374454c24e167a922d75c06f92e93dc1041e4d56f0f7679f80abb0fe602c8d0	MATHEMATICAL_STAGE_REPORT	strict	105	COPIED_TRACKED	Tracked historical strict-layer archive document; source path retained in manifest.
research/strict/campaigns/105/105-R29-smith-collision-proof.md	strict	https://github.com/dongxuelian2/strict-layer-proof-research.git	main	ff3c28197be0c0f55ad5628a5d76182120e454c1	archive-by-series/90-105/105-R29-smith-collision-proof.md	TRUE	6c72e12e893f8ca316d6215077c2d099bd4ea302	89b6a0232625ad0aa98668704f82e7f4b1832428e09669bfd806b6f2642b6f88	ba63d3bcf0668cf96b4b9be991a617ad9090e0e65f6d5d7f8d02fa85f096bec1	MATHEMATICAL_STAGE_REPORT	strict	105	COPIED_TRACKED	Tracked historical strict-layer archive document; source path retained in manifest.
research/strict/campaigns/105/105-R29-stage-archive.md	strict	https://github.com/dongxuelian2/strict-layer-proof-research.git	main	ff3c28197be0c0f55ad5628a5d76182120e454c1	archive-by-series/90-105/105-R29-stage-archive.md	TRUE	bb1b55b3a7f8559f84079bb9f7d0c3fdb46547bb	44bb00d48ea2e9eff1a0a8bb07830c670fa2a44323b6bf9b9e0d12fda0b43459	f21b69272157b02a810830e49c10e5a4649daf565ad24f1ff3a946275f21ec3d	MATHEMATICAL_STAGE_REPORT	strict	105	COPIED_TRACKED	Tracked historical strict-layer archive document; source path retained in manifest.
research/strict/campaigns/105/105-R30-q-elimination-derivation.md	strict	https://github.com/dongxuelian2/strict-layer-proof-research.git	main	ff3c28197be0c0f55ad5628a5d76182120e454c1	archive-by-series/90-105/105-R30-q-elimination-derivation.md	TRUE	ed6403896af3b699348fe412f8fff79d25b4b049	7917f788ac6526a9404a8572cb349a5e7203a6a916086b99438bd38095f5697b	ca536b3764ef49d593019ad7c24b3874f6b2f3b10d0f42af8218b3a966722f6e	MATHEMATICAL_STAGE_REPORT	strict	105	COPIED_TRACKED	Tracked historical strict-layer archive document; source path retained in manifest.
research/strict/campaigns/105/105-R30-Q-SUCCESSOR-SATURATION-CERTIFICATE.md	strict	https://github.com/dongxuelian2/strict-layer-proof-research.git	main	ff3c28197be0c0f55ad5628a5d76182120e454c1	archive-by-series/90-105/105-R30-Q-SUCCESSOR-SATURATION-CERTIFICATE.md	TRUE	779272fcfcdaa7aff94bb0e2c00a87e29fae59be	162c1dfadeaeccb2fedaad6f014a09f558c3bd5a7016e3a184c95e70beeb7a80	4137beba338eba099012337ac2e2473e2d865bb706c3a05a336783c0ea7d3dcd	MATHEMATICAL_STAGE_REPORT	strict	105	COPIED_TRACKED	Tracked historical strict-layer archive document; source path retained in manifest.
research/strict/campaigns/105/105-R30-stage-archive.md	strict	https://github.com/dongxuelian2/strict-layer-proof-research.git	main	ff3c28197be0c0f55ad5628a5d76182120e454c1	archive-by-series/90-105/105-R30-stage-archive.md	TRUE	31439998d0c2f747e043ab03ad7dee495a350357	c3c1b7590a4e754fff4250703f9a17c8175d1ffc7983343cb12b299ae937d50c	ce9c0be6cf52201ef99605ea4a67b414fc14327554b51a0c58d5000f84b25ade	MATHEMATICAL_STAGE_REPORT	strict	105	COPIED_TRACKED	Tracked historical strict-layer archive document; source path retained in manifest.
research/strict/campaigns/105/105-R30-successor-collision-proof.md	strict	https://github.com/dongxuelian2/strict-layer-proof-research.git	main	ff3c28197be0c0f55ad5628a5d76182120e454c1	archive-by-series/90-105/105-R30-successor-collision-proof.md	TRUE	d06678f02664483c8910bf9122ef761512d87ea1	8c3d375f5b5e83b4c7496d8f4735fa64909f883816eaab90f161d0407db17471	e86d6b1e0639f2c88ed877ea783f917d5e4c2499b71382ae7a9941861245060c	MATHEMATICAL_STAGE_REPORT	strict	105	COPIED_TRACKED	Tracked historical strict-layer archive document; source path retained in manifest.
research/strict/campaigns/105/105-R30-TC3-TC4-exact-definitions.md	strict	https://github.com/dongxuelian2/strict-layer-proof-research.git	main	ff3c28197be0c0f55ad5628a5d76182120e454c1	archive-by-series/90-105/105-R30-TC3-TC4-exact-definitions.md	TRUE	0349d99016f616b135f1ec3c0104c37757668fe5	19462c100c488d9fe9e59279a3ebe3b5b3ef44361196fc01ac221e6fd854d960	4fb3b68afbd9a95b7ff8067f5a93c78d1416f82b7c4b606912fb344163fc18f3	MATHEMATICAL_STAGE_REPORT	strict	105	COPIED_TRACKED	Tracked historical strict-layer archive document; source path retained in manifest.
research/strict/campaigns/105/105-R31-minimal-q-descent.md	strict	https://github.com/dongxuelian2/strict-layer-proof-research.git	main	ff3c28197be0c0f55ad5628a5d76182120e454c1	archive-by-series/90-105/105-R31-minimal-q-descent.md	TRUE	d26e75cb22e1d06e4225e6e36c249996d62c9cf6	b1be95182a74df8849bfa7f9e97ec91c86a7e6ddccfc410e1f5609632e668a8a	8a9e688fe8c85ecbceb3d3079a8be1ee5cb01ffe4aea87295f257269cbf91322	MATHEMATICAL_STAGE_REPORT	strict	105	COPIED_TRACKED	Tracked historical strict-layer archive document; source path retained in manifest.
research/strict/campaigns/105/105-R31-N30-positive-analysis.md	strict	https://github.com/dongxuelian2/strict-layer-proof-research.git	main	ff3c28197be0c0f55ad5628a5d76182120e454c1	archive-by-series/90-105/105-R31-N30-positive-analysis.md	TRUE	e761ac45e9ba2b7806b564511e0aa5c97b705601	de0b23625a06b11ccea760ce5e2d9f0b2a8373093c17d3a398101280619c55df	ac3ade9284a0c18b80cbbf5c1dfd8bc4ea33c65a561612b23a929b525762d85b	MATHEMATICAL_STAGE_REPORT	strict	105	COPIED_TRACKED	Tracked historical strict-layer archive document; source path retained in manifest.
research/strict/campaigns/105/105-R31-N30-POSITIVE-SATURATION-CERTIFICATE.md	strict	https://github.com/dongxuelian2/strict-layer-proof-research.git	main	ff3c28197be0c0f55ad5628a5d76182120e454c1	archive-by-series/90-105/105-R31-N30-POSITIVE-SATURATION-CERTIFICATE.md	TRUE	fffe11ef5fe957135d4c7f258f8cdf22c5aa90bd	8b3f090f67a46092a6baa578409113396f51c8d3a6a14f5c6e64536f4bf77ff2	6e180a2ee6837eeef6058b07c3db75f0e9769c4e84daf543f1b40ceeb6f22f5b	MATHEMATICAL_STAGE_REPORT	strict	105	COPIED_TRACKED	Tracked historical strict-layer archive document; source path retained in manifest.
research/strict/campaigns/105/105-R31-q1-forced-scale-derivation.md	strict	https://github.com/dongxuelian2/strict-layer-proof-research.git	main	ff3c28197be0c0f55ad5628a5d76182120e454c1	archive-by-series/90-105/105-R31-q1-forced-scale-derivation.md	TRUE	c26f2683df0db91f90e8c05a6ec18a02b43b46bc	13debb7095d27cfe06a8e7f369452cca9884d174ca4ef43955d4ae59f27a7e2c	5dce481eb346bd2e67f4f46129248d1bfb9dc9f450c81f23ae4b033b7a7483ad	MATHEMATICAL_STAGE_REPORT	strict	105	COPIED_TRACKED	Tracked historical strict-layer archive document; source path retained in manifest.
research/strict/campaigns/105/105-R31-reconstruction-audit.md	strict	https://github.com/dongxuelian2/strict-layer-proof-research.git	main	ff3c28197be0c0f55ad5628a5d76182120e454c1	archive-by-series/90-105/105-R31-reconstruction-audit.md	TRUE	31cf85899254c08ac22840028b0c2d4531f157ab	f745529eec0a304f24493515d3d6604da558b24c838cf35749eab94f0af0f97a	48c1cda935c07fe02afbe761ec49448c8f44dd5421e60eb05ebeac11105df8e1	MATHEMATICAL_STAGE_REPORT	strict	105	COPIED_TRACKED	Tracked historical strict-layer archive document; source path retained in manifest.
research/strict/campaigns/105/105-R31-stage-archive.md	strict	https://github.com/dongxuelian2/strict-layer-proof-research.git	main	ff3c28197be0c0f55ad5628a5d76182120e454c1	archive-by-series/90-105/105-R31-stage-archive.md	TRUE	19aa646a998440654001177b4fb083c5fd1ebb69	19d86cec04a5dd4d7e9bb4738500c6b4765546f7155a9af8c97f992f853b8a98	4bcbe12605a46e69051b0bff435aa88637411bbb63ac9d644f7671254884804d	MATHEMATICAL_STAGE_REPORT	strict	105	COPIED_TRACKED	Tracked historical strict-layer archive document; source path retained in manifest.
research/strict/campaigns/105/105-R32-digit-room-collision-derivation.md	strict	https://github.com/dongxuelian2/strict-layer-proof-research.git	main	ff3c28197be0c0f55ad5628a5d76182120e454c1	archive-by-series/90-105/105-R32-digit-room-collision-derivation.md	TRUE	05eef2d6389ab29364e980ecd65de7080e9a64ec	bea979210adb2bb34ac4dfa8124f6de67df77be9a88322cee2a242f2cdb700ee	f4754f5db78687282a806cb31ac9861f5df9907719bf949961d3adb9edf6bcae	MATHEMATICAL_STAGE_REPORT	strict	105	COPIED_TRACKED	Tracked historical strict-layer archive document; source path retained in manifest.
research/strict/campaigns/105/105-R32-prime-branch-derivation.md	strict	https://github.com/dongxuelian2/strict-layer-proof-research.git	main	ff3c28197be0c0f55ad5628a5d76182120e454c1	archive-by-series/90-105/105-R32-prime-branch-derivation.md	TRUE	02861bc714d8f728f7c01a125721760ef387feb8	c2f3068bb36b5e14c4a4a6c768fdb3dd9b89639dcf293ca86e84e563550d8205	cc6204f27f497616aff6d75f1cd94a2084961410c95de9fb2ee77910c996ae1f	MATHEMATICAL_STAGE_REPORT	strict	105	COPIED_TRACKED	Tracked historical strict-layer archive document; source path retained in manifest.
research/strict/campaigns/105/105-R32-q1-extinction-proof.md	strict	https://github.com/dongxuelian2/strict-layer-proof-research.git	main	ff3c28197be0c0f55ad5628a5d76182120e454c1	archive-by-series/90-105/105-R32-q1-extinction-proof.md	TRUE	27727f817998cc491f38d918d8cf6f279d554352	d817c2eaffb6b252f4f4912411776bafcf05c9f7d474bfd4bbd2f83e86cae985	2df5eee2cca7ab5b001305d132f80b89359c5a311aeb77e24bfd737aff2a7779	MATHEMATICAL_STAGE_REPORT	strict	105	COPIED_TRACKED	Tracked historical strict-layer archive document; source path retained in manifest.
research/strict/campaigns/105/105-R32-stage-archive.md	strict	https://github.com/dongxuelian2/strict-layer-proof-research.git	main	ff3c28197be0c0f55ad5628a5d76182120e454c1	archive-by-series/90-105/105-R32-stage-archive.md	TRUE	a2b534872ba1559e934e455eb188c7d616c4392d	ea73f8fed06cbca0a5e16173f997c61ed65d381736040e5a61805b26add2fec3	28f7faaa8b382e4dc60537f7cf6300f2b6757c38679a03c9060dbe13da80f39c	MATHEMATICAL_STAGE_REPORT	strict	105	COPIED_TRACKED	Tracked historical strict-layer archive document; source path retained in manifest.
research/strict/campaigns/105/105-R32-unit-chamber-exact-system.md	strict	https://github.com/dongxuelian2/strict-layer-proof-research.git	main	ff3c28197be0c0f55ad5628a5d76182120e454c1	archive-by-series/90-105/105-R32-unit-chamber-exact-system.md	TRUE	0215a09333b6499ebd996fe00c1e7e48d1b26445	6ba73d73ecc50a3cb8e2e4014370769cb6566f13868bd573b135149408551d04	afb0ce10a906fbd3109f9dd31bc0db3fc185553a69af36c2f3397e54654da617	MATHEMATICAL_STAGE_REPORT	strict	105	COPIED_TRACKED	Tracked historical strict-layer archive document; source path retained in manifest.
research/strict/campaigns/105/105-R32-UNIT-CHAMBER-SATURATION-CERTIFICATE.md	strict	https://github.com/dongxuelian2/strict-layer-proof-research.git	main	ff3c28197be0c0f55ad5628a5d76182120e454c1	archive-by-series/90-105/105-R32-UNIT-CHAMBER-SATURATION-CERTIFICATE.md	TRUE	3773d7b02d352a037d643266fb10283630bbe837	1d480e1469cdbd1d9b5cf7792fee731954be5eb648ba86ff17785a75f5ee4ab0	e86f45c58d095c70db10f9c94665911c130a9019f9c656956df17b8d4648580b	MATHEMATICAL_STAGE_REPORT	strict	105	COPIED_TRACKED	Tracked historical strict-layer archive document; source path retained in manifest.
research/strict/campaigns/105/105-R33-master-source-room-exact-system.md	strict	https://github.com/dongxuelian2/strict-layer-proof-research.git	main	ff3c28197be0c0f55ad5628a5d76182120e454c1	archive-by-series/90-105/105-R33-master-source-room-exact-system.md	TRUE	9689d9ec4931ccbd9d65ac0331c122966fdba9b7	fc96c88f7c4596fb3ad04cae8e64e19d8d891090a9fcf657b87513d077a7f1e9	13cf7727be859ccd99a35fa0c278a1ac3ba2407914b04f3f1edaa18252043af7	MATHEMATICAL_STAGE_REPORT	strict	105	COPIED_TRACKED	Tracked historical strict-layer archive document; source path retained in manifest.
research/strict/campaigns/105/105-R33-MASTER-SOURCE-SATURATION-CERTIFICATE.md	strict	https://github.com/dongxuelian2/strict-layer-proof-research.git	main	ff3c28197be0c0f55ad5628a5d76182120e454c1	archive-by-series/90-105/105-R33-MASTER-SOURCE-SATURATION-CERTIFICATE.md	TRUE	ffa092c5983dd8885209a79fb806023fd5008f84	b6b3375bbf636b9addcd2156732dba1425fe5dc88e17c5ac2f1ba64ca7ec7deb	2f19b4334e3655eb40a9c12c37ef0ae14e13299762cd060b3040a0ae30309d55	MATHEMATICAL_STAGE_REPORT	strict	105	COPIED_TRACKED	Tracked historical strict-layer archive document; source path retained in manifest.
research/strict/campaigns/105/105-R33-prime-branch-continuation.md	strict	https://github.com/dongxuelian2/strict-layer-proof-research.git	main	ff3c28197be0c0f55ad5628a5d76182120e454c1	archive-by-series/90-105/105-R33-prime-branch-continuation.md	TRUE	971d05aee3f7a054f82b1fb2a0198a611273d6c5	c1c86fbe0276f9a377d2943d8323356e6885ace95fde31218f53b9588f7a3be0	f96dd7e98deaa7cde61f1fef7d928dd567ee11e193d04a0cdcb95055af7cf5da	MATHEMATICAL_STAGE_REPORT	strict	105	COPIED_TRACKED	Tracked historical strict-layer archive document; source path retained in manifest.
research/strict/campaigns/105/105-R33-quotient-remainder-analysis.md	strict	https://github.com/dongxuelian2/strict-layer-proof-research.git	main	ff3c28197be0c0f55ad5628a5d76182120e454c1	archive-by-series/90-105/105-R33-quotient-remainder-analysis.md	TRUE	fff024f45bd7d77400b953d21acfaee62b11b0a0	ea7380c676f065c97fc532499f2fafec7fed5f3158063ffa43f014f6c4b984c0	b3baac14f0aea9596da478128416133f37d4470d27f90e00bc8b60d370017c63	MATHEMATICAL_STAGE_REPORT	strict	105	COPIED_TRACKED	Tracked historical strict-layer archive document; source path retained in manifest.
research/strict/campaigns/105/105-R33-stage-archive.md	strict	https://github.com/dongxuelian2/strict-layer-proof-research.git	main	ff3c28197be0c0f55ad5628a5d76182120e454c1	archive-by-series/90-105/105-R33-stage-archive.md	TRUE	a3995b657c11cf37dd6b07998c4f12b773a85b37	5bc4ca08273f4f937b74201ad2a751fc2775d92416d97dc74fd7c470d88032e3	743a8003e7225268ed9a21678b7fc3e2690bf842a377748104af5ecdcf9849b6	MATHEMATICAL_STAGE_REPORT	strict	105	COPIED_TRACKED	Tracked historical strict-layer archive document; source path retained in manifest.
research/strict/campaigns/105/105-R34-all-q-extension.md	strict	https://github.com/dongxuelian2/strict-layer-proof-research.git	main	ff3c28197be0c0f55ad5628a5d76182120e454c1	archive-by-series/90-105/105-R34-all-q-extension.md	TRUE	d13dafab701386212d54647a26be5f9596d839a8	9c98a4e44919b994220c0e399d7ae983ab8275be1b366f89190d5e2da01887b2	180737061c1b353cf8702bb65cce5a5e9044923486515239f365ce0310514494	MATHEMATICAL_STAGE_REPORT	strict	105	COPIED_TRACKED	Tracked historical strict-layer archive document; source path retained in manifest.
research/strict/campaigns/105/105-R34-decimal-residue-collision-proof.md	strict	https://github.com/dongxuelian2/strict-layer-proof-research.git	main	ff3c28197be0c0f55ad5628a5d76182120e454c1	archive-by-series/90-105/105-R34-decimal-residue-collision-proof.md	TRUE	a9249c88e14c9fc6ea69c838b99d8767f8b5c6e2	e69bd4d1c9ed2c9734c3d356a560a8509048a635259f358924c703b7579e342c	a5030147d6d6ad12c76c8fc544c9c3a40830c64a478f5900ccc7be6a679f2797	MATHEMATICAL_STAGE_REPORT	strict	105	COPIED_TRACKED	Tracked historical strict-layer archive document; source path retained in manifest.
research/strict/campaigns/105/105-R34-source-word-exact-system.md	strict	https://github.com/dongxuelian2/strict-layer-proof-research.git	main	ff3c28197be0c0f55ad5628a5d76182120e454c1	archive-by-series/90-105/105-R34-source-word-exact-system.md	TRUE	b55073099f16109d25da465e75fdd782b86a22cd	68171bc66c5b2cfe4b260571869bd752d5260d689e7a2a934f234643722cba61	16a9a30a8a06b7fa9c3d436992c98ba6c4b5f7509a5ac6e3902ae0336a2d70f4	MATHEMATICAL_STAGE_REPORT	strict	105	COPIED_TRACKED	Tracked historical strict-layer archive document; source path retained in manifest.
research/strict/campaigns/105/105-R34-SOURCE-WORD-SATURATION-CERTIFICATE.md	strict	https://github.com/dongxuelian2/strict-layer-proof-research.git	main	ff3c28197be0c0f55ad5628a5d76182120e454c1	archive-by-series/90-105/105-R34-SOURCE-WORD-SATURATION-CERTIFICATE.md	TRUE	a35fc80df99617b0d68784fbedbfcd8a2297b797	0facbb4dc98d6a8bf2fb315bc2067b64ca9dc3c274a293d519b829c43e7b457c	c1e50f0934bdeeb344b4e3ef1d714952ed3f8854c60cded808af49ab3e90d427	MATHEMATICAL_STAGE_REPORT	strict	105	COPIED_TRACKED	Tracked historical strict-layer archive document; source path retained in manifest.
research/strict/campaigns/105/105-R34-stage-archive.md	strict	https://github.com/dongxuelian2/strict-layer-proof-research.git	main	ff3c28197be0c0f55ad5628a5d76182120e454c1	archive-by-series/90-105/105-R34-stage-archive.md	TRUE	92268dde355d65721d6c2d695bd9293c063c227d	0cc2846220a63abfe6f8510030c30c4bd7ce580f2746d1924f43bd1cc7ebcd73	230cff80979ca06d0bd9c79ec37bdaadaaabe2d2a046b523bf2d12cf6585fbf1	MATHEMATICAL_STAGE_REPORT	strict	105	COPIED_TRACKED	Tracked historical strict-layer archive document; source path retained in manifest.
research/strict/campaigns/105/105-R34-U-elimination-derivation.md	strict	https://github.com/dongxuelian2/strict-layer-proof-research.git	main	ff3c28197be0c0f55ad5628a5d76182120e454c1	archive-by-series/90-105/105-R34-U-elimination-derivation.md	TRUE	e960eeb3db9a8989ba29843327a7815c00f6c6ae	27fcfcdb78bdceea1ed43c568076868aa1598eb0298a9c3c3e3e9e9879ef598d	7296bf9406a81521442b84cd8d0b3fb2b094b9f41726bc4c33ec64082fea445d	MATHEMATICAL_STAGE_REPORT	strict	105	COPIED_TRACKED	Tracked historical strict-layer archive document; source path retained in manifest.
research/strict/campaigns/105/105-R35-stage-archive.md	strict	https://github.com/dongxuelian2/strict-layer-proof-research.git	main	ff3c28197be0c0f55ad5628a5d76182120e454c1	archive-by-series/90-105/105-R35-stage-archive.md	TRUE	e2a042f1bcf676acb614851eb746fc3ee319ff6f	f52e80696d6282104e6fbffb35104bf6038c8d5304554b1edcae8eea3415bb37	fce11832f2949f19ec1b4c918a9faf58f2ad410442022c2e904fb5af600e71de	MATHEMATICAL_STAGE_REPORT	strict	105	COPIED_TRACKED	Tracked historical strict-layer archive document; source path retained in manifest.
research/strict/campaigns/105/105-R35-TERMINAL-PREDICATE-SATURATION-CERTIFICATE.md	strict	https://github.com/dongxuelian2/strict-layer-proof-research.git	main	ff3c28197be0c0f55ad5628a5d76182120e454c1	archive-by-series/90-105/105-R35-TERMINAL-PREDICATE-SATURATION-CERTIFICATE.md	TRUE	6efa8334e1b6038532bf680c2ddea28ef6d04050	3c595afe9685f6577f88cac0c373ba05ae116782e7726c006337f6017f915fbd	18525ba917a75b50bcbf9245903e0f3785e22cee65a756e96e9b05a43e705e32	MATHEMATICAL_STAGE_REPORT	strict	105	COPIED_TRACKED	Tracked historical strict-layer archive document; source path retained in manifest.
research/strict/campaigns/105/105-R36-nonunit-source-master-synchronization.md	strict	https://github.com/dongxuelian2/strict-layer-proof-research.git	main	ff3c28197be0c0f55ad5628a5d76182120e454c1	archive-by-series/90-105/105-R36-nonunit-source-master-synchronization.md	TRUE	c1aefefdbc64e133db6064a84ec02c3be444abe1	ba9f611e338fdbff092ff7dfbfbbce0817e77195b4a4d58815856abf071548d7	0447dfb80e9a4603751649d9f819acf972908b8f9ce81e86a2f89494f48215e3	MATHEMATICAL_STAGE_REPORT	strict	105	COPIED_TRACKED	Tracked historical strict-layer archive document; source path retained in manifest.
research/strict/campaigns/105/105-R36-simultaneous-nonempty-exact-system.md	strict	https://github.com/dongxuelian2/strict-layer-proof-research.git	main	ff3c28197be0c0f55ad5628a5d76182120e454c1	archive-by-series/90-105/105-R36-simultaneous-nonempty-exact-system.md	TRUE	6b3fc5c1eb06b63f5aaa679e315f875a89cc6033	f9f764637a7c97b3006eb7e118f163cc812017b09d14898f3f11cf2b1e5d644d	bc4ec57124c43dfa072b571794eb5ed146f6a92dc10a82eea33207cc131fe057	MATHEMATICAL_STAGE_REPORT	strict	105	COPIED_TRACKED	Tracked historical strict-layer archive document; source path retained in manifest.
research/strict/campaigns/105/105-R36-SIMULTANEOUS-NONEMPTY-SATURATION-CERTIFICATE.md	strict	https://github.com/dongxuelian2/strict-layer-proof-research.git	main	ff3c28197be0c0f55ad5628a5d76182120e454c1	archive-by-series/90-105/105-R36-SIMULTANEOUS-NONEMPTY-SATURATION-CERTIFICATE.md	TRUE	8b6c7923f39ca927ca017902409b782313bb1f2e	5c6d246794dda38877067f461185b37c6f5938f36c5557a5e869b463d4c55481	74cd6d5cafe9a84f9fc30b9a005c76fffae3f01c624c8bd44cb94011cdc60b7f	MATHEMATICAL_STAGE_REPORT	strict	105	COPIED_TRACKED	Tracked historical strict-layer archive document; source path retained in manifest.
research/strict/campaigns/105/105-R36-stage-archive.md	strict	https://github.com/dongxuelian2/strict-layer-proof-research.git	main	ff3c28197be0c0f55ad5628a5d76182120e454c1	archive-by-series/90-105/105-R36-stage-archive.md	TRUE	7881194bca448da5995d2e63cad26315f62b0c98	df929de3ee07cf95b5921e2570c2216e7539f527588c4281cb472b7c1fb2a68b	a81860c3dfef3a85dc38ba41cf0a45e11afa4cabbc25ed4b822395fb2b6102f4	MATHEMATICAL_STAGE_REPORT	strict	105	COPIED_TRACKED	Tracked historical strict-layer archive document; source path retained in manifest.
research/strict/campaigns/105/105-R36-unit-canonical-successor-derivation.md	strict	https://github.com/dongxuelian2/strict-layer-proof-research.git	main	ff3c28197be0c0f55ad5628a5d76182120e454c1	archive-by-series/90-105/105-R36-unit-canonical-successor-derivation.md	TRUE	40c6ed20c6b0811c5ddd1e68acd92a9b68348318	7cd9ae0c3dcd8ad4655997228c232ba7c1b0f0af62db49e36d78d4c30cd4b2bf	c1ef8b7947e3a6edca62e6b890c9403e873ccbc6a9623b23d85776f0e9d5ab30	MATHEMATICAL_STAGE_REPORT	strict	105	COPIED_TRACKED	Tracked historical strict-layer archive document; source path retained in manifest.
research/strict/campaigns/105/105-R37-corrected-source-first-search.md	strict	https://github.com/dongxuelian2/strict-layer-proof-research.git	main	ff3c28197be0c0f55ad5628a5d76182120e454c1	archive-by-series/90-105/105-R37-corrected-source-first-search.md	TRUE	eaa3db6bca0a21a62a20451f8a939b3921669f93	7f1244ee8d0fda232a32724aaea56f8ae7cc1371e59663346c2fd6ce661ba434	7703979fa8bff7d0d44545db08e0157d40ff2b8e45cbece5160ed3076330387e	MATHEMATICAL_STAGE_REPORT	strict	105	COPIED_TRACKED	Tracked historical strict-layer archive document; source path retained in manifest.
research/strict/campaigns/105/105-R37-gcd-normalized-master-sphere-system.md	strict	https://github.com/dongxuelian2/strict-layer-proof-research.git	main	ff3c28197be0c0f55ad5628a5d76182120e454c1	archive-by-series/90-105/105-R37-gcd-normalized-master-sphere-system.md	TRUE	2a4278d72adfb17ed846ab482bbf3517b66d2587	29caed1ba3634114bbaefa379baa424ae48ad1bacd57a0923b3b869bfb9d2168	cadf3cad7b020fcf07a3424549f30c56b38639908ae52083f9e47349502c2ed9	MATHEMATICAL_STAGE_REPORT	strict	105	COPIED_TRACKED	Tracked historical strict-layer archive document; source path retained in manifest.
research/strict/campaigns/105/105-R37-GCD-NORMALIZED-SATURATION-CERTIFICATE.md	strict	https://github.com/dongxuelian2/strict-layer-proof-research.git	main	ff3c28197be0c0f55ad5628a5d76182120e454c1	archive-by-series/90-105/105-R37-GCD-NORMALIZED-SATURATION-CERTIFICATE.md	TRUE	6442f10b4f78701d10697d95946a34487bdf450a	35ec99860b98c51d5af09e35b2f68594586af71ae7ce13feca1c25656a5850fb	4b375a03a3818bbbf4b286c3078394b9749688a47951df6dfc3d53c8b751624a	MATHEMATICAL_STAGE_REPORT	strict	105	COPIED_TRACKED	Tracked historical strict-layer archive document; source path retained in manifest.
research/strict/campaigns/105/105-R37-stage-archive.md	strict	https://github.com/dongxuelian2/strict-layer-proof-research.git	main	ff3c28197be0c0f55ad5628a5d76182120e454c1	archive-by-series/90-105/105-R37-stage-archive.md	TRUE	7a9533dd5f71f547ed6bae86b02b07457cfdc599	9f133d67d589754f8d411444a7e6e15437cffabbcda0412925ce2163ba47b741	a94b710a01a91f9db715b5293749cd4eea4ed93661e5d6b9b96ca1889ee18ed0	MATHEMATICAL_STAGE_REPORT	strict	105	COPIED_TRACKED	Tracked historical strict-layer archive document; source path retained in manifest.
research/strict/campaigns/105/105-R38-factor-allocation-derivation.md	strict	https://github.com/dongxuelian2/strict-layer-proof-research.git	main	ff3c28197be0c0f55ad5628a5d76182120e454c1	archive-by-series/90-105/105-R38-factor-allocation-derivation.md	TRUE	7d0d1bd9134bc90528006b120f31bc23fd09b1fd	49a026a3fd2bdb9a0db4dfb89a77fc2e8702ff7b08b6e0ce3ddc941241cd7bfa	338d5666944654aa89a81e7d2deaeb7ce7cfd3ab54bd08b375ccf7eae0105d30	MATHEMATICAL_STAGE_REPORT	strict	105	COPIED_TRACKED	Tracked historical strict-layer archive document; source path retained in manifest.
research/strict/campaigns/105/105-R38-FIRST-GENUINE-SELECTOR-CONSISTENT-ROOT.md	strict	https://github.com/dongxuelian2/strict-layer-proof-research.git	main	ff3c28197be0c0f55ad5628a5d76182120e454c1	archive-by-series/90-105/105-R38-FIRST-GENUINE-SELECTOR-CONSISTENT-ROOT.md	TRUE	0633ce1ddf766e945b27d1c12c7d48296836a471	cd77941b665f9b3f0f52e9ee3c5c11d62db3371154a1ceb241b84937a0158f9b	26d3505aaad53a46445850681c3625ef044a77b82eae5e279c1b18792ecc886a	MATHEMATICAL_STAGE_REPORT	strict	105	COPIED_TRACKED	Tracked historical strict-layer archive document; source path retained in manifest.
research/strict/campaigns/105/105-R38-NRDG-SATURATION-CERTIFICATE.md	strict	https://github.com/dongxuelian2/strict-layer-proof-research.git	main	ff3c28197be0c0f55ad5628a5d76182120e454c1	archive-by-series/90-105/105-R38-NRDG-SATURATION-CERTIFICATE.md	TRUE	322a3f6d3fa684ed1866513ab55149358bbe443b	87838aa0ba406cb06cda7c0aaee576aa8aadbd7d6a5694cd7f25a2ce6e39448e	04a2c38bd7827df740a0ad585ad78b7ff6f461907793ba29ad2e4b73fcf3a578	MATHEMATICAL_STAGE_REPORT	strict	105	COPIED_TRACKED	Tracked historical strict-layer archive document; source path retained in manifest.
research/strict/campaigns/105/105-R38-stage-archive.md	strict	https://github.com/dongxuelian2/strict-layer-proof-research.git	main	ff3c28197be0c0f55ad5628a5d76182120e454c1	archive-by-series/90-105/105-R38-stage-archive.md	TRUE	b088b88ce7481dce378b71e5829222ab1a3865bf	73c6b76e822ff14c39d3aeb23e89b739689608a29fc8e4a11770daf263fc6240	7a50e5c99ef1ba54099bb88cd8a08cc532a21dcf53142891202f258971226ca0	MATHEMATICAL_STAGE_REPORT	strict	105	COPIED_TRACKED	Tracked historical strict-layer archive document; source path retained in manifest.
research/strict/campaigns/105/105-R39-exponent-synchronization-derivation.md	strict	https://github.com/dongxuelian2/strict-layer-proof-research.git	main	ff3c28197be0c0f55ad5628a5d76182120e454c1	archive-by-series/90-105/105-R39-exponent-synchronization-derivation.md	TRUE	0229cfede702bc8d6e5f600d39cc7e457d4ac8f6	de47edeabf9434c6576ac77e2f9dd6ce388e8b34a53e255ac0376169523cc376	2486000e9d831a2e790529e0e19c418aba048d50c0e28c11679d1824147b5e35	MATHEMATICAL_STAGE_REPORT	strict	105	COPIED_TRACKED	Tracked historical strict-layer archive document; source path retained in manifest.
research/strict/campaigns/105/105-R39-FIRST-EXPONENT-SYNCHRONIZED-ROOT.md	strict	https://github.com/dongxuelian2/strict-layer-proof-research.git	main	ff3c28197be0c0f55ad5628a5d76182120e454c1	archive-by-series/90-105/105-R39-FIRST-EXPONENT-SYNCHRONIZED-ROOT.md	TRUE	d6e0b092ef3fb51a77f50b39cf93e3df0ce7be51	5907feae4c85f50d3ef6daa6d5b86224b1611afe96f8359226d46cc5a11521a0	2ffb62a15b58c65b2629d3a1eb3c97014e00c5cb07eb8786d32a28a9e572fbf7	MATHEMATICAL_STAGE_REPORT	strict	105	COPIED_TRACKED	Tracked historical strict-layer archive document; source path retained in manifest.
research/strict/campaigns/105/105-R39-production-native-root-system.md	strict	https://github.com/dongxuelian2/strict-layer-proof-research.git	main	ff3c28197be0c0f55ad5628a5d76182120e454c1	archive-by-series/90-105/105-R39-production-native-root-system.md	TRUE	3ad5d15ce18326418cf8ecd01bd0c2b820e0619e	8b296edb6044f531eee85e94bee50b6a0d9a458468acdd68a86957e88d634af7	b1414272ef19922a3b74d1238a43636c733f77d751f2f947fd48cd76504e8bb3	MATHEMATICAL_STAGE_REPORT	strict	105	COPIED_TRACKED	Tracked historical strict-layer archive document; source path retained in manifest.
research/strict/campaigns/105/105-R39-SOURCE-EXPONENT-IMAGE-SATURATION-CERTIFICATE.md	strict	https://github.com/dongxuelian2/strict-layer-proof-research.git	main	ff3c28197be0c0f55ad5628a5d76182120e454c1	archive-by-series/90-105/105-R39-SOURCE-EXPONENT-IMAGE-SATURATION-CERTIFICATE.md	TRUE	891384ebc7af759b67c64ecc2b7207db6bf19922	9b2ec3ff1f15078770ca29d61fe287e30e406faa055316a7a79d2b52d03a25a2	ecdb4daa7dbe0a1415e5ffa7049a0310d3e77a7ca7df4e33dec4a8d7aa2a9496	MATHEMATICAL_STAGE_REPORT	strict	105	COPIED_TRACKED	Tracked historical strict-layer archive document; source path retained in manifest.
research/strict/campaigns/105/105-R39-stage-archive.md	strict	https://github.com/dongxuelian2/strict-layer-proof-research.git	main	ff3c28197be0c0f55ad5628a5d76182120e454c1	archive-by-series/90-105/105-R39-stage-archive.md	TRUE	c8db7eb9706d2b667f78570dee9eb712adae9d54	e55ac2d7b0d13c05bf40ef6a7bc8bb150365ae1aa325ca1a346223d43187a590	aafd00c841c66b976dea0798a724a332ef873e25fb5806aa80619077a546158e	MATHEMATICAL_STAGE_REPORT	strict	105	COPIED_TRACKED	Tracked historical strict-layer archive document; source path retained in manifest.
research/strict/campaigns/105/105-R40-FINAL-FAILURE-REPORT.md	strict	https://github.com/dongxuelian2/strict-layer-proof-research.git	main	ff3c28197be0c0f55ad5628a5d76182120e454c1	archive-by-series/90-105/105-R40-FINAL-FAILURE-REPORT.md	TRUE	4834c8256e6e46d69092e2d555680339296829a0	b5250565074b2f4953d1d215921db99432d326d5ced70e9f09569c29b74b522d	c8bde8b716238da7d1e5b6232ab16de8bac0f753dd7b66d35fc4331c22913348	MATHEMATICAL_STAGE_REPORT	strict	105	COPIED_TRACKED	Tracked historical strict-layer archive document; source path retained in manifest.
research/strict/campaigns/105/local/105_V3_CONTINUATION_REPORT.md	strict	https://github.com/dongxuelian2/strict-layer-proof-research.git	main	ff3c28197be0c0f55ad5628a5d76182120e454c1	105_V3_CONTINUATION_REPORT.md	FALSE		dd47e67611b67bb35a916f4764c7044b0715635ecc83c02fa693e280f711a44b	dd47e67611b67bb35a916f4764c7044b0715635ecc83c02fa693e280f711a44b	MATHEMATICAL_STAGE_REPORT	strict	105	COPIED_LOCAL_UNTRACKED	Untracked strict local mathematical stage/status document; selected after content review.
research/strict/campaigns/105/local/105_V3_OPEN_STATE_REPORT.md	strict	https://github.com/dongxuelian2/strict-layer-proof-research.git	main	ff3c28197be0c0f55ad5628a5d76182120e454c1	105_V3_OPEN_STATE_REPORT.md	FALSE		4280028f8f9a08979f7b3001de62448950aec448121aac550201a48c7458cd56	4280028f8f9a08979f7b3001de62448950aec448121aac550201a48c7458cd56	MATHEMATICAL_STAGE_REPORT	strict	105	COPIED_LOCAL_UNTRACKED	Untracked strict local mathematical stage/status document; selected after content review.
research/strict/campaigns/105/local/105_V3_STAGE_02_R40_QUOTIENT_AND_SUPPORT_AUDIT.md	strict	https://github.com/dongxuelian2/strict-layer-proof-research.git	main	ff3c28197be0c0f55ad5628a5d76182120e454c1	105_V3_STAGE_02_R40_QUOTIENT_AND_SUPPORT_AUDIT.md	FALSE		28e882261e56d335fda23e2edd67c9c7bd1468c832515087707ea219c7f6d71d	28e882261e56d335fda23e2edd67c9c7bd1468c832515087707ea219c7f6d71d	MATHEMATICAL_STAGE_REPORT	strict	105	COPIED_LOCAL_UNTRACKED	Untracked strict local mathematical stage/status document; selected after content review.
research/strict/campaigns/105/local/105_V3_STAGE_03_SOURCE_ROOM_SUCCESSOR_AUDIT.md	strict	https://github.com/dongxuelian2/strict-layer-proof-research.git	main	ff3c28197be0c0f55ad5628a5d76182120e454c1	105_V3_STAGE_03_SOURCE_ROOM_SUCCESSOR_AUDIT.md	FALSE		af6366333b68b5cd98ad22a02e95358914fd2a895732b2bebd398b7b4b6dcf07	af6366333b68b5cd98ad22a02e95358914fd2a895732b2bebd398b7b4b6dcf07	MATHEMATICAL_STAGE_REPORT	strict	105	COPIED_LOCAL_UNTRACKED	Untracked strict local mathematical stage/status document; selected after content review.
research/strict/campaigns/105/local/105_V3_STAGE_04_BOUNDED_SEARCH_AUDIT.md	strict	https://github.com/dongxuelian2/strict-layer-proof-research.git	main	ff3c28197be0c0f55ad5628a5d76182120e454c1	105_V3_STAGE_04_BOUNDED_SEARCH_AUDIT.md	FALSE		7884362800f691d0bca12c133e784990625f3e40e513288fabb7e7194b29e82d	7884362800f691d0bca12c133e784990625f3e40e513288fabb7e7194b29e82d	MATHEMATICAL_STAGE_REPORT	strict	105	COPIED_LOCAL_UNTRACKED	Untracked strict local mathematical stage/status document; selected after content review.
research/strict/campaigns/105/local/STATE_RECONSTRUCTION_REPORT.md	strict	https://github.com/dongxuelian2/strict-layer-proof-research.git	main	ff3c28197be0c0f55ad5628a5d76182120e454c1	STATE_RECONSTRUCTION_REPORT.md	FALSE		d8d7c962b048065f1549710769cc67a34be6e1a65d3199f8b917ad0ec63533dd	d8d7c962b048065f1549710769cc67a34be6e1a65d3199f8b917ad0ec63533dd	MATHEMATICAL_STATUS_INDEX	strict	105	COPIED_LOCAL_UNTRACKED	Untracked strict local mathematical stage/status document; selected after content review.
research/strict/campaigns/75/00_65_terminal_recompression.md	strict	https://github.com/dongxuelian2/strict-layer-proof-research.git	main	ff3c28197be0c0f55ad5628a5d76182120e454c1	archive-by-series/65-bridge-and-provenance/00_65_terminal_recompression.md	TRUE	babcce0770894e5f24dfbfbc988f35aa40fa925b	c82c372a1a4a03f73b8954439b8fb48413cc9356555a795e38b5a6a04fbe3be1	7bf3391780abd867c8cd40844c11c24d8bc6b88e9cd292420c28c6c331dc8042	MATHEMATICAL_STAGE_REPORT	strict	75	COPIED_TRACKED	Tracked historical strict-layer archive document; source path retained in manifest.
research/strict/campaigns/75/01_standard_language_dictionary.md	strict	https://github.com/dongxuelian2/strict-layer-proof-research.git	main	ff3c28197be0c0f55ad5628a5d76182120e454c1	archive-by-series/65-bridge-and-provenance/01_standard_language_dictionary.md	TRUE	bb679f58e1b75f1245b1ded3af30b55e1007be40	76e188506e5e81933e56c8641e436d45b4c13a77b784aaafdce265e91b7bcffc	be7393e279048fdac855bd378d713ad93a1336e49eec6c15d44ddb312e8b2bdd	MATHEMATICAL_STAGE_REPORT	strict	75	COPIED_TRACKED	Tracked historical strict-layer archive document; source path retained in manifest.
research/strict/campaigns/75/03_USSPAL_intrinsic_lower_barrier.md	strict	https://github.com/dongxuelian2/strict-layer-proof-research.git	main	ff3c28197be0c0f55ad5628a5d76182120e454c1	archive-by-series/65-bridge-and-provenance/03_USSPAL_intrinsic_lower_barrier.md	TRUE	5d0a84300cd14d1bb30a1a09cf105dffe418f320	34e2eaf956608fa3d1640eea9701e70c0adee269933f84475e6737249366059d	c3918d2b27ce9b3aa8b45fd9be7cd426e74bda4428d9132f08174ea5313137bc	MATHEMATICAL_STAGE_REPORT	strict	75	COPIED_TRACKED	Tracked historical strict-layer archive document; source path retained in manifest.
research/strict/campaigns/75/06_power_ten_rearchitecture_audit.md	strict	https://github.com/dongxuelian2/strict-layer-proof-research.git	main	ff3c28197be0c0f55ad5628a5d76182120e454c1	archive-by-series/65-bridge-and-provenance/06_power_ten_rearchitecture_audit.md	TRUE	893d962e544d8cf8dcf38cb8b0e0c27985e4f5fe	bea0d989c8d9c85571169856dc86f4cb1a5a685da251a3e3db9ff87ce243cf28	01aab72ce5c490c720b614311e82a0ebaa74ad0f41b4934f2a06d5ffe4698f6b	MATHEMATICAL_STAGE_REPORT	strict	75	COPIED_TRACKED	Tracked historical strict-layer archive document; source path retained in manifest.
research/strict/campaigns/75/06_primitive_sector_congruence.md	strict	https://github.com/dongxuelian2/strict-layer-proof-research.git	main	ff3c28197be0c0f55ad5628a5d76182120e454c1	archive-by-series/65-bridge-and-provenance/06_primitive_sector_congruence.md	TRUE	41411336ea3366fe28b24e392fff8539771b5830	60f7838e4500a2c79db1361e590cdab8721e2d23dd70408a92860263f635a285	53a11d3c0541a6c1c32563db7400e4f687268e0423e7083baf8e4d6429f3b7a3	MATHEMATICAL_STAGE_REPORT	strict	75	COPIED_TRACKED	Tracked historical strict-layer archive document; source path retained in manifest.
research/strict/campaigns/75/07_archimedean_digit_region.md	strict	https://github.com/dongxuelian2/strict-layer-proof-research.git	main	ff3c28197be0c0f55ad5628a5d76182120e454c1	archive-by-series/65-bridge-and-provenance/07_archimedean_digit_region.md	TRUE	5b3d66b3582daca795c95753745c00581e55577a	ef7ac8e7207bd825c3e6bca02ed90604b244a7f88cdaf25cfdcd3022559bf4da	246b438b1be75ee5c94e4729eb36331135536f3eb3bf01e14e079c017ede34a4	MATHEMATICAL_STAGE_REPORT	strict	75	COPIED_TRACKED	Tracked historical strict-layer archive document; source path retained in manifest.
research/strict/campaigns/75/07_reverse_semantics_audit.md	strict	https://github.com/dongxuelian2/strict-layer-proof-research.git	main	ff3c28197be0c0f55ad5628a5d76182120e454c1	archive-by-series/65-bridge-and-provenance/07_reverse_semantics_audit.md	TRUE	5d042730bb1643373d8e88f98ca8ffbc62bd4e15	eea259b12bead8240fb95829edc372125668419de4ebe81156b9a1c1ec0c57bd	95b829e440f58330ac6684083453704d75b8c853c99e98274360f6d47392d48c	MATHEMATICAL_STAGE_REPORT	strict	75	COPIED_TRACKED	Tracked historical strict-layer archive document; source path retained in manifest.
research/strict/campaigns/75/08_quantitative_theorem_registry.md	strict	https://github.com/dongxuelian2/strict-layer-proof-research.git	main	ff3c28197be0c0f55ad5628a5d76182120e454c1	archive-by-series/65-bridge-and-provenance/08_quantitative_theorem_registry.md	TRUE	46d5eacac32399c93d108160396233ea7110db2d	3067a380f8652d6ff466963f16ec6202aee00b6b3e4d2c8fc485b8d7d5a0c56b	5fb2682634da1a5c7e9ae8ccc4f5e68858fda53455ca02bb371f6cf128d1899d	MATHEMATICAL_STAGE_REPORT	strict	75	COPIED_TRACKED	Tracked historical strict-layer archive document; source path retained in manifest.
research/strict/campaigns/75/08_weapon_ranking.md	strict	https://github.com/dongxuelian2/strict-layer-proof-research.git	main	ff3c28197be0c0f55ad5628a5d76182120e454c1	archive-by-series/65-bridge-and-provenance/08_weapon_ranking.md	TRUE	37f39d8ecab389beb0e1917db07d15871eb208f5	85a9afed8230d7b0cf84e68c5a450f8956c6e61b89b1cc0b2fdaa156091823dc	1f59f5d4760b77d8c230ad9ce9bf09218422f5b7ec277645db6d53058e613616	MATHEMATICAL_STAGE_REPORT	strict	75	COPIED_TRACKED	Tracked historical strict-layer archive document; source path retained in manifest.
research/strict/campaigns/75/09_height_bridge_analysis.md	strict	https://github.com/dongxuelian2/strict-layer-proof-research.git	main	ff3c28197be0c0f55ad5628a5d76182120e454c1	archive-by-series/65-bridge-and-provenance/09_height_bridge_analysis.md	TRUE	009c4656fbbddd1fa2a89a29daab174b9a1f7afb	03fd22ce8d25974e9734052d308575068bbe37e6fd99e641d3b2bbe055aab0eb	a364197e65fa6215dde0f91c2495d9dedd0b2a8a9cc509be103d8d7d8cb931c0	MATHEMATICAL_STAGE_REPORT	strict	75	COPIED_TRACKED	Tracked historical strict-layer archive document; source path retained in manifest.
research/strict/campaigns/75/10_external_arsenal_map.md	strict	https://github.com/dongxuelian2/strict-layer-proof-research.git	main	ff3c28197be0c0f55ad5628a5d76182120e454c1	archive-by-series/65-bridge-and-provenance/10_external_arsenal_map.md	TRUE	75902bc163c5dff73b76cc4b13f37ec8e33a8181	f124df29592ea94c9836054bdf4121fe277766a32aede2f038fba2e3c9ffe781	765d8d325a1a35460ad808368e1d29f65b1666f63b582a4c27c48e8ff5eae35c	MATHEMATICAL_STAGE_REPORT	strict	75	COPIED_TRACKED	Tracked historical strict-layer archive document; source path retained in manifest.
research/strict/campaigns/75/11_main_proof_interface_decision.md	strict	https://github.com/dongxuelian2/strict-layer-proof-research.git	main	ff3c28197be0c0f55ad5628a5d76182120e454c1	archive-by-series/65-bridge-and-provenance/11_main_proof_interface_decision.md	TRUE	2e4e9c4dcfd5f857108f403154e97f0501c734ec	f70d51c90c08fe59819c21e1b2d2960f5401151ca32a7a54944c42968547f40d	866e4534e43a37dc3bdf8133bf6acb607bddefebb975da580fd4594949b3d594	MATHEMATICAL_STAGE_REPORT	strict	75	COPIED_TRACKED	Tracked historical strict-layer archive document; source path retained in manifest.
research/strict/campaigns/75/11_remaining_internal_mathematics.md	strict	https://github.com/dongxuelian2/strict-layer-proof-research.git	main	ff3c28197be0c0f55ad5628a5d76182120e454c1	archive-by-series/65-bridge-and-provenance/11_remaining_internal_mathematics.md	TRUE	5c465848b086422fecb329178423978e867ed182	02a568b3487b3a93a62e0fd7598b3dd920f0264d5e73bb3567f8f56a452a65e6	41c1926fac85d12cad677d1ab282afe1da47cdbf8bf14f6d43871764af1e369d	MATHEMATICAL_STAGE_REPORT	strict	75	COPIED_TRACKED	Tracked historical strict-layer archive document; source path retained in manifest.
research/strict/campaigns/75/12_R1_terminal_verdict.md	strict	https://github.com/dongxuelian2/strict-layer-proof-research.git	main	ff3c28197be0c0f55ad5628a5d76182120e454c1	archive-by-series/65-bridge-and-provenance/12_R1_terminal_verdict.md	TRUE	feeacd19e977fd79c941a0ee0926c0402389cfe5	27dcd96d352a85d58246e49b1e4b7614a1cc0cda31d80134c29e47dad326d34f	4ef362817462effe45356f07352eb1db90a9690280e4393aae70463a9178f615	MATHEMATICAL_STAGE_REPORT	strict	75	COPIED_TRACKED	Tracked historical strict-layer archive document; source path retained in manifest.
research/strict/campaigns/75/12_R2_terminal_verdict.md	strict	https://github.com/dongxuelian2/strict-layer-proof-research.git	main	ff3c28197be0c0f55ad5628a5d76182120e454c1	archive-by-series/65-bridge-and-provenance/12_R2_terminal_verdict.md	TRUE	fad0f7d93ad60a5b970e755057a872202c54fefb	a7641cebe6f32f48364385b016cfb66a9d43c35636173eda156de595079d4473	5906fdafe1555a4d9069014916b3dbbdfc56a91da8d867e0b367301a88a7be2b	MATHEMATICAL_STAGE_REPORT	strict	75	COPIED_TRACKED	Tracked historical strict-layer archive document; source path retained in manifest.
research/strict/campaigns/75/12_R6_terminal_verdict.md	strict	https://github.com/dongxuelian2/strict-layer-proof-research.git	main	ff3c28197be0c0f55ad5628a5d76182120e454c1	archive-by-series/65-bridge-and-provenance/12_R6_terminal_verdict.md	TRUE	3a37bde05887be6b7ada816c8067e80346c4e64c	00fac65c31bdc450c6d10f84435ba39359996dd2d80d5797192cfa17506bb4ff	d455f4a5e0afc835c67f3fb0c358474c973505580427941ff359be63f3fd0b1f	MATHEMATICAL_STAGE_REPORT	strict	75	COPIED_TRACKED	Tracked historical strict-layer archive document; source path retained in manifest.
research/strict/campaigns/75/12_remaining_internal_mathematics.md	strict	https://github.com/dongxuelian2/strict-layer-proof-research.git	main	ff3c28197be0c0f55ad5628a5d76182120e454c1	archive-by-series/65-bridge-and-provenance/12_remaining_internal_mathematics.md	TRUE	cffc02da16fa362fb7ce43f8229bed94c150b834	22b43d4a476ae045daf877c9bc3ded2505eb130b91a103f20b74a91257e860bd	64a4bbafca678513e2c9eb1c56aa061fa9072e8019b362a177451ed89ab73dbf	MATHEMATICAL_STAGE_REPORT	strict	75	COPIED_TRACKED	Tracked historical strict-layer archive document; source path retained in manifest.
research/strict/campaigns/75/12_remaining_new_mathematics.md	strict	https://github.com/dongxuelian2/strict-layer-proof-research.git	main	ff3c28197be0c0f55ad5628a5d76182120e454c1	archive-by-series/65-bridge-and-provenance/12_remaining_new_mathematics.md	TRUE	6d9e14e990cab9f7c4b55ee680ea4f8effdffd34	4bebb59437767beedd8eafc5f132af57c884e99f659a4aefa381d73db0bb07c0	1d913f23c48c03cc41419e5b67e1ead50bb8cde0218e7032e966e3919c44789c	MATHEMATICAL_STAGE_REPORT	strict	75	COPIED_TRACKED	Tracked historical strict-layer archive document; source path retained in manifest.
research/strict/campaigns/75/13_R7_terminal_verdict.md	strict	https://github.com/dongxuelian2/strict-layer-proof-research.git	main	ff3c28197be0c0f55ad5628a5d76182120e454c1	archive-by-series/65-bridge-and-provenance/13_R7_terminal_verdict.md	TRUE	dfeaa4045808d5f746213a5228e5b997133020f8	427d42472b7e467d4a937b6aa496071257c70b287e888c3a6c9f6a6a9cd8a315	120861719a8749d631eba549d88c1111949988233dba5e5d6d994be1456b5d43	MATHEMATICAL_STAGE_REPORT	strict	75	COPIED_TRACKED	Tracked historical strict-layer archive document; source path retained in manifest.
research/strict/campaigns/75/13_R8_terminal_verdict.md	strict	https://github.com/dongxuelian2/strict-layer-proof-research.git	main	ff3c28197be0c0f55ad5628a5d76182120e454c1	archive-by-series/65-bridge-and-provenance/13_R8_terminal_verdict.md	TRUE	de1181e137a865d27e0363055ef372e5ae0dd6bf	683f619c5cf776c785a5c15503241a08f8e6007ad98dd6257268971647ed8ce3	403c7fb8d4ddfb68fc943d7187617f91a43c5cd79e7fef3db181bfd0601b68eb	MATHEMATICAL_STAGE_REPORT	strict	75	COPIED_TRACKED	Tracked historical strict-layer archive document; source path retained in manifest.
research/strict/campaigns/75/14_R3_terminal_verdict.md	strict	https://github.com/dongxuelian2/strict-layer-proof-research.git	main	ff3c28197be0c0f55ad5628a5d76182120e454c1	archive-by-series/65-bridge-and-provenance/14_R3_terminal_verdict.md	TRUE	8afda9f04c7b14ae2401ed3cd5dc1368a9dd8110	69eb7946575e3baad2b19a193d851a61dad6b0465a65b569ffaa63cb1d2acada	a7d7c3b11ae85da98438fb6b337ebe4ba06aa1b011f81d96defa152c0c6403f6	MATHEMATICAL_STAGE_REPORT	strict	75	COPIED_TRACKED	Tracked historical strict-layer archive document; source path retained in manifest.
research/strict/campaigns/75/14_USSPAL_route_viability.md	strict	https://github.com/dongxuelian2/strict-layer-proof-research.git	main	ff3c28197be0c0f55ad5628a5d76182120e454c1	archive-by-series/65-bridge-and-provenance/14_USSPAL_route_viability.md	TRUE	94334c41da853e07b83f3982aeb481b522114cf3	d3d2b07e7077bfa7dc0b0372f063bf012f30f26eb29ac8fbb09faabd79194506	7f16b3b124bb3cec3aa4c2ec16ae965eac4d04f5ee0120a39a1c8dcd4d183e29	MATHEMATICAL_STAGE_REPORT	strict	75	COPIED_TRACKED	Tracked historical strict-layer archive document; source path retained in manifest.
research/strict/campaigns/75/15_R4_terminal_verdict.md	strict	https://github.com/dongxuelian2/strict-layer-proof-research.git	main	ff3c28197be0c0f55ad5628a5d76182120e454c1	archive-by-series/65-bridge-and-provenance/15_R4_terminal_verdict.md	TRUE	e2b665d0f4de90b4b9ec81a55ceb8dd07c07ceef	d37eca340090b71b2c152812b484373c1a0f292727dcdbee77b97cf6077331d4	66739c97703759d6ab79ff184fd7083677e3c23b0a1368d9c7b4f755e72524ee	MATHEMATICAL_STAGE_REPORT	strict	75	COPIED_TRACKED	Tracked historical strict-layer archive document; source path retained in manifest.
research/strict/campaigns/75/15_remaining_new_mathematics.md	strict	https://github.com/dongxuelian2/strict-layer-proof-research.git	main	ff3c28197be0c0f55ad5628a5d76182120e454c1	archive-by-series/65-bridge-and-provenance/15_remaining_new_mathematics.md	TRUE	fbf0b1ea7312c95868069b0a623997bc3d624175	eec810282ab550f4aef1840d3b255605640bfaf7f003745211ecc030b55b62dc	2019783821120d6b63bce1bf87e0a033826b3c132c2485d660ae3c7fc1aa65eb	MATHEMATICAL_STAGE_REPORT	strict	75	COPIED_TRACKED	Tracked historical strict-layer archive document; source path retained in manifest.
research/strict/campaigns/75/16_R5_terminal_verdict.md	strict	https://github.com/dongxuelian2/strict-layer-proof-research.git	main	ff3c28197be0c0f55ad5628a5d76182120e454c1	archive-by-series/65-bridge-and-provenance/16_R5_terminal_verdict.md	TRUE	da9bbe58e5201d7beae380a4bd8d13ae6cc9d313	4f820c784e03fdf834557fa378ceb33bfd7fc9fdfb934902f413b0042ff51d13	376a1cb85131e1b40d4c9594255bb146c85d6bdc19a3030230c73de25b829d9a	MATHEMATICAL_STAGE_REPORT	strict	75	COPIED_TRACKED	Tracked historical strict-layer archive document; source path retained in manifest.
research/strict/campaigns/75/7_15_Audit_Report.md	strict	https://github.com/dongxuelian2/strict-layer-proof-research.git	main	ff3c28197be0c0f55ad5628a5d76182120e454c1	archive-by-series/64-75-and-migration/7_15_Audit_Report.md	TRUE	189b6adb3b4f88bbb42e146773dfb98a7dc3274a	8e105f221cd82824f402da784c34c34688cd30dd61ac94df811f210241f7d8e7	77afeed57dc3892bb7227e5a0521feba34ac9440387b4eecd3551628a2b913ce	MATHEMATICAL_STAGE_REPORT	strict	75	COPIED_TRACKED	Tracked historical strict-layer archive document; source path retained in manifest.
research/strict/campaigns/75/MC-001_Huang_Ternary_Cone_Primitive_Local_Counting(1).md	strict	https://github.com/dongxuelian2/strict-layer-proof-research.git	main	ff3c28197be0c0f55ad5628a5d76182120e454c1	archive-by-series/64-75-and-migration/MC-001_Huang_Ternary_Cone_Primitive_Local_Counting(1).md	TRUE	875338d86869a36c1d3633dd066ad73c347ff325	41ec70273984f0489be828961443c2b6c758488749e6f6a6f6399bf7852e1fd7	c8549c796fb35d9eedd547c3fcd469aea4c5284a8ec38fd38cc7edcd595e35aa	MATHEMATICAL_STAGE_REPORT	strict	75	COPIED_TRACKED	Tracked historical strict-layer archive document; source path retained in manifest.
research/strict/campaigns/75/MC-001_Huang_Ternary_Cone_Primitive_Local_Counting.md	strict	https://github.com/dongxuelian2/strict-layer-proof-research.git	main	ff3c28197be0c0f55ad5628a5d76182120e454c1	archive-by-series/64-75-and-migration/MC-001_Huang_Ternary_Cone_Primitive_Local_Counting.md	TRUE	51e5a94d8f5b4f4a339f878b2a361721e697d49e	ed956cabe70d15ce9158b27af9eadee5cdb45920b65b63f4afb3d50ac41dab6c	9c1ca4b903cecdb7afa0ff9dfd9bbccbe278bd9c52172e2cfdf7e457bffc7cb6	MATHEMATICAL_STAGE_REPORT	strict	75	COPIED_TRACKED	Tracked historical strict-layer archive document; source path retained in manifest.
research/strict/campaigns/75/MC-002_Cassels_Small_Zero.md	strict	https://github.com/dongxuelian2/strict-layer-proof-research.git	main	ff3c28197be0c0f55ad5628a5d76182120e454c1	archive-by-series/64-75-and-migration/MC-002_Cassels_Small_Zero.md	TRUE	422d47515e59834abc9748bd068ec18854d80d3d	707c8e7b3aa682869884ffb243cf7ebbc4607794dcf958052d5d6fd102202d33	7465d781323dc14b1235cddf3a5762b31536c8bb3d42d731ef72013a7e142649	MATHEMATICAL_STAGE_REPORT	strict	75	COPIED_TRACKED	Tracked historical strict-layer archive document; source path retained in manifest.
research/strict/campaigns/85/85_phaseII_R1_moving_square_exactization.md	strict	https://github.com/dongxuelian2/strict-layer-proof-research.git	main	ff3c28197be0c0f55ad5628a5d76182120e454c1	archive-by-series/70-85/85_phaseII_R1_moving_square_exactization.md	TRUE	d21e9ff7f837ff9dce78ec00e3ef5eaa77394ec4	4178efc07b7b0751f779d05488d909d9a24d16848201acdcfa21d3fbc7ee6920	b362ba10ff073c5905400770e3bc7cc83a53f75067e79ae2cac143a639a944a4	MATHEMATICAL_STAGE_REPORT	strict	85	COPIED_TRACKED	Tracked historical strict-layer archive document; source path retained in manifest.
research/strict/campaigns/85/85_phaseII_R1_R10_final_architecture_autopsy.md	strict	https://github.com/dongxuelian2/strict-layer-proof-research.git	main	ff3c28197be0c0f55ad5628a5d76182120e454c1	archive-by-series/70-85/85_phaseII_R1_R10_final_architecture_autopsy.md	TRUE	57f0ab726768ba1cd2dd04563c87847c4ddc5dd0	3c89ff538b9f9e65bc8d5ebba812adbbabb34e1c0bfe1bbe0942e13503fbb909	6c83d6f2470c526b965a3b42447870fe212f9660d26750bfda158cc4a97cdb9d	MATHEMATICAL_STAGE_REPORT	strict	85	COPIED_TRACKED	Tracked historical strict-layer archive document; source path retained in manifest.
research/strict/campaigns/85/85_phaseII_R10_root_lattice_interlacing_checkpoint.md	strict	https://github.com/dongxuelian2/strict-layer-proof-research.git	main	ff3c28197be0c0f55ad5628a5d76182120e454c1	archive-by-series/70-85/85_phaseII_R10_root_lattice_interlacing_checkpoint.md	TRUE	14e4e8f26cd9c4d25832dcda8958744200b65c9d	6a946238e77df2ca967d1a4eefb0c3c42c9037c6ca31a6b56b10fe208a1c28ad	7913f61476e4a078bf916a87e56defc435639be963da1634f6664ef15bbc67e8	MATHEMATICAL_STAGE_REPORT	strict	85	COPIED_TRACKED	Tracked historical strict-layer archive document; source path retained in manifest.
research/strict/campaigns/85/85_phaseII_R2_moving_square_exactization.md	strict	https://github.com/dongxuelian2/strict-layer-proof-research.git	main	ff3c28197be0c0f55ad5628a5d76182120e454c1	archive-by-series/70-85/85_phaseII_R2_moving_square_exactization.md	TRUE	6484e271d0ef88f4d5e7d3aea101ba3e275feefe	c356076a2648815e316d6e84dd18e93ccc8a32035c2908bb16a5753b9156e5d3	d73d5921aa8f00547ef642929ff3fffc05f5c90b70b6a9873564cb220da5757f	MATHEMATICAL_STAGE_REPORT	strict	85	COPIED_TRACKED	Tracked historical strict-layer archive document; source path retained in manifest.
research/strict/campaigns/85/85_phaseII_R2_radial_extinction.md	strict	https://github.com/dongxuelian2/strict-layer-proof-research.git	main	ff3c28197be0c0f55ad5628a5d76182120e454c1	archive-by-series/70-85/85_phaseII_R2_radial_extinction.md	TRUE	991f3eec08d341b9ed6ab6d4b37fa3e561374833	847666cffd5747547fa00e793e8d4619072cbbf7f31b8ccaf36c7b82ac31184c	6a0147d75491933a0b251436f8d466ba1ce90e20750bc8d34f54385170961124	MATHEMATICAL_STAGE_REPORT	strict	85	COPIED_TRACKED	Tracked historical strict-layer archive document; source path retained in manifest.
research/strict/campaigns/85/85_phaseII_R3_primitive_height.md	strict	https://github.com/dongxuelian2/strict-layer-proof-research.git	main	ff3c28197be0c0f55ad5628a5d76182120e454c1	archive-by-series/70-85/85_phaseII_R3_primitive_height.md	TRUE	da4128b558948fc70c545bb98ec63fed01083819	e7403f812a19a80a331a43339d6f6a0b3714860ce751c2c801f3c739fbd2eb71	9429974f50975ca30d672007434dbc0f76e96f32af3571d5bdb6094fdebfe295	MATHEMATICAL_STAGE_REPORT	strict	85	COPIED_TRACKED	Tracked historical strict-layer archive document; source path retained in manifest. Exact canonical-text duplicates omitted: strict:archive-by-series/70-85/85_phaseII_R3_primitive_height(1).md.
research/strict/campaigns/85/85_phaseII_R4_two_prime_height_transfer.md	strict	https://github.com/dongxuelian2/strict-layer-proof-research.git	main	ff3c28197be0c0f55ad5628a5d76182120e454c1	archive-by-series/70-85/85_phaseII_R4_two_prime_height_transfer.md	TRUE	98876cfb2c240785a232634a47bf4abfa058e3f0	99cd71ec73fe86d169a7117c05e4b78c1d623c102b469a0b939748fd7008107a	ada9385b9279a5cf9c6d78c46e9c36c872f9dfa767513cc61f66d19be484f936	MATHEMATICAL_STAGE_REPORT	strict	85	COPIED_TRACKED	Tracked historical strict-layer archive document; source path retained in manifest.
research/strict/campaigns/85/85_phaseII_R5_content_capacity_checkpoint.md	strict	https://github.com/dongxuelian2/strict-layer-proof-research.git	main	ff3c28197be0c0f55ad5628a5d76182120e454c1	archive-by-series/70-85/85_phaseII_R5_content_capacity_checkpoint.md	TRUE	8d51bbbf42b2c9010d813b0dbc1614b09b0d8291	7f82b8eb7b60b2ecf8cf9b9af4336d302ec59ff209d06823e43d29e2684d2f08	44838351a23e092b6a343ee638459d1c138fb3a1c4ecc349d3ff966c06d6e4d7	MATHEMATICAL_STAGE_REPORT	strict	85	COPIED_TRACKED	Tracked historical strict-layer archive document; source path retained in manifest.
research/strict/campaigns/85/85_phaseII_R6_canonical_height_repair_or_kill.md	strict	https://github.com/dongxuelian2/strict-layer-proof-research.git	main	ff3c28197be0c0f55ad5628a5d76182120e454c1	archive-by-series/70-85/85_phaseII_R6_canonical_height_repair_or_kill.md	TRUE	2d1d829716655ea7a719a7aa12c91e74c4cee689	5b2d43178dd6b0968174f335ad28c80b959a020cfe62782181fd6852c9935dc7	ee715188888865805f66a5ac90d9c605a52649e492e310c48b9e52c5dc7ce039	MATHEMATICAL_STAGE_REPORT	strict	85	COPIED_TRACKED	Tracked historical strict-layer archive document; source path retained in manifest.
research/strict/campaigns/85/85_phaseII_R7_source_incidence_reset.md	strict	https://github.com/dongxuelian2/strict-layer-proof-research.git	main	ff3c28197be0c0f55ad5628a5d76182120e454c1	archive-by-series/70-85/85_phaseII_R7_source_incidence_reset.md	TRUE	58db6ea9ea776ee2a420e555cacd7a34dd558c08	89f383d6adf5d2e6a8380cd74994743acb6181b99b9106527264287b59db5b76	b65f058c0d5621e475ca5304233990a7a7c8d8d2726dfe51d150ef0f50d829a4	MATHEMATICAL_STAGE_REPORT	strict	85	COPIED_TRACKED	Tracked historical strict-layer archive document; source path retained in manifest.
research/strict/campaigns/85/85_phaseII_R8_scaled_common_u_extinction.md	strict	https://github.com/dongxuelian2/strict-layer-proof-research.git	main	ff3c28197be0c0f55ad5628a5d76182120e454c1	archive-by-series/70-85/85_phaseII_R8_scaled_common_u_extinction.md	TRUE	76eebd7fbad33cd683d24012706f5754249c2113	99bc30baccf93e076d77239ed42d685c365be17235301f55085ab91a3ea488b3	91d618ef8cb914077749b6fa5d342757adea432f7716222c283288803513d1eb	MATHEMATICAL_STAGE_REPORT	strict	85	COPIED_TRACKED	Tracked historical strict-layer archive document; source path retained in manifest.
research/strict/campaigns/85/85_phaseII_R9_absolute_box_root_incidence.md	strict	https://github.com/dongxuelian2/strict-layer-proof-research.git	main	ff3c28197be0c0f55ad5628a5d76182120e454c1	archive-by-series/70-85/85_phaseII_R9_absolute_box_root_incidence.md	TRUE	3e6e2d9dfa1013ae5c40a9041708da3f9bb26443	1e5b2d40e13af8d19c4eebc4d7746693a170db56471c58e8d338135bdfc1e269	c1313b193be1e8e2cebf2f2f360a9ddc6ba3a9ea2797f4589e045d1024d909e5	MATHEMATICAL_STAGE_REPORT	strict	85	COPIED_TRACKED	Tracked historical strict-layer archive document; source path retained in manifest.
research/strict/campaigns/85/85_R1_J2_Terminal_Recompression_and_Minimal_Survivor.md	strict	https://github.com/dongxuelian2/strict-layer-proof-research.git	main	ff3c28197be0c0f55ad5628a5d76182120e454c1	archive-by-series/70-85/85_R1_J2_Terminal_Recompression_and_Minimal_Survivor.md	TRUE	2b3f9bfc053f16a55a83d8c3290a9226cccf82a4	2be98c45adaf3d39162208774863d3da2ba5123accb401ce0c8f4a27b609e7df	d8acfadc714d7d61b4c8760f3435d16dc53d5095345797fb6e4e521d48178360	MATHEMATICAL_STAGE_REPORT	strict	85	COPIED_TRACKED	Tracked historical strict-layer archive document; source path retained in manifest.
research/strict/campaigns/85/85_R1_R5_First_Five_Round_Closure_Checkpoint.md	strict	https://github.com/dongxuelian2/strict-layer-proof-research.git	main	ff3c28197be0c0f55ad5628a5d76182120e454c1	archive-by-series/70-85/85_R1_R5_First_Five_Round_Closure_Checkpoint.md	TRUE	d73f1d2a0cfeecdde731a8337205df722467df75	27c25f8cc0589df0180172e14100d2feb6e79da94156d6b67a8e2c69e7e55e8b	11f7a9db8e0c7216195b63ae6b3c2509e24e2c78698729be45e3130589baf38e	MATHEMATICAL_STAGE_REPORT	strict	85	COPIED_TRACKED	Tracked historical strict-layer archive document; source path retained in manifest.
research/strict/campaigns/85/85_R10_MovingBase_Globalization_and_Gamma10_Activation_Audit.md	strict	https://github.com/dongxuelian2/strict-layer-proof-research.git	main	ff3c28197be0c0f55ad5628a5d76182120e454c1	archive-by-series/70-85/85_R10_MovingBase_Globalization_and_Gamma10_Activation_Audit.md	TRUE	42c128f7b4f6b365224da318d91b417f41a90b1e	8ba3bf129de024114aea4dfedaa2451ec960ccc5203ad614405557ff74bbc000	d498a909151152ac9c24d22bd298d4937116671876743be8e92993e60647580d	MATHEMATICAL_STAGE_REPORT	strict	85	COPIED_TRACKED	Tracked historical strict-layer archive document; source path retained in manifest.
research/strict/campaigns/85/85_R11_PhaseII_Moving_Square_Theorem_and_Launch_Plan.md	strict	https://github.com/dongxuelian2/strict-layer-proof-research.git	main	ff3c28197be0c0f55ad5628a5d76182120e454c1	archive-by-series/70-85/85_R11_PhaseII_Moving_Square_Theorem_and_Launch_Plan.md	TRUE	4ea6b079ae6682ed77d6ec8e363061be32c4d740	6f3ad749b6970d4081c568cbc6043af3aa5c79dd56f9a1fd81d8d63fdc97f491	b36110bee7d07f2e60af24175d648acc83ced2e0187030129773a7215e00eae8	MATHEMATICAL_STAGE_REPORT	strict	85	COPIED_TRACKED	Tracked historical strict-layer archive document; source path retained in manifest.
research/strict/campaigns/85/85_R11_R1_R10_Full_Architecture_Autopsy_and_PhaseI_Freeze.md	strict	https://github.com/dongxuelian2/strict-layer-proof-research.git	main	ff3c28197be0c0f55ad5628a5d76182120e454c1	archive-by-series/70-85/85_R11_R1_R10_Full_Architecture_Autopsy_and_PhaseI_Freeze.md	TRUE	fb7df3266fec0ffdeee477c9bb860d00552af377	a2ac4759c6c47056561619c59f3be3b58cf2f16f9b25544222fdd96dc147e07b	66bafd1c4bb6e23478ac04ec39045b015099cf68ccba6161bb0a3af02002de75	MATHEMATICAL_STAGE_REPORT	strict	85	COPIED_TRACKED	Tracked historical strict-layer archive document; source path retained in manifest.
research/strict/campaigns/85/85_R2_Euclidean_Quotient_and_Floor_Carry_Explicitization.md	strict	https://github.com/dongxuelian2/strict-layer-proof-research.git	main	ff3c28197be0c0f55ad5628a5d76182120e454c1	archive-by-series/70-85/85_R2_Euclidean_Quotient_and_Floor_Carry_Explicitization.md	TRUE	c07366f2351dd605efae9089fdc03583d43d9524	ba5898336ada6e17b21e6a233099e83cc2a170c93595836f050d69ef86c5b903	8b6bafaa2eeb3ceb3f4b3022d0fd27f811a735ef84af164f23908d202faca0e7	MATHEMATICAL_STAGE_REPORT	strict	85	COPIED_TRACKED	Tracked historical strict-layer archive document; source path retained in manifest.
research/strict/campaigns/85/85_R3_Source_Cut_Residual_Exclusion_and_Regular_J2_Closure.md	strict	https://github.com/dongxuelian2/strict-layer-proof-research.git	main	ff3c28197be0c0f55ad5628a5d76182120e454c1	archive-by-series/70-85/85_R3_Source_Cut_Residual_Exclusion_and_Regular_J2_Closure.md	TRUE	e8f0ee4cd06f5d6bd87ae45c53dea4d78dd9841b	d5c78b9e40231110a62a1bf3b7229c5aef500e98cd15df2986b6facf839cdec2	7dffe06fc337f16f26d57c9033c4f3dc98b499cc4c3052de781b40d534cbba66	MATHEMATICAL_STAGE_REPORT	strict	85	COPIED_TRACKED	Tracked historical strict-layer archive document; source path retained in manifest.
research/strict/campaigns/85/85_R4_Primitive_Odd_Prime_Allocation_and_Source_Divisor_Image.md	strict	https://github.com/dongxuelian2/strict-layer-proof-research.git	main	ff3c28197be0c0f55ad5628a5d76182120e454c1	archive-by-series/70-85/85_R4_Primitive_Odd_Prime_Allocation_and_Source_Divisor_Image.md	TRUE	fa056ca43d64135ca8a44c17ebea560d8bf0a023	9dc0d7403f36b2761938c33e9496d9d4abccbfea484469965eadbad4c656b64a	be9352b89dcfda68f0e8c6e44f3d5357e51977106ff41f25574dc4e393d95a67	MATHEMATICAL_STAGE_REPORT	strict	85	COPIED_TRACKED	Tracked historical strict-layer archive document; source path retained in manifest.
research/strict/campaigns/85/85_R5_PreRoot_Order_Collision_and_Digit_Window.md	strict	https://github.com/dongxuelian2/strict-layer-proof-research.git	main	ff3c28197be0c0f55ad5628a5d76182120e454c1	archive-by-series/70-85/85_R5_PreRoot_Order_Collision_and_Digit_Window.md	TRUE	01b388de3c1c36d831b2bfbe893f150b33a38548	2d1c65985fe6ad6ddc0560fc8a8481fefbfd939158dfac0440077c780607c04c	ce8fc9ba9e4b98026a81b86713c1450afaca3bbfe4bd9dfec4e5344ecbc38950	MATHEMATICAL_STAGE_REPORT	strict	85	COPIED_TRACKED	Tracked historical strict-layer archive document; source path retained in manifest.
research/strict/campaigns/85/85_R6_N0_Split_Family_x_FullWord_Source_Projection_Rearchitecture.md	strict	https://github.com/dongxuelian2/strict-layer-proof-research.git	main	ff3c28197be0c0f55ad5628a5d76182120e454c1	archive-by-series/70-85/85_R6_N0_Split_Family_x_FullWord_Source_Projection_Rearchitecture.md	TRUE	0e1a144bc494527785055bf48e60389f74399cc5	c956b8d455d868d534713af4faecad5baa4f0da30276ff3fcace57269195fe0c	eb052cce1d90a6e45f07fd94b28f175f4b703f758807689302ac5ff2a3e9608b	MATHEMATICAL_STAGE_REPORT	strict	85	COPIED_TRACKED	Tracked historical strict-layer archive document; source path retained in manifest.
research/strict/campaigns/85/85_R6_R10_Second_Five_Round_Architecture_Shock_Checkpoint.md	strict	https://github.com/dongxuelian2/strict-layer-proof-research.git	main	ff3c28197be0c0f55ad5628a5d76182120e454c1	archive-by-series/70-85/85_R6_R10_Second_Five_Round_Architecture_Shock_Checkpoint.md	TRUE	5cfef0dfdc819a0d77f0f294490f3bc96bef8b46	17afbbb2e2978b5c72e07afcc70f727f8dc0b553008f1417a2296546517547cf	aa324348169a83238b80a3d1a7add5ce39c566db387ab7ba3677596b11ec5d8e	MATHEMATICAL_STAGE_REPORT	strict	85	COPIED_TRACKED	Tracked historical strict-layer archive document; source path retained in manifest.
research/strict/campaigns/85/85_R7_J2_Endpoint_Modular_Jump_and_CommonScale_Integer_Extinction.md	strict	https://github.com/dongxuelian2/strict-layer-proof-research.git	main	ff3c28197be0c0f55ad5628a5d76182120e454c1	archive-by-series/70-85/85_R7_J2_Endpoint_Modular_Jump_and_CommonScale_Integer_Extinction.md	TRUE	207c27d0a2664fc278e8280ec04ac58ea0ce9a8e	e8401e4309a02f2b69e42459c3c303343df1a30ec5739712dcca5d585c33360e	e0f85fc13195d10e1efc6330af85726b6de338d64c1e66f0b417ec224cbf0c5e	MATHEMATICAL_STAGE_REPORT	strict	85	COPIED_TRACKED	Tracked historical strict-layer archive document; source path retained in manifest.
research/strict/campaigns/85/85_R8_PLCF_Countermodel_Differential_and_SourceProjection_Termination.md	strict	https://github.com/dongxuelian2/strict-layer-proof-research.git	main	ff3c28197be0c0f55ad5628a5d76182120e454c1	archive-by-series/70-85/85_R8_PLCF_Countermodel_Differential_and_SourceProjection_Termination.md	TRUE	c31df5ccc8b8177d4df605724b6a8dc3512603ff	8824dbdef96ce2c86d73f9857e03e56fb3a7fed33558f79dd65025f63f4d1eab	7c2a8e41d4fb609b8251be45a6c0bff1229b0041aaa8e90975be27f07cfea209	MATHEMATICAL_STAGE_REPORT	strict	85	COPIED_TRACKED	Tracked historical strict-layer archive document; source path retained in manifest.
research/strict/campaigns/85/85_R9_Joint_FullRoot_x_ExactSource_Incidence_Central_Assault.md	strict	https://github.com/dongxuelian2/strict-layer-proof-research.git	main	ff3c28197be0c0f55ad5628a5d76182120e454c1	archive-by-series/70-85/85_R9_Joint_FullRoot_x_ExactSource_Incidence_Central_Assault.md	TRUE	3b7fcf26be29874e77688a786cd6d65b44cf2af6	284aab80fb0c471de6f5d06eee805bfeede36f92123900155feefafa639b7c5b	443f115123128037181f3c4c2781e59ef6dcfa15afc19562fec212ea34d3cdd6	MATHEMATICAL_STAGE_REPORT	strict	85	COPIED_TRACKED	Tracked historical strict-layer archive document; source path retained in manifest.
research/strict/campaigns/85/第三个八五计划_R1_归档.md	strict	https://github.com/dongxuelian2/strict-layer-proof-research.git	main	ff3c28197be0c0f55ad5628a5d76182120e454c1	archive-by-series/65-bridge-and-provenance/第三个八五计划_R1_归档.md	TRUE	fe10626d64c1410ee1fb8bfe0a7cc99447dc3a06	2fc11b0b66b0a2cbb52cdca5069a1fc80e393ab58691da0838f60331482f7cdf	efe1d51582a105f5f685084bd3da8bf963cbb183e7b8926b94d71953ee6795c3	MATHEMATICAL_STAGE_REPORT	strict	85	COPIED_TRACKED	Tracked historical strict-layer archive document; source path retained in manifest.
research/strict/campaigns/95/95_R1_Full_A1_Historical_Recovery_and_NonJ2_Canonical_Frontier.md	strict	https://github.com/dongxuelian2/strict-layer-proof-research.git	main	ff3c28197be0c0f55ad5628a5d76182120e454c1	archive-by-series/80-95/95_R1_Full_A1_Historical_Recovery_and_NonJ2_Canonical_Frontier.md	TRUE	2f1b885f50366dd60d725bde5aec90b74637a67b	436a0a715915ea008992aeac5f9855f987a7625dca98e816775479920158de2d	08639bc76334b3c85de46e9eb6781dcf8f19a5c75cf38b0801016e4156a14bae	MATHEMATICAL_STAGE_REPORT	strict	95	COPIED_TRACKED	Tracked historical strict-layer archive document; source path retained in manifest.
research/strict/campaigns/95/95_R10_Second_Architecture_Shock_Checkpoint_and_New_Invariant_Audit.md	strict	https://github.com/dongxuelian2/strict-layer-proof-research.git	main	ff3c28197be0c0f55ad5628a5d76182120e454c1	archive-by-series/80-95/95_R10_Second_Architecture_Shock_Checkpoint_and_New_Invariant_Audit.md	TRUE	b63927be4671e0b8b74aee6e27abca0fd8bc354d	e0f1fd5120b0d72cbcb3beb56a09506c50392f1441e02c5868a2af6b7213b910	f73be16a7741995197a4898082a3675b5f9ecbd2663dd000e0d18900afdea382	MATHEMATICAL_STAGE_REPORT	strict	95	COPIED_TRACKED	Tracked historical strict-layer archive document; source path retained in manifest.
research/strict/campaigns/95/95_R2_NonJ2_Resonant_Cyclotomic_Endpoint_Collision.md	strict	https://github.com/dongxuelian2/strict-layer-proof-research.git	main	ff3c28197be0c0f55ad5628a5d76182120e454c1	archive-by-series/80-95/95_R2_NonJ2_Resonant_Cyclotomic_Endpoint_Collision.md	TRUE	9282126543c7831410426df5937b5e87f275b44f	21cf11b219ef670e807aece99031a5d9efad8078593ea36d585669db2b4df585	929f899e46fbf935532bbd095d1ff4534654cb3dc4acd5211437bbf8c076f541	MATHEMATICAL_STAGE_REPORT	strict	95	COPIED_TRACKED	Tracked historical strict-layer archive document; source path retained in manifest.
research/strict/campaigns/95/95_R3_Finite_Successor_Endpoint_Incidence_and_Signed_RRGS_Test.md	strict	https://github.com/dongxuelian2/strict-layer-proof-research.git	main	ff3c28197be0c0f55ad5628a5d76182120e454c1	archive-by-series/80-95/95_R3_Finite_Successor_Endpoint_Incidence_and_Signed_RRGS_Test.md	TRUE	6e63a7fda9805988a2b5f9e3139191a43f4faac2	19c8842fd8a22d6ab6bd4a8c139309211cfe6f369b8809ff2d73b5641c7fc014	119486ebef6e2efad738649d898ab250ca99d98cafa37984372e71f1ea18f265	MATHEMATICAL_STAGE_REPORT	strict	95	COPIED_TRACKED	Tracked historical strict-layer archive document; source path retained in manifest.
research/strict/campaigns/95/95_R4_Successor_Conditioned_Primitive_Root_Gate_and_Negative_Ud2_Capacity.md	strict	https://github.com/dongxuelian2/strict-layer-proof-research.git	main	ff3c28197be0c0f55ad5628a5d76182120e454c1	archive-by-series/80-95/95_R4_Successor_Conditioned_Primitive_Root_Gate_and_Negative_Ud2_Capacity.md	TRUE	e15a41736597e9571b99e6bc67e92ae8c6c95d63	8b691eab0f2bb7fe7ef0269a75e597df3b7b0a2f7add995e28cc7f0816c026e3	2a4a89d0eb3b4ebfa6c99169872a556b2901bc1daee7cb7b990f7c0385490688	MATHEMATICAL_STAGE_REPORT	strict	95	COPIED_TRACKED	Tracked historical strict-layer archive document; source path retained in manifest.
research/strict/campaigns/95/95_R5_First_Architecture_Shock_Checkpoint.md	strict	https://github.com/dongxuelian2/strict-layer-proof-research.git	main	ff3c28197be0c0f55ad5628a5d76182120e454c1	archive-by-series/80-95/95_R5_First_Architecture_Shock_Checkpoint.md	TRUE	406437a606f81490df80393ccc3828b19bdfaf8e	39b0344b7328b9edb908c4542e6ca043972e1ceb37f8e8ec3cbc60872a8f1797	3ad184a53dd3bd10a9fcc3fecfffea1261d868bc20c947cd25bfd658b98b5da0	MATHEMATICAL_STAGE_REPORT	strict	95	COPIED_TRACKED	Tracked historical strict-layer archive document; source path retained in manifest.
research/strict/campaigns/95/95_R6_T0_Transition_Finite_Borrow_Affine_Boundary_Margin_Assault.md	strict	https://github.com/dongxuelian2/strict-layer-proof-research.git	main	ff3c28197be0c0f55ad5628a5d76182120e454c1	archive-by-series/80-95/95_R6_T0_Transition_Finite_Borrow_Affine_Boundary_Margin_Assault.md	TRUE	66531880bd55ceb80d0c2a7fbad3de893e1648be	70eac82fbb90b69fea6afa9683be2ba463e0b4409a2a117122636f0bfeec3ea9	dca23a48d75853a807dee45c8af9f5353737c2c3793e281ee1f5028b8bf991d2	MATHEMATICAL_STAGE_REPORT	strict	95	COPIED_TRACKED	Tracked historical strict-layer archive document; source path retained in manifest.
research/strict/campaigns/95/95_R7_Transition_Source_Boundary_Bridge_Repair_or_Kill.md	strict	https://github.com/dongxuelian2/strict-layer-proof-research.git	main	ff3c28197be0c0f55ad5628a5d76182120e454c1	archive-by-series/80-95/95_R7_Transition_Source_Boundary_Bridge_Repair_or_Kill.md	TRUE	bc43bda33478ac293631d2e322859451e888aac5	33a405888bd106fe60332eeeb97d3e8401c7fb12a6de2afa6f1d6cd16597c2ad	d873a167e345340890aaf133833ef3b1535e20e5b366818e39a19c43fee62bc8	MATHEMATICAL_STAGE_REPORT	strict	95	COPIED_TRACKED	Tracked historical strict-layer archive document; source path retained in manifest.
research/strict/campaigns/95/95_R8_g0_Smith_Reduced_Common_U_Three_Layer_Assault.md	strict	https://github.com/dongxuelian2/strict-layer-proof-research.git	main	ff3c28197be0c0f55ad5628a5d76182120e454c1	archive-by-series/80-95/95_R8_g0_Smith_Reduced_Common_U_Three_Layer_Assault.md	TRUE	df597a6c433b5574cfe46ec73867a171e583a129	804721de6117e887533a93dd28a528cd2d412769b67a62f9518b8d9854d24d78	8e8aa0ad70a3a1616429936a6b0860b4ae27310d249f7a1f7fd947931082b86c	MATHEMATICAL_STAGE_REPORT	strict	95	COPIED_TRACKED	Tracked historical strict-layer archive document; source path retained in manifest.
research/strict/campaigns/95/95_R9_Outer_Plus_No_Borrow_Projective_Smallness_Assault.md	strict	https://github.com/dongxuelian2/strict-layer-proof-research.git	main	ff3c28197be0c0f55ad5628a5d76182120e454c1	archive-by-series/80-95/95_R9_Outer_Plus_No_Borrow_Projective_Smallness_Assault.md	TRUE	1ff1d8b115358f93119b79f53ef954e83cfce436	933de61e17938c9ad72df5597460117acc3440eb3e3134e56fb57b979d65220a	78d4505ee20040800a8d68e1eecaeb1b69ca0c9278f67d9b3fec5c9d2132af69	MATHEMATICAL_STAGE_REPORT	strict	95	COPIED_TRACKED	Tracked historical strict-layer archive document; source path retained in manifest.
research/strict/campaigns/Fourth-85/Fourth_85_R1_Fixed_Object_Extraction.md	strict	https://github.com/dongxuelian2/strict-layer-proof-research.git	main	ff3c28197be0c0f55ad5628a5d76182120e454c1	archive-by-series/72-Fourth-85/Fourth_85_R1_Fixed_Object_Extraction.md	TRUE	849b6a015af6b0fe68782fea9c82fdcb620f744f	2d05ace24da86d907f613afae5a15eb64e9ec61a963e42a5ba7c577e656b0587	160b88697d2a73be5d774050745a0561bdc3bb352af63ec2e13ba61b2ed12419	MATHEMATICAL_STAGE_REPORT	strict	Fourth-85	COPIED_TRACKED	Tracked historical strict-layer archive document; source path retained in manifest.
research/strict/campaigns/Fourth-85/Fourth_85_R1_Lemmas.md	strict	https://github.com/dongxuelian2/strict-layer-proof-research.git	main	ff3c28197be0c0f55ad5628a5d76182120e454c1	archive-by-series/72-Fourth-85/Fourth_85_R1_Lemmas.md	TRUE	389698edd9ae5e36b59644d594d399491f64431a	f380a89fd564fdd16aa379cb319c22130f844cc70460bd5610ad875311033773	df8a7d7f19b8a72f934fdcd84ba6fa5b733e8e291761689c595949967794d4d0	MATHEMATICAL_STAGE_REPORT	strict	Fourth-85	COPIED_TRACKED	Tracked historical strict-layer archive document; source path retained in manifest.
research/strict/campaigns/Fourth-85/Fourth_85_R1_R5_First_Checkpoint.md	strict	https://github.com/dongxuelian2/strict-layer-proof-research.git	main	ff3c28197be0c0f55ad5628a5d76182120e454c1	archive-by-series/72-Fourth-85/Fourth_85_R1_R5_First_Checkpoint.md	TRUE	39b1739025843a3068762c6f1fcbef5e68f440ba	f82141ff99e7049d28f2b9351f3628e05e94d8fde2361b8c25573917acdbb8c2	5975adfc78ab581b3f33dbad05ef742ca2c762ee8f6fdeadc5ef7226ce35867c	MATHEMATICAL_STAGE_REPORT	strict	Fourth-85	COPIED_TRACKED	Tracked historical strict-layer archive document; source path retained in manifest.
research/strict/campaigns/Fourth-85/Fourth_85_R2_Decimal_Core_Factor_Gap.md	strict	https://github.com/dongxuelian2/strict-layer-proof-research.git	main	ff3c28197be0c0f55ad5628a5d76182120e454c1	archive-by-series/72-Fourth-85/Fourth_85_R2_Decimal_Core_Factor_Gap.md	TRUE	088492fc7e55d022fedf35e6557c626b85a6431c	93f2a45c787cafdedab006549085614f1661a98f67c54126fb1e1d45719a2227	fd11377305f8f027773d62604088a0c116604678573d279543d5fb3b7ff40c1b	MATHEMATICAL_STAGE_REPORT	strict	Fourth-85	COPIED_TRACKED	Tracked historical strict-layer archive document; source path retained in manifest.
research/strict/campaigns/Fourth-85/Fourth_85_R2_Factor_Gap_Lemmas.md	strict	https://github.com/dongxuelian2/strict-layer-proof-research.git	main	ff3c28197be0c0f55ad5628a5d76182120e454c1	archive-by-series/72-Fourth-85/Fourth_85_R2_Factor_Gap_Lemmas.md	TRUE	33273d5c5c1bd951922ba99fbb8cdbca70baafc0	a24fd0e2ee28bc086ab38c3afffcafc7c5ca6aa0db2ab29337fd0fd682a59294	2ad19ee74866b54a6cec6095601880676fd56a8087cf90efbda0fd0c6ceb74d3	MATHEMATICAL_STAGE_REPORT	strict	Fourth-85	COPIED_TRACKED	Tracked historical strict-layer archive document; source path retained in manifest.
research/strict/campaigns/Fourth-85/Fourth_85_R3_Support_Collision_Norm_Orbit.md	strict	https://github.com/dongxuelian2/strict-layer-proof-research.git	main	ff3c28197be0c0f55ad5628a5d76182120e454c1	archive-by-series/72-Fourth-85/Fourth_85_R3_Support_Collision_Norm_Orbit.md	TRUE	7e634caaaf6d67761c1b43da0883718da15d8d42	e50ef10e505372e67c3baa0bd4d06c75b01a0458ac07f757a9eac32d3dd0303d	483e82a47fa3893f51d08fbdb80c57434d8c14b7db5bec98d3988ca536b2ff4a	MATHEMATICAL_STAGE_REPORT	strict	Fourth-85	COPIED_TRACKED	Tracked historical strict-layer archive document; source path retained in manifest.
research/strict/campaigns/Fourth-85/Fourth_85_R4_Function_Field_Norm_Certificate.md	strict	https://github.com/dongxuelian2/strict-layer-proof-research.git	main	ff3c28197be0c0f55ad5628a5d76182120e454c1	archive-by-series/72-Fourth-85/Fourth_85_R4_Function_Field_Norm_Certificate.md	TRUE	0feabf3979dd9ceebdc353a90f504b7bfe38b453	0349f4bf88605101ddcaf690539708fed44ce705794174fc726fda448c13f3b3	89cf01e8bd9cc8fb7133b9f9eac70c394b02d7dfd3790b1c9e11cf1f50eff6bb	MATHEMATICAL_STAGE_REPORT	strict	Fourth-85	COPIED_TRACKED	Tracked historical strict-layer archive document; source path retained in manifest.
research/strict/campaigns/Fourth-85/Fourth_85_R4_Global_Total_Space.md	strict	https://github.com/dongxuelian2/strict-layer-proof-research.git	main	ff3c28197be0c0f55ad5628a5d76182120e454c1	archive-by-series/72-Fourth-85/Fourth_85_R4_Global_Total_Space.md	TRUE	389708c7df84fca7645dae4ea1930924c97441ee	4711f31c3b62f5d00dec57da387483d526213a7fa8e0c03e560790efb2a479a2	ef2afa0a95da40e861f25f5ce2ec7dc685ca82bdd80c737d407d1141db6d5bc7	MATHEMATICAL_STAGE_REPORT	strict	Fourth-85	COPIED_TRACKED	Tracked historical strict-layer archive document; source path retained in manifest.
research/strict/campaigns/Fourth-85/Fourth_85_R4_K10_q1_Local_Closure_Certificate.md	strict	https://github.com/dongxuelian2/strict-layer-proof-research.git	main	ff3c28197be0c0f55ad5628a5d76182120e454c1	archive-by-series/72-Fourth-85/Fourth_85_R4_K10_q1_Local_Closure_Certificate.md	TRUE	a3911aa2b1204961ab442ae7ec45a9c07c4b6104	d13129f8eda835a559ccc65c93c8d7e0a085d994f01f0814ad32abb756671aa2	4baac47b931e1b3fceddb7a1b4f42846234ffba1c3cc56e733959101bf54908b	MATHEMATICAL_STAGE_REPORT	strict	Fourth-85	COPIED_TRACKED	Tracked historical strict-layer archive document; source path retained in manifest.
research/strict/campaigns/Fourth-85/Fourth_85_R5_Brauer_Gaussian_Reduction_Certificate.md	strict	https://github.com/dongxuelian2/strict-layer-proof-research.git	main	ff3c28197be0c0f55ad5628a5d76182120e454c1	archive-by-series/72-Fourth-85/Fourth_85_R5_Brauer_Gaussian_Reduction_Certificate.md	TRUE	8be8fd485be61787c10b45742f60d9b5b2d5a4e4	ba4c38cb45251a61fc4499b9ffbd315794e7a5b09a0d188431547c2d7ff05038	653a61ff0aec28353537c1d0895fe3da9a527766a2192964235c53c207f56ada	MATHEMATICAL_STAGE_REPORT	strict	Fourth-85	COPIED_TRACKED	Tracked historical strict-layer archive document; source path retained in manifest.
research/strict/campaigns/Fourth-85/Fourth_85_R5_Local_Cover_Autopsy.md	strict	https://github.com/dongxuelian2/strict-layer-proof-research.git	main	ff3c28197be0c0f55ad5628a5d76182120e454c1	archive-by-series/72-Fourth-85/Fourth_85_R5_Local_Cover_Autopsy.md	TRUE	f584070beedb2d733ffc4f643e98872df96e21ee	5400f8408ee0a05ddc470258152807e424f15f39785c8958b622f8fee947898c	2849d1c4be925f8a592dd7d363d769c88d906c0ac6ab5970d8059066af5b41af	MATHEMATICAL_STAGE_REPORT	strict	Fourth-85	COPIED_TRACKED	Tracked historical strict-layer archive document; source path retained in manifest.
research/strict/campaigns/Fourth-85/Fourth_85_R5_Norm_Brauer_Exponent_Atlas.md	strict	https://github.com/dongxuelian2/strict-layer-proof-research.git	main	ff3c28197be0c0f55ad5628a5d76182120e454c1	archive-by-series/72-Fourth-85/Fourth_85_R5_Norm_Brauer_Exponent_Atlas.md	TRUE	61e550a1ece7fd6a6ad0b31ad8ba03c53a13ba48	123a79b9b99702d006236ec57f237944973aa5118110703c7595ecf684d58263	a3985b6192f706a202601e29ce5e09cbbe91ed6e4d19b30ebc5e8c21e727a56f	MATHEMATICAL_STAGE_REPORT	strict	Fourth-85	COPIED_TRACKED	Tracked historical strict-layer archive document; source path retained in manifest.
research/strict/campaigns/Fourth-85/Fourth_85_R6_Explicit_Extension_Gaussianization_Certificate.md	strict	https://github.com/dongxuelian2/strict-layer-proof-research.git	main	ff3c28197be0c0f55ad5628a5d76182120e454c1	archive-by-series/72-Fourth-85/Fourth_85_R6_Explicit_Extension_Gaussianization_Certificate.md	TRUE	692764e0d2993842cce16e4e9a7cecaa09ed1e36	e3134ade8161f310b63a59cfea3b7efa9791f51e76a448e4130c2886ff5697aa	5367258004c7ead404687bc6fe31401a6622233cb755aa8f64699174b0bbf9f8	MATHEMATICAL_STAGE_REPORT	strict	Fourth-85	COPIED_TRACKED	Tracked historical strict-layer archive document; source path retained in manifest.
research/strict/campaigns/Fourth-85/Fourth_85_R6_Gaussian_Architecture_Autopsy.md	strict	https://github.com/dongxuelian2/strict-layer-proof-research.git	main	ff3c28197be0c0f55ad5628a5d76182120e454c1	archive-by-series/72-Fourth-85/Fourth_85_R6_Gaussian_Architecture_Autopsy.md	TRUE	f8c3da9cf0efcf0d2a1e33e0f2a73342b66a882f	9f37677c7644f1c0e0af306b386bceae9c3ed5ff16bc575c0209d793d817b38e	0a68e66772dac7b038e81cc3b26139ce904936397acf7d727390067bf8713087	MATHEMATICAL_STAGE_REPORT	strict	Fourth-85	COPIED_TRACKED	Tracked historical strict-layer archive document; source path retained in manifest.
research/strict/campaigns/Fourth-85/Fourth_85_R6_Gaussian_Source_Embedding.md	strict	https://github.com/dongxuelian2/strict-layer-proof-research.git	main	ff3c28197be0c0f55ad5628a5d76182120e454c1	archive-by-series/72-Fourth-85/Fourth_85_R6_Gaussian_Source_Embedding.md	TRUE	ac8c3ef96b0277f1eb5bd3c8323e7c2ab51030e2	14f3e9723bf7b5e912989c12ae843ddc749c76e01ca4926efc216428ebc208f9	92f851b361c5061e00cdddebd076ac64e3a71b6244d230e7f585a2f4cd7c5b3c	MATHEMATICAL_STAGE_REPORT	strict	Fourth-85	COPIED_TRACKED	Tracked historical strict-layer archive document; source path retained in manifest.
research/strict/campaigns/Fourth-85/Fourth_85_R6_Source_Lattice_Certificate.md	strict	https://github.com/dongxuelian2/strict-layer-proof-research.git	main	ff3c28197be0c0f55ad5628a5d76182120e454c1	archive-by-series/72-Fourth-85/Fourth_85_R6_Source_Lattice_Certificate.md	TRUE	9bab92f952ad9264a57ec64d17b5a23eaa1e9ac5	f6804d5e1f63c40597e2203fbdc40d146868007c508ba97a928f06ae687d398c	c97ff2d84c9bcbfadc4f44e74891ab74a0f66e14380b05da8bfa90d16cecdb91	MATHEMATICAL_STAGE_REPORT	strict	Fourth-85	COPIED_TRACKED	Tracked historical strict-layer archive document; source path retained in manifest.
research/strict/campaigns/Fourth-85/Fourth_85_R6_Tau39_Source_Closure_Certificate.md	strict	https://github.com/dongxuelian2/strict-layer-proof-research.git	main	ff3c28197be0c0f55ad5628a5d76182120e454c1	archive-by-series/72-Fourth-85/Fourth_85_R6_Tau39_Source_Closure_Certificate.md	TRUE	f470d0a3de6b083a53a158181884dad33f571b29	435e259de0d1694d70678591e47229899720a6175c36814ab05b093c5d519758	738315bd5e5f364437db378cb9933eec8a015bb9916df406ba84a2ff6833746d	MATHEMATICAL_STAGE_REPORT	strict	Fourth-85	COPIED_TRACKED	Tracked historical strict-layer archive document; source path retained in manifest.
research/strict/campaigns/J2-55/J2-55-R10-Tail-Reintegration-Third-Residual-Report.md	strict	https://github.com/dongxuelian2/strict-layer-proof-research.git	main	ff3c28197be0c0f55ad5628a5d76182120e454c1	archive-by-series/50-J2-55/J2-55-R10-Tail-Reintegration-Third-Residual-Report.md	TRUE	b66b3b73f3e9a620070af05ed45033ad7ffac5a4	d3cdb6c8e4617ac3ba6c33a4d9977f43aa23b3e6dab94393ace5eca0a38acc0d	62f6320d214c70c565855f41f52f7fd6095a3dae2925ddea3a279263d629c1e5	MATHEMATICAL_STAGE_REPORT	strict	J2-55	COPIED_TRACKED	Tracked historical strict-layer archive document; source path retained in manifest.
research/strict/campaigns/J2-55/J2-55-R11-Deterministic-u-Decimal-Cofactor-Report.md	strict	https://github.com/dongxuelian2/strict-layer-proof-research.git	main	ff3c28197be0c0f55ad5628a5d76182120e454c1	archive-by-series/50-J2-55/J2-55-R11-Deterministic-u-Decimal-Cofactor-Report.md	TRUE	450e4c5c76287c29a350c7d6cde20ca09aa5ba7a	02dfbab56326c32d094da2d95e1126d06f221a64046f1cfb7e293ea7e9b59f58	3862b9d8d72830de4875e80ec195c02c8fbbf5efdde035fc966e034343d2a791	MATHEMATICAL_STAGE_REPORT	strict	J2-55	COPIED_TRACKED	Tracked historical strict-layer archive document; source path retained in manifest.
research/strict/campaigns/J2-55/J2-55-R12-Carry-Saturated-Root-Gaussian-Report.md	strict	https://github.com/dongxuelian2/strict-layer-proof-research.git	main	ff3c28197be0c0f55ad5628a5d76182120e454c1	archive-by-series/50-J2-55/J2-55-R12-Carry-Saturated-Root-Gaussian-Report.md	TRUE	6ba37a142637bbeef4684a50ebc9d60ee0ca1ace	6182897862d3753bcdefd45ba405f654e527a1882649908d88eddb509af5615c	03e0f3a1b4f763d6cfec6ef10f25dddad5e743de2b3a80c6acae672780dae7e5	MATHEMATICAL_STAGE_REPORT	strict	J2-55	COPIED_TRACKED	Tracked historical strict-layer archive document; source path retained in manifest.
research/strict/campaigns/J2-55/J2-55-R13-Independent-Root-Coefficient-Gaussian-Report.md	strict	https://github.com/dongxuelian2/strict-layer-proof-research.git	main	ff3c28197be0c0f55ad5628a5d76182120e454c1	archive-by-series/50-J2-55/J2-55-R13-Independent-Root-Coefficient-Gaussian-Report.md	TRUE	68ee32048b70ccb1196e07283fb4084a4d243965	dcb1eb49961f0ce319d0f7d4feb509d9719a54d8868e4431e48e571980dc9f84	74b49876e3055be415a015bb11cb95970b5af0a3ed48c7e4713de41254cfbe36	MATHEMATICAL_STAGE_REPORT	strict	J2-55	COPIED_TRACKED	Tracked historical strict-layer archive document; source path retained in manifest.
research/strict/campaigns/J2-55/J2-55-R14-Carry-NextBit-Gaussian-SecondLift-Report.md	strict	https://github.com/dongxuelian2/strict-layer-proof-research.git	main	ff3c28197be0c0f55ad5628a5d76182120e454c1	archive-by-series/50-J2-55/J2-55-R14-Carry-NextBit-Gaussian-SecondLift-Report.md	TRUE	b258db6462e9a91ff9681d18795404e496072204	b23c2dd63e43265f4d782b6a23badc272470513eb6995490a178e104bbe14895	d192ff185f59e5e71c8b669cf709f382eeed676d752d80cc280765f7debb0831	MATHEMATICAL_STAGE_REPORT	strict	J2-55	COPIED_TRACKED	Tracked historical strict-layer archive document; source path retained in manifest.
research/strict/campaigns/J2-55/J2-55-R15-Spliced-Factor-2Adic-NegativeConic-Report.md	strict	https://github.com/dongxuelian2/strict-layer-proof-research.git	main	ff3c28197be0c0f55ad5628a5d76182120e454c1	archive-by-series/50-J2-55/J2-55-R15-Spliced-Factor-2Adic-NegativeConic-Report.md	TRUE	885d92cc4c9921de43ca669f752a112d3f710424	1829463805b2ac25d9aa975d7ec6b7ad908f0a1de428eb68cfecf2e06d59525a	25fddcf907ff749ae1754fd7f389b69268deed2c0bb963a26a79245bd39346ab	MATHEMATICAL_STAGE_REPORT	strict	J2-55	COPIED_TRACKED	Tracked historical strict-layer archive document; source path retained in manifest.
research/strict/campaigns/J2-55/J2-55-R1-A-Root-Lift-Report.md	strict	https://github.com/dongxuelian2/strict-layer-proof-research.git	main	ff3c28197be0c0f55ad5628a5d76182120e454c1	archive-by-series/50-J2-55/J2-55-R1-A-Root-Lift-Report.md	TRUE	b18740ec424ae2043707c4da3937a51c85783fb6	32d263c5bc34f69b803cecd1639df3f67c42070507fcae9cb3d7767d458ee32c	ee074c4b046f3045da36a177922855485e8bf974c325f024ae09124d41d1539d	MATHEMATICAL_STAGE_REPORT	strict	J2-55	COPIED_TRACKED	Tracked historical strict-layer archive document; source path retained in manifest.
research/strict/campaigns/J2-55/J2-55-R2-USquare-Carry-Collision-Report.md	strict	https://github.com/dongxuelian2/strict-layer-proof-research.git	main	ff3c28197be0c0f55ad5628a5d76182120e454c1	archive-by-series/50-J2-55/J2-55-R2-USquare-Carry-Collision-Report.md	TRUE	b40df079b124d643d4088cc7792120ad7cb3323b	a33c6c4e40d576abd8038f779c7a01d898847da981231b896086d0c9c1478b13	6daacae44318f0eddf99901a1c858e3f98a2ff8a6fb9400f408e2ce6509ca8b9	MATHEMATICAL_STAGE_REPORT	strict	J2-55	COPIED_TRACKED	Tracked historical strict-layer archive document; source path retained in manifest.
research/strict/campaigns/J2-55/J2-55-R3-Decimal-Residual-Collision-Report.md	strict	https://github.com/dongxuelian2/strict-layer-proof-research.git	main	ff3c28197be0c0f55ad5628a5d76182120e454c1	archive-by-series/50-J2-55/J2-55-R3-Decimal-Residual-Collision-Report.md	TRUE	3f5318f302357e86623ca61e305c79ce1c1fe17a	4d08e3cb9dedc032f849dae58f14d113a92fe6a162b183cda5a65c3d67843093	dc2ad35fe1635d7ce92d6fc177e2a32eba08cf60cfe9881db3c5b3336154d6cd	MATHEMATICAL_STAGE_REPORT	strict	J2-55	COPIED_TRACKED	Tracked historical strict-layer archive document; source path retained in manifest.
research/strict/campaigns/J2-55/J2-55-R4-Complementary-Factor-Euclidean-Report.md	strict	https://github.com/dongxuelian2/strict-layer-proof-research.git	main	ff3c28197be0c0f55ad5628a5d76182120e454c1	archive-by-series/50-J2-55/J2-55-R4-Complementary-Factor-Euclidean-Report.md	TRUE	7fea723df1f055752bccf6f74b5907dd6b6e970f	ae7d6742ed9cdc4c81df485ad8899693fcc05c686652319528c3789901abdfa1	d5802b71a4d5a61ff35f491813bafd1e0effb08a85095401ce5b983503f16779	MATHEMATICAL_STAGE_REPORT	strict	J2-55	COPIED_TRACKED	Tracked historical strict-layer archive document; source path retained in manifest.
research/strict/campaigns/J2-55/J2-55-R5-Linearized-Residual-Predicted-Root-Report.md	strict	https://github.com/dongxuelian2/strict-layer-proof-research.git	main	ff3c28197be0c0f55ad5628a5d76182120e454c1	archive-by-series/50-J2-55/J2-55-R5-Linearized-Residual-Predicted-Root-Report.md	TRUE	e162db6c5730b2a44215c946cba7ba938e0a6efc	dba0661368d705753e489c730fbb8efe7efe3f369657497699e2339fed3294d8	076ddff9262835b3bca80ccdb329525acd42a81243f222d10ef480694a11a582	MATHEMATICAL_STAGE_REPORT	strict	J2-55	COPIED_TRACKED	Tracked historical strict-layer archive document; source path retained in manifest.
research/strict/campaigns/J2-55/J2-55-R6-Euclidean-Quotient-Defect-Report.md	strict	https://github.com/dongxuelian2/strict-layer-proof-research.git	main	ff3c28197be0c0f55ad5628a5d76182120e454c1	archive-by-series/50-J2-55/J2-55-R6-Euclidean-Quotient-Defect-Report.md	TRUE	7256ad8c24e77325e0e35fd3d7b34b6627ce6a8e	05303472df9c70fa08b8cddfffc126ec1d937ac68e47e127b238d14ee087e6a4	606cecf1e1ecfcee82d8109ced1ac8df22e668538831d7219b53aef64c5b5fd3	MATHEMATICAL_STAGE_REPORT	strict	J2-55	COPIED_TRACKED	Tracked historical strict-layer archive document; source path retained in manifest.
research/strict/campaigns/J2-55/J2-55-R7-CarryIndex-QDescent-Report.md	strict	https://github.com/dongxuelian2/strict-layer-proof-research.git	main	ff3c28197be0c0f55ad5628a5d76182120e454c1	archive-by-series/50-J2-55/J2-55-R7-CarryIndex-QDescent-Report.md	TRUE	798cd584f21f88a6fff7af24c8b39935e24ca659	89795f1b3161c919df49bdd8d344fb822b024bb37a99a89b837fc073ed69a60f	be8dce3adebf7e039e0d43aa7d7bf86e32abe5632a924969e08df3fe45aaf814	MATHEMATICAL_STAGE_REPORT	strict	J2-55	COPIED_TRACKED	Tracked historical strict-layer archive document; source path retained in manifest.
research/strict/campaigns/J2-55/J2-55-R8-Unstable-Decimal-Core-Report.md	strict	https://github.com/dongxuelian2/strict-layer-proof-research.git	main	ff3c28197be0c0f55ad5628a5d76182120e454c1	archive-by-series/50-J2-55/J2-55-R8-Unstable-Decimal-Core-Report.md	TRUE	b1b1edf343654b6b2c6e440dac70a981d9e60f96	14e5e2b9e8cf5d8ed0167d56c626666efdbd6043f5483559f5230ef2cb8b44b2	762c1c0501082cb03f33057fbed01cee29e4d2f393508191f07846dcb0bd79e3	MATHEMATICAL_STAGE_REPORT	strict	J2-55	COPIED_TRACKED	Tracked historical strict-layer archive document; source path retained in manifest.
research/strict/campaigns/J2-55/J2-55-R9-Normalized-Tail-Carry-Coupling-Report.md	strict	https://github.com/dongxuelian2/strict-layer-proof-research.git	main	ff3c28197be0c0f55ad5628a5d76182120e454c1	archive-by-series/50-J2-55/J2-55-R9-Normalized-Tail-Carry-Coupling-Report.md	TRUE	268b346f891943539aa3baad9626ce34c5a134f6	fab1273165d6bf6fb92eb018d64c3c4fa79bd9d765872677cfd496d02109fb4e	f2a982f1e9e6490878f13f88163cbef6d333c69e34b90d3b0e435c73cd845b84	MATHEMATICAL_STAGE_REPORT	strict	J2-55	COPIED_TRACKED	Tracked historical strict-layer archive document; source path retained in manifest.
research/strict/campaigns/J2-55/pre-J2-plans-01-10/A1_J2_CQLRC8_Report.md	strict	https://github.com/dongxuelian2/strict-layer-proof-research.git	main	ff3c28197be0c0f55ad5628a5d76182120e454c1	archive-by-series/40-A1-J2-plans-01-10/A1_J2_CQLRC8_Report.md	TRUE	ed95c6408a885e111f984bbbd546cd5083b7f79a	bbfc5e140dd7c267bee3795b2491b95af3b18dfdb8d6f694695f18db714761eb	7de985443ba2192b488f96048f21d6843df2abd082b0f900dd848bf0dd19ef05	MATHEMATICAL_STAGE_REPORT	strict	J2-55	COPIED_TRACKED	Tracked historical strict-layer archive document; source path retained in manifest.
research/strict/campaigns/J2-55/pre-J2-plans-01-10/A1_J2_CZDR_Report.md	strict	https://github.com/dongxuelian2/strict-layer-proof-research.git	main	ff3c28197be0c0f55ad5628a5d76182120e454c1	archive-by-series/40-A1-J2-plans-01-10/A1_J2_CZDR_Report.md	TRUE	c13bf9fd157dff9cd3484d28ee402b8b52e7fc9b	2631a3b44fec528fff92abae721b4458548e06c20bac40b5feb0c7cb080e6601	b7bbd897a56fff7cbb091e0016d5aa11c000bad4c1b4d3ba930f70c01ae6df6c	MATHEMATICAL_STAGE_REPORT	strict	J2-55	COPIED_TRACKED	Tracked historical strict-layer archive document; source path retained in manifest.
research/strict/campaigns/J2-55/pre-J2-plans-01-10/A1_J2_DCDC5_Report.md	strict	https://github.com/dongxuelian2/strict-layer-proof-research.git	main	ff3c28197be0c0f55ad5628a5d76182120e454c1	archive-by-series/40-A1-J2-plans-01-10/A1_J2_DCDC5_Report.md	TRUE	432eb20be10e782ee7b570a9366451da288014c1	7eac5d42560142a09e805147ad07ee2b4a22e0f1e9159b3356d070003c803f45	c50f115640e5be1bbff9cd787410a4ea506402bdf21f38bfc6f5db154e53be2c	MATHEMATICAL_STAGE_REPORT	strict	J2-55	COPIED_TRACKED	Tracked historical strict-layer archive document; source path retained in manifest.
research/strict/campaigns/J2-55/pre-J2-plans-01-10/A1_J2_FQTR6_Report.md	strict	https://github.com/dongxuelian2/strict-layer-proof-research.git	main	ff3c28197be0c0f55ad5628a5d76182120e454c1	archive-by-series/40-A1-J2-plans-01-10/A1_J2_FQTR6_Report.md	TRUE	644bd0452c13e946aa4349a8c052d1be09efc431	cd8aebbfed5831a1f6dda35af907b809e2650786ca6f949bba691d0610d9f4bf	bb6785a30b0f210f693ddc78c8952a8af7ea485e0b27c9d24cacfdc51bc21536	MATHEMATICAL_STAGE_REPORT	strict	J2-55	COPIED_TRACKED	Tracked historical strict-layer archive document; source path retained in manifest.
research/strict/campaigns/J2-55/pre-J2-plans-01-10/A1_J2_GRFC9_Report.md	strict	https://github.com/dongxuelian2/strict-layer-proof-research.git	main	ff3c28197be0c0f55ad5628a5d76182120e454c1	archive-by-series/40-A1-J2-plans-01-10/A1_J2_GRFC9_Report.md	TRUE	6cd633295860d83023110199775e24704ae83457	c74efd8bdc733092bbb3ced79e6d1f0d2771e34799106898b633301e7cf2ee2d	ea1da922b5708ec8e79ffb4a2fdab1191f2382c2056e1843d33a94f834439b9a	MATHEMATICAL_STAGE_REPORT	strict	J2-55	COPIED_TRACKED	Tracked historical strict-layer archive document; source path retained in manifest.
research/strict/campaigns/J2-55/pre-J2-plans-01-10/A1_J2_NRSEC_Report.md	strict	https://github.com/dongxuelian2/strict-layer-proof-research.git	main	ff3c28197be0c0f55ad5628a5d76182120e454c1	archive-by-series/40-A1-J2-plans-01-10/A1_J2_NRSEC_Report.md	TRUE	90bc7f2c9633e9b4939a637d81fd548d8d9cc5e1	ba72c527d81ac90f6f66d40b6544e26db23bfe81048308a071fb6bc0dda6447a	f5f8ac7dfc396cc0a148ce6f8c3ef3ce066f7596ba9452417d3ded887bb49cd3	MATHEMATICAL_STAGE_REPORT	strict	J2-55	COPIED_TRACKED	Tracked historical strict-layer archive document; source path retained in manifest.
research/strict/campaigns/J2-55/pre-J2-plans-01-10/A1_J2_PRCC10_Report.md	strict	https://github.com/dongxuelian2/strict-layer-proof-research.git	main	ff3c28197be0c0f55ad5628a5d76182120e454c1	archive-by-series/40-A1-J2-plans-01-10/A1_J2_PRCC10_Report.md	TRUE	2cbe22ad7045002f5dbc635dffddaa1b101ed5d4	f5eb5e2e2b2f1bf8f1e80412011870d020d39e66f81102e8bb631e90baa4c036	eaf407dc7c821474ca522b588d480fa0c7b7f528e5fae281c88c34b950738d21	MATHEMATICAL_STAGE_REPORT	strict	J2-55	COPIED_TRACKED	Tracked historical strict-layer archive document; source path retained in manifest.
research/strict/campaigns/J2-55/pre-J2-plans-01-10/A1_J2_RCRF4_Report.md	strict	https://github.com/dongxuelian2/strict-layer-proof-research.git	main	ff3c28197be0c0f55ad5628a5d76182120e454c1	archive-by-series/40-A1-J2-plans-01-10/A1_J2_RCRF4_Report.md	TRUE	e28feb605d823f18550be2358dd67d9ca8ef728e	cd7b29649f44f75f19a4c0458aa5202844844ff86a336cd6f57653e83403afaf	466ee1abafa72fdfd5c2db797ff4df63552b7631df7e727724cf6e04a2471582	MATHEMATICAL_STAGE_REPORT	strict	J2-55	COPIED_TRACKED	Tracked historical strict-layer archive document; source path retained in manifest.
research/strict/campaigns/J2-55/pre-J2-plans-01-10/A1_J2_TLRC7_Report.md	strict	https://github.com/dongxuelian2/strict-layer-proof-research.git	main	ff3c28197be0c0f55ad5628a5d76182120e454c1	archive-by-series/40-A1-J2-plans-01-10/A1_J2_TLRC7_Report.md	TRUE	4cc51254922576ed5bba0a9087373e2087ea096f	d8574b962512629a9a400e12e943d7c848dccd6b07110627a8432d80b807214f	e48026dc246969d3781f315529aad13e151d3d77ec92439e15d6c0603bba4b39	MATHEMATICAL_STAGE_REPORT	strict	J2-55	COPIED_TRACKED	Tracked historical strict-layer archive document; source path retained in manifest.
research/strict/campaigns/J2-65/J2-65-R10-Gaussian-Hermitian-Det2-Report.md	strict	https://github.com/dongxuelian2/strict-layer-proof-research.git	main	ff3c28197be0c0f55ad5628a5d76182120e454c1	archive-by-series/60-J2-65/J2-65-R10-Gaussian-Hermitian-Det2-Report.md	TRUE	e5804ef5e20170df51809085bac7db4bb55dd0a1	66dd16410f28e61967122e50189f0b6ec774be516370150a76276a188e3c53b7	38d8a376e5b0449245d9d45c5bc8bf8d4f394438514ccb65ece8bb3873bc3961	MATHEMATICAL_STAGE_REPORT	strict	J2-65	COPIED_TRACKED	Tracked historical strict-layer archive document; source path retained in manifest.
research/strict/campaigns/J2-65/J2-65-R11-Gaussian-Modular-Reduction-Report.md	strict	https://github.com/dongxuelian2/strict-layer-proof-research.git	main	ff3c28197be0c0f55ad5628a5d76182120e454c1	archive-by-series/60-J2-65/J2-65-R11-Gaussian-Modular-Reduction-Report.md	TRUE	fb62162a8458d106aafbd2e4230c4c817b401d06	b2484c8b3dbce8dd25cdd3b230b0ea0fb684e1cea891a85480ab12e477ba3298	32dcc2b338797a24a2d921912a2a08a430d4443867d45b30cd9e0351aa4632b6	MATHEMATICAL_STAGE_REPORT	strict	J2-65	COPIED_TRACKED	Tracked historical strict-layer archive document; source path retained in manifest.
research/strict/campaigns/J2-65/J2-65-R12-Independent-Gate-Reintegration-Report.md	strict	https://github.com/dongxuelian2/strict-layer-proof-research.git	main	ff3c28197be0c0f55ad5628a5d76182120e454c1	archive-by-series/60-J2-65/J2-65-R12-Independent-Gate-Reintegration-Report.md	TRUE	7329ddd3c4ca0f88eec8ac3b02d61124621a87eb	877a63f0bb82a8a5dede07dec5673ef6a780617d30738644627a29ec4f99f75f	ea241c94c62e31a4aeac03668c4e41b73e951f7e79d5ed7b8b5150eb3b2fafd8	MATHEMATICAL_STAGE_REPORT	strict	J2-65	COPIED_TRACKED	Tracked historical strict-layer archive document; source path retained in manifest.
research/strict/campaigns/J2-65/J2-65-R12-IntegralizationTorsor.md	strict	https://github.com/dongxuelian2/strict-layer-proof-research.git	main	ff3c28197be0c0f55ad5628a5d76182120e454c1	archive-by-series/60-J2-65/J2-65-R12-IntegralizationTorsor.md	TRUE	be725aae0b5b2c8fc6f1c3e5b1064d2caa9dfbc0	7ccf9a8df235ed81fc55ed1e3b823702911472c4e90e9bfdd6e0530484bb004d	63eca2c7b8a3118400a95c92147a5f17be5ac14f0d6cd64fbf2af382d441da45	MATHEMATICAL_STAGE_REPORT	strict	J2-65	COPIED_TRACKED	Tracked historical strict-layer archive document; source path retained in manifest.
research/strict/campaigns/J2-65/J2-65-R13-Radial-Lattice-Ray-Report.md	strict	https://github.com/dongxuelian2/strict-layer-proof-research.git	main	ff3c28197be0c0f55ad5628a5d76182120e454c1	archive-by-series/60-J2-65/J2-65-R13-Radial-Lattice-Ray-Report.md	TRUE	f35965c5bcf748df7a9c139ce2dcf012072f0e23	010d5659cd40cf58f3e4e3ad966b0219bf19c2882411c91b94d0ddda7eb3d7b4	c4905474d9b6da38dd0ce68e766853a7b658aebef63be19fdea990674d52bbf7	MATHEMATICAL_STAGE_REPORT	strict	J2-65	COPIED_TRACKED	Tracked historical strict-layer archive document; source path retained in manifest.
research/strict/campaigns/J2-65/J2-65-R14-Adelic-Primitive-Shell-Report.md	strict	https://github.com/dongxuelian2/strict-layer-proof-research.git	main	ff3c28197be0c0f55ad5628a5d76182120e454c1	archive-by-series/60-J2-65/J2-65-R14-Adelic-Primitive-Shell-Report.md	TRUE	a00155c85793266fca7e7ae2393a44d210c38990	8cdba8e440ee975fd5643c718a3c001ac83322d745ebb579a551d26ab4dc8462	5e516420e1f6b91e8bbed31a24aa2b92adfa43396e8f1dff4717336cfb993812	MATHEMATICAL_STAGE_REPORT	strict	J2-65	COPIED_TRACKED	Tracked historical strict-layer archive document; source path retained in manifest.
research/strict/campaigns/J2-65/J2-65-R15-Boundary-Defect-Geometry-Report.md	strict	https://github.com/dongxuelian2/strict-layer-proof-research.git	main	ff3c28197be0c0f55ad5628a5d76182120e454c1	archive-by-series/60-J2-65/J2-65-R15-Boundary-Defect-Geometry-Report.md	TRUE	36ada7a84d03928ce2745b52a99ff6f4f861c28f	73109bc0596935babf248ab3b2d47da39963515d5695285e04eceb9b11feca63	45e6e31f6bb2dacbaee580b317638aa74671c72549a3fc80fe8e50f996db960e	MATHEMATICAL_STAGE_REPORT	strict	J2-65	COPIED_TRACKED	Tracked historical strict-layer archive document; source path retained in manifest.
research/strict/campaigns/J2-65/J2-65-R16-Integral-Boundary-Norm-Orbit-Report.md	strict	https://github.com/dongxuelian2/strict-layer-proof-research.git	main	ff3c28197be0c0f55ad5628a5d76182120e454c1	archive-by-series/60-J2-65/J2-65-R16-Integral-Boundary-Norm-Orbit-Report.md	TRUE	9425b369bb13f518b5989a362e40c2dd8967a027	0822281c2b27adf6b8477ac42b31a16779c37479bc723805481aafeb19119d70	f6a23e95d1cd345fab62911643d7aea4048510769142021122191d9e3e6422d9	MATHEMATICAL_STAGE_REPORT	strict	J2-65	COPIED_TRACKED	Tracked historical strict-layer archive document; source path retained in manifest.
research/strict/campaigns/J2-65/J2-65-R17-Cyclotomic-Composition-Report.md	strict	https://github.com/dongxuelian2/strict-layer-proof-research.git	main	ff3c28197be0c0f55ad5628a5d76182120e454c1	archive-by-series/60-J2-65/J2-65-R17-Cyclotomic-Composition-Report.md	TRUE	150f9b09c540ef282be30d037bb44ed04c1f31ac	84a93443b79e8221077ca92074ac1b3bd6049ca78a00a731dbded84a4c42a6cc	15cf8ba1fc8e8f142a6225c3042d2e87c216f2c7115f8f6ebcc795e4e8d28513	MATHEMATICAL_STAGE_REPORT	strict	J2-65	COPIED_TRACKED	Tracked historical strict-layer archive document; source path retained in manifest.
research/strict/campaigns/J2-65/J2-65-R18-Integral-Descent-Commutation-Report.md	strict	https://github.com/dongxuelian2/strict-layer-proof-research.git	main	ff3c28197be0c0f55ad5628a5d76182120e454c1	archive-by-series/60-J2-65/J2-65-R18-Integral-Descent-Commutation-Report.md	TRUE	8f0343818a274df58b01a9c83d8845805ebba8e4	290e4613f1cc68ead665e9e17987857a181e48b45a3ca59965875198f82f3ae8	9d6e9984ab4aa9e3ef797d789d3d6f18f743ee85b1c90e88d718823385ea16f0	MATHEMATICAL_STAGE_REPORT	strict	J2-65	COPIED_TRACKED	Tracked historical strict-layer archive document; source path retained in manifest.
research/strict/campaigns/J2-65/J2-65-R19-Finite-Module-Spin-Report.md	strict	https://github.com/dongxuelian2/strict-layer-proof-research.git	main	ff3c28197be0c0f55ad5628a5d76182120e454c1	archive-by-series/60-J2-65/J2-65-R19-Finite-Module-Spin-Report.md	TRUE	f3e0ab2a4951eb113507c36c81474c07cd589a64	3a8d8670b58b1ba6309857f9699962075cc127ce76eeb9bf14974466d9ce23b1	70b48cf8bcbbd7643fc2a56ae967ba775875a132525f619a15cf1eb4ff379ea6	MATHEMATICAL_STAGE_REPORT	strict	J2-65	COPIED_TRACKED	Tracked historical strict-layer archive document; source path retained in manifest.
research/strict/campaigns/J2-65/J2-65-R1-JParametric-Unimodular-Skeleton-Report.md	strict	https://github.com/dongxuelian2/strict-layer-proof-research.git	main	ff3c28197be0c0f55ad5628a5d76182120e454c1	archive-by-series/60-J2-65/J2-65-R1-JParametric-Unimodular-Skeleton-Report.md	TRUE	ed3153fbeb102730cfe52d430a63c00e8aeee6b2	275ac4a059b08a8d58f630c1d7dae91873b096d8dd5f732b9e07e77c53a08302	42e7492acbdd2694e8b7af1a4618674c895dee4e5d05c85b189647511c5cb209	MATHEMATICAL_STAGE_REPORT	strict	J2-65	COPIED_TRACKED	Tracked historical strict-layer archive document; source path retained in manifest.
research/strict/campaigns/J2-65/J2-65-R20-Semantic-Conductor-Ruling-Report.md	strict	https://github.com/dongxuelian2/strict-layer-proof-research.git	main	ff3c28197be0c0f55ad5628a5d76182120e454c1	archive-by-series/60-J2-65/J2-65-R20-Semantic-Conductor-Ruling-Report.md	TRUE	93418d71a037e47875adc48e8affcb93297e9948	77b784ec318929d5e51fa725cbbb96ef15a093b5bca18aef9b641e32ce947352	4f7a24d6eefa0e021da2bae7ab1f5aff01eaaad6c3ac09112ce3b603ce51e00d	MATHEMATICAL_STAGE_REPORT	strict	J2-65	COPIED_TRACKED	Tracked historical strict-layer archive document; source path retained in manifest.
research/strict/campaigns/J2-65/J2-65-R2-Bivariate-Master-Root-Newton-Report.md	strict	https://github.com/dongxuelian2/strict-layer-proof-research.git	main	ff3c28197be0c0f55ad5628a5d76182120e454c1	archive-by-series/60-J2-65/J2-65-R2-Bivariate-Master-Root-Newton-Report.md	TRUE	d38aea14f8104a04a1d54e09eb624a469c142dea	3b25ed6f94a833d71c3fa840807149548e9b8d1eadf9f68d79b2830aad8259dd	302f0f1e28afc3624d8e18878a80101fb3e38cfaff481de09a1830e8707d4565	MATHEMATICAL_STAGE_REPORT	strict	J2-65	COPIED_TRACKED	Tracked historical strict-layer archive document; source path retained in manifest.
research/strict/campaigns/J2-65/J2-65-R3-ThreePlace-Tropical-Collision-Report.md	strict	https://github.com/dongxuelian2/strict-layer-proof-research.git	main	ff3c28197be0c0f55ad5628a5d76182120e454c1	archive-by-series/60-J2-65/J2-65-R3-ThreePlace-Tropical-Collision-Report.md	TRUE	bd3414a8e5497caee0a2507f0f397ee3f7351b05	078b7e2f94417c542d7e9d397efea3a0cd4a2d516a29299a1b4677f6fcd809b2	310fafc0e4adbd6a421dbd8440040ec2783df6050c9dd5845f1a221b997d3600	MATHEMATICAL_STAGE_REPORT	strict	J2-65	COPIED_TRACKED	Tracked historical strict-layer archive document; source path retained in manifest.
research/strict/campaigns/J2-65/J2-65-R4-Additive-Bracket-Complex-Report.md	strict	https://github.com/dongxuelian2/strict-layer-proof-research.git	main	ff3c28197be0c0f55ad5628a5d76182120e454c1	archive-by-series/60-J2-65/J2-65-R4-Additive-Bracket-Complex-Report.md	TRUE	bb257d2f877cb5e66c1e8cda72e28912f725e1dc	0954d88157d9192177523984e4521e12ce6ab667d7fc53ae541fcb6bd42686db	cb74faecd92b7ccd199f67fcff3618e8215b165ce4d82bb25b5fca6a7dc98759	MATHEMATICAL_STAGE_REPORT	strict	J2-65	COPIED_TRACKED	Tracked historical strict-layer archive document; source path retained in manifest.
research/strict/campaigns/J2-65/J2-65-R5-Cyclotomic-Reciprocal-Tube-Report.md	strict	https://github.com/dongxuelian2/strict-layer-proof-research.git	main	ff3c28197be0c0f55ad5628a5d76182120e454c1	archive-by-series/60-J2-65/J2-65-R5-Cyclotomic-Reciprocal-Tube-Report.md	TRUE	5d4a466bdace3526867b4ddd1d3ab4283b67f679	e68a24c460e9d651dd3963d1dbe129801b65a07bbed468a6a75f2ce073a4af14	7c2c739201a14b9b3059b3186b2c558edfb54a29c1baf8085c8a2790217ae407	MATHEMATICAL_STAGE_REPORT	strict	J2-65	COPIED_TRACKED	Tracked historical strict-layer archive document; source path retained in manifest.
research/strict/campaigns/J2-65/J2-65-R6-TwoRow-Master-Resultant-Report.md	strict	https://github.com/dongxuelian2/strict-layer-proof-research.git	main	ff3c28197be0c0f55ad5628a5d76182120e454c1	archive-by-series/60-J2-65/J2-65-R6-TwoRow-Master-Resultant-Report.md	TRUE	87d2030b7c6c0ad7288208ba83493efbde95daf1	6cb3b63e03697e0af1ecc57d1509357fe67c54bbeeeb466ca213d08b9b740456	cf1e1200a9de55524ed37c9ec643cf5489b6391d26baa082da839743e68c1230	MATHEMATICAL_STAGE_REPORT	strict	J2-65	COPIED_TRACKED	Tracked historical strict-layer archive document; source path retained in manifest.
research/strict/campaigns/J2-65/J2-65-R7-Veronese-Conic-Pencil-Report.md	strict	https://github.com/dongxuelian2/strict-layer-proof-research.git	main	ff3c28197be0c0f55ad5628a5d76182120e454c1	archive-by-series/60-J2-65/J2-65-R7-Veronese-Conic-Pencil-Report.md	TRUE	d61ac98c13cc4051c5d57268953cfefbba983315	008ab3ef65758e521697fa37eddee58c8431b69a5964d384a73b063c8b7ce650	d6b8a087a599b4146f4ec13dc012fd0f9835d104a16def73ff00a34c064b7f44	MATHEMATICAL_STAGE_REPORT	strict	J2-65	COPIED_TRACKED	Tracked historical strict-layer archive document; source path retained in manifest.
research/strict/campaigns/J2-65/J2-65-R8-Norm-Brauer-Geometry-Report.md	strict	https://github.com/dongxuelian2/strict-layer-proof-research.git	main	ff3c28197be0c0f55ad5628a5d76182120e454c1	archive-by-series/60-J2-65/J2-65-R8-Norm-Brauer-Geometry-Report.md	TRUE	cd9bc13be3ed324c506a478e967913f6f764934e	8d9a623795e72967d693ee1c1e68c0a823bba0be8ffc463b32ac735c97dac192	e876b1bfe288fbff5a21a393a0eecde6738fc3cc8638bd1b9da7fe12613993c3	MATHEMATICAL_STAGE_REPORT	strict	J2-65	COPIED_TRACKED	Tracked historical strict-layer archive document; source path retained in manifest.
research/strict/campaigns/J2-65/J2-65-R9-Global-Verdict-Report.md	strict	https://github.com/dongxuelian2/strict-layer-proof-research.git	main	ff3c28197be0c0f55ad5628a5d76182120e454c1	archive-by-series/60-J2-65/J2-65-R9-Global-Verdict-Report.md	TRUE	ac9180dee53f20c43ed7fe060927ebac39b7a554	ac141c4a93f575bdc8acd459bcdec5a0b2cb66656eefb48f79ed0e587877be3a	aa236c4e39b87ad65c1c6562ab3cd671fd2b9beac92a349581270105f226d780	MATHEMATICAL_STAGE_REPORT	strict	J2-65	COPIED_TRACKED	Tracked historical strict-layer archive document; source path retained in manifest.
research/strict/DD/archive/20-DD-complete/DD-SA_A0-Inert_Coverage_Audit.md	strict	https://github.com/dongxuelian2/strict-layer-proof-research.git	main	ff3c28197be0c0f55ad5628a5d76182120e454c1	archive-by-series/20-DD-complete/DD-SA_A0-Inert_Coverage_Audit.md	TRUE	6c6c3e46a2c2e58c948d225ec942cb67ea02973a	20917a25b712f29b091aa3b71429779fa2bbd56eda2b1ba9245a2246547e5fcc	12b74be02e644c0132edc92c3ee388d15208248a65cc7c88ccf53c8221f03fe6	MATHEMATICAL_PROOF	strict	DD	COPIED_TRACKED	Tracked historical strict-layer archive document; source path retained in manifest.
research/strict/DD/archive/20-DD-complete/DD-SA_R11-R20_十轮证明归档.md	strict	https://github.com/dongxuelian2/strict-layer-proof-research.git	main	ff3c28197be0c0f55ad5628a5d76182120e454c1	archive-by-series/20-DD-complete/DD-SA_R11-R20_十轮证明归档.md	TRUE	a209f5b46586260b609e65fa3c217da59873ed75	84c070babc5991b34e9c29646894078d699f58201ed3908ca685325b19527177	16735d463313b4ead2df29ff7d420ebfba0ce5b86ab669d5f04f2fe90e05f3a6	MATHEMATICAL_PROOF	strict	DD	COPIED_TRACKED	Tracked historical strict-layer archive document; source path retained in manifest.
research/strict/DD/archive/20-DD-complete/DD-SA_R20_residual_tail_D_split_firewall.md	strict	https://github.com/dongxuelian2/strict-layer-proof-research.git	main	ff3c28197be0c0f55ad5628a5d76182120e454c1	archive-by-series/20-DD-complete/DD-SA_R20_residual_tail_D_split_firewall.md	TRUE	457588a4752da1d2976903a7e376019d66785bf9	62bfb1e36a1759f360376ee12be9450ac4337173f0aeb09171f6ad927f19a5f1	8add9579aeb1f801e87a081ed09f59089042aa751a50ca4c162d433e1f61de20	MATHEMATICAL_PROOF	strict	DD	COPIED_TRACKED	Tracked historical strict-layer archive document; source path retained in manifest.
research/strict/DD/archive/20-DD-complete/DD-SA_stage_report_R1-R10.md	strict	https://github.com/dongxuelian2/strict-layer-proof-research.git	main	ff3c28197be0c0f55ad5628a5d76182120e454c1	archive-by-series/20-DD-complete/DD-SA_stage_report_R1-R10.md	TRUE	1282d64f1c3236883ba13a43d22979dc0d9b11a2	fe5b937e714dc300a9b912f154bfcff571a5665ed1956443700974a284ffb566	72f8dcdfe409db54df1245dd4b2d0558f0e7400e344e780b6bcfbb5d7ee8aab7	MATHEMATICAL_PROOF	strict	DD	COPIED_TRACKED	Tracked historical strict-layer archive document; source path retained in manifest.
research/strict/DD/strict_layer_DD_error_closure_campaign.md	strict	https://github.com/dongxuelian2/strict-layer-proof-research.git	main	ff3c28197be0c0f55ad5628a5d76182120e454c1	20-DD/strict_layer_DD_error_closure_campaign.md	TRUE	3f40c731649d98f76a121a807f44f2acbc2d5d2c	fe80268ea8a667e03254f2ab2a819fe68d38976b7ef0eb045787fdd5d4427a10	e286c080f9b4292d95e90fa98ba820f0af047c38990514b1ba61043a52d99c50	MATHEMATICAL_PROOF	strict	DD	COPIED_TRACKED	Tracked strict-layer mathematical document retained under the normalized target layer. Exact canonical-text duplicates omitted: strict:archive-by-series/20-DD-complete/strict_layer_DD_error_closure_campaign.md.
research/strict/DD/strict_layer_DD_independence_audit.md	strict	https://github.com/dongxuelian2/strict-layer-proof-research.git	main	ff3c28197be0c0f55ad5628a5d76182120e454c1	20-DD/strict_layer_DD_independence_audit.md	TRUE	fde05c1c41b09b77bb29ec577adc16d166513d1b	64ea459926679982b7c6be4b98b29348c5d8b658db26302ad171700e2c703f1b	fa64c7d84f20660113672ebb9a521b2fb50f0c92cce3e446a6f97957457681d1	MATHEMATICAL_PROOF	strict	DD	COPIED_TRACKED	Tracked strict-layer mathematical document retained under the normalized target layer. Exact canonical-text duplicates omitted: strict:archive-by-series/20-DD-complete/strict_layer_DD_independence_audit.md.
research/strict/DD/strict_layer_DD_orientation_recovery_campaign.md	strict	https://github.com/dongxuelian2/strict-layer-proof-research.git	main	ff3c28197be0c0f55ad5628a5d76182120e454c1	20-DD/strict_layer_DD_orientation_recovery_campaign.md	TRUE	e1a15e4edef651dac01f681167667a2c333d69e3	c2fd45420a503ce1fc4caefbb38894b739953368f8190ed44fb41edfb9c6b629	eb3fbc26709ed1fc50a21fc24e73b9041e4be28a4ad5013c9267f602f9bac179	MATHEMATICAL_PROOF	strict	DD	COPIED_TRACKED	Tracked strict-layer mathematical document retained under the normalized target layer. Exact canonical-text duplicates omitted: strict:archive-by-series/20-DD-complete/strict_layer_DD_orientation_recovery_campaign.md.
research/strict/DD/strict_layer_DD_oriented_tail_window_campaign.md	strict	https://github.com/dongxuelian2/strict-layer-proof-research.git	main	ff3c28197be0c0f55ad5628a5d76182120e454c1	20-DD/strict_layer_DD_oriented_tail_window_campaign.md	TRUE	1c9d5f59a1c05116f9665c54a95accc9d55b4f98	79bde44cd366f8f337242ccb16a891416d4d3eadaf98426fe09b6947ef13c510	94a1b378f1c411628eaf790759373038138700b0ce0255a20ae1754030232489	MATHEMATICAL_PROOF	strict	DD	COPIED_TRACKED	Tracked strict-layer mathematical document retained under the normalized target layer. Exact canonical-text duplicates omitted: strict:archive-by-series/20-DD-complete/strict_layer_DD_oriented_tail_window_campaign.md.
research/strict/DD/strict_layer_DD_post_deflation_campaign.md	strict	https://github.com/dongxuelian2/strict-layer-proof-research.git	main	ff3c28197be0c0f55ad5628a5d76182120e454c1	20-DD/strict_layer_DD_post_deflation_campaign.md	TRUE	ca3c0cfda6ce78941a6e43630e77141b46be0259	8e7a760372081385b45a7101807b5438ac49d8ff93def870905f1f960b59132b	2ad8160f1757b2a4354eae8ec5b3f45ce80d2a552d8c3e72309f00a65b0ec2ba	MATHEMATICAL_PROOF	strict	DD	COPIED_TRACKED	Tracked strict-layer mathematical document retained under the normalized target layer. Exact canonical-text duplicates omitted: strict:archive-by-series/20-DD-complete/strict_layer_DD_post_deflation_campaign.md.
research/strict/DD/strict_layer_DD_source_phase_information_audit.md	strict	https://github.com/dongxuelian2/strict-layer-proof-research.git	main	ff3c28197be0c0f55ad5628a5d76182120e454c1	20-DD/strict_layer_DD_source_phase_information_audit.md	TRUE	18e09657c1c181f8fdfb834c21363bdbb6535c11	a1177cd474e92c9df5d92cf4bc7d5f053b1d8c08c7bdcbe3ba114851ba860c9d	7241f6be198977aa474df9eb7939ef0e0b9bbff800edc8f42a1fc2cd3d0ec4d5	MATHEMATICAL_PROOF	strict	DD	COPIED_TRACKED	Tracked strict-layer mathematical document retained under the normalized target layer. Exact canonical-text duplicates omitted: strict:archive-by-series/20-DD-complete/strict_layer_DD_source_phase_information_audit.md.
research/strict/DD/strict_layer_DD_supply_phase_synchronization_campaign.md	strict	https://github.com/dongxuelian2/strict-layer-proof-research.git	main	ff3c28197be0c0f55ad5628a5d76182120e454c1	20-DD/strict_layer_DD_supply_phase_synchronization_campaign.md	TRUE	9c6a7a2ff43d09dbae3acc14bab707b7225b518e	17d5b25c2c3492d6574c6b995ff6d7d815db9bb07c11435310d4a6a8c2744fd2	6dbd5fdd7224f9d7c9c92e4eb8722a0b6f62191a1f8837cdf1810a0f5cab573f	MATHEMATICAL_PROOF	strict	DD	COPIED_TRACKED	Tracked strict-layer mathematical document retained under the normalized target layer. Exact canonical-text duplicates omitted: strict:archive-by-series/20-DD-complete/strict_layer_DD_supply_phase_synchronization_campaign.md.
research/strict/DD/strict_layer_moving_core_square_spacing_campaign.md	strict	https://github.com/dongxuelian2/strict-layer-proof-research.git	main	ff3c28197be0c0f55ad5628a5d76182120e454c1	20-DD/strict_layer_moving_core_square_spacing_campaign.md	TRUE	e8bc9a7711162832b5319766dbe99883058940ca	b46ea4efcda67c29999d2b0acac02befdb281fcba209e518c80d608e19f43b4c	45d1aeaa678f0de9e619e1ead9950bc12892959a72ebfa87bf2c3f3cd5a67242	MATHEMATICAL_PROOF	strict	DD	COPIED_TRACKED	Tracked strict-layer mathematical document retained under the normalized target layer. Exact canonical-text duplicates omitted: strict:archive-by-series/10-strict-layer-core/strict_layer_moving_core_square_spacing_campaign.md.
research/strict/DD/strict_layer_post_DD_consolidation_A1_frontier.md	strict	https://github.com/dongxuelian2/strict-layer-proof-research.git	main	ff3c28197be0c0f55ad5628a5d76182120e454c1	20-DD/strict_layer_post_DD_consolidation_A1_frontier.md	TRUE	b6141021734843c83d213ea441c3b17f4dcdcdff	f0ef4ec810e9d0e32d52699f01072a5174efe37f07f45077cd30bc02c389e229	243b69d20fc2c0a4059d1da9f82513596e638d1436612452e520b3a56bb620e6	MATHEMATICAL_PROOF	strict	DD	COPIED_TRACKED	Tracked strict-layer mathematical document retained under the normalized target layer. Exact canonical-text duplicates omitted: strict:archive-by-series/10-strict-layer-core/strict_layer_post_DD_consolidation_A1_frontier.md.
research/strict/foundation/archive/10-strict-layer-core/strict_layer_backward_exact_root_pair_fibre_campaign.md	strict	https://github.com/dongxuelian2/strict-layer-proof-research.git	main	ff3c28197be0c0f55ad5628a5d76182120e454c1	archive-by-series/10-strict-layer-core/strict_layer_backward_exact_root_pair_fibre_campaign.md	TRUE	dcd5ccf2e1970c6418520b991ef0495c866c32f9	5166641a9f26c735431e977276cf40b0fb8adf49f808d21a0d516af04d43d53d	788f412bd2bd293fa5df4b72afe9e579da866174ac819fdc13d0f7c8657cff9e	MATHEMATICAL_PROOF	strict	foundation	COPIED_TRACKED	Tracked historical strict-layer archive document; source path retained in manifest.
research/strict/foundation/archive/strict_layer_unified_exact_lift_campaign_initial.md	strict	https://github.com/dongxuelian2/strict-layer-proof-research.git	main	ff3c28197be0c0f55ad5628a5d76182120e454c1	00-foundation/archive/strict_layer_unified_exact_lift_campaign_initial.md	TRUE	0d15898e983cb405354e5d11b4e23ae7c5b33e0a	7c2441534e71d72e010631bd6053f42bd34d3b0d21d3ee1ec4c8e1f33747697e	f7924acf9aa0bef97026deb55708ccc7c08ca36f0e54d056f8469869a7873dd0	MATHEMATICAL_PROOF	strict	foundation	RETAINED_HISTORICAL_VARIANT	Tracked strict-layer mathematical document retained under the normalized target layer. Retained as a separately addressed strict historical source path under the explicit path-collision policy.
research/strict/foundation/audit_response.md	strict	https://github.com/dongxuelian2/strict-layer-proof-research.git	main	ff3c28197be0c0f55ad5628a5d76182120e454c1	00-foundation/audit_response.md	TRUE	4ad31a766689457fd487ea0eed2c3efd24410e7e	4b58320d5a0adcdb4e78f8c6b19e7dc18e25198a9b7d2357cbbb1786f5da783d	e518ae81d04751dddcc14af232a1ce9f88af4e2dd04947f832b4f6667e7e35f5	MATHEMATICAL_STAGE_REPORT	strict	foundation	COPIED_TRACKED	Tracked strict-layer mathematical document retained under the normalized target layer.
research/strict/foundation/exact_lift_research_synthesis_2026-08-10.md	strict	https://github.com/dongxuelian2/strict-layer-proof-research.git	main	ff3c28197be0c0f55ad5628a5d76182120e454c1	00-foundation/exact_lift_research_synthesis_2026-08-10.md	TRUE	f62ad919fe8672bb4fc7559ab02e33276ba3c952	9191730368c30e62f8d2afba0e727e9266d6aed2f84fd83d917ccadffb98e608	165bf9db32d39cf3841de3fec1c0413cd8097701a520cd7fc7b4098ad50748a1	MATHEMATICAL_STAGE_REPORT	strict	foundation	COPIED_TRACKED	Tracked strict-layer mathematical document retained under the normalized target layer.
research/strict/foundation/strict_layer_final_campaign.md	strict	https://github.com/dongxuelian2/strict-layer-proof-research.git	main	ff3c28197be0c0f55ad5628a5d76182120e454c1	00-foundation/strict_layer_final_campaign.md	TRUE	5b31d3c31c5ad8c70d64372e65942c4dc00d2301	ab6dcbb7e9563535480efcb7684efd6f45ebb4c911b9d39f858d0e7b0295829b	cd717933898505fdeecc7cd664cb357d63b2cd0eb3db15498831cf50af31d834	MATHEMATICAL_STAGE_REPORT	strict	foundation	COPIED_TRACKED	Tracked strict-layer mathematical document retained under the normalized target layer.
research/strict/foundation/strict_layer_round1.md	strict	https://github.com/dongxuelian2/strict-layer-proof-research.git	main	ff3c28197be0c0f55ad5628a5d76182120e454c1	00-foundation/strict_layer_round1.md	TRUE	307960b750128eb638dcbd2786502896bfddff64	331aaf0a95c1ef31774f246089f03755e8e7d94b3460e9ab104fe657ec01f721	83a05718618e224c951c3c16493bb5a1ad7f3d6dce2c7a47e30b4c4501e21f17	MATHEMATICAL_STAGE_REPORT	strict	foundation	COPIED_TRACKED	Tracked strict-layer mathematical document retained under the normalized target layer.
research/strict/foundation/strict_layer_unified_exact_lift_campaign.md	strict	https://github.com/dongxuelian2/strict-layer-proof-research.git	main	ff3c28197be0c0f55ad5628a5d76182120e454c1	00-foundation/strict_layer_unified_exact_lift_campaign.md	TRUE	4df55726dbc34413547df4373c70f5ff2336feaa	0e0fdbf8848c3674410c195139e563633727d43d5e9b4a65e08c99036c34a41b	f0d26023631a72116037e9d12ccd6568a58a831a5672e6329d3128793225594e	MATHEMATICAL_STAGE_REPORT	strict	foundation	RETAINED_HISTORICAL_VARIANT	Tracked strict-layer mathematical document retained under the normalized target layer. Exact canonical-text duplicates omitted: strict:archive-by-series/10-strict-layer-core/strict_layer_unified_exact_lift_campaign(1).md.
STATUS.md	generated				generated/pass3.5/STATUS.md	FALSE		6b42299dc13464e1a9e35ad04e0d33f00b9d9eaebd8f02f6acc96d291ff3c27d	6b42299dc13464e1a9e35ad04e0d33f00b9d9eaebd8f02f6acc96d291ff3c27d	GENERATED_INDEX	global	pass3.5	GENERATED_INDEX	Generated Pass 3.5 consolidation status navigation; not a transformed source proof body.
