alias	canonical_path	source_repository	disposition	relationship	notes
.github/workflows/import-strict-layer.yml	research/archive/strict-layer-proof-research/history-only/.github/workflows/import-strict-layer.yml	dongxuelian2/strict-layer-proof-research	generated-obsolete	history-only	Deleted from source main before migration; byte-preserved under history-only archive and reachable from the imported source commit graph. Kind is a navigation label based on file type, path, and title; it does not upgrade evidence.
00-foundation/archive/strict_layer_unified_exact_lift_campaign_initial.md	research/foundations/archive/unified-exact-lift-initial.md	dongxuelian2/strict-layer-proof-research	canonical	exact-duplicate	Exact byte duplicate of the canonical target; this source path is retained as provenance and no second canonical copy is created. Kind is a navigation label based on file type, path, and title; it does not upgrade evidence.
00-foundation/audit_response.md	research/exact-lift/audit-response.md	dongxuelian2/strict-layer-proof-research	canonical	exact-duplicate	Exact byte duplicate of the canonical target; this source path is retained as provenance and no second canonical copy is created. Kind is a navigation label based on file type, path, and title; it does not upgrade evidence.
00-foundation/current_research_status_v3.md	research/exact-lift/status.md	dongxuelian2/strict-layer-proof-research	canonical	exact-duplicate	Exact byte duplicate of the canonical target; this source path is retained as provenance and no second canonical copy is created. Kind is a navigation label based on file type, path, and title; it does not upgrade evidence.
00-foundation/exact_lift_research_synthesis_2026-08-10.md	research/exact-lift/exact-lift-research-synthesis-2026-08-10.md	dongxuelian2/strict-layer-proof-research	canonical	exact-duplicate	Exact byte duplicate of the canonical target; this source path is retained as provenance and no second canonical copy is created. Kind is a navigation label based on file type, path, and title; it does not upgrade evidence.
00-foundation/proved_results_index_v2.md	research/foundations/archive/theorem-index-legacy.md	dongxuelian2/strict-layer-proof-research	canonical	exact-duplicate	Exact byte duplicate of the canonical target; this source path is retained as provenance and no second canonical copy is created. Kind is a navigation label based on file type, path, and title; it does not upgrade evidence.
00-foundation/proved_results_index_v3.md	research/foundations/results/theorem-index.md	dongxuelian2/strict-layer-proof-research	canonical	exact-duplicate	Exact byte duplicate of the canonical target; this source path is retained as provenance and no second canonical copy is created. Kind is a navigation label based on file type, path, and title; it does not upgrade evidence.
00-foundation/proved_results_report_v2.md	research/foundations/archive/proved-results-legacy.md	dongxuelian2/strict-layer-proof-research	canonical	exact-duplicate	Exact byte duplicate of the canonical target; this source path is retained as provenance and no second canonical copy is created. Kind is a navigation label based on file type, path, and title; it does not upgrade evidence.
00-foundation/proved_results_report_v3.md	research/foundations/results/proved-results.md	dongxuelian2/strict-layer-proof-research	canonical	exact-duplicate	Exact byte duplicate of the canonical target; this source path is retained as provenance and no second canonical copy is created. Kind is a navigation label based on file type, path, and title; it does not upgrade evidence.
00-foundation/provenance/MISSING_ARTIFACTS_2026-08-16.md	research/archive/strict-layer-proof-research/00-foundation/provenance/MISSING_ARTIFACTS_2026-08-16.md	dongxuelian2/strict-layer-proof-research	archived	source-only	Source-only bytes preserved once at the canonical target under the frozen archive boundary; original source path remains an alias. Kind is a navigation label based on file type, path, and title; it does not upgrade evidence.
00-foundation/strict_layer_final_campaign.md	research/exact-lift/final-state.md	dongxuelian2/strict-layer-proof-research	canonical	exact-duplicate	Exact byte duplicate of the canonical target; this source path is retained as provenance and no second canonical copy is created. Kind is a navigation label based on file type, path, and title; it does not upgrade evidence.
00-foundation/strict_layer_round1.md	research/exact-lift/initial-route.md	dongxuelian2/strict-layer-proof-research	canonical	exact-duplicate	Exact byte duplicate of the canonical target; this source path is retained as provenance and no second canonical copy is created. Kind is a navigation label based on file type, path, and title; it does not upgrade evidence.
00-foundation/strict_layer_unified_exact_lift_campaign.md	research/exact-lift/unified-exact-lift.md	dongxuelian2/strict-layer-proof-research	canonical	exact-duplicate	Exact byte duplicate of the canonical target; this source path is retained as provenance and no second canonical copy is created. Kind is a navigation label based on file type, path, and title; it does not upgrade evidence.
10-backward-global/strict_layer_backward_algebraic_denominator_interface.md	research/exact-lift/backward/backward-algebraic-denominator-interface.md	dongxuelian2/strict-layer-proof-research	canonical	exact-duplicate	Exact byte duplicate of the canonical target; this source path is retained as provenance and no second canonical copy is created. Kind is a navigation label based on file type, path, and title; it does not upgrade evidence.
10-backward-global/strict_layer_backward_canonical_dependency_skeleton.md	research/exact-lift/backward/backward-canonical-dependency-skeleton.md	dongxuelian2/strict-layer-proof-research	canonical	exact-duplicate	Exact byte duplicate of the canonical target; this source path is retained as provenance and no second canonical copy is created. Kind is a navigation label based on file type, path, and title; it does not upgrade evidence.
10-backward-global/strict_layer_backward_canonical_synchronization_quotient.md	research/exact-lift/backward/backward-canonical-synchronization-quotient.md	dongxuelian2/strict-layer-proof-research	canonical	exact-duplicate	Exact byte duplicate of the canonical target; this source path is retained as provenance and no second canonical copy is created. Kind is a navigation label based on file type, path, and title; it does not upgrade evidence.
10-backward-global/strict_layer_backward_denominator_decimal_interface.md	research/exact-lift/backward/backward-denominator-decimal-interface.md	dongxuelian2/strict-layer-proof-research	canonical	exact-duplicate	Exact byte duplicate of the canonical target; this source path is retained as provenance and no second canonical copy is created. Kind is a navigation label based on file type, path, and title; it does not upgrade evidence.
10-backward-global/strict_layer_backward_global_obstruction_campaign.md	research/exact-lift/backward/backward-global-obstruction.md	dongxuelian2/strict-layer-proof-research	canonical	exact-duplicate	Exact byte duplicate of the canonical target; this source path is retained as provenance and no second canonical copy is created. Kind is a navigation label based on file type, path, and title; it does not upgrade evidence.
10-backward-global/strict_layer_backward_global_witness_gluing_campaign.md	research/exact-lift/backward/backward-global-witness-gluing.md	dongxuelian2/strict-layer-proof-research	canonical	exact-duplicate	Exact byte duplicate of the canonical target; this source path is retained as provenance and no second canonical copy is created. Kind is a navigation label based on file type, path, and title; it does not upgrade evidence.
20-DD/strict_layer_DD_error_closure_campaign.md	research/denominator-structure/dd-error-closure.md	dongxuelian2/strict-layer-proof-research	canonical	exact-duplicate	Exact byte duplicate of the canonical target; this source path is retained as provenance and no second canonical copy is created. Kind is a navigation label based on file type, path, and title; it does not upgrade evidence.
20-DD/strict_layer_DD_independence_audit.md	research/denominator-structure/dd-independence-audit.md	dongxuelian2/strict-layer-proof-research	canonical	exact-duplicate	Exact byte duplicate of the canonical target; this source path is retained as provenance and no second canonical copy is created. Kind is a navigation label based on file type, path, and title; it does not upgrade evidence.
20-DD/strict_layer_DD_orientation_recovery_campaign.md	research/denominator-structure/dd-orientation-recovery.md	dongxuelian2/strict-layer-proof-research	canonical	exact-duplicate	Exact byte duplicate of the canonical target; this source path is retained as provenance and no second canonical copy is created. Kind is a navigation label based on file type, path, and title; it does not upgrade evidence.
20-DD/strict_layer_DD_oriented_tail_window_campaign.md	research/denominator-structure/dd-oriented-tail-window.md	dongxuelian2/strict-layer-proof-research	canonical	exact-duplicate	Exact byte duplicate of the canonical target; this source path is retained as provenance and no second canonical copy is created. Kind is a navigation label based on file type, path, and title; it does not upgrade evidence.
20-DD/strict_layer_DD_post_deflation_campaign.md	research/denominator-structure/dd-post-deflation.md	dongxuelian2/strict-layer-proof-research	canonical	exact-duplicate	Exact byte duplicate of the canonical target; this source path is retained as provenance and no second canonical copy is created. Kind is a navigation label based on file type, path, and title; it does not upgrade evidence.
20-DD/strict_layer_DD_source_phase_information_audit.md	research/denominator-structure/dd-source-information-audit.md	dongxuelian2/strict-layer-proof-research	canonical	exact-duplicate	Exact byte duplicate of the canonical target; this source path is retained as provenance and no second canonical copy is created. Kind is a navigation label based on file type, path, and title; it does not upgrade evidence.
20-DD/strict_layer_DD_supply_phase_synchronization_campaign.md	research/denominator-structure/dd-supply-synchronization.md	dongxuelian2/strict-layer-proof-research	canonical	exact-duplicate	Exact byte duplicate of the canonical target; this source path is retained as provenance and no second canonical copy is created. Kind is a navigation label based on file type, path, and title; it does not upgrade evidence.
20-DD/strict_layer_moving_core_square_spacing_campaign.md	research/denominator-structure/moving-core-square-spacing.md	dongxuelian2/strict-layer-proof-research	canonical	exact-duplicate	Exact byte duplicate of the canonical target; this source path is retained as provenance and no second canonical copy is created. Kind is a navigation label based on file type, path, and title; it does not upgrade evidence.
20-DD/strict_layer_post_DD_consolidation_A1_frontier.md	research/denominator-structure/post-dd-consolidation-a1-frontier.md	dongxuelian2/strict-layer-proof-research	canonical	exact-duplicate	Exact byte duplicate of the canonical target; this source path is retained as provenance and no second canonical copy is created. Kind is a navigation label based on file type, path, and title; it does not upgrade evidence.
30-A1-forward/strict_layer_A1_double_euclidean_smith_gcd_terminal_campaign.md	research/a1/forward/a1-double-euclidean-smith-gcd-terminal.md	dongxuelian2/strict-layer-proof-research	canonical	exact-duplicate	Exact byte duplicate of the canonical target; this source path is retained as provenance and no second canonical copy is created. Kind is a navigation label based on file type, path, and title; it does not upgrade evidence.
30-A1-forward/strict_layer_A1_double_euclidean_word_smith_terminal_campaign.md	research/a1/forward/a1-double-euclidean-word-smith-terminal.md	dongxuelian2/strict-layer-proof-research	canonical	exact-duplicate	Exact byte duplicate of the canonical target; this source path is retained as provenance and no second canonical copy is created. Kind is a navigation label based on file type, path, and title; it does not upgrade evidence.
30-A1-forward/strict_layer_A1_exact_mantissa_defect_quotient_campaign.md	research/a1/forward/a1-exact-mantissa-defect-quotient.md	dongxuelian2/strict-layer-proof-research	canonical	exact-duplicate	Exact byte duplicate of the canonical target; this source path is retained as provenance and no second canonical copy is created. Kind is a navigation label based on file type, path, and title; it does not upgrade evidence.
30-A1-forward/strict_layer_A1_flat_locus_structural_elimination_campaign.md	research/a1/forward/a1-flat-locus-structural-elimination.md	dongxuelian2/strict-layer-proof-research	canonical	exact-duplicate	Exact byte duplicate of the canonical target; this source path is retained as provenance and no second canonical copy is created. Kind is a navigation label based on file type, path, and title; it does not upgrade evidence.
30-A1-forward/strict_layer_A1_generic_primitive_defect_synchronization_campaign.md	research/a1/forward/a1-generic-primitive-defect-synchronization.md	dongxuelian2/strict-layer-proof-research	canonical	exact-duplicate	Exact byte duplicate of the canonical target; this source path is retained as provenance and no second canonical copy is created. Kind is a navigation label based on file type, path, and title; it does not upgrade evidence.
30-A1-forward/strict_layer_A1_iterated_smith_coprime_radial_exclusion_campaign.md	research/a1/forward/a1-iterated-smith-coprime-radial-exclusion.md	dongxuelian2/strict-layer-proof-research	canonical	exact-duplicate	Exact byte duplicate of the canonical target; this source path is retained as provenance and no second canonical copy is created. Kind is a navigation label based on file type, path, and title; it does not upgrade evidence.
30-A1-forward/strict_layer_A1_moving_core_decimal_translation_global_campaign.md	research/a1/forward/a1-moving-core-decimal-translation-global.md	dongxuelian2/strict-layer-proof-research	canonical	exact-duplicate	Exact byte duplicate of the canonical target; this source path is retained as provenance and no second canonical copy is created. Kind is a navigation label based on file type, path, and title; it does not upgrade evidence.
30-A1-forward/strict_layer_A1_moving_profile_coprime_integer_scale_campaign.md	research/a1/forward/a1-moving-profile-coprime-integer-scale.md	dongxuelian2/strict-layer-proof-research	canonical	exact-duplicate	Exact byte duplicate of the canonical target; this source path is retained as provenance and no second canonical copy is created. Kind is a navigation label based on file type, path, and title; it does not upgrade evidence.
30-A1-forward/strict_layer_A1_primitive_conic_common_U_digit_window_campaign.md	research/a1/forward/a1-primitive-conic-common-u-digit-window.md	dongxuelian2/strict-layer-proof-research	canonical	exact-duplicate	Exact byte duplicate of the canonical target; this source path is retained as provenance and no second canonical copy is created. Kind is a navigation label based on file type, path, and title; it does not upgrade evidence.
30-A1-forward/strict_layer_A1_smith_reduced_common_U_exclusion_campaign.md	research/a1/forward/a1-smith-reduced-common-u-exclusion.md	dongxuelian2/strict-layer-proof-research	canonical	exact-duplicate	Exact byte duplicate of the canonical target; this source path is retained as provenance and no second canonical copy is created. Kind is a navigation label based on file type, path, and title; it does not upgrade evidence.
30-A1-forward/strict_layer_A1_unified_moving_profile_terminal_campaign.md	research/a1/forward/a1-unified-moving-profile-terminal.md	dongxuelian2/strict-layer-proof-research	canonical	exact-duplicate	Exact byte duplicate of the canonical target; this source path is retained as provenance and no second canonical copy is created. Kind is a navigation label based on file type, path, and title; it does not upgrade evidence.
40-A1-backward/strict_layer_backward_A1_2x5_decimal_synchronization_campaign.md	research/a1/backward/backward-a1-2x5-decimal-synchronization.md	dongxuelian2/strict-layer-proof-research	canonical	exact-duplicate	Exact byte duplicate of the canonical target; this source path is retained as provenance and no second canonical copy is created. Kind is a navigation label based on file type, path, and title; it does not upgrade evidence.
40-A1-backward/strict_layer_backward_A1_5phase_cut_synchronization_campaign.md	research/a1/backward/backward-a1-5phase-cut-synchronization.md	dongxuelian2/strict-layer-proof-research	canonical	exact-duplicate	Exact byte duplicate of the canonical target; this source path is retained as provenance and no second canonical copy is created. Kind is a navigation label based on file type, path, and title; it does not upgrade evidence.
40-A1-backward/strict_layer_backward_A1_common_U_pullback_primitive_radial_gluing_campaign.md	research/a1/backward/backward-a1-common-u-pullback-primitive-radial-gluing.md	dongxuelian2/strict-layer-proof-research	canonical	exact-duplicate	Exact byte duplicate of the canonical target; this source path is retained as provenance and no second canonical copy is created. Kind is a navigation label based on file type, path, and title; it does not upgrade evidence.
40-A1-backward/strict_layer_backward_A1_same_cut_norm_excess_campaign.md	research/a1/backward/backward-a1-same-cut-norm-excess.md	dongxuelian2/strict-layer-proof-research	canonical	exact-duplicate	Exact byte duplicate of the canonical target; this source path is retained as provenance and no second canonical copy is created. Kind is a navigation label based on file type, path, and title; it does not upgrade evidence.
40-A1-backward/strict_layer_backward_A1_word_recovery_architecture_campaign.md	research/a1/backward/backward-a1-word-recovery-architecture.md	dongxuelian2/strict-layer-proof-research	canonical	exact-duplicate	Exact byte duplicate of the canonical target; this source path is retained as provenance and no second canonical copy is created. Kind is a navigation label based on file type, path, and title; it does not upgrade evidence.
50-state-and-computation/strict_layer_A1_SRCU_state_after_campaign.md	research/a1/state/a1-srcu-state-after.md	dongxuelian2/strict-layer-proof-research	canonical	exact-duplicate	Exact byte duplicate of the canonical target; this source path is retained as provenance and no second canonical copy is created. Kind is a navigation label based on file type, path, and title; it does not upgrade evidence.
50-state-and-computation/strict_layer_A1_exact_word_state_after_double_euclidean_campaign.md	research/a1/state/a1-exact-word-state-after-double-euclidean.md	dongxuelian2/strict-layer-proof-research	canonical	exact-duplicate	Exact byte duplicate of the canonical target; this source path is retained as provenance and no second canonical copy is created. Kind is a navigation label based on file type, path, and title; it does not upgrade evidence.
50-state-and-computation/strict_layer_A1_radial_gate_scan_output.txt	research/a1/forward/computations/radial-gate-scan-output.txt	dongxuelian2/strict-layer-proof-research	canonical	source-only	Source-only bytes preserved once at the canonical target under the frozen archive boundary; original source path remains an alias. Kind is a navigation label based on file type, path, and title; it does not upgrade evidence.
50-state-and-computation/strict_layer_A1_unified_state_after_long_campaign.md	research/a1/state/a1-unified-state-after-long.md	dongxuelian2/strict-layer-proof-research	canonical	exact-duplicate	Exact byte duplicate of the canonical target; this source path is retained as provenance and no second canonical copy is created. Kind is a navigation label based on file type, path, and title; it does not upgrade evidence.
ARCHIVE_INDEX.tsv	research/archive/strict-layer-proof-research/ARCHIVE_INDEX.tsv	dongxuelian2/strict-layer-proof-research	generated-obsolete	source-only	Source-only bytes preserved once at the canonical target under the frozen archive boundary; original source path remains an alias. Kind is a navigation label based on file type, path, and title; it does not upgrade evidence.
EXPORT_NOTES.md	research/archive/strict-layer-proof-research/EXPORT_NOTES.md	dongxuelian2/strict-layer-proof-research	archived	source-only	Source-only bytes preserved once at the canonical target under the frozen archive boundary; original source path remains an alias. Kind is a navigation label based on file type, path, and title; it does not upgrade evidence.
MANIFEST.tsv	research/archive/strict-layer-proof-research/MANIFEST.tsv	dongxuelian2/strict-layer-proof-research	generated-obsolete	source-only	Source-only bytes preserved once at the canonical target under the frozen archive boundary; original source path remains an alias. Kind is a navigation label based on file type, path, and title; it does not upgrade evidence.
MISSING_ARTIFACTS.md	research/archive/strict-layer-proof-research/00-foundation/provenance/MISSING_ARTIFACTS_2026-08-16.md	dongxuelian2/strict-layer-proof-research	archived	source-only	Source-only bytes preserved once at the canonical target under the frozen archive boundary; original source path remains an alias. Kind is a navigation label based on file type, path, and title; it does not upgrade evidence.
README.md	research/archive/strict-layer-proof-research/README.md	dongxuelian2/strict-layer-proof-research	archived	source-only	Source-only bytes preserved once at the canonical target under the frozen archive boundary; original source path remains an alias. Kind is a navigation label based on file type, path, and title; it does not upgrade evidence.
archive-by-series/10-strict-layer-core/strict_layer_backward_algebraic_denominator_interface.md	research/exact-lift/backward/backward-algebraic-denominator-interface.md	dongxuelian2/strict-layer-proof-research	canonical	exact-duplicate	Exact byte duplicate of the canonical target; this source path is retained as provenance and no second canonical copy is created. Kind is a navigation label based on file type, path, and title; it does not upgrade evidence.
archive-by-series/10-strict-layer-core/strict_layer_backward_canonical_dependency_skeleton.md	research/exact-lift/backward/backward-canonical-dependency-skeleton.md	dongxuelian2/strict-layer-proof-research	canonical	exact-duplicate	Exact byte duplicate of the canonical target; this source path is retained as provenance and no second canonical copy is created. Kind is a navigation label based on file type, path, and title; it does not upgrade evidence.
archive-by-series/10-strict-layer-core/strict_layer_backward_canonical_synchronization_quotient.md	research/exact-lift/backward/backward-canonical-synchronization-quotient.md	dongxuelian2/strict-layer-proof-research	canonical	exact-duplicate	Exact byte duplicate of the canonical target; this source path is retained as provenance and no second canonical copy is created. Kind is a navigation label based on file type, path, and title; it does not upgrade evidence.
archive-by-series/10-strict-layer-core/strict_layer_backward_exact_root_pair_fibre_campaign.md	research/foundations/archive/backward-exact-root-pair-fibre.md	dongxuelian2/strict-layer-proof-research	canonical	exact-duplicate	Exact byte duplicate of the canonical target; this source path is retained as provenance and no second canonical copy is created. Kind is a navigation label based on file type, path, and title; it does not upgrade evidence.
archive-by-series/10-strict-layer-core/strict_layer_backward_global_obstruction_campaign.md	research/exact-lift/backward/backward-global-obstruction.md	dongxuelian2/strict-layer-proof-research	canonical	exact-duplicate	Exact byte duplicate of the canonical target; this source path is retained as provenance and no second canonical copy is created. Kind is a navigation label based on file type, path, and title; it does not upgrade evidence.
archive-by-series/10-strict-layer-core/strict_layer_backward_global_witness_gluing_campaign.md	research/exact-lift/backward/backward-global-witness-gluing.md	dongxuelian2/strict-layer-proof-research	canonical	exact-duplicate	Exact byte duplicate of the canonical target; this source path is retained as provenance and no second canonical copy is created. Kind is a navigation label based on file type, path, and title; it does not upgrade evidence.
archive-by-series/10-strict-layer-core/strict_layer_moving_core_square_spacing_campaign.md	research/denominator-structure/moving-core-square-spacing.md	dongxuelian2/strict-layer-proof-research	canonical	exact-duplicate	Exact byte duplicate of the canonical target; this source path is retained as provenance and no second canonical copy is created. Kind is a navigation label based on file type, path, and title; it does not upgrade evidence.
archive-by-series/10-strict-layer-core/strict_layer_post_DD_consolidation_A1_frontier.md	research/denominator-structure/post-dd-consolidation-a1-frontier.md	dongxuelian2/strict-layer-proof-research	canonical	exact-duplicate	Exact byte duplicate of the canonical target; this source path is retained as provenance and no second canonical copy is created. Kind is a navigation label based on file type, path, and title; it does not upgrade evidence.
archive-by-series/10-strict-layer-core/strict_layer_unified_exact_lift_campaign(1).md	research/exact-lift/unified-exact-lift.md	dongxuelian2/strict-layer-proof-research	canonical	exact-duplicate	Exact byte duplicate of the canonical target; this source path is retained as provenance and no second canonical copy is created. Kind is a navigation label based on file type, path, and title; it does not upgrade evidence.
archive-by-series/10-strict-layer-core/strict_layer_unified_exact_lift_campaign.md	research/foundations/archive/unified-exact-lift-initial.md	dongxuelian2/strict-layer-proof-research	canonical	exact-duplicate	Exact byte duplicate of the canonical target; this source path is retained as provenance and no second canonical copy is created. Kind is a navigation label based on file type, path, and title; it does not upgrade evidence.
archive-by-series/20-DD-complete/DD-SA_A0-Inert_Coverage_Audit.md	research/denominator-structure/archive/dd-sa-a0-inert-coverage-audit.md	dongxuelian2/strict-layer-proof-research	canonical	exact-duplicate	Exact byte duplicate of the canonical target; this source path is retained as provenance and no second canonical copy is created. Kind is a navigation label based on file type, path, and title; it does not upgrade evidence.
archive-by-series/20-DD-complete/DD-SA_R11-R20_十轮证明归档.md	research/denominator-structure/archive/d-prime-equal-load-firewall.md	dongxuelian2/strict-layer-proof-research	canonical	exact-duplicate	Exact byte duplicate of the canonical target; this source path is retained as provenance and no second canonical copy is created. Kind is a navigation label based on file type, path, and title; it does not upgrade evidence.
archive-by-series/20-DD-complete/DD-SA_R20_residual_tail_D_split_firewall.md	research/denominator-structure/archive/dd-sa-r20-residual-tail-d-split-firewall.md	dongxuelian2/strict-layer-proof-research	canonical	exact-duplicate	Exact byte duplicate of the canonical target; this source path is retained as provenance and no second canonical copy is created. Kind is a navigation label based on file type, path, and title; it does not upgrade evidence.
archive-by-series/20-DD-complete/DD-SA_stage_report_R1-R10.md	research/denominator-structure/archive/dd-sa-r1-r10.md	dongxuelian2/strict-layer-proof-research	canonical	exact-duplicate	Exact byte duplicate of the canonical target; this source path is retained as provenance and no second canonical copy is created. Kind is a navigation label based on file type, path, and title; it does not upgrade evidence.
archive-by-series/20-DD-complete/strict_layer_DD_error_closure_campaign.md	research/denominator-structure/dd-error-closure.md	dongxuelian2/strict-layer-proof-research	canonical	exact-duplicate	Exact byte duplicate of the canonical target; this source path is retained as provenance and no second canonical copy is created. Kind is a navigation label based on file type, path, and title; it does not upgrade evidence.
archive-by-series/20-DD-complete/strict_layer_DD_independence_audit.md	research/denominator-structure/dd-independence-audit.md	dongxuelian2/strict-layer-proof-research	canonical	exact-duplicate	Exact byte duplicate of the canonical target; this source path is retained as provenance and no second canonical copy is created. Kind is a navigation label based on file type, path, and title; it does not upgrade evidence.
archive-by-series/20-DD-complete/strict_layer_DD_orientation_recovery_campaign.md	research/denominator-structure/dd-orientation-recovery.md	dongxuelian2/strict-layer-proof-research	canonical	exact-duplicate	Exact byte duplicate of the canonical target; this source path is retained as provenance and no second canonical copy is created. Kind is a navigation label based on file type, path, and title; it does not upgrade evidence.
archive-by-series/20-DD-complete/strict_layer_DD_oriented_tail_window_campaign.md	research/denominator-structure/dd-oriented-tail-window.md	dongxuelian2/strict-layer-proof-research	canonical	exact-duplicate	Exact byte duplicate of the canonical target; this source path is retained as provenance and no second canonical copy is created. Kind is a navigation label based on file type, path, and title; it does not upgrade evidence.
archive-by-series/20-DD-complete/strict_layer_DD_post_deflation_campaign.md	research/denominator-structure/dd-post-deflation.md	dongxuelian2/strict-layer-proof-research	canonical	exact-duplicate	Exact byte duplicate of the canonical target; this source path is retained as provenance and no second canonical copy is created. Kind is a navigation label based on file type, path, and title; it does not upgrade evidence.
archive-by-series/20-DD-complete/strict_layer_DD_source_phase_information_audit.md	research/denominator-structure/dd-source-information-audit.md	dongxuelian2/strict-layer-proof-research	canonical	exact-duplicate	Exact byte duplicate of the canonical target; this source path is retained as provenance and no second canonical copy is created. Kind is a navigation label based on file type, path, and title; it does not upgrade evidence.
archive-by-series/20-DD-complete/strict_layer_DD_supply_phase_synchronization_campaign.md	research/denominator-structure/dd-supply-synchronization.md	dongxuelian2/strict-layer-proof-research	canonical	exact-duplicate	Exact byte duplicate of the canonical target; this source path is retained as provenance and no second canonical copy is created. Kind is a navigation label based on file type, path, and title; it does not upgrade evidence.
archive-by-series/30-A1-pre-J2/strict_layer_A1_RU_H_first_candidate_excess_campaign.md	research/a1/forward/archive/a1-ru-h-first-candidate-excess.md	dongxuelian2/strict-layer-proof-research	canonical	exact-duplicate	Exact byte duplicate of the canonical target; this source path is retained as provenance and no second canonical copy is created. Kind is a navigation label based on file type, path, and title; it does not upgrade evidence.
archive-by-series/30-A1-pre-J2/strict_layer_A1_SRCU_regression.py	research/archive/strict-layer-proof-research/archive-by-series/30-A1-pre-J2/strict_layer_A1_SRCU_regression.py	dongxuelian2/strict-layer-proof-research	archived	source-only	Source-only bytes preserved once at the canonical target under the frozen archive boundary; original source path remains an alias. Kind is a navigation label based on file type, path, and title; it does not upgrade evidence.
archive-by-series/30-A1-pre-J2/strict_layer_A1_SRCU_state_after_campaign.md	research/a1/state/a1-srcu-state-after.md	dongxuelian2/strict-layer-proof-research	canonical	exact-duplicate	Exact byte duplicate of the canonical target; this source path is retained as provenance and no second canonical copy is created. Kind is a navigation label based on file type, path, and title; it does not upgrade evidence.
archive-by-series/30-A1-pre-J2/strict_layer_A1_SRUS_state_after_resonance_transition_campaign.md	research/a1/forward/archive/a1-srus-state-after-resonance-transition.md	dongxuelian2/strict-layer-proof-research	canonical	exact-duplicate	Exact byte duplicate of the canonical target; this source path is retained as provenance and no second canonical copy is created. Kind is a navigation label based on file type, path, and title; it does not upgrade evidence.
archive-by-series/30-A1-pre-J2/strict_layer_A1_double_euclidean_smith_gcd_terminal_campaign.md	research/a1/forward/a1-double-euclidean-smith-gcd-terminal.md	dongxuelian2/strict-layer-proof-research	canonical	exact-duplicate	Exact byte duplicate of the canonical target; this source path is retained as provenance and no second canonical copy is created. Kind is a navigation label based on file type, path, and title; it does not upgrade evidence.
archive-by-series/30-A1-pre-J2/strict_layer_A1_double_euclidean_word_smith_terminal_campaign.md	research/a1/forward/a1-double-euclidean-word-smith-terminal.md	dongxuelian2/strict-layer-proof-research	canonical	exact-duplicate	Exact byte duplicate of the canonical target; this source path is retained as provenance and no second canonical copy is created. Kind is a navigation label based on file type, path, and title; it does not upgrade evidence.
archive-by-series/30-A1-pre-J2/strict_layer_A1_endpoint_quotient_integer_alignment_campaign.md	research/a1/forward/archive/a1-endpoint-quotient-integer-alignment.md	dongxuelian2/strict-layer-proof-research	canonical	exact-duplicate	Exact byte duplicate of the canonical target; this source path is retained as provenance and no second canonical copy is created. Kind is a navigation label based on file type, path, and title; it does not upgrade evidence.
archive-by-series/30-A1-pre-J2/strict_layer_A1_exact_mantissa_defect_quotient_campaign.md	research/a1/forward/a1-exact-mantissa-defect-quotient.md	dongxuelian2/strict-layer-proof-research	canonical	exact-duplicate	Exact byte duplicate of the canonical target; this source path is retained as provenance and no second canonical copy is created. Kind is a navigation label based on file type, path, and title; it does not upgrade evidence.
archive-by-series/30-A1-pre-J2/strict_layer_A1_exact_word_state_after_double_euclidean_campaign.md	research/a1/state/a1-exact-word-state-after-double-euclidean.md	dongxuelian2/strict-layer-proof-research	canonical	exact-duplicate	Exact byte duplicate of the canonical target; this source path is retained as provenance and no second canonical copy is created. Kind is a navigation label based on file type, path, and title; it does not upgrade evidence.
archive-by-series/30-A1-pre-J2/strict_layer_A1_flat_locus_structural_elimination_campaign.md	research/a1/forward/a1-flat-locus-structural-elimination.md	dongxuelian2/strict-layer-proof-research	canonical	exact-duplicate	Exact byte duplicate of the canonical target; this source path is retained as provenance and no second canonical copy is created. Kind is a navigation label based on file type, path, and title; it does not upgrade evidence.
archive-by-series/30-A1-pre-J2/strict_layer_A1_generic_primitive_defect_synchronization_campaign.md	research/a1/forward/a1-generic-primitive-defect-synchronization.md	dongxuelian2/strict-layer-proof-research	canonical	exact-duplicate	Exact byte duplicate of the canonical target; this source path is retained as provenance and no second canonical copy is created. Kind is a navigation label based on file type, path, and title; it does not upgrade evidence.
archive-by-series/30-A1-pre-J2/strict_layer_A1_iterated_smith_coprime_radial_exclusion_campaign.md	research/a1/forward/a1-iterated-smith-coprime-radial-exclusion.md	dongxuelian2/strict-layer-proof-research	canonical	exact-duplicate	Exact byte duplicate of the canonical target; this source path is retained as provenance and no second canonical copy is created. Kind is a navigation label based on file type, path, and title; it does not upgrade evidence.
archive-by-series/30-A1-pre-J2/strict_layer_A1_moving_core_decimal_translation_global_campaign.md	research/a1/forward/a1-moving-core-decimal-translation-global.md	dongxuelian2/strict-layer-proof-research	canonical	exact-duplicate	Exact byte duplicate of the canonical target; this source path is retained as provenance and no second canonical copy is created. Kind is a navigation label based on file type, path, and title; it does not upgrade evidence.
archive-by-series/30-A1-pre-J2/strict_layer_A1_moving_profile_coprime_integer_scale_campaign.md	research/a1/forward/a1-moving-profile-coprime-integer-scale.md	dongxuelian2/strict-layer-proof-research	canonical	exact-duplicate	Exact byte duplicate of the canonical target; this source path is retained as provenance and no second canonical copy is created. Kind is a navigation label based on file type, path, and title; it does not upgrade evidence.
archive-by-series/30-A1-pre-J2/strict_layer_A1_primitive_conic_common_U_digit_window_campaign.md	research/a1/forward/a1-primitive-conic-common-u-digit-window.md	dongxuelian2/strict-layer-proof-research	canonical	exact-duplicate	Exact byte duplicate of the canonical target; this source path is retained as provenance and no second canonical copy is created. Kind is a navigation label based on file type, path, and title; it does not upgrade evidence.
archive-by-series/30-A1-pre-J2/strict_layer_A1_radial_gate_scan.py	research/archive/strict-layer-proof-research/archive-by-series/30-A1-pre-J2/strict_layer_A1_radial_gate_scan.py	dongxuelian2/strict-layer-proof-research	archived	source-only	Source-only bytes preserved once at the canonical target under the frozen archive boundary; original source path remains an alias. Kind is a navigation label based on file type, path, and title; it does not upgrade evidence.
archive-by-series/30-A1-pre-J2/strict_layer_A1_radial_gate_scan_output.txt	research/a1/forward/computations/radial-gate-scan-output.txt	dongxuelian2/strict-layer-proof-research	canonical	source-only	Source-only bytes preserved once at the canonical target under the frozen archive boundary; original source path remains an alias. Kind is a navigation label based on file type, path, and title; it does not upgrade evidence.
archive-by-series/30-A1-pre-J2/strict_layer_A1_resonance_RGCD_overload_extinction_campaign.md	research/a1/forward/archive/a1-resonance-rgcd-overload-extinction.md	dongxuelian2/strict-layer-proof-research	canonical	exact-duplicate	Exact byte duplicate of the canonical target; this source path is retained as provenance and no second canonical copy is created. Kind is a navigation label based on file type, path, and title; it does not upgrade evidence.
archive-by-series/30-A1-pre-J2/strict_layer_A1_resonance_state_after_RGCD_campaign.md	research/a1/forward/archive/a1-resonance-state-after-rgcd.md	dongxuelian2/strict-layer-proof-research	canonical	exact-duplicate	Exact byte duplicate of the canonical target; this source path is retained as provenance and no second canonical copy is created. Kind is a navigation label based on file type, path, and title; it does not upgrade evidence.
archive-by-series/30-A1-pre-J2/strict_layer_A1_resonant_transition_reduced_fraction_unit_exclusion_campaign.md	research/a1/forward/archive/a1-resonant-transition-reduced-fraction-unit-exclusion.md	dongxuelian2/strict-layer-proof-research	canonical	exact-duplicate	Exact byte duplicate of the canonical target; this source path is retained as provenance and no second canonical copy is created. Kind is a navigation label based on file type, path, and title; it does not upgrade evidence.
archive-by-series/30-A1-pre-J2/strict_layer_A1_smith_reduced_common_U_exclusion_campaign.md	research/a1/forward/a1-smith-reduced-common-u-exclusion.md	dongxuelian2/strict-layer-proof-research	canonical	exact-duplicate	Exact byte duplicate of the canonical target; this source path is retained as provenance and no second canonical copy is created. Kind is a navigation label based on file type, path, and title; it does not upgrade evidence.
archive-by-series/30-A1-pre-J2/strict_layer_A1_unified_moving_profile_terminal_campaign.md	research/a1/forward/a1-unified-moving-profile-terminal.md	dongxuelian2/strict-layer-proof-research	canonical	exact-duplicate	Exact byte duplicate of the canonical target; this source path is retained as provenance and no second canonical copy is created. Kind is a navigation label based on file type, path, and title; it does not upgrade evidence.
archive-by-series/30-A1-pre-J2/strict_layer_A1_unified_state_after_long_campaign.md	research/a1/state/a1-unified-state-after-long.md	dongxuelian2/strict-layer-proof-research	canonical	exact-duplicate	Exact byte duplicate of the canonical target; this source path is retained as provenance and no second canonical copy is created. Kind is a navigation label based on file type, path, and title; it does not upgrade evidence.
archive-by-series/30-A1-pre-J2/strict_layer_A1_unified_terminal_checks.py	research/archive/strict-layer-proof-research/archive-by-series/30-A1-pre-J2/strict_layer_A1_unified_terminal_checks.py	dongxuelian2/strict-layer-proof-research	archived	source-only	Source-only bytes preserved once at the canonical target under the frozen archive boundary; original source path remains an alias. Kind is a navigation label based on file type, path, and title; it does not upgrade evidence.
archive-by-series/30-A1-pre-J2/strict_layer_backward_A1_2x5_decimal_synchronization_campaign.md	research/a1/backward/backward-a1-2x5-decimal-synchronization.md	dongxuelian2/strict-layer-proof-research	canonical	exact-duplicate	Exact byte duplicate of the canonical target; this source path is retained as provenance and no second canonical copy is created. Kind is a navigation label based on file type, path, and title; it does not upgrade evidence.
archive-by-series/30-A1-pre-J2/strict_layer_backward_A1_5phase_cut_synchronization_campaign.md	research/a1/backward/backward-a1-5phase-cut-synchronization.md	dongxuelian2/strict-layer-proof-research	canonical	exact-duplicate	Exact byte duplicate of the canonical target; this source path is retained as provenance and no second canonical copy is created. Kind is a navigation label based on file type, path, and title; it does not upgrade evidence.
archive-by-series/30-A1-pre-J2/strict_layer_backward_A1_common_U_pullback_primitive_radial_gluing_campaign.md	research/a1/backward/backward-a1-common-u-pullback-primitive-radial-gluing.md	dongxuelian2/strict-layer-proof-research	canonical	exact-duplicate	Exact byte duplicate of the canonical target; this source path is retained as provenance and no second canonical copy is created. Kind is a navigation label based on file type, path, and title; it does not upgrade evidence.
archive-by-series/30-A1-pre-J2/strict_layer_backward_A1_same_cut_norm_excess_campaign.md	research/a1/backward/backward-a1-same-cut-norm-excess.md	dongxuelian2/strict-layer-proof-research	canonical	exact-duplicate	Exact byte duplicate of the canonical target; this source path is retained as provenance and no second canonical copy is created. Kind is a navigation label based on file type, path, and title; it does not upgrade evidence.
archive-by-series/30-A1-pre-J2/strict_layer_backward_A1_word_recovery_architecture_campaign.md	research/a1/backward/backward-a1-word-recovery-architecture.md	dongxuelian2/strict-layer-proof-research	canonical	exact-duplicate	Exact byte duplicate of the canonical target; this source path is retained as provenance and no second canonical copy is created. Kind is a navigation label based on file type, path, and title; it does not upgrade evidence.
archive-by-series/40-A1-J2-plans-01-10/A1_J2_CQLRC8_Report.md	research/a1/j2/records/cqlrc8.md	dongxuelian2/strict-layer-proof-research	canonical	exact-duplicate	Exact byte duplicate of the canonical target; this source path is retained as provenance and no second canonical copy is created. Kind is a navigation label based on file type, path, and title; it does not upgrade evidence.
archive-by-series/40-A1-J2-plans-01-10/A1_J2_CQLRC8_certificate.txt	research/archive/strict-layer-proof-research/archive-by-series/40-A1-J2-plans-01-10/A1_J2_CQLRC8_certificate.txt	dongxuelian2/strict-layer-proof-research	archived	source-only	Source-only bytes preserved once at the canonical target under the frozen archive boundary; original source path remains an alias. Kind is a navigation label based on file type, path, and title; it does not upgrade evidence.
archive-by-series/40-A1-J2-plans-01-10/A1_J2_CQLRC8_quotient.py	research/archive/strict-layer-proof-research/archive-by-series/40-A1-J2-plans-01-10/A1_J2_CQLRC8_quotient.py	dongxuelian2/strict-layer-proof-research	archived	source-only	Source-only bytes preserved once at the canonical target under the frozen archive boundary; original source path remains an alias. Kind is a navigation label based on file type, path, and title; it does not upgrade evidence.
archive-by-series/40-A1-J2-plans-01-10/A1_J2_CQLRC8_root.py	research/archive/strict-layer-proof-research/archive-by-series/40-A1-J2-plans-01-10/A1_J2_CQLRC8_root.py	dongxuelian2/strict-layer-proof-research	archived	source-only	Source-only bytes preserved once at the canonical target under the frozen archive boundary; original source path remains an alias. Kind is a navigation label based on file type, path, and title; it does not upgrade evidence.
archive-by-series/40-A1-J2-plans-01-10/A1_J2_CQLRC8_search.py	research/archive/strict-layer-proof-research/archive-by-series/40-A1-J2-plans-01-10/A1_J2_CQLRC8_search.py	dongxuelian2/strict-layer-proof-research	archived	source-only	Source-only bytes preserved once at the canonical target under the frozen archive boundary; original source path remains an alias. Kind is a navigation label based on file type, path, and title; it does not upgrade evidence.
archive-by-series/40-A1-J2-plans-01-10/A1_J2_CQLRC8_search_certificate.txt	research/archive/strict-layer-proof-research/archive-by-series/40-A1-J2-plans-01-10/A1_J2_CQLRC8_search_certificate.txt	dongxuelian2/strict-layer-proof-research	archived	source-only	Source-only bytes preserved once at the canonical target under the frozen archive boundary; original source path remains an alias. Kind is a navigation label based on file type, path, and title; it does not upgrade evidence.
archive-by-series/40-A1-J2-plans-01-10/A1_J2_CZDR_Report.md	research/a1/j2/records/czdr.md	dongxuelian2/strict-layer-proof-research	canonical	exact-duplicate	Exact byte duplicate of the canonical target; this source path is retained as provenance and no second canonical copy is created. Kind is a navigation label based on file type, path, and title; it does not upgrade evidence.
archive-by-series/40-A1-J2-plans-01-10/A1_J2_CZDR_certificate.txt	research/archive/strict-layer-proof-research/archive-by-series/40-A1-J2-plans-01-10/A1_J2_CZDR_certificate.txt	dongxuelian2/strict-layer-proof-research	archived	source-only	Source-only bytes preserved once at the canonical target under the frozen archive boundary; original source path remains an alias. Kind is a navigation label based on file type, path, and title; it does not upgrade evidence.
archive-by-series/40-A1-J2-plans-01-10/A1_J2_CZDR_search.py	research/archive/strict-layer-proof-research/archive-by-series/40-A1-J2-plans-01-10/A1_J2_CZDR_search.py	dongxuelian2/strict-layer-proof-research	archived	source-only	Source-only bytes preserved once at the canonical target under the frozen archive boundary; original source path remains an alias. Kind is a navigation label based on file type, path, and title; it does not upgrade evidence.
archive-by-series/40-A1-J2-plans-01-10/A1_J2_DCDC5_Report.md	research/a1/j2/records/dcdc5.md	dongxuelian2/strict-layer-proof-research	canonical	exact-duplicate	Exact byte duplicate of the canonical target; this source path is retained as provenance and no second canonical copy is created. Kind is a navigation label based on file type, path, and title; it does not upgrade evidence.
archive-by-series/40-A1-J2-plans-01-10/A1_J2_DCDC5_certificate.txt	research/archive/strict-layer-proof-research/archive-by-series/40-A1-J2-plans-01-10/A1_J2_DCDC5_certificate.txt	dongxuelian2/strict-layer-proof-research	archived	source-only	Source-only bytes preserved once at the canonical target under the frozen archive boundary; original source path remains an alias. Kind is a navigation label based on file type, path, and title; it does not upgrade evidence.
archive-by-series/40-A1-J2-plans-01-10/A1_J2_DCDC5_search.py	research/archive/strict-layer-proof-research/archive-by-series/40-A1-J2-plans-01-10/A1_J2_DCDC5_search.py	dongxuelian2/strict-layer-proof-research	archived	source-only	Source-only bytes preserved once at the canonical target under the frozen archive boundary; original source path remains an alias. Kind is a navigation label based on file type, path, and title; it does not upgrade evidence.
archive-by-series/40-A1-J2-plans-01-10/A1_J2_FQTR6_L5_certificate.txt	research/archive/strict-layer-proof-research/archive-by-series/40-A1-J2-plans-01-10/A1_J2_FQTR6_L5_certificate.txt	dongxuelian2/strict-layer-proof-research	archived	source-only	Source-only bytes preserved once at the canonical target under the frozen archive boundary; original source path remains an alias. Kind is a navigation label based on file type, path, and title; it does not upgrade evidence.
archive-by-series/40-A1-J2-plans-01-10/A1_J2_FQTR6_Report.md	research/a1/j2/records/fqtr6.md	dongxuelian2/strict-layer-proof-research	canonical	exact-duplicate	Exact byte duplicate of the canonical target; this source path is retained as provenance and no second canonical copy is created. Kind is a navigation label based on file type, path, and title; it does not upgrade evidence.
archive-by-series/40-A1-J2-plans-01-10/A1_J2_FQTR6_certificate.txt	research/archive/strict-layer-proof-research/archive-by-series/40-A1-J2-plans-01-10/A1_J2_FQTR6_certificate.txt	dongxuelian2/strict-layer-proof-research	archived	source-only	Source-only bytes preserved once at the canonical target under the frozen archive boundary; original source path remains an alias. Kind is a navigation label based on file type, path, and title; it does not upgrade evidence.
archive-by-series/40-A1-J2-plans-01-10/A1_J2_FQTR6_search.py	research/archive/strict-layer-proof-research/archive-by-series/40-A1-J2-plans-01-10/A1_J2_FQTR6_search.py	dongxuelian2/strict-layer-proof-research	archived	source-only	Source-only bytes preserved once at the canonical target under the frozen archive boundary; original source path remains an alias. Kind is a navigation label based on file type, path, and title; it does not upgrade evidence.
archive-by-series/40-A1-J2-plans-01-10/A1_J2_FQTR6_symbolic.py	research/archive/strict-layer-proof-research/archive-by-series/40-A1-J2-plans-01-10/A1_J2_FQTR6_symbolic.py	dongxuelian2/strict-layer-proof-research	archived	source-only	Source-only bytes preserved once at the canonical target under the frozen archive boundary; original source path remains an alias. Kind is a navigation label based on file type, path, and title; it does not upgrade evidence.
archive-by-series/40-A1-J2-plans-01-10/A1_J2_GRFC9_Report.md	research/a1/j2/records/grfc9.md	dongxuelian2/strict-layer-proof-research	canonical	exact-duplicate	Exact byte duplicate of the canonical target; this source path is retained as provenance and no second canonical copy is created. Kind is a navigation label based on file type, path, and title; it does not upgrade evidence.
archive-by-series/40-A1-J2-plans-01-10/A1_J2_GRFC9_certificate.txt	research/archive/strict-layer-proof-research/archive-by-series/40-A1-J2-plans-01-10/A1_J2_GRFC9_certificate.txt	dongxuelian2/strict-layer-proof-research	archived	source-only	Source-only bytes preserved once at the canonical target under the frozen archive boundary; original source path remains an alias. Kind is a navigation label based on file type, path, and title; it does not upgrade evidence.
archive-by-series/40-A1-J2-plans-01-10/A1_J2_GRFC9_dependency.py	research/archive/strict-layer-proof-research/archive-by-series/40-A1-J2-plans-01-10/A1_J2_GRFC9_dependency.py	dongxuelian2/strict-layer-proof-research	archived	source-only	Source-only bytes preserved once at the canonical target under the frozen archive boundary; original source path remains an alias. Kind is a navigation label based on file type, path, and title; it does not upgrade evidence.
archive-by-series/40-A1-J2-plans-01-10/A1_J2_GRFC9_equivalence_certificate.txt	research/archive/strict-layer-proof-research/archive-by-series/40-A1-J2-plans-01-10/A1_J2_GRFC9_equivalence_certificate.txt	dongxuelian2/strict-layer-proof-research	archived	source-only	Source-only bytes preserved once at the canonical target under the frozen archive boundary; original source path remains an alias. Kind is a navigation label based on file type, path, and title; it does not upgrade evidence.
archive-by-series/40-A1-J2-plans-01-10/A1_J2_GRFC9_factor.py	research/archive/strict-layer-proof-research/archive-by-series/40-A1-J2-plans-01-10/A1_J2_GRFC9_factor.py	dongxuelian2/strict-layer-proof-research	archived	source-only	Source-only bytes preserved once at the canonical target under the frozen archive boundary; original source path remains an alias. Kind is a navigation label based on file type, path, and title; it does not upgrade evidence.
archive-by-series/40-A1-J2-plans-01-10/A1_J2_GRFC9_search.py	research/archive/strict-layer-proof-research/archive-by-series/40-A1-J2-plans-01-10/A1_J2_GRFC9_search.py	dongxuelian2/strict-layer-proof-research	archived	source-only	Source-only bytes preserved once at the canonical target under the frozen archive boundary; original source path remains an alias. Kind is a navigation label based on file type, path, and title; it does not upgrade evidence.
archive-by-series/40-A1-J2-plans-01-10/A1_J2_L2_certificate.txt	research/archive/strict-layer-proof-research/archive-by-series/40-A1-J2-plans-01-10/A1_J2_L2_certificate.txt	dongxuelian2/strict-layer-proof-research	archived	source-only	Source-only bytes preserved once at the canonical target under the frozen archive boundary; original source path remains an alias. Kind is a navigation label based on file type, path, and title; it does not upgrade evidence.
archive-by-series/40-A1-J2-plans-01-10/A1_J2_NRSEC_Report.md	research/a1/j2/records/nrsec.md	dongxuelian2/strict-layer-proof-research	canonical	exact-duplicate	Exact byte duplicate of the canonical target; this source path is retained as provenance and no second canonical copy is created. Kind is a navigation label based on file type, path, and title; it does not upgrade evidence.
archive-by-series/40-A1-J2-plans-01-10/A1_J2_NRSEC_certificate.txt	research/archive/strict-layer-proof-research/archive-by-series/40-A1-J2-plans-01-10/A1_J2_NRSEC_certificate.txt	dongxuelian2/strict-layer-proof-research	archived	source-only	Source-only bytes preserved once at the canonical target under the frozen archive boundary; original source path remains an alias. Kind is a navigation label based on file type, path, and title; it does not upgrade evidence.
archive-by-series/40-A1-J2-plans-01-10/A1_J2_NRSEC_search.py	research/archive/strict-layer-proof-research/archive-by-series/40-A1-J2-plans-01-10/A1_J2_NRSEC_search.py	dongxuelian2/strict-layer-proof-research	archived	source-only	Source-only bytes preserved once at the canonical target under the frozen archive boundary; original source path remains an alias. Kind is a navigation label based on file type, path, and title; it does not upgrade evidence.
archive-by-series/40-A1-J2-plans-01-10/A1_J2_PRCC10_Aroot.py	research/archive/strict-layer-proof-research/archive-by-series/40-A1-J2-plans-01-10/A1_J2_PRCC10_Aroot.py	dongxuelian2/strict-layer-proof-research	archived	source-only	Source-only bytes preserved once at the canonical target under the frozen archive boundary; original source path remains an alias. Kind is a navigation label based on file type, path, and title; it does not upgrade evidence.
archive-by-series/40-A1-J2-plans-01-10/A1_J2_PRCC10_CRT.py	research/archive/strict-layer-proof-research/archive-by-series/40-A1-J2-plans-01-10/A1_J2_PRCC10_CRT.py	dongxuelian2/strict-layer-proof-research	archived	source-only	Source-only bytes preserved once at the canonical target under the frozen archive boundary; original source path remains an alias. Kind is a navigation label based on file type, path, and title; it does not upgrade evidence.
archive-by-series/40-A1-J2-plans-01-10/A1_J2_PRCC10_Report.md	research/a1/j2/records/prcc10.md	dongxuelian2/strict-layer-proof-research	canonical	exact-duplicate	Exact byte duplicate of the canonical target; this source path is retained as provenance and no second canonical copy is created. Kind is a navigation label based on file type, path, and title; it does not upgrade evidence.
archive-by-series/40-A1-J2-plans-01-10/A1_J2_PRCC10_certificate.txt	research/archive/strict-layer-proof-research/archive-by-series/40-A1-J2-plans-01-10/A1_J2_PRCC10_certificate.txt	dongxuelian2/strict-layer-proof-research	archived	source-only	Source-only bytes preserved once at the canonical target under the frozen archive boundary; original source path remains an alias. Kind is a navigation label based on file type, path, and title; it does not upgrade evidence.
archive-by-series/40-A1-J2-plans-01-10/A1_J2_PRCC10_dependency.py	research/archive/strict-layer-proof-research/archive-by-series/40-A1-J2-plans-01-10/A1_J2_PRCC10_dependency.py	dongxuelian2/strict-layer-proof-research	archived	source-only	Source-only bytes preserved once at the canonical target under the frozen archive boundary; original source path remains an alias. Kind is a navigation label based on file type, path, and title; it does not upgrade evidence.
archive-by-series/40-A1-J2-plans-01-10/A1_J2_PRCC10_dependency_certificate.txt	research/archive/strict-layer-proof-research/archive-by-series/40-A1-J2-plans-01-10/A1_J2_PRCC10_dependency_certificate.txt	dongxuelian2/strict-layer-proof-research	archived	source-only	Source-only bytes preserved once at the canonical target under the frozen archive boundary; original source path remains an alias. Kind is a navigation label based on file type, path, and title; it does not upgrade evidence.
archive-by-series/40-A1-J2-plans-01-10/A1_J2_PRCC10_search.py	research/archive/strict-layer-proof-research/archive-by-series/40-A1-J2-plans-01-10/A1_J2_PRCC10_search.py	dongxuelian2/strict-layer-proof-research	archived	source-only	Source-only bytes preserved once at the canonical target under the frozen archive boundary; original source path remains an alias. Kind is a navigation label based on file type, path, and title; it does not upgrade evidence.
archive-by-series/40-A1-J2-plans-01-10/A1_J2_PRCC10_search_certificate.txt	research/archive/strict-layer-proof-research/archive-by-series/40-A1-J2-plans-01-10/A1_J2_PRCC10_search_certificate.txt	dongxuelian2/strict-layer-proof-research	archived	source-only	Source-only bytes preserved once at the canonical target under the frozen archive boundary; original source path remains an alias. Kind is a navigation label based on file type, path, and title; it does not upgrade evidence.
archive-by-series/40-A1-J2-plans-01-10/A1_J2_RCRF4_Report.md	research/a1/j2/records/rcrf4.md	dongxuelian2/strict-layer-proof-research	canonical	exact-duplicate	Exact byte duplicate of the canonical target; this source path is retained as provenance and no second canonical copy is created. Kind is a navigation label based on file type, path, and title; it does not upgrade evidence.
archive-by-series/40-A1-J2-plans-01-10/A1_J2_RCRF4_certificate.txt	research/archive/strict-layer-proof-research/archive-by-series/40-A1-J2-plans-01-10/A1_J2_RCRF4_certificate.txt	dongxuelian2/strict-layer-proof-research	archived	source-only	Source-only bytes preserved once at the canonical target under the frozen archive boundary; original source path remains an alias. Kind is a navigation label based on file type, path, and title; it does not upgrade evidence.
archive-by-series/40-A1-J2-plans-01-10/A1_J2_RCRF4_search.py	research/archive/strict-layer-proof-research/archive-by-series/40-A1-J2-plans-01-10/A1_J2_RCRF4_search.py	dongxuelian2/strict-layer-proof-research	archived	source-only	Source-only bytes preserved once at the canonical target under the frozen archive boundary; original source path remains an alias. Kind is a navigation label based on file type, path, and title; it does not upgrade evidence.
archive-by-series/40-A1-J2-plans-01-10/A1_J2_TLRC7_Report.md	research/a1/j2/records/tlrc7.md	dongxuelian2/strict-layer-proof-research	canonical	exact-duplicate	Exact byte duplicate of the canonical target; this source path is retained as provenance and no second canonical copy is created. Kind is a navigation label based on file type, path, and title; it does not upgrade evidence.
archive-by-series/40-A1-J2-plans-01-10/A1_J2_TLRC7_certificate.txt	research/archive/strict-layer-proof-research/archive-by-series/40-A1-J2-plans-01-10/A1_J2_TLRC7_certificate.txt	dongxuelian2/strict-layer-proof-research	archived	source-only	Source-only bytes preserved once at the canonical target under the frozen archive boundary; original source path remains an alias. Kind is a navigation label based on file type, path, and title; it does not upgrade evidence.
archive-by-series/40-A1-J2-plans-01-10/A1_J2_TLRC7_local.py	research/archive/strict-layer-proof-research/archive-by-series/40-A1-J2-plans-01-10/A1_J2_TLRC7_local.py	dongxuelian2/strict-layer-proof-research	archived	source-only	Source-only bytes preserved once at the canonical target under the frozen archive boundary; original source path remains an alias. Kind is a navigation label based on file type, path, and title; it does not upgrade evidence.
archive-by-series/40-A1-J2-plans-01-10/A1_J2_TLRC7_search.py	research/archive/strict-layer-proof-research/archive-by-series/40-A1-J2-plans-01-10/A1_J2_TLRC7_search.py	dongxuelian2/strict-layer-proof-research	archived	source-only	Source-only bytes preserved once at the canonical target under the frozen archive boundary; original source path remains an alias. Kind is a navigation label based on file type, path, and title; it does not upgrade evidence.
archive-by-series/40-A1-J2-plans-01-10/A1_J2_TLRC7_search_certificate.txt	research/archive/strict-layer-proof-research/archive-by-series/40-A1-J2-plans-01-10/A1_J2_TLRC7_search_certificate.txt	dongxuelian2/strict-layer-proof-research	archived	source-only	Source-only bytes preserved once at the canonical target under the frozen archive boundary; original source path remains an alias. Kind is a navigation label based on file type, path, and title; it does not upgrade evidence.
archive-by-series/40-A1-J2-plans-01-10/A1_J2_TLRC7_symbolic.py	research/archive/strict-layer-proof-research/archive-by-series/40-A1-J2-plans-01-10/A1_J2_TLRC7_symbolic.py	dongxuelian2/strict-layer-proof-research	archived	source-only	Source-only bytes preserved once at the canonical target under the frozen archive boundary; original source path remains an alias. Kind is a navigation label based on file type, path, and title; it does not upgrade evidence.
archive-by-series/50-J2-55/J2-55-R1-A-Root-Lift-Report.md	research/a1/j2/records/a-root-lift.md	dongxuelian2/strict-layer-proof-research	canonical	exact-duplicate	Exact byte duplicate of the canonical target; this source path is retained as provenance and no second canonical copy is created. Kind is a navigation label based on file type, path, and title; it does not upgrade evidence.
archive-by-series/50-J2-55/J2-55-R1-A-Root-Lift-SHA256.txt	research/archive/strict-layer-proof-research/archive-by-series/50-J2-55/J2-55-R1-A-Root-Lift-SHA256.txt	dongxuelian2/strict-layer-proof-research	archived	source-only	Source-only bytes preserved once at the canonical target under the frozen archive boundary; original source path remains an alias. Kind is a navigation label based on file type, path, and title; it does not upgrade evidence.
archive-by-series/50-J2-55/J2-55-R1-A-Root-Lift-certificate.txt	research/archive/strict-layer-proof-research/archive-by-series/50-J2-55/J2-55-R1-A-Root-Lift-certificate.txt	dongxuelian2/strict-layer-proof-research	archived	source-only	Source-only bytes preserved once at the canonical target under the frozen archive boundary; original source path remains an alias. Kind is a navigation label based on file type, path, and title; it does not upgrade evidence.
archive-by-series/50-J2-55/J2-55-R1-A-Root-Lift-symbolic.py	research/archive/strict-layer-proof-research/archive-by-series/50-J2-55/J2-55-R1-A-Root-Lift-symbolic.py	dongxuelian2/strict-layer-proof-research	archived	source-only	Source-only bytes preserved once at the canonical target under the frozen archive boundary; original source path remains an alias. Kind is a navigation label based on file type, path, and title; it does not upgrade evidence.
archive-by-series/50-J2-55/J2-55-R10-HenselEdge.py	research/archive/strict-layer-proof-research/archive-by-series/50-J2-55/J2-55-R10-HenselEdge.py	dongxuelian2/strict-layer-proof-research	archived	source-only	Source-only bytes preserved once at the canonical target under the frozen archive boundary; original source path remains an alias. Kind is a navigation label based on file type, path, and title; it does not upgrade evidence.
archive-by-series/50-J2-55/J2-55-R10-Tail-Reintegration-Third-Residual-Report.md	research/a1/j2/records/tail-reintegration-third-residual.md	dongxuelian2/strict-layer-proof-research	canonical	exact-duplicate	Exact byte duplicate of the canonical target; this source path is retained as provenance and no second canonical copy is created. Kind is a navigation label based on file type, path, and title; it does not upgrade evidence.
archive-by-series/50-J2-55/J2-55-R10-TailReintegration-symbolic.py	research/archive/strict-layer-proof-research/archive-by-series/50-J2-55/J2-55-R10-TailReintegration-symbolic.py	dongxuelian2/strict-layer-proof-research	archived	source-only	Source-only bytes preserved once at the canonical target under the frozen archive boundary; original source path remains an alias. Kind is a navigation label based on file type, path, and title; it does not upgrade evidence.
archive-by-series/50-J2-55/J2-55-R10-ThirdCore-height.py	research/archive/strict-layer-proof-research/archive-by-series/50-J2-55/J2-55-R10-ThirdCore-height.py	dongxuelian2/strict-layer-proof-research	archived	source-only	Source-only bytes preserved once at the canonical target under the frozen archive boundary; original source path remains an alias. Kind is a navigation label based on file type, path, and title; it does not upgrade evidence.
archive-by-series/50-J2-55/J2-55-R10-ThirdResidual-search.py	research/archive/strict-layer-proof-research/archive-by-series/50-J2-55/J2-55-R10-ThirdResidual-search.py	dongxuelian2/strict-layer-proof-research	archived	source-only	Source-only bytes preserved once at the canonical target under the frozen archive boundary; original source path remains an alias. Kind is a navigation label based on file type, path, and title; it does not upgrade evidence.
archive-by-series/50-J2-55/J2-55-R10-certificate.txt	research/archive/strict-layer-proof-research/archive-by-series/50-J2-55/J2-55-R10-certificate.txt	dongxuelian2/strict-layer-proof-research	archived	source-only	Source-only bytes preserved once at the canonical target under the frozen archive boundary; original source path remains an alias. Kind is a navigation label based on file type, path, and title; it does not upgrade evidence.
archive-by-series/50-J2-55/J2-55-R10-lowk-closure.py	research/archive/strict-layer-proof-research/archive-by-series/50-J2-55/J2-55-R10-lowk-closure.py	dongxuelian2/strict-layer-proof-research	archived	source-only	Source-only bytes preserved once at the canonical target under the frozen archive boundary; original source path remains an alias. Kind is a navigation label based on file type, path, and title; it does not upgrade evidence.
archive-by-series/50-J2-55/J2-55-R10-q1-reverse-closure.py	research/archive/strict-layer-proof-research/archive-by-series/50-J2-55/J2-55-R10-q1-reverse-closure.py	dongxuelian2/strict-layer-proof-research	archived	source-only	Source-only bytes preserved once at the canonical target under the frozen archive boundary; original source path remains an alias. Kind is a navigation label based on file type, path, and title; it does not upgrade evidence.
archive-by-series/50-J2-55/J2-55-R10-q1-root-conic.txt	research/archive/strict-layer-proof-research/archive-by-series/50-J2-55/J2-55-R10-q1-root-conic.txt	dongxuelian2/strict-layer-proof-research	archived	source-only	Source-only bytes preserved once at the canonical target under the frozen archive boundary; original source path remains an alias. Kind is a navigation label based on file type, path, and title; it does not upgrade evidence.
archive-by-series/50-J2-55/J2-55-R11-ConstantTerm-symbolic.py	research/archive/strict-layer-proof-research/archive-by-series/50-J2-55/J2-55-R11-ConstantTerm-symbolic.py	dongxuelian2/strict-layer-proof-research	archived	source-only	Source-only bytes preserved once at the canonical target under the frozen archive boundary; original source path remains an alias. Kind is a navigation label based on file type, path, and title; it does not upgrade evidence.
archive-by-series/50-J2-55/J2-55-R11-Deterministic-u-Decimal-Cofactor-Report.md	research/a1/j2/records/deterministic-u-decimal-cofactor.md	dongxuelian2/strict-layer-proof-research	canonical	exact-duplicate	Exact byte duplicate of the canonical target; this source path is retained as provenance and no second canonical copy is created. Kind is a navigation label based on file type, path, and title; it does not upgrade evidence.
archive-by-series/50-J2-55/J2-55-R11-GConstant-search.py	research/archive/strict-layer-proof-research/archive-by-series/50-J2-55/J2-55-R11-GConstant-search.py	dongxuelian2/strict-layer-proof-research	archived	source-only	Source-only bytes preserved once at the canonical target under the frozen archive boundary; original source path remains an alias. Kind is a navigation label based on file type, path, and title; it does not upgrade evidence.
archive-by-series/50-J2-55/J2-55-R11-HenselCyclotomic.py	research/archive/strict-layer-proof-research/archive-by-series/50-J2-55/J2-55-R11-HenselCyclotomic.py	dongxuelian2/strict-layer-proof-research	archived	source-only	Source-only bytes preserved once at the canonical target under the frozen archive boundary; original source path remains an alias. Kind is a navigation label based on file type, path, and title; it does not upgrade evidence.
archive-by-series/50-J2-55/J2-55-R11-ReverseRDescent.py	research/archive/strict-layer-proof-research/archive-by-series/50-J2-55/J2-55-R11-ReverseRDescent.py	dongxuelian2/strict-layer-proof-research	archived	source-only	Source-only bytes preserved once at the canonical target under the frozen archive boundary; original source path remains an alias. Kind is a navigation label based on file type, path, and title; it does not upgrade evidence.
archive-by-series/50-J2-55/J2-55-R11-SHA256SUMS.txt	research/archive/strict-layer-proof-research/archive-by-series/50-J2-55/J2-55-R11-SHA256SUMS.txt	dongxuelian2/strict-layer-proof-research	archived	source-only	Source-only bytes preserved once at the canonical target under the frozen archive boundary; original source path remains an alias. Kind is a navigation label based on file type, path, and title; it does not upgrade evidence.
archive-by-series/50-J2-55/J2-55-R11-certificate.txt	research/archive/strict-layer-proof-research/archive-by-series/50-J2-55/J2-55-R11-certificate.txt	dongxuelian2/strict-layer-proof-research	archived	source-only	Source-only bytes preserved once at the canonical target under the frozen archive boundary; original source path remains an alias. Kind is a navigation label based on file type, path, and title; it does not upgrade evidence.
archive-by-series/50-J2-55/J2-55-R11-execution.log	research/archive/strict-layer-proof-research/archive-by-series/50-J2-55/J2-55-R11-execution.log	dongxuelian2/strict-layer-proof-research	archived	source-only	Source-only bytes preserved once at the canonical target under the frozen archive boundary; original source path remains an alias. Kind is a navigation label based on file type, path, and title; it does not upgrade evidence.
archive-by-series/50-J2-55/J2-55-R11-q1-PrimitiveConic.py	research/archive/strict-layer-proof-research/archive-by-series/50-J2-55/J2-55-R11-q1-PrimitiveConic.py	dongxuelian2/strict-layer-proof-research	archived	source-only	Source-only bytes preserved once at the canonical target under the frozen archive boundary; original source path remains an alias. Kind is a navigation label based on file type, path, and title; it does not upgrade evidence.
archive-by-series/50-J2-55/J2-55-R11-q1-norm.txt	research/archive/strict-layer-proof-research/archive-by-series/50-J2-55/J2-55-R11-q1-norm.txt	dongxuelian2/strict-layer-proof-research	archived	source-only	Source-only bytes preserved once at the canonical target under the frozen archive boundary; original source path remains an alias. Kind is a navigation label based on file type, path, and title; it does not upgrade evidence.
archive-by-series/50-J2-55/J2-55-R12-Carry-Saturated-Root-Gaussian-Report.md	research/a1/j2/records/carry-saturated-root-gaussian.md	dongxuelian2/strict-layer-proof-research	canonical	exact-duplicate	Exact byte duplicate of the canonical target; this source path is retained as provenance and no second canonical copy is created. Kind is a navigation label based on file type, path, and title; it does not upgrade evidence.
archive-by-series/50-J2-55/J2-55-R12-Dependency-certificate.txt	research/archive/strict-layer-proof-research/archive-by-series/50-J2-55/J2-55-R12-Dependency-certificate.txt	dongxuelian2/strict-layer-proof-research	archived	source-only	Source-only bytes preserved once at the canonical target under the frozen archive boundary; original source path remains an alias. Kind is a navigation label based on file type, path, and title; it does not upgrade evidence.
archive-by-series/50-J2-55/J2-55-R12-HenselRootSplice.py	research/archive/strict-layer-proof-research/archive-by-series/50-J2-55/J2-55-R12-HenselRootSplice.py	dongxuelian2/strict-layer-proof-research	archived	source-only	Source-only bytes preserved once at the canonical target under the frozen archive boundary; original source path remains an alias. Kind is a navigation label based on file type, path, and title; it does not upgrade evidence.
archive-by-series/50-J2-55/J2-55-R12-PowerTenRoot.py	research/archive/strict-layer-proof-research/archive-by-series/50-J2-55/J2-55-R12-PowerTenRoot.py	dongxuelian2/strict-layer-proof-research	archived	source-only	Source-only bytes preserved once at the canonical target under the frozen archive boundary; original source path remains an alias. Kind is a navigation label based on file type, path, and title; it does not upgrade evidence.
archive-by-series/50-J2-55/J2-55-R12-PrimitiveSupport.py	research/archive/strict-layer-proof-research/archive-by-series/50-J2-55/J2-55-R12-PrimitiveSupport.py	dongxuelian2/strict-layer-proof-research	archived	source-only	Source-only bytes preserved once at the canonical target under the frozen archive boundary; original source path remains an alias. Kind is a navigation label based on file type, path, and title; it does not upgrade evidence.
archive-by-series/50-J2-55/J2-55-R12-ReverseRootPolynomial.py	research/archive/strict-layer-proof-research/archive-by-series/50-J2-55/J2-55-R12-ReverseRootPolynomial.py	dongxuelian2/strict-layer-proof-research	archived	source-only	Source-only bytes preserved once at the canonical target under the frozen archive boundary; original source path remains an alias. Kind is a navigation label based on file type, path, and title; it does not upgrade evidence.
archive-by-series/50-J2-55/J2-55-R12-RootSaturation-full-derivation.py	research/archive/strict-layer-proof-research/archive-by-series/50-J2-55/J2-55-R12-RootSaturation-full-derivation.py	dongxuelian2/strict-layer-proof-research	archived	source-only	Source-only bytes preserved once at the canonical target under the frozen archive boundary; original source path remains an alias. Kind is a navigation label based on file type, path, and title; it does not upgrade evidence.
archive-by-series/50-J2-55/J2-55-R12-RootSaturation-symbolic.py	research/archive/strict-layer-proof-research/archive-by-series/50-J2-55/J2-55-R12-RootSaturation-symbolic.py	dongxuelian2/strict-layer-proof-research	archived	source-only	Source-only bytes preserved once at the canonical target under the frozen archive boundary; original source path remains an alias. Kind is a navigation label based on file type, path, and title; it does not upgrade evidence.
archive-by-series/50-J2-55/J2-55-R12-artifacts.zip	research/archive/strict-layer-proof-research/archive-by-series/50-J2-55/J2-55-R12-artifacts.zip	dongxuelian2/strict-layer-proof-research	archived	source-only	Source-only bytes preserved once at the canonical target under the frozen archive boundary; original source path remains an alias. Kind is a navigation label based on file type, path, and title; it does not upgrade evidence.
archive-by-series/50-J2-55/J2-55-R12-certificate.txt	research/archive/strict-layer-proof-research/archive-by-series/50-J2-55/J2-55-R12-certificate.txt	dongxuelian2/strict-layer-proof-research	archived	source-only	Source-only bytes preserved once at the canonical target under the frozen archive boundary; original source path remains an alias. Kind is a navigation label based on file type, path, and title; it does not upgrade evidence.
archive-by-series/50-J2-55/J2-55-R12-execution.log	research/archive/strict-layer-proof-research/archive-by-series/50-J2-55/J2-55-R12-execution.log	dongxuelian2/strict-layer-proof-research	archived	source-only	Source-only bytes preserved once at the canonical target under the frozen archive boundary; original source path remains an alias. Kind is a navigation label based on file type, path, and title; it does not upgrade evidence.
archive-by-series/50-J2-55/J2-55-R12-q1-GaussianSupport.py	research/archive/strict-layer-proof-research/archive-by-series/50-J2-55/J2-55-R12-q1-GaussianSupport.py	dongxuelian2/strict-layer-proof-research	archived	source-only	Source-only bytes preserved once at the canonical target under the frozen archive boundary; original source path remains an alias. Kind is a navigation label based on file type, path, and title; it does not upgrade evidence.
archive-by-series/50-J2-55/J2-55-R13-GammaValuation.py	research/archive/strict-layer-proof-research/archive-by-series/50-J2-55/J2-55-R13-GammaValuation.py	dongxuelian2/strict-layer-proof-research	archived	source-only	Source-only bytes preserved once at the canonical target under the frozen archive boundary; original source path remains an alias. Kind is a navigation label based on file type, path, and title; it does not upgrade evidence.
archive-by-series/50-J2-55/J2-55-R13-Independent-Root-Coefficient-Gaussian-Report.md	research/a1/j2/records/independent-root-coefficient-gaussian.md	dongxuelian2/strict-layer-proof-research	canonical	exact-duplicate	Exact byte duplicate of the canonical target; this source path is retained as provenance and no second canonical copy is created. Kind is a navigation label based on file type, path, and title; it does not upgrade evidence.
archive-by-series/50-J2-55/J2-55-R13-NewtonRoot.py	research/archive/strict-layer-proof-research/archive-by-series/50-J2-55/J2-55-R13-NewtonRoot.py	dongxuelian2/strict-layer-proof-research	archived	source-only	Source-only bytes preserved once at the canonical target under the frozen archive boundary; original source path remains an alias. Kind is a navigation label based on file type, path, and title; it does not upgrade evidence.
archive-by-series/50-J2-55/J2-55-R13-RootCoefficient-symbolic.py	research/archive/strict-layer-proof-research/archive-by-series/50-J2-55/J2-55-R13-RootCoefficient-symbolic.py	dongxuelian2/strict-layer-proof-research	archived	source-only	Source-only bytes preserved once at the canonical target under the frozen archive boundary; original source path remains an alias. Kind is a navigation label based on file type, path, and title; it does not upgrade evidence.
archive-by-series/50-J2-55/J2-55-R13-artifacts.zip	research/archive/strict-layer-proof-research/archive-by-series/50-J2-55/J2-55-R13-artifacts.zip	dongxuelian2/strict-layer-proof-research	archived	source-only	Source-only bytes preserved once at the canonical target under the frozen archive boundary; original source path remains an alias. Kind is a navigation label based on file type, path, and title; it does not upgrade evidence.
archive-by-series/50-J2-55/J2-55-R13-certificate.txt	research/archive/strict-layer-proof-research/archive-by-series/50-J2-55/J2-55-R13-certificate.txt	dongxuelian2/strict-layer-proof-research	archived	source-only	Source-only bytes preserved once at the canonical target under the frozen archive boundary; original source path remains an alias. Kind is a navigation label based on file type, path, and title; it does not upgrade evidence.
archive-by-series/50-J2-55/J2-55-R13-q1-GaussianRadical.py	research/archive/strict-layer-proof-research/archive-by-series/50-J2-55/J2-55-R13-q1-GaussianRadical.py	dongxuelian2/strict-layer-proof-research	archived	source-only	Source-only bytes preserved once at the canonical target under the frozen archive boundary; original source path remains an alias. Kind is a navigation label based on file type, path, and title; it does not upgrade evidence.
archive-by-series/50-J2-55/J2-55-R14-Carry-NextBit-Gaussian-SecondLift-Report.md	research/a1/j2/records/carry-nextbit-gaussian-secondlift.md	dongxuelian2/strict-layer-proof-research	canonical	exact-duplicate	Exact byte duplicate of the canonical target; this source path is retained as provenance and no second canonical copy is created. Kind is a navigation label based on file type, path, and title; it does not upgrade evidence.
archive-by-series/50-J2-55/J2-55-R14-FrozenRootPolynomials.py	research/archive/strict-layer-proof-research/archive-by-series/50-J2-55/J2-55-R14-FrozenRootPolynomials.py	dongxuelian2/strict-layer-proof-research	archived	source-only	Source-only bytes preserved once at the canonical target under the frozen archive boundary; original source path remains an alias. Kind is a navigation label based on file type, path, and title; it does not upgrade evidence.
archive-by-series/50-J2-55/J2-55-R14-GammaNextBit.py	research/archive/strict-layer-proof-research/archive-by-series/50-J2-55/J2-55-R14-GammaNextBit.py	dongxuelian2/strict-layer-proof-research	archived	source-only	Source-only bytes preserved once at the canonical target under the frozen archive boundary; original source path remains an alias. Kind is a navigation label based on file type, path, and title; it does not upgrade evidence.
archive-by-series/50-J2-55/J2-55-R14-ReverseBitClosure.py	research/archive/strict-layer-proof-research/archive-by-series/50-J2-55/J2-55-R14-ReverseBitClosure.py	dongxuelian2/strict-layer-proof-research	archived	source-only	Source-only bytes preserved once at the canonical target under the frozen archive boundary; original source path remains an alias. Kind is a navigation label based on file type, path, and title; it does not upgrade evidence.
archive-by-series/50-J2-55/J2-55-R14-certificate.txt	research/archive/strict-layer-proof-research/archive-by-series/50-J2-55/J2-55-R14-certificate.txt	dongxuelian2/strict-layer-proof-research	archived	source-only	Source-only bytes preserved once at the canonical target under the frozen archive boundary; original source path remains an alias. Kind is a navigation label based on file type, path, and title; it does not upgrade evidence.
archive-by-series/50-J2-55/J2-55-R14-q1-NegativeBranch.py	research/archive/strict-layer-proof-research/archive-by-series/50-J2-55/J2-55-R14-q1-NegativeBranch.py	dongxuelian2/strict-layer-proof-research	archived	source-only	Source-only bytes preserved once at the canonical target under the frozen archive boundary; original source path remains an alias. Kind is a navigation label based on file type, path, and title; it does not upgrade evidence.
archive-by-series/50-J2-55/J2-55-R14-q1-SecondSupportLift.py	research/archive/strict-layer-proof-research/archive-by-series/50-J2-55/J2-55-R14-q1-SecondSupportLift.py	dongxuelian2/strict-layer-proof-research	archived	source-only	Source-only bytes preserved once at the canonical target under the frozen archive boundary; original source path remains an alias. Kind is a navigation label based on file type, path, and title; it does not upgrade evidence.
archive-by-series/50-J2-55/J2-55-R15-Spliced-Factor-2Adic-NegativeConic-Report.md	research/a1/j2/records/spliced-factor-2adic-negativeconic.md	dongxuelian2/strict-layer-proof-research	canonical	exact-duplicate	Exact byte duplicate of the canonical target; this source path is retained as provenance and no second canonical copy is created. Kind is a navigation label based on file type, path, and title; it does not upgrade evidence.
archive-by-series/50-J2-55/J2-55-R15-artifacts.zip	research/archive/strict-layer-proof-research/archive-by-series/50-J2-55/J2-55-R15-artifacts.zip	dongxuelian2/strict-layer-proof-research	archived	source-only	Source-only bytes preserved once at the canonical target under the frozen archive boundary; original source path remains an alias. Kind is a navigation label based on file type, path, and title; it does not upgrade evidence.
archive-by-series/50-J2-55/J2-55-R15-certificate.txt	research/archive/strict-layer-proof-research/archive-by-series/50-J2-55/J2-55-R15-certificate.txt	dongxuelian2/strict-layer-proof-research	archived	source-only	Source-only bytes preserved once at the canonical target under the frozen archive boundary; original source path remains an alias. Kind is a navigation label based on file type, path, and title; it does not upgrade evidence.
archive-by-series/50-J2-55/J2-55-R2-USquare-Carry-Collision-Report.md	research/a1/j2/records/usquare-carry-collision.md	dongxuelian2/strict-layer-proof-research	canonical	exact-duplicate	Exact byte duplicate of the canonical target; this source path is retained as provenance and no second canonical copy is created. Kind is a navigation label based on file type, path, and title; it does not upgrade evidence.
archive-by-series/50-J2-55/J2-55-R2-USquare-certificate.txt	research/archive/strict-layer-proof-research/archive-by-series/50-J2-55/J2-55-R2-USquare-certificate.txt	dongxuelian2/strict-layer-proof-research	archived	source-only	Source-only bytes preserved once at the canonical target under the frozen archive boundary; original source path remains an alias. Kind is a navigation label based on file type, path, and title; it does not upgrade evidence.
archive-by-series/50-J2-55/J2-55-R2-USquare-search-certificate.txt	research/archive/strict-layer-proof-research/archive-by-series/50-J2-55/J2-55-R2-USquare-search-certificate.txt	dongxuelian2/strict-layer-proof-research	archived	source-only	Source-only bytes preserved once at the canonical target under the frozen archive boundary; original source path remains an alias. Kind is a navigation label based on file type, path, and title; it does not upgrade evidence.
archive-by-series/50-J2-55/J2-55-R2-USquare-search.py	research/archive/strict-layer-proof-research/archive-by-series/50-J2-55/J2-55-R2-USquare-search.py	dongxuelian2/strict-layer-proof-research	archived	source-only	Source-only bytes preserved once at the canonical target under the frozen archive boundary; original source path remains an alias. Kind is a navigation label based on file type, path, and title; it does not upgrade evidence.
archive-by-series/50-J2-55/J2-55-R2-USquare-symbolic.py	research/archive/strict-layer-proof-research/archive-by-series/50-J2-55/J2-55-R2-USquare-symbolic.py	dongxuelian2/strict-layer-proof-research	archived	source-only	Source-only bytes preserved once at the canonical target under the frozen archive boundary; original source path remains an alias. Kind is a navigation label based on file type, path, and title; it does not upgrade evidence.
archive-by-series/50-J2-55/J2-55-R3-Decimal-Residual-Collision-Report.md	research/a1/j2/records/decimal-residual-collision.md	dongxuelian2/strict-layer-proof-research	canonical	exact-duplicate	Exact byte duplicate of the canonical target; this source path is retained as provenance and no second canonical copy is created. Kind is a navigation label based on file type, path, and title; it does not upgrade evidence.
archive-by-series/50-J2-55/J2-55-R3-DecimalResidual-certificate.txt	research/archive/strict-layer-proof-research/archive-by-series/50-J2-55/J2-55-R3-DecimalResidual-certificate.txt	dongxuelian2/strict-layer-proof-research	archived	source-only	Source-only bytes preserved once at the canonical target under the frozen archive boundary; original source path remains an alias. Kind is a navigation label based on file type, path, and title; it does not upgrade evidence.
archive-by-series/50-J2-55/J2-55-R3-DecimalResidual-search-certificate.txt	research/archive/strict-layer-proof-research/archive-by-series/50-J2-55/J2-55-R3-DecimalResidual-search-certificate.txt	dongxuelian2/strict-layer-proof-research	archived	source-only	Source-only bytes preserved once at the canonical target under the frozen archive boundary; original source path remains an alias. Kind is a navigation label based on file type, path, and title; it does not upgrade evidence.
archive-by-series/50-J2-55/J2-55-R3-DecimalResidual-search.py	research/archive/strict-layer-proof-research/archive-by-series/50-J2-55/J2-55-R3-DecimalResidual-search.py	dongxuelian2/strict-layer-proof-research	archived	source-only	Source-only bytes preserved once at the canonical target under the frozen archive boundary; original source path remains an alias. Kind is a navigation label based on file type, path, and title; it does not upgrade evidence.
archive-by-series/50-J2-55/J2-55-R3-DecimalResidual-symbolic.py	research/archive/strict-layer-proof-research/archive-by-series/50-J2-55/J2-55-R3-DecimalResidual-symbolic.py	dongxuelian2/strict-layer-proof-research	archived	source-only	Source-only bytes preserved once at the canonical target under the frozen archive boundary; original source path remains an alias. Kind is a navigation label based on file type, path, and title; it does not upgrade evidence.
archive-by-series/50-J2-55/J2-55-R4-Complementary-Factor-Euclidean-Report.md	research/a1/j2/records/complementary-factor-euclidean.md	dongxuelian2/strict-layer-proof-research	canonical	exact-duplicate	Exact byte duplicate of the canonical target; this source path is retained as provenance and no second canonical copy is created. Kind is a navigation label based on file type, path, and title; it does not upgrade evidence.
archive-by-series/50-J2-55/J2-55-R4-EuclideanDefect-certificate.txt	research/archive/strict-layer-proof-research/archive-by-series/50-J2-55/J2-55-R4-EuclideanDefect-certificate.txt	dongxuelian2/strict-layer-proof-research	archived	source-only	Source-only bytes preserved once at the canonical target under the frozen archive boundary; original source path remains an alias. Kind is a navigation label based on file type, path, and title; it does not upgrade evidence.
archive-by-series/50-J2-55/J2-55-R4-EuclideanDefect-search-certificate.txt	research/archive/strict-layer-proof-research/archive-by-series/50-J2-55/J2-55-R4-EuclideanDefect-search-certificate.txt	dongxuelian2/strict-layer-proof-research	archived	source-only	Source-only bytes preserved once at the canonical target under the frozen archive boundary; original source path remains an alias. Kind is a navigation label based on file type, path, and title; it does not upgrade evidence.
archive-by-series/50-J2-55/J2-55-R4-EuclideanDefect-search.py	research/archive/strict-layer-proof-research/archive-by-series/50-J2-55/J2-55-R4-EuclideanDefect-search.py	dongxuelian2/strict-layer-proof-research	archived	source-only	Source-only bytes preserved once at the canonical target under the frozen archive boundary; original source path remains an alias. Kind is a navigation label based on file type, path, and title; it does not upgrade evidence.
archive-by-series/50-J2-55/J2-55-R4-EuclideanDefect-symbolic.py	research/archive/strict-layer-proof-research/archive-by-series/50-J2-55/J2-55-R4-EuclideanDefect-symbolic.py	dongxuelian2/strict-layer-proof-research	archived	source-only	Source-only bytes preserved once at the canonical target under the frozen archive boundary; original source path remains an alias. Kind is a navigation label based on file type, path, and title; it does not upgrade evidence.
archive-by-series/50-J2-55/J2-55-R4-SHA256.txt	research/archive/strict-layer-proof-research/archive-by-series/50-J2-55/J2-55-R4-SHA256.txt	dongxuelian2/strict-layer-proof-research	archived	source-only	Source-only bytes preserved once at the canonical target under the frozen archive boundary; original source path remains an alias. Kind is a navigation label based on file type, path, and title; it does not upgrade evidence.
archive-by-series/50-J2-55/J2-55-R5-Linearized-Residual-Predicted-Root-Report.md	research/a1/j2/records/linearized-residual-predicted-root.md	dongxuelian2/strict-layer-proof-research	canonical	exact-duplicate	Exact byte duplicate of the canonical target; this source path is retained as provenance and no second canonical copy is created. Kind is a navigation label based on file type, path, and title; it does not upgrade evidence.
archive-by-series/50-J2-55/J2-55-R5-LinearizedResidual-certificate.txt	research/archive/strict-layer-proof-research/archive-by-series/50-J2-55/J2-55-R5-LinearizedResidual-certificate.txt	dongxuelian2/strict-layer-proof-research	archived	source-only	Source-only bytes preserved once at the canonical target under the frozen archive boundary; original source path remains an alias. Kind is a navigation label based on file type, path, and title; it does not upgrade evidence.
archive-by-series/50-J2-55/J2-55-R5-LinearizedResidual-search-certificate.txt	research/archive/strict-layer-proof-research/archive-by-series/50-J2-55/J2-55-R5-LinearizedResidual-search-certificate.txt	dongxuelian2/strict-layer-proof-research	archived	source-only	Source-only bytes preserved once at the canonical target under the frozen archive boundary; original source path remains an alias. Kind is a navigation label based on file type, path, and title; it does not upgrade evidence.
archive-by-series/50-J2-55/J2-55-R5-LinearizedResidual-search.py	research/archive/strict-layer-proof-research/archive-by-series/50-J2-55/J2-55-R5-LinearizedResidual-search.py	dongxuelian2/strict-layer-proof-research	archived	source-only	Source-only bytes preserved once at the canonical target under the frozen archive boundary; original source path remains an alias. Kind is a navigation label based on file type, path, and title; it does not upgrade evidence.
archive-by-series/50-J2-55/J2-55-R5-LinearizedResidual-symbolic.py	research/archive/strict-layer-proof-research/archive-by-series/50-J2-55/J2-55-R5-LinearizedResidual-symbolic.py	dongxuelian2/strict-layer-proof-research	archived	source-only	Source-only bytes preserved once at the canonical target under the frozen archive boundary; original source path remains an alias. Kind is a navigation label based on file type, path, and title; it does not upgrade evidence.
archive-by-series/50-J2-55/J2-55-R6-DefectResidue-search.py	research/archive/strict-layer-proof-research/archive-by-series/50-J2-55/J2-55-R6-DefectResidue-search.py	dongxuelian2/strict-layer-proof-research	archived	source-only	Source-only bytes preserved once at the canonical target under the frozen archive boundary; original source path remains an alias. Kind is a navigation label based on file type, path, and title; it does not upgrade evidence.
archive-by-series/50-J2-55/J2-55-R6-Euclidean-Quotient-Defect-Report.md	research/a1/j2/records/euclidean-quotient-defect.md	dongxuelian2/strict-layer-proof-research	canonical	exact-duplicate	Exact byte duplicate of the canonical target; this source path is retained as provenance and no second canonical copy is created. Kind is a navigation label based on file type, path, and title; it does not upgrade evidence.
archive-by-series/50-J2-55/J2-55-R6-EuclideanQuotient-symbolic.py	research/archive/strict-layer-proof-research/archive-by-series/50-J2-55/J2-55-R6-EuclideanQuotient-symbolic.py	dongxuelian2/strict-layer-proof-research	archived	source-only	Source-only bytes preserved once at the canonical target under the frozen archive boundary; original source path remains an alias. Kind is a navigation label based on file type, path, and title; it does not upgrade evidence.
archive-by-series/50-J2-55/J2-55-R6-QuotientLift.py	research/archive/strict-layer-proof-research/archive-by-series/50-J2-55/J2-55-R6-QuotientLift.py	dongxuelian2/strict-layer-proof-research	archived	source-only	Source-only bytes preserved once at the canonical target under the frozen archive boundary; original source path remains an alias. Kind is a navigation label based on file type, path, and title; it does not upgrade evidence.
archive-by-series/50-J2-55/J2-55-R6-certificate.txt	research/archive/strict-layer-proof-research/archive-by-series/50-J2-55/J2-55-R6-certificate.txt	dongxuelian2/strict-layer-proof-research	archived	source-only	Source-only bytes preserved once at the canonical target under the frozen archive boundary; original source path remains an alias. Kind is a navigation label based on file type, path, and title; it does not upgrade evidence.
archive-by-series/50-J2-55/J2-55-R6-lowk-types.py	research/archive/strict-layer-proof-research/archive-by-series/50-J2-55/J2-55-R6-lowk-types.py	dongxuelian2/strict-layer-proof-research	archived	source-only	Source-only bytes preserved once at the canonical target under the frozen archive boundary; original source path remains an alias. Kind is a navigation label based on file type, path, and title; it does not upgrade evidence.
archive-by-series/50-J2-55/J2-55-R7-CarryIndex-QDescent-Report.md	research/a1/j2/records/carryindex-qdescent.md	dongxuelian2/strict-layer-proof-research	canonical	exact-duplicate	Exact byte duplicate of the canonical target; this source path is retained as provenance and no second canonical copy is created. Kind is a navigation label based on file type, path, and title; it does not upgrade evidence.
archive-by-series/50-J2-55/J2-55-R7-CarryIndex-symbolic.py	research/archive/strict-layer-proof-research/archive-by-series/50-J2-55/J2-55-R7-CarryIndex-symbolic.py	dongxuelian2/strict-layer-proof-research	archived	source-only	Source-only bytes preserved once at the canonical target under the frozen archive boundary; original source path remains an alias. Kind is a navigation label based on file type, path, and title; it does not upgrade evidence.
archive-by-series/50-J2-55/J2-55-R7-QDescent-search.py	research/archive/strict-layer-proof-research/archive-by-series/50-J2-55/J2-55-R7-QDescent-search.py	dongxuelian2/strict-layer-proof-research	archived	source-only	Source-only bytes preserved once at the canonical target under the frozen archive boundary; original source path remains an alias. Kind is a navigation label based on file type, path, and title; it does not upgrade evidence.
archive-by-series/50-J2-55/J2-55-R7-certificate.txt	research/archive/strict-layer-proof-research/archive-by-series/50-J2-55/J2-55-R7-certificate.txt	dongxuelian2/strict-layer-proof-research	archived	source-only	Source-only bytes preserved once at the canonical target under the frozen archive boundary; original source path remains an alias. Kind is a navigation label based on file type, path, and title; it does not upgrade evidence.
archive-by-series/50-J2-55/J2-55-R7-lowk-descent.py	research/archive/strict-layer-proof-research/archive-by-series/50-J2-55/J2-55-R7-lowk-descent.py	dongxuelian2/strict-layer-proof-research	archived	source-only	Source-only bytes preserved once at the canonical target under the frozen archive boundary; original source path remains an alias. Kind is a navigation label based on file type, path, and title; it does not upgrade evidence.
archive-by-series/50-J2-55/J2-55-R8-DecimalCore-symbolic.py	research/archive/strict-layer-proof-research/archive-by-series/50-J2-55/J2-55-R8-DecimalCore-symbolic.py	dongxuelian2/strict-layer-proof-research	archived	source-only	Source-only bytes preserved once at the canonical target under the frozen archive boundary; original source path remains an alias. Kind is a navigation label based on file type, path, and title; it does not upgrade evidence.
archive-by-series/50-J2-55/J2-55-R8-Unstable-Decimal-Core-Report.md	research/a1/j2/records/unstable-decimal-core.md	dongxuelian2/strict-layer-proof-research	canonical	exact-duplicate	Exact byte duplicate of the canonical target; this source path is retained as provenance and no second canonical copy is created. Kind is a navigation label based on file type, path, and title; it does not upgrade evidence.
archive-by-series/50-J2-55/J2-55-R8-UnstableResidual-search.py	research/archive/strict-layer-proof-research/archive-by-series/50-J2-55/J2-55-R8-UnstableResidual-search.py	dongxuelian2/strict-layer-proof-research	archived	source-only	Source-only bytes preserved once at the canonical target under the frozen archive boundary; original source path remains an alias. Kind is a navigation label based on file type, path, and title; it does not upgrade evidence.
archive-by-series/50-J2-55/J2-55-R8-certificate.txt	research/archive/strict-layer-proof-research/archive-by-series/50-J2-55/J2-55-R8-certificate.txt	dongxuelian2/strict-layer-proof-research	archived	source-only	Source-only bytes preserved once at the canonical target under the frozen archive boundary; original source path remains an alias. Kind is a navigation label based on file type, path, and title; it does not upgrade evidence.
archive-by-series/50-J2-55/J2-55-R8-lowk-DTF.py	research/archive/strict-layer-proof-research/archive-by-series/50-J2-55/J2-55-R8-lowk-DTF.py	dongxuelian2/strict-layer-proof-research	archived	source-only	Source-only bytes preserved once at the canonical target under the frozen archive boundary; original source path remains an alias. Kind is a navigation label based on file type, path, and title; it does not upgrade evidence.
archive-by-series/50-J2-55/J2-55-R8-q1-boundary.py	research/archive/strict-layer-proof-research/archive-by-series/50-J2-55/J2-55-R8-q1-boundary.py	dongxuelian2/strict-layer-proof-research	archived	source-only	Source-only bytes preserved once at the canonical target under the frozen archive boundary; original source path remains an alias. Kind is a navigation label based on file type, path, and title; it does not upgrade evidence.
archive-by-series/50-J2-55/J2-55-R9-Normalized-Tail-Carry-Coupling-Report.md	research/a1/j2/records/normalized-tail-carry-coupling.md	dongxuelian2/strict-layer-proof-research	canonical	exact-duplicate	Exact byte duplicate of the canonical target; this source path is retained as provenance and no second canonical copy is created. Kind is a navigation label based on file type, path, and title; it does not upgrade evidence.
archive-by-series/50-J2-55/J2-55-R9-NormalizedCoupling-search.py	research/archive/strict-layer-proof-research/archive-by-series/50-J2-55/J2-55-R9-NormalizedCoupling-search.py	dongxuelian2/strict-layer-proof-research	archived	source-only	Source-only bytes preserved once at the canonical target under the frozen archive boundary; original source path remains an alias. Kind is a navigation label based on file type, path, and title; it does not upgrade evidence.
archive-by-series/50-J2-55/J2-55-R9-NormalizedCoupling-symbolic.py	research/archive/strict-layer-proof-research/archive-by-series/50-J2-55/J2-55-R9-NormalizedCoupling-symbolic.py	dongxuelian2/strict-layer-proof-research	archived	source-only	Source-only bytes preserved once at the canonical target under the frozen archive boundary; original source path remains an alias. Kind is a navigation label based on file type, path, and title; it does not upgrade evidence.
archive-by-series/50-J2-55/J2-55-R9-ReverseResidue-audit.py	research/archive/strict-layer-proof-research/archive-by-series/50-J2-55/J2-55-R9-ReverseResidue-audit.py	dongxuelian2/strict-layer-proof-research	archived	source-only	Source-only bytes preserved once at the canonical target under the frozen archive boundary; original source path remains an alias. Kind is a navigation label based on file type, path, and title; it does not upgrade evidence.
archive-by-series/50-J2-55/J2-55-R9-certificate.txt	research/archive/strict-layer-proof-research/archive-by-series/50-J2-55/J2-55-R9-certificate.txt	dongxuelian2/strict-layer-proof-research	archived	source-only	Source-only bytes preserved once at the canonical target under the frozen archive boundary; original source path remains an alias. Kind is a navigation label based on file type, path, and title; it does not upgrade evidence.
archive-by-series/50-J2-55/J2-55-R9-lowk-normalized.py	research/archive/strict-layer-proof-research/archive-by-series/50-J2-55/J2-55-R9-lowk-normalized.py	dongxuelian2/strict-layer-proof-research	archived	source-only	Source-only bytes preserved once at the canonical target under the frozen archive boundary; original source path remains an alias. Kind is a navigation label based on file type, path, and title; it does not upgrade evidence.
archive-by-series/50-J2-55/J2-55-R9-q1-reverse.py	research/archive/strict-layer-proof-research/archive-by-series/50-J2-55/J2-55-R9-q1-reverse.py	dongxuelian2/strict-layer-proof-research	archived	source-only	Source-only bytes preserved once at the canonical target under the frozen archive boundary; original source path remains an alias. Kind is a navigation label based on file type, path, and title; it does not upgrade evidence.
archive-by-series/60-J2-65/J2-65-R1-DependencyDAG.py	research/archive/strict-layer-proof-research/archive-by-series/60-J2-65/J2-65-R1-DependencyDAG.py	dongxuelian2/strict-layer-proof-research	archived	source-only	Source-only bytes preserved once at the canonical target under the frozen archive boundary; original source path remains an alias. Kind is a navigation label based on file type, path, and title; it does not upgrade evidence.
archive-by-series/60-J2-65/J2-65-R1-JParametric-Unimodular-Skeleton-Report.md	research/a1/j2/records/jparametric-unimodular-skeleton.md	dongxuelian2/strict-layer-proof-research	canonical	exact-duplicate	Exact byte duplicate of the canonical target; this source path is retained as provenance and no second canonical copy is created. Kind is a navigation label based on file type, path, and title; it does not upgrade evidence.
archive-by-series/60-J2-65/J2-65-R1-UnimodularSkeleton-symbolic.py	research/archive/strict-layer-proof-research/archive-by-series/60-J2-65/J2-65-R1-UnimodularSkeleton-symbolic.py	dongxuelian2/strict-layer-proof-research	archived	source-only	Source-only bytes preserved once at the canonical target under the frozen archive boundary; original source path remains an alias. Kind is a navigation label based on file type, path, and title; it does not upgrade evidence.
archive-by-series/60-J2-65/J2-65-R1-certificate.txt	research/archive/strict-layer-proof-research/archive-by-series/60-J2-65/J2-65-R1-certificate.txt	dongxuelian2/strict-layer-proof-research	archived	source-only	Source-only bytes preserved once at the canonical target under the frozen archive boundary; original source path remains an alias. Kind is a navigation label based on file type, path, and title; it does not upgrade evidence.
archive-by-series/60-J2-65/J2-65-R1-execution.log	research/archive/strict-layer-proof-research/archive-by-series/60-J2-65/J2-65-R1-execution.log	dongxuelian2/strict-layer-proof-research	archived	source-only	Source-only bytes preserved once at the canonical target under the frozen archive boundary; original source path remains an alias. Kind is a navigation label based on file type, path, and title; it does not upgrade evidence.
archive-by-series/60-J2-65/J2-65-R10-Gaussian-Hermitian-Det2-Report.md	research/a1/j2/records/gaussian-hermitian-det2.md	dongxuelian2/strict-layer-proof-research	canonical	exact-duplicate	Exact byte duplicate of the canonical target; this source path is retained as provenance and no second canonical copy is created. Kind is a navigation label based on file type, path, and title; it does not upgrade evidence.
archive-by-series/60-J2-65/J2-65-R10-artifacts.zip	research/archive/strict-layer-proof-research/archive-by-series/60-J2-65/J2-65-R10-artifacts.zip	dongxuelian2/strict-layer-proof-research	archived	source-only	Source-only bytes preserved once at the canonical target under the frozen archive boundary; original source path remains an alias. Kind is a navigation label based on file type, path, and title; it does not upgrade evidence.
archive-by-series/60-J2-65/J2-65-R10-certificate.txt	research/archive/strict-layer-proof-research/archive-by-series/60-J2-65/J2-65-R10-certificate.txt	dongxuelian2/strict-layer-proof-research	archived	source-only	Source-only bytes preserved once at the canonical target under the frozen archive boundary; original source path remains an alias. Kind is a navigation label based on file type, path, and title; it does not upgrade evidence.
archive-by-series/60-J2-65/J2-65-R10-execution.log	research/archive/strict-layer-proof-research/archive-by-series/60-J2-65/J2-65-R10-execution.log	dongxuelian2/strict-layer-proof-research	archived	source-only	Source-only bytes preserved once at the canonical target under the frozen archive boundary; original source path remains an alias. Kind is a navigation label based on file type, path, and title; it does not upgrade evidence.
archive-by-series/60-J2-65/J2-65-R11-Gaussian-Modular-Reduction-Report.md	research/a1/j2/records/gaussian-modular-reduction.md	dongxuelian2/strict-layer-proof-research	canonical	exact-duplicate	Exact byte duplicate of the canonical target; this source path is retained as provenance and no second canonical copy is created. Kind is a navigation label based on file type, path, and title; it does not upgrade evidence.
archive-by-series/60-J2-65/J2-65-R11-artifacts.zip	research/archive/strict-layer-proof-research/archive-by-series/60-J2-65/J2-65-R11-artifacts.zip	dongxuelian2/strict-layer-proof-research	archived	source-only	Source-only bytes preserved once at the canonical target under the frozen archive boundary; original source path remains an alias. Kind is a navigation label based on file type, path, and title; it does not upgrade evidence.
archive-by-series/60-J2-65/J2-65-R11-certificate.txt	research/archive/strict-layer-proof-research/archive-by-series/60-J2-65/J2-65-R11-certificate.txt	dongxuelian2/strict-layer-proof-research	archived	source-only	Source-only bytes preserved once at the canonical target under the frozen archive boundary; original source path remains an alias. Kind is a navigation label based on file type, path, and title; it does not upgrade evidence.
archive-by-series/60-J2-65/J2-65-R11-execution.log	research/archive/strict-layer-proof-research/archive-by-series/60-J2-65/J2-65-R11-execution.log	dongxuelian2/strict-layer-proof-research	archived	source-only	Source-only bytes preserved once at the canonical target under the frozen archive boundary; original source path remains an alias. Kind is a navigation label based on file type, path, and title; it does not upgrade evidence.
archive-by-series/60-J2-65/J2-65-R12-BrauerWitness.py	research/archive/strict-layer-proof-research/archive-by-series/60-J2-65/J2-65-R12-BrauerWitness.py	dongxuelian2/strict-layer-proof-research	archived	source-only	Source-only bytes preserved once at the canonical target under the frozen archive boundary; original source path remains an alias. Kind is a navigation label based on file type, path, and title; it does not upgrade evidence.
archive-by-series/60-J2-65/J2-65-R12-Independent-Gate-Reintegration-Report.md	research/a1/j2/records/independent-gate-reintegration.md	dongxuelian2/strict-layer-proof-research	canonical	exact-duplicate	Exact byte duplicate of the canonical target; this source path is retained as provenance and no second canonical copy is created. Kind is a navigation label based on file type, path, and title; it does not upgrade evidence.
archive-by-series/60-J2-65/J2-65-R12-IntegralizationTorsor.md	research/a1/j2/records/integralizationtorsor.md	dongxuelian2/strict-layer-proof-research	canonical	exact-duplicate	Exact byte duplicate of the canonical target; this source path is retained as provenance and no second canonical copy is created. Kind is a navigation label based on file type, path, and title; it does not upgrade evidence.
archive-by-series/60-J2-65/J2-65-R12-MinimalIncidencePresentation.txt	research/archive/strict-layer-proof-research/archive-by-series/60-J2-65/J2-65-R12-MinimalIncidencePresentation.txt	dongxuelian2/strict-layer-proof-research	archived	source-only	Source-only bytes preserved once at the canonical target under the frozen archive boundary; original source path remains an alias. Kind is a navigation label based on file type, path, and title; it does not upgrade evidence.
archive-by-series/60-J2-65/J2-65-R12-artifacts.zip	research/archive/strict-layer-proof-research/archive-by-series/60-J2-65/J2-65-R12-artifacts.zip	dongxuelian2/strict-layer-proof-research	archived	source-only	Source-only bytes preserved once at the canonical target under the frozen archive boundary; original source path remains an alias. Kind is a navigation label based on file type, path, and title; it does not upgrade evidence.
archive-by-series/60-J2-65/J2-65-R12-certificate.txt	research/archive/strict-layer-proof-research/archive-by-series/60-J2-65/J2-65-R12-certificate.txt	dongxuelian2/strict-layer-proof-research	archived	source-only	Source-only bytes preserved once at the canonical target under the frozen archive boundary; original source path remains an alias. Kind is a navigation label based on file type, path, and title; it does not upgrade evidence.
archive-by-series/60-J2-65/J2-65-R12-execution.log	research/archive/strict-layer-proof-research/archive-by-series/60-J2-65/J2-65-R12-execution.log	dongxuelian2/strict-layer-proof-research	archived	source-only	Source-only bytes preserved once at the canonical target under the frozen archive boundary; original source path remains an alias. Kind is a navigation label based on file type, path, and title; it does not upgrade evidence.
archive-by-series/60-J2-65/J2-65-R13-IntegralTernaryForm.txt	research/archive/strict-layer-proof-research/archive-by-series/60-J2-65/J2-65-R13-IntegralTernaryForm.txt	dongxuelian2/strict-layer-proof-research	archived	source-only	Source-only bytes preserved once at the canonical target under the frozen archive boundary; original source path remains an alias. Kind is a navigation label based on file type, path, and title; it does not upgrade evidence.
archive-by-series/60-J2-65/J2-65-R13-Radial-Lattice-Ray-Report.md	research/a1/j2/records/radial-lattice-ray.md	dongxuelian2/strict-layer-proof-research	canonical	exact-duplicate	Exact byte duplicate of the canonical target; this source path is retained as provenance and no second canonical copy is created. Kind is a navigation label based on file type, path, and title; it does not upgrade evidence.
archive-by-series/60-J2-65/J2-65-R13-SourceLatticeBasis.txt	research/archive/strict-layer-proof-research/archive-by-series/60-J2-65/J2-65-R13-SourceLatticeBasis.txt	dongxuelian2/strict-layer-proof-research	archived	source-only	Source-only bytes preserved once at the canonical target under the frozen archive boundary; original source path remains an alias. Kind is a navigation label based on file type, path, and title; it does not upgrade evidence.
archive-by-series/60-J2-65/J2-65-R13-artifacts.zip	research/archive/strict-layer-proof-research/archive-by-series/60-J2-65/J2-65-R13-artifacts.zip	dongxuelian2/strict-layer-proof-research	archived	source-only	Source-only bytes preserved once at the canonical target under the frozen archive boundary; original source path remains an alias. Kind is a navigation label based on file type, path, and title; it does not upgrade evidence.
archive-by-series/60-J2-65/J2-65-R13-certificate.txt	research/archive/strict-layer-proof-research/archive-by-series/60-J2-65/J2-65-R13-certificate.txt	dongxuelian2/strict-layer-proof-research	archived	source-only	Source-only bytes preserved once at the canonical target under the frozen archive boundary; original source path remains an alias. Kind is a navigation label based on file type, path, and title; it does not upgrade evidence.
archive-by-series/60-J2-65/J2-65-R13-execution.log	research/archive/strict-layer-proof-research/archive-by-series/60-J2-65/J2-65-R13-execution.log	dongxuelian2/strict-layer-proof-research	archived	source-only	Source-only bytes preserved once at the canonical target under the frozen archive boundary; original source path remains an alias. Kind is a navigation label based on file type, path, and title; it does not upgrade evidence.
archive-by-series/60-J2-65/J2-65-R14-Adelic-Primitive-Shell-Report.md	research/a1/j2/records/adelic-primitive-shell.md	dongxuelian2/strict-layer-proof-research	canonical	exact-duplicate	Exact byte duplicate of the canonical target; this source path is retained as provenance and no second canonical copy is created. Kind is a navigation label based on file type, path, and title; it does not upgrade evidence.
archive-by-series/60-J2-65/J2-65-R14-BoundaryTransference.py	research/archive/strict-layer-proof-research/archive-by-series/60-J2-65/J2-65-R14-BoundaryTransference.py	dongxuelian2/strict-layer-proof-research	archived	source-only	Source-only bytes preserved once at the canonical target under the frozen archive boundary; original source path remains an alias. Kind is a navigation label based on file type, path, and title; it does not upgrade evidence.
archive-by-series/60-J2-65/J2-65-R14-ModUAutomaticity.py	research/archive/strict-layer-proof-research/archive-by-series/60-J2-65/J2-65-R14-ModUAutomaticity.py	dongxuelian2/strict-layer-proof-research	archived	source-only	Source-only bytes preserved once at the canonical target under the frozen archive boundary; original source path remains an alias. Kind is a navigation label based on file type, path, and title; it does not upgrade evidence.
archive-by-series/60-J2-65/J2-65-R14-PowerTenShell.py	research/archive/strict-layer-proof-research/archive-by-series/60-J2-65/J2-65-R14-PowerTenShell.py	dongxuelian2/strict-layer-proof-research	archived	source-only	Source-only bytes preserved once at the canonical target under the frozen archive boundary; original source path remains an alias. Kind is a navigation label based on file type, path, and title; it does not upgrade evidence.
archive-by-series/60-J2-65/J2-65-R14-PrimitiveApproximation.py	research/archive/strict-layer-proof-research/archive-by-series/60-J2-65/J2-65-R14-PrimitiveApproximation.py	dongxuelian2/strict-layer-proof-research	archived	source-only	Source-only bytes preserved once at the canonical target under the frozen archive boundary; original source path remains an alias. Kind is a navigation label based on file type, path, and title; it does not upgrade evidence.
archive-by-series/60-J2-65/J2-65-R14-PrimitiveHeight.py	research/archive/strict-layer-proof-research/archive-by-series/60-J2-65/J2-65-R14-PrimitiveHeight.py	dongxuelian2/strict-layer-proof-research	archived	source-only	Source-only bytes preserved once at the canonical target under the frozen archive boundary; original source path remains an alias. Kind is a navigation label based on file type, path, and title; it does not upgrade evidence.
archive-by-series/60-J2-65/J2-65-R14-ProjectiveBoundary.py	research/archive/strict-layer-proof-research/archive-by-series/60-J2-65/J2-65-R14-ProjectiveBoundary.py	dongxuelian2/strict-layer-proof-research	archived	source-only	Source-only bytes preserved once at the canonical target under the frozen archive boundary; original source path remains an alias. Kind is a navigation label based on file type, path, and title; it does not upgrade evidence.
archive-by-series/60-J2-65/J2-65-R14-RadialWindow.py	research/archive/strict-layer-proof-research/archive-by-series/60-J2-65/J2-65-R14-RadialWindow.py	dongxuelian2/strict-layer-proof-research	archived	source-only	Source-only bytes preserved once at the canonical target under the frozen archive boundary; original source path remains an alias. Kind is a navigation label based on file type, path, and title; it does not upgrade evidence.
archive-by-series/60-J2-65/J2-65-R14-Regression.py	research/archive/strict-layer-proof-research/archive-by-series/60-J2-65/J2-65-R14-Regression.py	dongxuelian2/strict-layer-proof-research	archived	source-only	Source-only bytes preserved once at the canonical target under the frozen archive boundary; original source path remains an alias. Kind is a navigation label based on file type, path, and title; it does not upgrade evidence.
archive-by-series/60-J2-65/J2-65-R14-WholeModulusCovering.py	research/archive/strict-layer-proof-research/archive-by-series/60-J2-65/J2-65-R14-WholeModulusCovering.py	dongxuelian2/strict-layer-proof-research	archived	source-only	Source-only bytes preserved once at the canonical target under the frozen archive boundary; original source path remains an alias. Kind is a navigation label based on file type, path, and title; it does not upgrade evidence.
archive-by-series/60-J2-65/J2-65-R14-artifacts.zip	research/archive/strict-layer-proof-research/archive-by-series/60-J2-65/J2-65-R14-artifacts.zip	dongxuelian2/strict-layer-proof-research	archived	source-only	Source-only bytes preserved once at the canonical target under the frozen archive boundary; original source path remains an alias. Kind is a navigation label based on file type, path, and title; it does not upgrade evidence.
archive-by-series/60-J2-65/J2-65-R14-certificate.txt	research/archive/strict-layer-proof-research/archive-by-series/60-J2-65/J2-65-R14-certificate.txt	dongxuelian2/strict-layer-proof-research	archived	source-only	Source-only bytes preserved once at the canonical target under the frozen archive boundary; original source path remains an alias. Kind is a navigation label based on file type, path, and title; it does not upgrade evidence.
archive-by-series/60-J2-65/J2-65-R14-execution.log	research/archive/strict-layer-proof-research/archive-by-series/60-J2-65/J2-65-R14-execution.log	dongxuelian2/strict-layer-proof-research	archived	source-only	Source-only bytes preserved once at the canonical target under the frozen archive boundary; original source path remains an alias. Kind is a navigation label based on file type, path, and title; it does not upgrade evidence.
archive-by-series/60-J2-65/J2-65-R15-Boundary-Defect-Geometry-Report.md	research/a1/j2/records/boundary-defect-geometry.md	dongxuelian2/strict-layer-proof-research	canonical	exact-duplicate	Exact byte duplicate of the canonical target; this source path is retained as provenance and no second canonical copy is created. Kind is a navigation label based on file type, path, and title; it does not upgrade evidence.
archive-by-series/60-J2-65/J2-65-R15-artifacts.zip	research/archive/strict-layer-proof-research/archive-by-series/60-J2-65/J2-65-R15-artifacts.zip	dongxuelian2/strict-layer-proof-research	archived	source-only	Source-only bytes preserved once at the canonical target under the frozen archive boundary; original source path remains an alias. Kind is a navigation label based on file type, path, and title; it does not upgrade evidence.
archive-by-series/60-J2-65/J2-65-R15-certificate.txt	research/archive/strict-layer-proof-research/archive-by-series/60-J2-65/J2-65-R15-certificate.txt	dongxuelian2/strict-layer-proof-research	archived	source-only	Source-only bytes preserved once at the canonical target under the frozen archive boundary; original source path remains an alias. Kind is a navigation label based on file type, path, and title; it does not upgrade evidence.
archive-by-series/60-J2-65/J2-65-R15-execution.log	research/archive/strict-layer-proof-research/archive-by-series/60-J2-65/J2-65-R15-execution.log	dongxuelian2/strict-layer-proof-research	archived	source-only	Source-only bytes preserved once at the canonical target under the frozen archive boundary; original source path remains an alias. Kind is a navigation label based on file type, path, and title; it does not upgrade evidence.
archive-by-series/60-J2-65/J2-65-R16-Integral-Boundary-Norm-Orbit-Report.md	research/a1/j2/records/integral-boundary-norm-orbit.md	dongxuelian2/strict-layer-proof-research	canonical	exact-duplicate	Exact byte duplicate of the canonical target; this source path is retained as provenance and no second canonical copy is created. Kind is a navigation label based on file type, path, and title; it does not upgrade evidence.
archive-by-series/60-J2-65/J2-65-R16-artifacts.zip	research/archive/strict-layer-proof-research/archive-by-series/60-J2-65/J2-65-R16-artifacts.zip	dongxuelian2/strict-layer-proof-research	archived	source-only	Source-only bytes preserved once at the canonical target under the frozen archive boundary; original source path remains an alias. Kind is a navigation label based on file type, path, and title; it does not upgrade evidence.
archive-by-series/60-J2-65/J2-65-R16-certificate.txt	research/archive/strict-layer-proof-research/archive-by-series/60-J2-65/J2-65-R16-certificate.txt	dongxuelian2/strict-layer-proof-research	archived	source-only	Source-only bytes preserved once at the canonical target under the frozen archive boundary; original source path remains an alias. Kind is a navigation label based on file type, path, and title; it does not upgrade evidence.
archive-by-series/60-J2-65/J2-65-R16-execution.log	research/archive/strict-layer-proof-research/archive-by-series/60-J2-65/J2-65-R16-execution.log	dongxuelian2/strict-layer-proof-research	archived	source-only	Source-only bytes preserved once at the canonical target under the frozen archive boundary; original source path remains an alias. Kind is a navigation label based on file type, path, and title; it does not upgrade evidence.
archive-by-series/60-J2-65/J2-65-R17-Cyclotomic-Composition-Report.md	research/a1/j2/records/cyclotomic-composition.md	dongxuelian2/strict-layer-proof-research	canonical	exact-duplicate	Exact byte duplicate of the canonical target; this source path is retained as provenance and no second canonical copy is created. Kind is a navigation label based on file type, path, and title; it does not upgrade evidence.
archive-by-series/60-J2-65/J2-65-R17-artifacts.zip	research/archive/strict-layer-proof-research/archive-by-series/60-J2-65/J2-65-R17-artifacts.zip	dongxuelian2/strict-layer-proof-research	archived	source-only	Source-only bytes preserved once at the canonical target under the frozen archive boundary; original source path remains an alias. Kind is a navigation label based on file type, path, and title; it does not upgrade evidence.
archive-by-series/60-J2-65/J2-65-R17-certificate.txt	research/archive/strict-layer-proof-research/archive-by-series/60-J2-65/J2-65-R17-certificate.txt	dongxuelian2/strict-layer-proof-research	archived	source-only	Source-only bytes preserved once at the canonical target under the frozen archive boundary; original source path remains an alias. Kind is a navigation label based on file type, path, and title; it does not upgrade evidence.
archive-by-series/60-J2-65/J2-65-R17-execution.log	research/archive/strict-layer-proof-research/archive-by-series/60-J2-65/J2-65-R17-execution.log	dongxuelian2/strict-layer-proof-research	archived	source-only	Source-only bytes preserved once at the canonical target under the frozen archive boundary; original source path remains an alias. Kind is a navigation label based on file type, path, and title; it does not upgrade evidence.
archive-by-series/60-J2-65/J2-65-R18-Integral-Descent-Commutation-Report.md	research/a1/j2/records/integral-descent-commutation.md	dongxuelian2/strict-layer-proof-research	canonical	exact-duplicate	Exact byte duplicate of the canonical target; this source path is retained as provenance and no second canonical copy is created. Kind is a navigation label based on file type, path, and title; it does not upgrade evidence.
archive-by-series/60-J2-65/J2-65-R18-artifacts.zip	research/archive/strict-layer-proof-research/archive-by-series/60-J2-65/J2-65-R18-artifacts.zip	dongxuelian2/strict-layer-proof-research	archived	source-only	Source-only bytes preserved once at the canonical target under the frozen archive boundary; original source path remains an alias. Kind is a navigation label based on file type, path, and title; it does not upgrade evidence.
archive-by-series/60-J2-65/J2-65-R18-certificate.txt	research/archive/strict-layer-proof-research/archive-by-series/60-J2-65/J2-65-R18-certificate.txt	dongxuelian2/strict-layer-proof-research	archived	source-only	Source-only bytes preserved once at the canonical target under the frozen archive boundary; original source path remains an alias. Kind is a navigation label based on file type, path, and title; it does not upgrade evidence.
archive-by-series/60-J2-65/J2-65-R18-execution.log	research/archive/strict-layer-proof-research/archive-by-series/60-J2-65/J2-65-R18-execution.log	dongxuelian2/strict-layer-proof-research	archived	source-only	Source-only bytes preserved once at the canonical target under the frozen archive boundary; original source path remains an alias. Kind is a navigation label based on file type, path, and title; it does not upgrade evidence.
archive-by-series/60-J2-65/J2-65-R19-Finite-Module-Spin-Report.md	research/a1/j2/records/finite-module-spin.md	dongxuelian2/strict-layer-proof-research	canonical	exact-duplicate	Exact byte duplicate of the canonical target; this source path is retained as provenance and no second canonical copy is created. Kind is a navigation label based on file type, path, and title; it does not upgrade evidence.
archive-by-series/60-J2-65/J2-65-R19-artifacts.zip	research/archive/strict-layer-proof-research/archive-by-series/60-J2-65/J2-65-R19-artifacts.zip	dongxuelian2/strict-layer-proof-research	archived	source-only	Source-only bytes preserved once at the canonical target under the frozen archive boundary; original source path remains an alias. Kind is a navigation label based on file type, path, and title; it does not upgrade evidence.
archive-by-series/60-J2-65/J2-65-R19-certificate.txt	research/archive/strict-layer-proof-research/archive-by-series/60-J2-65/J2-65-R19-certificate.txt	dongxuelian2/strict-layer-proof-research	archived	source-only	Source-only bytes preserved once at the canonical target under the frozen archive boundary; original source path remains an alias. Kind is a navigation label based on file type, path, and title; it does not upgrade evidence.
archive-by-series/60-J2-65/J2-65-R19-execution.log	research/archive/strict-layer-proof-research/archive-by-series/60-J2-65/J2-65-R19-execution.log	dongxuelian2/strict-layer-proof-research	archived	source-only	Source-only bytes preserved once at the canonical target under the frozen archive boundary; original source path remains an alias. Kind is a navigation label based on file type, path, and title; it does not upgrade evidence.
archive-by-series/60-J2-65/J2-65-R2-Bivariate-Master-Root-Newton-Report.md	research/a1/j2/records/bivariate-master-root-newton.md	dongxuelian2/strict-layer-proof-research	canonical	exact-duplicate	Exact byte duplicate of the canonical target; this source path is retained as provenance and no second canonical copy is created. Kind is a navigation label based on file type, path, and title; it does not upgrade evidence.
archive-by-series/60-J2-65/J2-65-R2-ChartRecovery.py	research/archive/strict-layer-proof-research/archive-by-series/60-J2-65/J2-65-R2-ChartRecovery.py	dongxuelian2/strict-layer-proof-research	archived	source-only	Source-only bytes preserved once at the canonical target under the frozen archive boundary; original source path remains an alias. Kind is a navigation label based on file type, path, and title; it does not upgrade evidence.
archive-by-series/60-J2-65/J2-65-R2-MasterRoot-symbolic.py	research/archive/strict-layer-proof-research/archive-by-series/60-J2-65/J2-65-R2-MasterRoot-symbolic.py	dongxuelian2/strict-layer-proof-research	archived	source-only	Source-only bytes preserved once at the canonical target under the frozen archive boundary; original source path remains an alias. Kind is a navigation label based on file type, path, and title; it does not upgrade evidence.
archive-by-series/60-J2-65/J2-65-R2-NewtonPolytope.py	research/archive/strict-layer-proof-research/archive-by-series/60-J2-65/J2-65-R2-NewtonPolytope.py	dongxuelian2/strict-layer-proof-research	archived	source-only	Source-only bytes preserved once at the canonical target under the frozen archive boundary; original source path remains an alias. Kind is a navigation label based on file type, path, and title; it does not upgrade evidence.
archive-by-series/60-J2-65/J2-65-R2-Saturation.py	research/archive/strict-layer-proof-research/archive-by-series/60-J2-65/J2-65-R2-Saturation.py	dongxuelian2/strict-layer-proof-research	archived	source-only	Source-only bytes preserved once at the canonical target under the frozen archive boundary; original source path remains an alias. Kind is a navigation label based on file type, path, and title; it does not upgrade evidence.
archive-by-series/60-J2-65/J2-65-R2-artifacts.zip	research/archive/strict-layer-proof-research/archive-by-series/60-J2-65/J2-65-R2-artifacts.zip	dongxuelian2/strict-layer-proof-research	archived	source-only	Source-only bytes preserved once at the canonical target under the frozen archive boundary; original source path remains an alias. Kind is a navigation label based on file type, path, and title; it does not upgrade evidence.
archive-by-series/60-J2-65/J2-65-R2-certificate.txt	research/archive/strict-layer-proof-research/archive-by-series/60-J2-65/J2-65-R2-certificate.txt	dongxuelian2/strict-layer-proof-research	archived	source-only	Source-only bytes preserved once at the canonical target under the frozen archive boundary; original source path remains an alias. Kind is a navigation label based on file type, path, and title; it does not upgrade evidence.
archive-by-series/60-J2-65/J2-65-R20-Semantic-Conductor-Ruling-Report.md	research/a1/j2/records/semantic-conductor-ruling.md	dongxuelian2/strict-layer-proof-research	canonical	exact-duplicate	Exact byte duplicate of the canonical target; this source path is retained as provenance and no second canonical copy is created. Kind is a navigation label based on file type, path, and title; it does not upgrade evidence.
archive-by-series/60-J2-65/J2-65-R20-artifacts.zip	research/archive/strict-layer-proof-research/archive-by-series/60-J2-65/J2-65-R20-artifacts.zip	dongxuelian2/strict-layer-proof-research	archived	source-only	Source-only bytes preserved once at the canonical target under the frozen archive boundary; original source path remains an alias. Kind is a navigation label based on file type, path, and title; it does not upgrade evidence.
archive-by-series/60-J2-65/J2-65-R20-certificate.txt	research/archive/strict-layer-proof-research/archive-by-series/60-J2-65/J2-65-R20-certificate.txt	dongxuelian2/strict-layer-proof-research	archived	source-only	Source-only bytes preserved once at the canonical target under the frozen archive boundary; original source path remains an alias. Kind is a navigation label based on file type, path, and title; it does not upgrade evidence.
archive-by-series/60-J2-65/J2-65-R20-execution.log	research/archive/strict-layer-proof-research/archive-by-series/60-J2-65/J2-65-R20-execution.log	dongxuelian2/strict-layer-proof-research	archived	source-only	Source-only bytes preserved once at the canonical target under the frozen archive boundary; original source path remains an alias. Kind is a navigation label based on file type, path, and title; it does not upgrade evidence.
archive-by-series/60-J2-65/J2-65-R3-2AdicTropical.py	research/archive/strict-layer-proof-research/archive-by-series/60-J2-65/J2-65-R3-2AdicTropical.py	dongxuelian2/strict-layer-proof-research	archived	source-only	Source-only bytes preserved once at the canonical target under the frozen archive boundary; original source path remains an alias. Kind is a navigation label based on file type, path, and title; it does not upgrade evidence.
archive-by-series/60-J2-65/J2-65-R3-5AdicTropical.py	research/archive/strict-layer-proof-research/archive-by-series/60-J2-65/J2-65-R3-5AdicTropical.py	dongxuelian2/strict-layer-proof-research	archived	source-only	Source-only bytes preserved once at the canonical target under the frozen archive boundary; original source path remains an alias. Kind is a navigation label based on file type, path, and title; it does not upgrade evidence.
archive-by-series/60-J2-65/J2-65-R3-ArchimedeanDominance.py	research/archive/strict-layer-proof-research/archive-by-series/60-J2-65/J2-65-R3-ArchimedeanDominance.py	dongxuelian2/strict-layer-proof-research	archived	source-only	Source-only bytes preserved once at the canonical target under the frozen archive boundary; original source path remains an alias. Kind is a navigation label based on file type, path, and title; it does not upgrade evidence.
archive-by-series/60-J2-65/J2-65-R3-AugmentedNewton.py	research/archive/strict-layer-proof-research/archive-by-series/60-J2-65/J2-65-R3-AugmentedNewton.py	dongxuelian2/strict-layer-proof-research	archived	source-only	Source-only bytes preserved once at the canonical target under the frozen archive boundary; original source path remains an alias. Kind is a navigation label based on file type, path, and title; it does not upgrade evidence.
archive-by-series/60-J2-65/J2-65-R3-DegeneracyAudit.py	research/archive/strict-layer-proof-research/archive-by-series/60-J2-65/J2-65-R3-DegeneracyAudit.py	dongxuelian2/strict-layer-proof-research	archived	source-only	Source-only bytes preserved once at the canonical target under the frozen archive boundary; original source path remains an alias. Kind is a navigation label based on file type, path, and title; it does not upgrade evidence.
archive-by-series/60-J2-65/J2-65-R3-SHA256SUMS.txt	research/archive/strict-layer-proof-research/archive-by-series/60-J2-65/J2-65-R3-SHA256SUMS.txt	dongxuelian2/strict-layer-proof-research	archived	source-only	Source-only bytes preserved once at the canonical target under the frozen archive boundary; original source path remains an alias. Kind is a navigation label based on file type, path, and title; it does not upgrade evidence.
archive-by-series/60-J2-65/J2-65-R3-ThreePlace-Tropical-Collision-Report.md	research/a1/j2/records/threeplace-tropical-collision.md	dongxuelian2/strict-layer-proof-research	canonical	exact-duplicate	Exact byte duplicate of the canonical target; this source path is retained as provenance and no second canonical copy is created. Kind is a navigation label based on file type, path, and title; it does not upgrade evidence.
archive-by-series/60-J2-65/J2-65-R3-ThreePlaceIntersection.py	research/archive/strict-layer-proof-research/archive-by-series/60-J2-65/J2-65-R3-ThreePlaceIntersection.py	dongxuelian2/strict-layer-proof-research	archived	source-only	Source-only bytes preserved once at the canonical target under the frozen archive boundary; original source path remains an alias. Kind is a navigation label based on file type, path, and title; it does not upgrade evidence.
archive-by-series/60-J2-65/J2-65-R3-artifacts.zip	research/archive/strict-layer-proof-research/archive-by-series/60-J2-65/J2-65-R3-artifacts.zip	dongxuelian2/strict-layer-proof-research	archived	source-only	Source-only bytes preserved once at the canonical target under the frozen archive boundary; original source path remains an alias. Kind is a navigation label based on file type, path, and title; it does not upgrade evidence.
archive-by-series/60-J2-65/J2-65-R3-certificate.txt	research/archive/strict-layer-proof-research/archive-by-series/60-J2-65/J2-65-R3-certificate.txt	dongxuelian2/strict-layer-proof-research	archived	source-only	Source-only bytes preserved once at the canonical target under the frozen archive boundary; original source path remains an alias. Kind is a navigation label based on file type, path, and title; it does not upgrade evidence.
archive-by-series/60-J2-65/J2-65-R3-execution.log	research/archive/strict-layer-proof-research/archive-by-series/60-J2-65/J2-65-R3-execution.log	dongxuelian2/strict-layer-proof-research	archived	source-only	Source-only bytes preserved once at the canonical target under the frozen archive boundary; original source path remains an alias. Kind is a navigation label based on file type, path, and title; it does not upgrade evidence.
archive-by-series/60-J2-65/J2-65-R4-Additive-Bracket-Complex-Report.md	research/a1/j2/records/additive-bracket-complex.md	dongxuelian2/strict-layer-proof-research	canonical	exact-duplicate	Exact byte duplicate of the canonical target; this source path is retained as provenance and no second canonical copy is created. Kind is a navigation label based on file type, path, and title; it does not upgrade evidence.
archive-by-series/60-J2-65/J2-65-R4-artifacts.zip	research/archive/strict-layer-proof-research/archive-by-series/60-J2-65/J2-65-R4-artifacts.zip	dongxuelian2/strict-layer-proof-research	archived	source-only	Source-only bytes preserved once at the canonical target under the frozen archive boundary; original source path remains an alias. Kind is a navigation label based on file type, path, and title; it does not upgrade evidence.
archive-by-series/60-J2-65/J2-65-R4-certificate.txt	research/archive/strict-layer-proof-research/archive-by-series/60-J2-65/J2-65-R4-certificate.txt	dongxuelian2/strict-layer-proof-research	archived	source-only	Source-only bytes preserved once at the canonical target under the frozen archive boundary; original source path remains an alias. Kind is a navigation label based on file type, path, and title; it does not upgrade evidence.
archive-by-series/60-J2-65/J2-65-R4-execution.log	research/archive/strict-layer-proof-research/archive-by-series/60-J2-65/J2-65-R4-execution.log	dongxuelian2/strict-layer-proof-research	archived	source-only	Source-only bytes preserved once at the canonical target under the frozen archive boundary; original source path remains an alias. Kind is a navigation label based on file type, path, and title; it does not upgrade evidence.
archive-by-series/60-J2-65/J2-65-R5-AdelicPinning.py	research/archive/strict-layer-proof-research/archive-by-series/60-J2-65/J2-65-R5-AdelicPinning.py	dongxuelian2/strict-layer-proof-research	archived	source-only	Source-only bytes preserved once at the canonical target under the frozen archive boundary; original source path remains an alias. Kind is a navigation label based on file type, path, and title; it does not upgrade evidence.
archive-by-series/60-J2-65/J2-65-R5-CellRefinement.py	research/archive/strict-layer-proof-research/archive-by-series/60-J2-65/J2-65-R5-CellRefinement.py	dongxuelian2/strict-layer-proof-research	archived	source-only	Source-only bytes preserved once at the canonical target under the frozen archive boundary; original source path remains an alias. Kind is a navigation label based on file type, path, and title; it does not upgrade evidence.
archive-by-series/60-J2-65/J2-65-R5-Cyclotomic-Reciprocal-Tube-Report.md	research/a1/j2/records/cyclotomic-reciprocal-tube.md	dongxuelian2/strict-layer-proof-research	canonical	exact-duplicate	Exact byte duplicate of the canonical target; this source path is retained as provenance and no second canonical copy is created. Kind is a navigation label based on file type, path, and title; it does not upgrade evidence.
archive-by-series/60-J2-65/J2-65-R5-CyclotomicComplement.py	research/archive/strict-layer-proof-research/archive-by-series/60-J2-65/J2-65-R5-CyclotomicComplement.py	dongxuelian2/strict-layer-proof-research	archived	source-only	Source-only bytes preserved once at the canonical target under the frozen archive boundary; original source path remains an alias. Kind is a navigation label based on file type, path, and title; it does not upgrade evidence.
archive-by-series/60-J2-65/J2-65-R5-InternalDisjunctions.py	research/archive/strict-layer-proof-research/archive-by-series/60-J2-65/J2-65-R5-InternalDisjunctions.py	dongxuelian2/strict-layer-proof-research	archived	source-only	Source-only bytes preserved once at the canonical target under the frozen archive boundary; original source path remains an alias. Kind is a navigation label based on file type, path, and title; it does not upgrade evidence.
archive-by-series/60-J2-65/J2-65-R5-ReciprocalTube.py	research/archive/strict-layer-proof-research/archive-by-series/60-J2-65/J2-65-R5-ReciprocalTube.py	dongxuelian2/strict-layer-proof-research	archived	source-only	Source-only bytes preserved once at the canonical target under the frozen archive boundary; original source path remains an alias. Kind is a navigation label based on file type, path, and title; it does not upgrade evidence.
archive-by-series/60-J2-65/J2-65-R5-TubeDepthCeilings.py	research/archive/strict-layer-proof-research/archive-by-series/60-J2-65/J2-65-R5-TubeDepthCeilings.py	dongxuelian2/strict-layer-proof-research	archived	source-only	Source-only bytes preserved once at the canonical target under the frozen archive boundary; original source path remains an alias. Kind is a navigation label based on file type, path, and title; it does not upgrade evidence.
archive-by-series/60-J2-65/J2-65-R5-artifacts.zip	research/archive/strict-layer-proof-research/archive-by-series/60-J2-65/J2-65-R5-artifacts.zip	dongxuelian2/strict-layer-proof-research	archived	source-only	Source-only bytes preserved once at the canonical target under the frozen archive boundary; original source path remains an alias. Kind is a navigation label based on file type, path, and title; it does not upgrade evidence.
archive-by-series/60-J2-65/J2-65-R5-certificate.txt	research/archive/strict-layer-proof-research/archive-by-series/60-J2-65/J2-65-R5-certificate.txt	dongxuelian2/strict-layer-proof-research	archived	source-only	Source-only bytes preserved once at the canonical target under the frozen archive boundary; original source path remains an alias. Kind is a navigation label based on file type, path, and title; it does not upgrade evidence.
archive-by-series/60-J2-65/J2-65-R5-execution.log	research/archive/strict-layer-proof-research/archive-by-series/60-J2-65/J2-65-R5-execution.log	dongxuelian2/strict-layer-proof-research	archived	source-only	Source-only bytes preserved once at the canonical target under the frozen archive boundary; original source path remains an alias. Kind is a navigation label based on file type, path, and title; it does not upgrade evidence.
archive-by-series/60-J2-65/J2-65-R6-RowResultant-factorized.txt	research/archive/strict-layer-proof-research/archive-by-series/60-J2-65/J2-65-R6-RowResultant-factorized.txt	dongxuelian2/strict-layer-proof-research	archived	source-only	Source-only bytes preserved once at the canonical target under the frozen archive boundary; original source path remains an alias. Kind is a navigation label based on file type, path, and title; it does not upgrade evidence.
archive-by-series/60-J2-65/J2-65-R6-TwoRow-Master-Resultant-Report.md	research/a1/j2/records/tworow-master-resultant.md	dongxuelian2/strict-layer-proof-research	canonical	exact-duplicate	Exact byte duplicate of the canonical target; this source path is retained as provenance and no second canonical copy is created. Kind is a navigation label based on file type, path, and title; it does not upgrade evidence.
archive-by-series/60-J2-65/J2-65-R6-artifacts.zip	research/archive/strict-layer-proof-research/archive-by-series/60-J2-65/J2-65-R6-artifacts.zip	dongxuelian2/strict-layer-proof-research	archived	source-only	Source-only bytes preserved once at the canonical target under the frozen archive boundary; original source path remains an alias. Kind is a navigation label based on file type, path, and title; it does not upgrade evidence.
archive-by-series/60-J2-65/J2-65-R6-certificate.txt	research/archive/strict-layer-proof-research/archive-by-series/60-J2-65/J2-65-R6-certificate.txt	dongxuelian2/strict-layer-proof-research	archived	source-only	Source-only bytes preserved once at the canonical target under the frozen archive boundary; original source path remains an alias. Kind is a navigation label based on file type, path, and title; it does not upgrade evidence.
archive-by-series/60-J2-65/J2-65-R6-execution.log	research/archive/strict-layer-proof-research/archive-by-series/60-J2-65/J2-65-R6-execution.log	dongxuelian2/strict-layer-proof-research	archived	source-only	Source-only bytes preserved once at the canonical target under the frozen archive boundary; original source path remains an alias. Kind is a navigation label based on file type, path, and title; it does not upgrade evidence.
archive-by-series/60-J2-65/J2-65-R7-QuadraticMatrices.txt	research/archive/strict-layer-proof-research/archive-by-series/60-J2-65/J2-65-R7-QuadraticMatrices.txt	dongxuelian2/strict-layer-proof-research	archived	source-only	Source-only bytes preserved once at the canonical target under the frozen archive boundary; original source path remains an alias. Kind is a navigation label based on file type, path, and title; it does not upgrade evidence.
archive-by-series/60-J2-65/J2-65-R7-Veronese-Conic-Pencil-Report.md	research/a1/j2/records/veronese-conic-pencil.md	dongxuelian2/strict-layer-proof-research	canonical	exact-duplicate	Exact byte duplicate of the canonical target; this source path is retained as provenance and no second canonical copy is created. Kind is a navigation label based on file type, path, and title; it does not upgrade evidence.
archive-by-series/60-J2-65/J2-65-R7-artifacts.zip	research/archive/strict-layer-proof-research/archive-by-series/60-J2-65/J2-65-R7-artifacts.zip	dongxuelian2/strict-layer-proof-research	archived	source-only	Source-only bytes preserved once at the canonical target under the frozen archive boundary; original source path remains an alias. Kind is a navigation label based on file type, path, and title; it does not upgrade evidence.
archive-by-series/60-J2-65/J2-65-R7-certificate.txt	research/archive/strict-layer-proof-research/archive-by-series/60-J2-65/J2-65-R7-certificate.txt	dongxuelian2/strict-layer-proof-research	archived	source-only	Source-only bytes preserved once at the canonical target under the frozen archive boundary; original source path remains an alias. Kind is a navigation label based on file type, path, and title; it does not upgrade evidence.
archive-by-series/60-J2-65/J2-65-R7-execution.log	research/archive/strict-layer-proof-research/archive-by-series/60-J2-65/J2-65-R7-execution.log	dongxuelian2/strict-layer-proof-research	archived	source-only	Source-only bytes preserved once at the canonical target under the frozen archive boundary; original source path remains an alias. Kind is a navigation label based on file type, path, and title; it does not upgrade evidence.
archive-by-series/60-J2-65/J2-65-R8-Norm-Brauer-Geometry-Report.md	research/a1/j2/records/norm-brauer-geometry.md	dongxuelian2/strict-layer-proof-research	canonical	exact-duplicate	Exact byte duplicate of the canonical target; this source path is retained as provenance and no second canonical copy is created. Kind is a navigation label based on file type, path, and title; it does not upgrade evidence.
archive-by-series/60-J2-65/J2-65-R8-NormForm.txt	research/archive/strict-layer-proof-research/archive-by-series/60-J2-65/J2-65-R8-NormForm.txt	dongxuelian2/strict-layer-proof-research	archived	source-only	Source-only bytes preserved once at the canonical target under the frozen archive boundary; original source path remains an alias. Kind is a navigation label based on file type, path, and title; it does not upgrade evidence.
archive-by-series/60-J2-65/J2-65-R8-artifacts.zip	research/archive/strict-layer-proof-research/archive-by-series/60-J2-65/J2-65-R8-artifacts.zip	dongxuelian2/strict-layer-proof-research	archived	source-only	Source-only bytes preserved once at the canonical target under the frozen archive boundary; original source path remains an alias. Kind is a navigation label based on file type, path, and title; it does not upgrade evidence.
archive-by-series/60-J2-65/J2-65-R8-certificate.txt	research/archive/strict-layer-proof-research/archive-by-series/60-J2-65/J2-65-R8-certificate.txt	dongxuelian2/strict-layer-proof-research	archived	source-only	Source-only bytes preserved once at the canonical target under the frozen archive boundary; original source path remains an alias. Kind is a navigation label based on file type, path, and title; it does not upgrade evidence.
archive-by-series/60-J2-65/J2-65-R9-Global-Verdict-Report.md	research/a1/j2/records/global-verdict.md	dongxuelian2/strict-layer-proof-research	canonical	exact-duplicate	Exact byte duplicate of the canonical target; this source path is retained as provenance and no second canonical copy is created. Kind is a navigation label based on file type, path, and title; it does not upgrade evidence.
archive-by-series/60-J2-65/J2-65-R9-SpecializedBrauer.py	research/archive/strict-layer-proof-research/archive-by-series/60-J2-65/J2-65-R9-SpecializedBrauer.py	dongxuelian2/strict-layer-proof-research	archived	source-only	Source-only bytes preserved once at the canonical target under the frozen archive boundary; original source path remains an alias. Kind is a navigation label based on file type, path, and title; it does not upgrade evidence.
archive-by-series/60-J2-65/J2-65-R9-artifacts.zip	research/archive/strict-layer-proof-research/archive-by-series/60-J2-65/J2-65-R9-artifacts.zip	dongxuelian2/strict-layer-proof-research	archived	source-only	Source-only bytes preserved once at the canonical target under the frozen archive boundary; original source path remains an alias. Kind is a navigation label based on file type, path, and title; it does not upgrade evidence.
archive-by-series/60-J2-65/J2-65-R9-certificate.txt	research/archive/strict-layer-proof-research/archive-by-series/60-J2-65/J2-65-R9-certificate.txt	dongxuelian2/strict-layer-proof-research	archived	source-only	Source-only bytes preserved once at the canonical target under the frozen archive boundary; original source path remains an alias. Kind is a navigation label based on file type, path, and title; it does not upgrade evidence.
archive-by-series/60-J2-65/J2-65-R9-execution.log	research/archive/strict-layer-proof-research/archive-by-series/60-J2-65/J2-65-R9-execution.log	dongxuelian2/strict-layer-proof-research	archived	source-only	Source-only bytes preserved once at the canonical target under the frozen archive boundary; original source path remains an alias. Kind is a navigation label based on file type, path, and title; it does not upgrade evidence.
archive-by-series/64-75-and-migration/75_R1_external_math_integration.zip	research/archive/strict-layer-proof-research/archive-by-series/64-75-and-migration/75_R1_external_math_integration.zip	dongxuelian2/strict-layer-proof-research	archived	source-only	Source-only bytes preserved once at the canonical target under the frozen archive boundary; original source path remains an alias. Kind is a navigation label based on file type, path, and title; it does not upgrade evidence.
archive-by-series/64-75-and-migration/75_R2_migration_bundle.zip	research/archive/strict-layer-proof-research/archive-by-series/64-75-and-migration/75_R2_migration_bundle.zip	dongxuelian2/strict-layer-proof-research	archived	source-only	Source-only bytes preserved once at the canonical target under the frozen archive boundary; original source path remains an alias. Kind is a navigation label based on file type, path, and title; it does not upgrade evidence.
archive-by-series/64-75-and-migration/75_R3_artifacts.zip	research/archive/strict-layer-proof-research/archive-by-series/64-75-and-migration/75_R3_artifacts.zip	dongxuelian2/strict-layer-proof-research	archived	source-only	Source-only bytes preserved once at the canonical target under the frozen archive boundary; original source path remains an alias. Kind is a navigation label based on file type, path, and title; it does not upgrade evidence.
archive-by-series/64-75-and-migration/75_R5_stage_package.zip	research/archive/strict-layer-proof-research/archive-by-series/64-75-and-migration/75_R5_stage_package.zip	dongxuelian2/strict-layer-proof-research	archived	source-only	Source-only bytes preserved once at the canonical target under the frozen archive boundary; original source path remains an alias. Kind is a navigation label based on file type, path, and title; it does not upgrade evidence.
archive-by-series/64-75-and-migration/75_R6_external_arsenal_bundle.zip	research/archive/strict-layer-proof-research/archive-by-series/64-75-and-migration/75_R6_external_arsenal_bundle.zip	dongxuelian2/strict-layer-proof-research	archived	source-only	Source-only bytes preserved once at the canonical target under the frozen archive boundary; original source path remains an alias. Kind is a navigation label based on file type, path, and title; it does not upgrade evidence.
archive-by-series/64-75-and-migration/75_R7_complete.zip	research/archive/strict-layer-proof-research/archive-by-series/64-75-and-migration/75_R7_complete.zip	dongxuelian2/strict-layer-proof-research	archived	source-only	Source-only bytes preserved once at the canonical target under the frozen archive boundary; original source path remains an alias. Kind is a navigation label based on file type, path, and title; it does not upgrade evidence.
archive-by-series/64-75-and-migration/75_R8_COMPLETE.zip	research/archive/strict-layer-proof-research/archive-by-series/64-75-and-migration/75_R8_COMPLETE.zip	dongxuelian2/strict-layer-proof-research	archived	source-only	Source-only bytes preserved once at the canonical target under the frozen archive boundary; original source path remains an alias. Kind is a navigation label based on file type, path, and title; it does not upgrade evidence.
archive-by-series/64-75-and-migration/7_15_75_to_85_Inheritance_Authority_Certificate.txt	research/archive/strict-layer-proof-research/archive-by-series/64-75-and-migration/7_15_75_to_85_Inheritance_Authority_Certificate.txt	dongxuelian2/strict-layer-proof-research	archived	source-only	Source-only bytes preserved once at the canonical target under the frozen archive boundary; original source path remains an alias. Kind is a navigation label based on file type, path, and title; it does not upgrade evidence.
archive-by-series/64-75-and-migration/7_15_Audit_Report.md	research/a1/records/15-audit.md	dongxuelian2/strict-layer-proof-research	canonical	exact-duplicate	Exact byte duplicate of the canonical target; this source path is retained as provenance and no second canonical copy is created. Kind is a navigation label based on file type, path, and title; it does not upgrade evidence.
archive-by-series/64-75-and-migration/7_15_Legacy_Migration_Alias_Quarantine.md	research/archive/strict-layer-proof-research/archive-by-series/64-75-and-migration/7_15_Legacy_Migration_Alias_Quarantine.md	dongxuelian2/strict-layer-proof-research	archived	source-only	Source-only bytes preserved once at the canonical target under the frozen archive boundary; original source path remains an alias. Kind is a navigation label based on file type, path, and title; it does not upgrade evidence.
archive-by-series/64-75-and-migration/MC-001_Huang_Ternary_Cone_Primitive_Local_Counting(1).md	research/a1/records/huang-ternary-cone-primitive-local-counting-variant.md	dongxuelian2/strict-layer-proof-research	canonical	exact-duplicate	Exact byte duplicate of the canonical target; this source path is retained as provenance and no second canonical copy is created. Kind is a navigation label based on file type, path, and title; it does not upgrade evidence.
archive-by-series/64-75-and-migration/MC-001_Huang_Ternary_Cone_Primitive_Local_Counting.md	research/a1/records/huang-ternary-cone-primitive-local-counting.md	dongxuelian2/strict-layer-proof-research	canonical	exact-duplicate	Exact byte duplicate of the canonical target; this source path is retained as provenance and no second canonical copy is created. Kind is a navigation label based on file type, path, and title; it does not upgrade evidence.
archive-by-series/64-75-and-migration/MC-002_Cassels_Small_Zero.md	research/a1/records/cassels-small-zero.md	dongxuelian2/strict-layer-proof-research	canonical	exact-duplicate	Exact byte duplicate of the canonical target; this source path is retained as provenance and no second canonical copy is created. Kind is a navigation label based on file type, path, and title; it does not upgrade evidence.
archive-by-series/64-75-and-migration/migration_stack_P2(1).md	research/archive/strict-layer-proof-research/archive-by-series/64-75-and-migration/migration_stack_P2(1).md	dongxuelian2/strict-layer-proof-research	archived	source-only	Source-only bytes preserved once at the canonical target under the frozen archive boundary; original source path remains an alias. Kind is a navigation label based on file type, path, and title; it does not upgrade evidence.
archive-by-series/64-75-and-migration/migration_stack_P2(2).md	research/archive/strict-layer-proof-research/archive-by-series/64-75-and-migration/migration_stack_P2(2).md	dongxuelian2/strict-layer-proof-research	archived	source-only	Source-only bytes preserved once at the canonical target under the frozen archive boundary; original source path remains an alias. Kind is a navigation label based on file type, path, and title; it does not upgrade evidence.
archive-by-series/64-75-and-migration/migration_stack_P2.md	research/archive/strict-layer-proof-research/archive-by-series/64-75-and-migration/migration_stack_P2.md	dongxuelian2/strict-layer-proof-research	archived	source-only	Source-only bytes preserved once at the canonical target under the frozen archive boundary; original source path remains an alias. Kind is a navigation label based on file type, path, and title; it does not upgrade evidence.
archive-by-series/65-bridge-and-provenance/00_65_terminal_recompression.md	research/a1/records/65-terminal-recompression.md	dongxuelian2/strict-layer-proof-research	canonical	exact-duplicate	Exact byte duplicate of the canonical target; this source path is retained as provenance and no second canonical copy is created. Kind is a navigation label based on file type, path, and title; it does not upgrade evidence.
archive-by-series/65-bridge-and-provenance/01_standard_language_dictionary.md	research/a1/records/standard-language-dictionary.md	dongxuelian2/strict-layer-proof-research	canonical	exact-duplicate	Exact byte duplicate of the canonical target; this source path is retained as provenance and no second canonical copy is created. Kind is a navigation label based on file type, path, and title; it does not upgrade evidence.
archive-by-series/65-bridge-and-provenance/03_USSPAL_intrinsic_lower_barrier.md	research/a1/records/usspal-intrinsic-lower-barrier.md	dongxuelian2/strict-layer-proof-research	canonical	exact-duplicate	Exact byte duplicate of the canonical target; this source path is retained as provenance and no second canonical copy is created. Kind is a navigation label based on file type, path, and title; it does not upgrade evidence.
archive-by-series/65-bridge-and-provenance/06_power_ten_rearchitecture_audit.md	research/a1/records/power-ten-rearchitecture-audit.md	dongxuelian2/strict-layer-proof-research	canonical	exact-duplicate	Exact byte duplicate of the canonical target; this source path is retained as provenance and no second canonical copy is created. Kind is a navigation label based on file type, path, and title; it does not upgrade evidence.
archive-by-series/65-bridge-and-provenance/06_primitive_sector_congruence.md	research/a1/records/primitive-sector-congruence.md	dongxuelian2/strict-layer-proof-research	canonical	exact-duplicate	Exact byte duplicate of the canonical target; this source path is retained as provenance and no second canonical copy is created. Kind is a navigation label based on file type, path, and title; it does not upgrade evidence.
archive-by-series/65-bridge-and-provenance/07_archimedean_digit_region.md	research/a1/records/archimedean-digit-region.md	dongxuelian2/strict-layer-proof-research	canonical	exact-duplicate	Exact byte duplicate of the canonical target; this source path is retained as provenance and no second canonical copy is created. Kind is a navigation label based on file type, path, and title; it does not upgrade evidence.
archive-by-series/65-bridge-and-provenance/07_reverse_semantics_audit.md	research/a1/records/reverse-semantics-audit.md	dongxuelian2/strict-layer-proof-research	canonical	exact-duplicate	Exact byte duplicate of the canonical target; this source path is retained as provenance and no second canonical copy is created. Kind is a navigation label based on file type, path, and title; it does not upgrade evidence.
archive-by-series/65-bridge-and-provenance/08_migration_matrix.md	research/archive/strict-layer-proof-research/archive-by-series/65-bridge-and-provenance/08_migration_matrix.md	dongxuelian2/strict-layer-proof-research	archived	source-only	Source-only bytes preserved once at the canonical target under the frozen archive boundary; original source path remains an alias. Kind is a navigation label based on file type, path, and title; it does not upgrade evidence.
archive-by-series/65-bridge-and-provenance/08_quantitative_theorem_registry.md	research/a1/records/quantitative-theorem-registry.md	dongxuelian2/strict-layer-proof-research	canonical	exact-duplicate	Exact byte duplicate of the canonical target; this source path is retained as provenance and no second canonical copy is created. Kind is a navigation label based on file type, path, and title; it does not upgrade evidence.
archive-by-series/65-bridge-and-provenance/08_weapon_ranking.md	research/a1/records/weapon-ranking.md	dongxuelian2/strict-layer-proof-research	canonical	exact-duplicate	Exact byte duplicate of the canonical target; this source path is retained as provenance and no second canonical copy is created. Kind is a navigation label based on file type, path, and title; it does not upgrade evidence.
archive-by-series/65-bridge-and-provenance/09_height_bridge_analysis.md	research/a1/records/height-bridge-analysis.md	dongxuelian2/strict-layer-proof-research	canonical	exact-duplicate	Exact byte duplicate of the canonical target; this source path is retained as provenance and no second canonical copy is created. Kind is a navigation label based on file type, path, and title; it does not upgrade evidence.
archive-by-series/65-bridge-and-provenance/10_external_arsenal_map.md	research/a1/records/external-arsenal-map.md	dongxuelian2/strict-layer-proof-research	canonical	exact-duplicate	Exact byte duplicate of the canonical target; this source path is retained as provenance and no second canonical copy is created. Kind is a navigation label based on file type, path, and title; it does not upgrade evidence.
archive-by-series/65-bridge-and-provenance/10_migration_dry_run.md	research/archive/strict-layer-proof-research/archive-by-series/65-bridge-and-provenance/10_migration_dry_run.md	dongxuelian2/strict-layer-proof-research	archived	source-only	Source-only bytes preserved once at the canonical target under the frozen archive boundary; original source path remains an alias. Kind is a navigation label based on file type, path, and title; it does not upgrade evidence.
archive-by-series/65-bridge-and-provenance/11_main_proof_interface_decision.md	research/a1/records/main-proof-interface-decision.md	dongxuelian2/strict-layer-proof-research	canonical	exact-duplicate	Exact byte duplicate of the canonical target; this source path is retained as provenance and no second canonical copy is created. Kind is a navigation label based on file type, path, and title; it does not upgrade evidence.
archive-by-series/65-bridge-and-provenance/11_remaining_internal_mathematics.md	research/a1/records/interface-selection.md	dongxuelian2/strict-layer-proof-research	canonical	exact-duplicate	Exact byte duplicate of the canonical target; this source path is retained as provenance and no second canonical copy is created. Kind is a navigation label based on file type, path, and title; it does not upgrade evidence.
archive-by-series/65-bridge-and-provenance/12_R1_terminal_verdict.md	research/a1/records/r1-terminal-verdict.md	dongxuelian2/strict-layer-proof-research	canonical	exact-duplicate	Exact byte duplicate of the canonical target; this source path is retained as provenance and no second canonical copy is created. Kind is a navigation label based on file type, path, and title; it does not upgrade evidence.
archive-by-series/65-bridge-and-provenance/12_R2_terminal_verdict.md	research/a1/records/r2-terminal-verdict.md	dongxuelian2/strict-layer-proof-research	canonical	exact-duplicate	Exact byte duplicate of the canonical target; this source path is retained as provenance and no second canonical copy is created. Kind is a navigation label based on file type, path, and title; it does not upgrade evidence.
archive-by-series/65-bridge-and-provenance/12_R6_terminal_verdict.md	research/a1/records/r6-terminal-verdict.md	dongxuelian2/strict-layer-proof-research	canonical	exact-duplicate	Exact byte duplicate of the canonical target; this source path is retained as provenance and no second canonical copy is created. Kind is a navigation label based on file type, path, and title; it does not upgrade evidence.
archive-by-series/65-bridge-and-provenance/12_remaining_internal_mathematics.md	research/a1/records/external-search-saturation.md	dongxuelian2/strict-layer-proof-research	canonical	exact-duplicate	Exact byte duplicate of the canonical target; this source path is retained as provenance and no second canonical copy is created. Kind is a navigation label based on file type, path, and title; it does not upgrade evidence.
archive-by-series/65-bridge-and-provenance/12_remaining_new_mathematics.md	research/a1/records/unresolved-after-interface-selection.md	dongxuelian2/strict-layer-proof-research	canonical	exact-duplicate	Exact byte duplicate of the canonical target; this source path is retained as provenance and no second canonical copy is created. Kind is a navigation label based on file type, path, and title; it does not upgrade evidence.
archive-by-series/65-bridge-and-provenance/13_R6-certificate.txt	research/archive/strict-layer-proof-research/archive-by-series/65-bridge-and-provenance/13_R6-certificate.txt	dongxuelian2/strict-layer-proof-research	archived	source-only	Source-only bytes preserved once at the canonical target under the frozen archive boundary; original source path remains an alias. Kind is a navigation label based on file type, path, and title; it does not upgrade evidence.
archive-by-series/65-bridge-and-provenance/13_R7_terminal_verdict.md	research/a1/records/r7-terminal-verdict.md	dongxuelian2/strict-layer-proof-research	canonical	exact-duplicate	Exact byte duplicate of the canonical target; this source path is retained as provenance and no second canonical copy is created. Kind is a navigation label based on file type, path, and title; it does not upgrade evidence.
archive-by-series/65-bridge-and-provenance/13_R8_terminal_verdict.md	research/a1/records/r8-terminal-verdict.md	dongxuelian2/strict-layer-proof-research	canonical	exact-duplicate	Exact byte duplicate of the canonical target; this source path is retained as provenance and no second canonical copy is created. Kind is a navigation label based on file type, path, and title; it does not upgrade evidence.
archive-by-series/65-bridge-and-provenance/14_R3_terminal_verdict.md	research/a1/records/r3-terminal-verdict.md	dongxuelian2/strict-layer-proof-research	canonical	exact-duplicate	Exact byte duplicate of the canonical target; this source path is retained as provenance and no second canonical copy is created. Kind is a navigation label based on file type, path, and title; it does not upgrade evidence.
archive-by-series/65-bridge-and-provenance/14_R7-certificate.txt	research/archive/strict-layer-proof-research/archive-by-series/65-bridge-and-provenance/14_R7-certificate.txt	dongxuelian2/strict-layer-proof-research	archived	source-only	Source-only bytes preserved once at the canonical target under the frozen archive boundary; original source path remains an alias. Kind is a navigation label based on file type, path, and title; it does not upgrade evidence.
archive-by-series/65-bridge-and-provenance/14_R8-certificate.txt	research/archive/strict-layer-proof-research/archive-by-series/65-bridge-and-provenance/14_R8-certificate.txt	dongxuelian2/strict-layer-proof-research	archived	source-only	Source-only bytes preserved once at the canonical target under the frozen archive boundary; original source path remains an alias. Kind is a navigation label based on file type, path, and title; it does not upgrade evidence.
archive-by-series/65-bridge-and-provenance/14_USSPAL_route_viability.md	research/a1/records/usspal-route-viability.md	dongxuelian2/strict-layer-proof-research	canonical	exact-duplicate	Exact byte duplicate of the canonical target; this source path is retained as provenance and no second canonical copy is created. Kind is a navigation label based on file type, path, and title; it does not upgrade evidence.
archive-by-series/65-bridge-and-provenance/15_R4_terminal_verdict.md	research/a1/records/r4-terminal-verdict.md	dongxuelian2/strict-layer-proof-research	canonical	exact-duplicate	Exact byte duplicate of the canonical target; this source path is retained as provenance and no second canonical copy is created. Kind is a navigation label based on file type, path, and title; it does not upgrade evidence.
archive-by-series/65-bridge-and-provenance/15_remaining_new_mathematics.md	research/a1/records/unresolved-mathematics.md	dongxuelian2/strict-layer-proof-research	canonical	exact-duplicate	Exact byte duplicate of the canonical target; this source path is retained as provenance and no second canonical copy is created. Kind is a navigation label based on file type, path, and title; it does not upgrade evidence.
archive-by-series/65-bridge-and-provenance/16_R5_terminal_verdict.md	research/a1/records/r5-terminal-verdict.md	dongxuelian2/strict-layer-proof-research	canonical	exact-duplicate	Exact byte duplicate of the canonical target; this source path is retained as provenance and no second canonical copy is created. Kind is a navigation label based on file type, path, and title; it does not upgrade evidence.
archive-by-series/65-bridge-and-provenance/17_R5-certificate.txt	research/archive/strict-layer-proof-research/archive-by-series/65-bridge-and-provenance/17_R5-certificate.txt	dongxuelian2/strict-layer-proof-research	archived	source-only	Source-only bytes preserved once at the canonical target under the frozen archive boundary; original source path remains an alias. Kind is a navigation label based on file type, path, and title; it does not upgrade evidence.
archive-by-series/65-bridge-and-provenance/J2_65_R5_common.py	research/archive/strict-layer-proof-research/archive-by-series/65-bridge-and-provenance/J2_65_R5_common.py	dongxuelian2/strict-layer-proof-research	archived	source-only	Source-only bytes preserved once at the canonical target under the frozen archive boundary; original source path remains an alias. Kind is a navigation label based on file type, path, and title; it does not upgrade evidence.
archive-by-series/65-bridge-and-provenance/MANIFEST.md	research/archive/strict-layer-proof-research/archive-by-series/65-bridge-and-provenance/MANIFEST.md	dongxuelian2/strict-layer-proof-research	archived	source-only	Source-only bytes preserved once at the canonical target under the frozen archive boundary; original source path remains an alias. Kind is a navigation label based on file type, path, and title; it does not upgrade evidence.
archive-by-series/65-bridge-and-provenance/SHA256SUMS(1).txt	research/archive/strict-layer-proof-research/archive-by-series/65-bridge-and-provenance/SHA256SUMS(1).txt	dongxuelian2/strict-layer-proof-research	archived	source-only	Source-only bytes preserved once at the canonical target under the frozen archive boundary; original source path remains an alias. Kind is a navigation label based on file type, path, and title; it does not upgrade evidence.
archive-by-series/65-bridge-and-provenance/SHA256SUMS.txt	research/archive/strict-layer-proof-research/archive-by-series/65-bridge-and-provenance/SHA256SUMS.txt	dongxuelian2/strict-layer-proof-research	archived	source-only	Source-only bytes preserved once at the canonical target under the frozen archive boundary; original source path remains an alias. Kind is a navigation label based on file type, path, and title; it does not upgrade evidence.
archive-by-series/65-bridge-and-provenance/bezout_certificates.txt	research/archive/strict-layer-proof-research/archive-by-series/65-bridge-and-provenance/bezout_certificates.txt	dongxuelian2/strict-layer-proof-research	archived	source-only	Source-only bytes preserved once at the canonical target under the frozen archive boundary; original source path remains an alias. Kind is a navigation label based on file type, path, and title; it does not upgrade evidence.
archive-by-series/65-bridge-and-provenance/common_h_provenance_audit.txt	research/archive/strict-layer-proof-research/archive-by-series/65-bridge-and-provenance/common_h_provenance_audit.txt	dongxuelian2/strict-layer-proof-research	archived	source-only	Source-only bytes preserved once at the canonical target under the frozen archive boundary; original source path remains an alias. Kind is a navigation label based on file type, path, and title; it does not upgrade evidence.
archive-by-series/65-bridge-and-provenance/deep_eta_congruence.txt	research/archive/strict-layer-proof-research/archive-by-series/65-bridge-and-provenance/deep_eta_congruence.txt	dongxuelian2/strict-layer-proof-research	archived	source-only	Source-only bytes preserved once at the canonical target under the frozen archive boundary; original source path remains an alias. Kind is a navigation label based on file type, path, and title; it does not upgrade evidence.
archive-by-series/65-bridge-and-provenance/execution.log	research/archive/strict-layer-proof-research/archive-by-series/65-bridge-and-provenance/execution.log	dongxuelian2/strict-layer-proof-research	archived	source-only	Source-only bytes preserved once at the canonical target under the frozen archive boundary; original source path remains an alias. Kind is a navigation label based on file type, path, and title; it does not upgrade evidence.
archive-by-series/65-bridge-and-provenance/modular_search_summary.txt	research/archive/strict-layer-proof-research/archive-by-series/65-bridge-and-provenance/modular_search_summary.txt	dongxuelian2/strict-layer-proof-research	archived	source-only	Source-only bytes preserved once at the canonical target under the frozen archive boundary; original source path remains an alias. Kind is a navigation label based on file type, path, and title; it does not upgrade evidence.
archive-by-series/65-bridge-and-provenance/q1_defect_signature.py	research/archive/strict-layer-proof-research/archive-by-series/65-bridge-and-provenance/q1_defect_signature.py	dongxuelian2/strict-layer-proof-research	archived	source-only	Source-only bytes preserved once at the canonical target under the frozen archive boundary; original source path remains an alias. Kind is a navigation label based on file type, path, and title; it does not upgrade evidence.
archive-by-series/65-bridge-and-provenance/q1_defect_signature.txt	research/archive/strict-layer-proof-research/archive-by-series/65-bridge-and-provenance/q1_defect_signature.txt	dongxuelian2/strict-layer-proof-research	archived	source-only	Source-only bytes preserved once at the canonical target under the frozen archive boundary; original source path remains an alias. Kind is a navigation label based on file type, path, and title; it does not upgrade evidence.
archive-by-series/65-bridge-and-provenance/q1_defect_signature_summary.json	research/archive/strict-layer-proof-research/archive-by-series/65-bridge-and-provenance/q1_defect_signature_summary.json	dongxuelian2/strict-layer-proof-research	archived	source-only	Source-only bytes preserved once at the canonical target under the frozen archive boundary; original source path remains an alias. Kind is a navigation label based on file type, path, and title; it does not upgrade evidence.
archive-by-series/65-bridge-and-provenance/qgt1_sparse_elimination.py	research/archive/strict-layer-proof-research/archive-by-series/65-bridge-and-provenance/qgt1_sparse_elimination.py	dongxuelian2/strict-layer-proof-research	archived	source-only	Source-only bytes preserved once at the canonical target under the frozen archive boundary; original source path remains an alias. Kind is a navigation label based on file type, path, and title; it does not upgrade evidence.
archive-by-series/65-bridge-and-provenance/qgt1_sparse_elimination.txt	research/archive/strict-layer-proof-research/archive-by-series/65-bridge-and-provenance/qgt1_sparse_elimination.txt	dongxuelian2/strict-layer-proof-research	archived	source-only	Source-only bytes preserved once at the canonical target under the frozen archive boundary; original source path remains an alias. Kind is a navigation label based on file type, path, and title; it does not upgrade evidence.
archive-by-series/65-bridge-and-provenance/r2_certificate.txt	research/archive/strict-layer-proof-research/archive-by-series/65-bridge-and-provenance/r2_certificate.txt	dongxuelian2/strict-layer-proof-research	archived	source-only	Source-only bytes preserved once at the canonical target under the frozen archive boundary; original source path remains an alias. Kind is a navigation label based on file type, path, and title; it does not upgrade evidence.
archive-by-series/65-bridge-and-provenance/r2_factor_gap_audit.py	research/archive/strict-layer-proof-research/archive-by-series/65-bridge-and-provenance/r2_factor_gap_audit.py	dongxuelian2/strict-layer-proof-research	archived	source-only	Source-only bytes preserved once at the canonical target under the frozen archive boundary; original source path remains an alias. Kind is a navigation label based on file type, path, and title; it does not upgrade evidence.
archive-by-series/65-bridge-and-provenance/r3_machine_summary.json	research/archive/strict-layer-proof-research/archive-by-series/65-bridge-and-provenance/r3_machine_summary.json	dongxuelian2/strict-layer-proof-research	archived	source-only	Source-only bytes preserved once at the canonical target under the frozen archive boundary; original source path remains an alias. Kind is a navigation label based on file type, path, and title; it does not upgrade evidence.
archive-by-series/65-bridge-and-provenance/result_summary.json	research/archive/strict-layer-proof-research/archive-by-series/65-bridge-and-provenance/result_summary.json	dongxuelian2/strict-layer-proof-research	archived	source-only	Source-only bytes preserved once at the canonical target under the frozen archive boundary; original source path remains an alias. Kind is a navigation label based on file type, path, and title; it does not upgrade evidence.
archive-by-series/65-bridge-and-provenance/source_audit.md	research/archive/strict-layer-proof-research/archive-by-series/65-bridge-and-provenance/source_audit.md	dongxuelian2/strict-layer-proof-research	archived	source-only	Source-only bytes preserved once at the canonical target under the frozen archive boundary; original source path remains an alias. Kind is a navigation label based on file type, path, and title; it does not upgrade evidence.
archive-by-series/65-bridge-and-provenance/symbolic_factorizations.txt	research/archive/strict-layer-proof-research/archive-by-series/65-bridge-and-provenance/symbolic_factorizations.txt	dongxuelian2/strict-layer-proof-research	archived	source-only	Source-only bytes preserved once at the canonical target under the frozen archive boundary; original source path remains an alias. Kind is a navigation label based on file type, path, and title; it does not upgrade evidence.
archive-by-series/65-bridge-and-provenance/verify_r4_fixed_incidence.log	research/archive/strict-layer-proof-research/archive-by-series/65-bridge-and-provenance/verify_r4_fixed_incidence.log	dongxuelian2/strict-layer-proof-research	archived	source-only	Source-only bytes preserved once at the canonical target under the frozen archive boundary; original source path remains an alias. Kind is a navigation label based on file type, path, and title; it does not upgrade evidence.
archive-by-series/65-bridge-and-provenance/verify_r4_fixed_incidence.py	research/archive/strict-layer-proof-research/archive-by-series/65-bridge-and-provenance/verify_r4_fixed_incidence.py	dongxuelian2/strict-layer-proof-research	archived	source-only	Source-only bytes preserved once at the canonical target under the frozen archive boundary; original source path remains an alias. Kind is a navigation label based on file type, path, and title; it does not upgrade evidence.
archive-by-series/65-bridge-and-provenance/verify_r7_factor_pair.log	research/archive/strict-layer-proof-research/archive-by-series/65-bridge-and-provenance/verify_r7_factor_pair.log	dongxuelian2/strict-layer-proof-research	archived	source-only	Source-only bytes preserved once at the canonical target under the frozen archive boundary; original source path remains an alias. Kind is a navigation label based on file type, path, and title; it does not upgrade evidence.
archive-by-series/65-bridge-and-provenance/verify_r7_factor_pair.py	research/archive/strict-layer-proof-research/archive-by-series/65-bridge-and-provenance/verify_r7_factor_pair.py	dongxuelian2/strict-layer-proof-research	archived	source-only	Source-only bytes preserved once at the canonical target under the frozen archive boundary; original source path remains an alias. Kind is a navigation label based on file type, path, and title; it does not upgrade evidence.
archive-by-series/65-bridge-and-provenance/verify_r7b_oriented_gate.py	research/archive/strict-layer-proof-research/archive-by-series/65-bridge-and-provenance/verify_r7b_oriented_gate.py	dongxuelian2/strict-layer-proof-research	archived	source-only	Source-only bytes preserved once at the canonical target under the frozen archive boundary; original source path remains an alias. Kind is a navigation label based on file type, path, and title; it does not upgrade evidence.
archive-by-series/65-bridge-and-provenance/verify_r7c_psdg.py	research/archive/strict-layer-proof-research/archive-by-series/65-bridge-and-provenance/verify_r7c_psdg.py	dongxuelian2/strict-layer-proof-research	archived	source-only	Source-only bytes preserved once at the canonical target under the frozen archive boundary; original source path remains an alias. Kind is a navigation label based on file type, path, and title; it does not upgrade evidence.
archive-by-series/65-bridge-and-provenance/verify_r7d_witnesses.py	research/archive/strict-layer-proof-research/archive-by-series/65-bridge-and-provenance/verify_r7d_witnesses.py	dongxuelian2/strict-layer-proof-research	archived	source-only	Source-only bytes preserved once at the canonical target under the frozen archive boundary; original source path remains an alias. Kind is a navigation label based on file type, path, and title; it does not upgrade evidence.
archive-by-series/65-bridge-and-provenance/verify_r8_radial.py	research/archive/strict-layer-proof-research/archive-by-series/65-bridge-and-provenance/verify_r8_radial.py	dongxuelian2/strict-layer-proof-research	archived	source-only	Source-only bytes preserved once at the canonical target under the frozen archive boundary; original source path remains an alias. Kind is a navigation label based on file type, path, and title; it does not upgrade evidence.
archive-by-series/65-bridge-and-provenance/verify_s3_counterfamily.py	research/archive/strict-layer-proof-research/archive-by-series/65-bridge-and-provenance/verify_s3_counterfamily.py	dongxuelian2/strict-layer-proof-research	archived	source-only	Source-only bytes preserved once at the canonical target under the frozen archive boundary; original source path remains an alias. Kind is a navigation label based on file type, path, and title; it does not upgrade evidence.
archive-by-series/65-bridge-and-provenance/第三个八五计划_R1_归档.md	research/a1/records/cross-fibre-entry.md	dongxuelian2/strict-layer-proof-research	canonical	exact-duplicate	Exact byte duplicate of the canonical target; this source path is retained as provenance and no second canonical copy is created. Kind is a navigation label based on file type, path, and title; it does not upgrade evidence.
archive-by-series/70-85/85_R10_MovingBase_Globalization_and_Gamma10_Activation_Audit.md	research/a1/records/movingbase-globalization-gamma10-activation-audit.md	dongxuelian2/strict-layer-proof-research	canonical	exact-duplicate	Exact byte duplicate of the canonical target; this source path is retained as provenance and no second canonical copy is created. Kind is a navigation label based on file type, path, and title; it does not upgrade evidence.
archive-by-series/70-85/85_R11_PhaseII_Moving_Square_Theorem_and_Launch_Plan.md	research/a1/records/phaseii-moving-square-theorem-launch.md	dongxuelian2/strict-layer-proof-research	canonical	exact-duplicate	Exact byte duplicate of the canonical target; this source path is retained as provenance and no second canonical copy is created. Kind is a navigation label based on file type, path, and title; it does not upgrade evidence.
archive-by-series/70-85/85_R11_R1_R10_Full_Architecture_Autopsy_and_PhaseI_Freeze.md	research/a1/records/r1-r10-full-architecture-autopsy-phasei-freeze.md	dongxuelian2/strict-layer-proof-research	canonical	exact-duplicate	Exact byte duplicate of the canonical target; this source path is retained as provenance and no second canonical copy is created. Kind is a navigation label based on file type, path, and title; it does not upgrade evidence.
archive-by-series/70-85/85_R1_J2_Terminal_Recompression_and_Minimal_Survivor.md	research/a1/records/j2-terminal-recompression-minimal-survivor.md	dongxuelian2/strict-layer-proof-research	canonical	exact-duplicate	Exact byte duplicate of the canonical target; this source path is retained as provenance and no second canonical copy is created. Kind is a navigation label based on file type, path, and title; it does not upgrade evidence.
archive-by-series/70-85/85_R1_R5_First_Five_Round_Closure_Checkpoint.md	research/a1/records/r5-first-five-closure.md	dongxuelian2/strict-layer-proof-research	canonical	exact-duplicate	Exact byte duplicate of the canonical target; this source path is retained as provenance and no second canonical copy is created. Kind is a navigation label based on file type, path, and title; it does not upgrade evidence.
archive-by-series/70-85/85_R2_Euclidean_Quotient_and_Floor_Carry_Explicitization.md	research/a1/records/euclidean-quotient-floor-carry-explicitization.md	dongxuelian2/strict-layer-proof-research	canonical	exact-duplicate	Exact byte duplicate of the canonical target; this source path is retained as provenance and no second canonical copy is created. Kind is a navigation label based on file type, path, and title; it does not upgrade evidence.
archive-by-series/70-85/85_R2_Quotient_Explicitization_symbolic.py	research/archive/strict-layer-proof-research/archive-by-series/70-85/85_R2_Quotient_Explicitization_symbolic.py	dongxuelian2/strict-layer-proof-research	archived	source-only	Source-only bytes preserved once at the canonical target under the frozen archive boundary; original source path remains an alias. Kind is a navigation label based on file type, path, and title; it does not upgrade evidence.
archive-by-series/70-85/85_R2_symbolic_execution.log	research/archive/strict-layer-proof-research/archive-by-series/70-85/85_R2_symbolic_execution.log	dongxuelian2/strict-layer-proof-research	archived	source-only	Source-only bytes preserved once at the canonical target under the frozen archive boundary; original source path remains an alias. Kind is a navigation label based on file type, path, and title; it does not upgrade evidence.
archive-by-series/70-85/85_R3_Source_Cut_Residual_Exclusion_and_Regular_J2_Closure.md	research/a1/records/source-cut-residual-exclusion-regular-j2-closure.md	dongxuelian2/strict-layer-proof-research	canonical	exact-duplicate	Exact byte duplicate of the canonical target; this source path is retained as provenance and no second canonical copy is created. Kind is a navigation label based on file type, path, and title; it does not upgrade evidence.
archive-by-series/70-85/85_R4_Primitive_Odd_Prime_Allocation_and_Source_Divisor_Image.md	research/a1/records/primitive-odd-prime-allocation-source-divisor-image.md	dongxuelian2/strict-layer-proof-research	canonical	exact-duplicate	Exact byte duplicate of the canonical target; this source path is retained as provenance and no second canonical copy is created. Kind is a navigation label based on file type, path, and title; it does not upgrade evidence.
archive-by-series/70-85/85_R5_PreRoot_Order_Collision_and_Digit_Window.md	research/a1/records/preroot-order-collision-digit-window.md	dongxuelian2/strict-layer-proof-research	canonical	exact-duplicate	Exact byte duplicate of the canonical target; this source path is retained as provenance and no second canonical copy is created. Kind is a navigation label based on file type, path, and title; it does not upgrade evidence.
archive-by-series/70-85/85_R5_order_diagnostic.py	research/archive/strict-layer-proof-research/archive-by-series/70-85/85_R5_order_diagnostic.py	dongxuelian2/strict-layer-proof-research	archived	source-only	Source-only bytes preserved once at the canonical target under the frozen archive boundary; original source path remains an alias. Kind is a navigation label based on file type, path, and title; it does not upgrade evidence.
archive-by-series/70-85/85_R5_order_diagnostic_certificate.txt	research/archive/strict-layer-proof-research/archive-by-series/70-85/85_R5_order_diagnostic_certificate.txt	dongxuelian2/strict-layer-proof-research	archived	source-only	Source-only bytes preserved once at the canonical target under the frozen archive boundary; original source path remains an alias. Kind is a navigation label based on file type, path, and title; it does not upgrade evidence.
archive-by-series/70-85/85_R6_N0_Split_Family_x_FullWord_Source_Projection_Rearchitecture.md	research/a1/records/n0-split-family-x-fullword-source-projection-rearchitecture.md	dongxuelian2/strict-layer-proof-research	canonical	exact-duplicate	Exact byte duplicate of the canonical target; this source path is retained as provenance and no second canonical copy is created. Kind is a navigation label based on file type, path, and title; it does not upgrade evidence.
archive-by-series/70-85/85_R6_N0_fullword_projection_certificate.txt	research/archive/strict-layer-proof-research/archive-by-series/70-85/85_R6_N0_fullword_projection_certificate.txt	dongxuelian2/strict-layer-proof-research	archived	source-only	Source-only bytes preserved once at the canonical target under the frozen archive boundary; original source path remains an alias. Kind is a navigation label based on file type, path, and title; it does not upgrade evidence.
archive-by-series/70-85/85_R6_N0_fullword_projection_diagnostic.py	research/archive/strict-layer-proof-research/archive-by-series/70-85/85_R6_N0_fullword_projection_diagnostic.py	dongxuelian2/strict-layer-proof-research	archived	source-only	Source-only bytes preserved once at the canonical target under the frozen archive boundary; original source path remains an alias. Kind is a navigation label based on file type, path, and title; it does not upgrade evidence.
archive-by-series/70-85/85_R6_R10_Second_Five_Round_Architecture_Shock_Checkpoint.md	research/a1/records/r10-second-five-architecture-shock.md	dongxuelian2/strict-layer-proof-research	canonical	exact-duplicate	Exact byte duplicate of the canonical target; this source path is retained as provenance and no second canonical copy is created. Kind is a navigation label based on file type, path, and title; it does not upgrade evidence.
archive-by-series/70-85/85_R6_live_N0_split_base_scan.py	research/archive/strict-layer-proof-research/archive-by-series/70-85/85_R6_live_N0_split_base_scan.py	dongxuelian2/strict-layer-proof-research	archived	source-only	Source-only bytes preserved once at the canonical target under the frozen archive boundary; original source path remains an alias. Kind is a navigation label based on file type, path, and title; it does not upgrade evidence.
archive-by-series/70-85/85_R6_live_N0_split_base_scan_certificate.txt	research/archive/strict-layer-proof-research/archive-by-series/70-85/85_R6_live_N0_split_base_scan_certificate.txt	dongxuelian2/strict-layer-proof-research	archived	source-only	Source-only bytes preserved once at the canonical target under the frozen archive boundary; original source path remains an alias. Kind is a navigation label based on file type, path, and title; it does not upgrade evidence.
archive-by-series/70-85/85_R7_J2_Endpoint_Modular_Jump_and_CommonScale_Integer_Extinction.md	research/a1/records/j2-endpoint-modular-jump-commonscale-integer-extinction.md	dongxuelian2/strict-layer-proof-research	canonical	exact-duplicate	Exact byte duplicate of the canonical target; this source path is retained as provenance and no second canonical copy is created. Kind is a navigation label based on file type, path, and title; it does not upgrade evidence.
archive-by-series/70-85/85_R7_endpoint_jump_certificate.txt	research/archive/strict-layer-proof-research/archive-by-series/70-85/85_R7_endpoint_jump_certificate.txt	dongxuelian2/strict-layer-proof-research	archived	source-only	Source-only bytes preserved once at the canonical target under the frozen archive boundary; original source path remains an alias. Kind is a navigation label based on file type, path, and title; it does not upgrade evidence.
archive-by-series/70-85/85_R7_endpoint_jump_diagnostic.py	research/archive/strict-layer-proof-research/archive-by-series/70-85/85_R7_endpoint_jump_diagnostic.py	dongxuelian2/strict-layer-proof-research	archived	source-only	Source-only bytes preserved once at the canonical target under the frozen archive boundary; original source path remains an alias. Kind is a navigation label based on file type, path, and title; it does not upgrade evidence.
archive-by-series/70-85/85_R8_PLCF_Countermodel_Differential_and_SourceProjection_Termination.md	research/a1/records/plcf-countermodel-differential-sourceprojection-termination.md	dongxuelian2/strict-layer-proof-research	canonical	exact-duplicate	Exact byte duplicate of the canonical target; this source path is retained as provenance and no second canonical copy is created. Kind is a navigation label based on file type, path, and title; it does not upgrade evidence.
archive-by-series/70-85/85_R8_PLCF_gate_certificate.txt	research/archive/strict-layer-proof-research/archive-by-series/70-85/85_R8_PLCF_gate_certificate.txt	dongxuelian2/strict-layer-proof-research	archived	source-only	Source-only bytes preserved once at the canonical target under the frozen archive boundary; original source path remains an alias. Kind is a navigation label based on file type, path, and title; it does not upgrade evidence.
archive-by-series/70-85/85_R8_PLCF_gate_differential.py	research/archive/strict-layer-proof-research/archive-by-series/70-85/85_R8_PLCF_gate_differential.py	dongxuelian2/strict-layer-proof-research	archived	source-only	Source-only bytes preserved once at the canonical target under the frozen archive boundary; original source path remains an alias. Kind is a navigation label based on file type, path, and title; it does not upgrade evidence.
archive-by-series/70-85/85_R9_Joint_FullRoot_x_ExactSource_Incidence_Central_Assault.md	research/a1/records/joint-fullroot-x-exactsource-incidence-central-assault.md	dongxuelian2/strict-layer-proof-research	canonical	exact-duplicate	Exact byte duplicate of the canonical target; this source path is retained as provenance and no second canonical copy is created. Kind is a navigation label based on file type, path, and title; it does not upgrade evidence.
archive-by-series/70-85/85_R9_joint_incidence_certificate.py	research/archive/strict-layer-proof-research/archive-by-series/70-85/85_R9_joint_incidence_certificate.py	dongxuelian2/strict-layer-proof-research	archived	source-only	Source-only bytes preserved once at the canonical target under the frozen archive boundary; original source path remains an alias. Kind is a navigation label based on file type, path, and title; it does not upgrade evidence.
archive-by-series/70-85/85_R9_joint_incidence_certificate.txt	research/archive/strict-layer-proof-research/archive-by-series/70-85/85_R9_joint_incidence_certificate.txt	dongxuelian2/strict-layer-proof-research	archived	source-only	Source-only bytes preserved once at the canonical target under the frozen archive boundary; original source path remains an alias. Kind is a navigation label based on file type, path, and title; it does not upgrade evidence.
archive-by-series/70-85/85_phaseII_R10_root_lattice_interlacing_certificate.py	research/archive/strict-layer-proof-research/archive-by-series/70-85/85_phaseII_R10_root_lattice_interlacing_certificate.py	dongxuelian2/strict-layer-proof-research	archived	source-only	Source-only bytes preserved once at the canonical target under the frozen archive boundary; original source path remains an alias. Kind is a navigation label based on file type, path, and title; it does not upgrade evidence.
archive-by-series/70-85/85_phaseII_R10_root_lattice_interlacing_certificate.txt	research/archive/strict-layer-proof-research/archive-by-series/70-85/85_phaseII_R10_root_lattice_interlacing_certificate.txt	dongxuelian2/strict-layer-proof-research	archived	source-only	Source-only bytes preserved once at the canonical target under the frozen archive boundary; original source path remains an alias. Kind is a navigation label based on file type, path, and title; it does not upgrade evidence.
archive-by-series/70-85/85_phaseII_R10_root_lattice_interlacing_checkpoint.md	research/a1/records/root-lattice-interlacing.md	dongxuelian2/strict-layer-proof-research	canonical	exact-duplicate	Exact byte duplicate of the canonical target; this source path is retained as provenance and no second canonical copy is created. Kind is a navigation label based on file type, path, and title; it does not upgrade evidence.
archive-by-series/70-85/85_phaseII_R1_R10_final_architecture_autopsy.md	research/a1/records/r10-architecture-autopsy.md	dongxuelian2/strict-layer-proof-research	canonical	exact-duplicate	Exact byte duplicate of the canonical target; this source path is retained as provenance and no second canonical copy is created. Kind is a navigation label based on file type, path, and title; it does not upgrade evidence.
archive-by-series/70-85/85_phaseII_R1_counterexample_certificate.py	research/archive/strict-layer-proof-research/archive-by-series/70-85/85_phaseII_R1_counterexample_certificate.py	dongxuelian2/strict-layer-proof-research	archived	source-only	Source-only bytes preserved once at the canonical target under the frozen archive boundary; original source path remains an alias. Kind is a navigation label based on file type, path, and title; it does not upgrade evidence.
archive-by-series/70-85/85_phaseII_R1_counterexample_certificate.txt	research/archive/strict-layer-proof-research/archive-by-series/70-85/85_phaseII_R1_counterexample_certificate.txt	dongxuelian2/strict-layer-proof-research	archived	source-only	Source-only bytes preserved once at the canonical target under the frozen archive boundary; original source path remains an alias. Kind is a navigation label based on file type, path, and title; it does not upgrade evidence.
archive-by-series/70-85/85_phaseII_R1_moving_square_exactization.md	research/a1/records/moving-square-exactization-variant-a.md	dongxuelian2/strict-layer-proof-research	canonical	exact-duplicate	Exact byte duplicate of the canonical target; this source path is retained as provenance and no second canonical copy is created. Kind is a navigation label based on file type, path, and title; it does not upgrade evidence.
archive-by-series/70-85/85_phaseII_R2_counterexample_certificate.py	research/archive/strict-layer-proof-research/archive-by-series/70-85/85_phaseII_R2_counterexample_certificate.py	dongxuelian2/strict-layer-proof-research	archived	source-only	Source-only bytes preserved once at the canonical target under the frozen archive boundary; original source path remains an alias. Kind is a navigation label based on file type, path, and title; it does not upgrade evidence.
archive-by-series/70-85/85_phaseII_R2_counterexample_certificate.txt	research/archive/strict-layer-proof-research/archive-by-series/70-85/85_phaseII_R2_counterexample_certificate.txt	dongxuelian2/strict-layer-proof-research	archived	source-only	Source-only bytes preserved once at the canonical target under the frozen archive boundary; original source path remains an alias. Kind is a navigation label based on file type, path, and title; it does not upgrade evidence.
archive-by-series/70-85/85_phaseII_R2_moving_square_exactization.md	research/a1/records/moving-square-exactization-variant-b.md	dongxuelian2/strict-layer-proof-research	canonical	exact-duplicate	Exact byte duplicate of the canonical target; this source path is retained as provenance and no second canonical copy is created. Kind is a navigation label based on file type, path, and title; it does not upgrade evidence.
archive-by-series/70-85/85_phaseII_R2_radial_certificate.py	research/archive/strict-layer-proof-research/archive-by-series/70-85/85_phaseII_R2_radial_certificate.py	dongxuelian2/strict-layer-proof-research	archived	source-only	Source-only bytes preserved once at the canonical target under the frozen archive boundary; original source path remains an alias. Kind is a navigation label based on file type, path, and title; it does not upgrade evidence.
archive-by-series/70-85/85_phaseII_R2_radial_certificate.txt	research/archive/strict-layer-proof-research/archive-by-series/70-85/85_phaseII_R2_radial_certificate.txt	dongxuelian2/strict-layer-proof-research	archived	source-only	Source-only bytes preserved once at the canonical target under the frozen archive boundary; original source path remains an alias. Kind is a navigation label based on file type, path, and title; it does not upgrade evidence.
archive-by-series/70-85/85_phaseII_R2_radial_extinction.md	research/a1/records/radial-extinction.md	dongxuelian2/strict-layer-proof-research	canonical	exact-duplicate	Exact byte duplicate of the canonical target; this source path is retained as provenance and no second canonical copy is created. Kind is a navigation label based on file type, path, and title; it does not upgrade evidence.
archive-by-series/70-85/85_phaseII_R3_primitive_height(1).md	research/a1/records/primitive-height.md	dongxuelian2/strict-layer-proof-research	canonical	exact-duplicate	Exact byte duplicate of the canonical target; this source path is retained as provenance and no second canonical copy is created. Kind is a navigation label based on file type, path, and title; it does not upgrade evidence.
archive-by-series/70-85/85_phaseII_R3_primitive_height.md	research/a1/records/primitive-height.md	dongxuelian2/strict-layer-proof-research	canonical	exact-duplicate	Exact byte duplicate of the canonical target; this source path is retained as provenance and no second canonical copy is created. Kind is a navigation label based on file type, path, and title; it does not upgrade evidence.
archive-by-series/70-85/85_phaseII_R3_primitive_height_certificate.py	research/archive/strict-layer-proof-research/archive-by-series/70-85/85_phaseII_R3_primitive_height_certificate.py	dongxuelian2/strict-layer-proof-research	archived	source-only	Source-only bytes preserved once at the canonical target under the frozen archive boundary; original source path remains an alias. Kind is a navigation label based on file type, path, and title; it does not upgrade evidence.
archive-by-series/70-85/85_phaseII_R3_primitive_height_certificate.txt	research/archive/strict-layer-proof-research/archive-by-series/70-85/85_phaseII_R3_primitive_height_certificate.txt	dongxuelian2/strict-layer-proof-research	archived	source-only	Source-only bytes preserved once at the canonical target under the frozen archive boundary; original source path remains an alias. Kind is a navigation label based on file type, path, and title; it does not upgrade evidence.
archive-by-series/70-85/85_phaseII_R4_two_prime_height_transfer.md	research/a1/records/two-prime-height-transfer.md	dongxuelian2/strict-layer-proof-research	canonical	exact-duplicate	Exact byte duplicate of the canonical target; this source path is retained as provenance and no second canonical copy is created. Kind is a navigation label based on file type, path, and title; it does not upgrade evidence.
archive-by-series/70-85/85_phaseII_R4_two_prime_height_transfer_certificate.py	research/archive/strict-layer-proof-research/archive-by-series/70-85/85_phaseII_R4_two_prime_height_transfer_certificate.py	dongxuelian2/strict-layer-proof-research	archived	source-only	Source-only bytes preserved once at the canonical target under the frozen archive boundary; original source path remains an alias. Kind is a navigation label based on file type, path, and title; it does not upgrade evidence.
archive-by-series/70-85/85_phaseII_R4_two_prime_height_transfer_certificate.txt	research/archive/strict-layer-proof-research/archive-by-series/70-85/85_phaseII_R4_two_prime_height_transfer_certificate.txt	dongxuelian2/strict-layer-proof-research	archived	source-only	Source-only bytes preserved once at the canonical target under the frozen archive boundary; original source path remains an alias. Kind is a navigation label based on file type, path, and title; it does not upgrade evidence.
archive-by-series/70-85/85_phaseII_R5_content_capacity_checkpoint.md	research/a1/records/content-capacity.md	dongxuelian2/strict-layer-proof-research	canonical	exact-duplicate	Exact byte duplicate of the canonical target; this source path is retained as provenance and no second canonical copy is created. Kind is a navigation label based on file type, path, and title; it does not upgrade evidence.
archive-by-series/70-85/85_phaseII_R5_content_capacity_checkpoint_certificate.py	research/archive/strict-layer-proof-research/archive-by-series/70-85/85_phaseII_R5_content_capacity_checkpoint_certificate.py	dongxuelian2/strict-layer-proof-research	archived	source-only	Source-only bytes preserved once at the canonical target under the frozen archive boundary; original source path remains an alias. Kind is a navigation label based on file type, path, and title; it does not upgrade evidence.
archive-by-series/70-85/85_phaseII_R5_content_capacity_checkpoint_certificate.txt	research/archive/strict-layer-proof-research/archive-by-series/70-85/85_phaseII_R5_content_capacity_checkpoint_certificate.txt	dongxuelian2/strict-layer-proof-research	archived	source-only	Source-only bytes preserved once at the canonical target under the frozen archive boundary; original source path remains an alias. Kind is a navigation label based on file type, path, and title; it does not upgrade evidence.
archive-by-series/70-85/85_phaseII_R6_canonical_height_repair_or_kill.md	research/a1/records/canonical-height-repair-or-kill.md	dongxuelian2/strict-layer-proof-research	canonical	exact-duplicate	Exact byte duplicate of the canonical target; this source path is retained as provenance and no second canonical copy is created. Kind is a navigation label based on file type, path, and title; it does not upgrade evidence.
archive-by-series/70-85/85_phaseII_R6_canonical_height_repair_or_kill_certificate.py	research/archive/strict-layer-proof-research/archive-by-series/70-85/85_phaseII_R6_canonical_height_repair_or_kill_certificate.py	dongxuelian2/strict-layer-proof-research	archived	source-only	Source-only bytes preserved once at the canonical target under the frozen archive boundary; original source path remains an alias. Kind is a navigation label based on file type, path, and title; it does not upgrade evidence.
archive-by-series/70-85/85_phaseII_R6_canonical_height_repair_or_kill_certificate.txt	research/archive/strict-layer-proof-research/archive-by-series/70-85/85_phaseII_R6_canonical_height_repair_or_kill_certificate.txt	dongxuelian2/strict-layer-proof-research	archived	source-only	Source-only bytes preserved once at the canonical target under the frozen archive boundary; original source path remains an alias. Kind is a navigation label based on file type, path, and title; it does not upgrade evidence.
archive-by-series/70-85/85_phaseII_R7_source_incidence_reset.md	research/a1/records/source-incidence-reset.md	dongxuelian2/strict-layer-proof-research	canonical	exact-duplicate	Exact byte duplicate of the canonical target; this source path is retained as provenance and no second canonical copy is created. Kind is a navigation label based on file type, path, and title; it does not upgrade evidence.
archive-by-series/70-85/85_phaseII_R7_source_incidence_reset_certificate.py	research/archive/strict-layer-proof-research/archive-by-series/70-85/85_phaseII_R7_source_incidence_reset_certificate.py	dongxuelian2/strict-layer-proof-research	archived	source-only	Source-only bytes preserved once at the canonical target under the frozen archive boundary; original source path remains an alias. Kind is a navigation label based on file type, path, and title; it does not upgrade evidence.
archive-by-series/70-85/85_phaseII_R7_source_incidence_reset_certificate.txt	research/archive/strict-layer-proof-research/archive-by-series/70-85/85_phaseII_R7_source_incidence_reset_certificate.txt	dongxuelian2/strict-layer-proof-research	archived	source-only	Source-only bytes preserved once at the canonical target under the frozen archive boundary; original source path remains an alias. Kind is a navigation label based on file type, path, and title; it does not upgrade evidence.
archive-by-series/70-85/85_phaseII_R8_scaled_common_u_extinction.md	research/a1/records/scaled-common-u-extinction.md	dongxuelian2/strict-layer-proof-research	canonical	exact-duplicate	Exact byte duplicate of the canonical target; this source path is retained as provenance and no second canonical copy is created. Kind is a navigation label based on file type, path, and title; it does not upgrade evidence.
archive-by-series/70-85/85_phaseII_R8_scaled_common_u_extinction_certificate.py	research/archive/strict-layer-proof-research/archive-by-series/70-85/85_phaseII_R8_scaled_common_u_extinction_certificate.py	dongxuelian2/strict-layer-proof-research	archived	source-only	Source-only bytes preserved once at the canonical target under the frozen archive boundary; original source path remains an alias. Kind is a navigation label based on file type, path, and title; it does not upgrade evidence.
archive-by-series/70-85/85_phaseII_R8_scaled_common_u_extinction_certificate.txt	research/archive/strict-layer-proof-research/archive-by-series/70-85/85_phaseII_R8_scaled_common_u_extinction_certificate.txt	dongxuelian2/strict-layer-proof-research	archived	source-only	Source-only bytes preserved once at the canonical target under the frozen archive boundary; original source path remains an alias. Kind is a navigation label based on file type, path, and title; it does not upgrade evidence.
archive-by-series/70-85/85_phaseII_R9_absolute_box_root_incidence.md	research/a1/records/absolute-box-root-incidence.md	dongxuelian2/strict-layer-proof-research	canonical	exact-duplicate	Exact byte duplicate of the canonical target; this source path is retained as provenance and no second canonical copy is created. Kind is a navigation label based on file type, path, and title; it does not upgrade evidence.
archive-by-series/70-85/85_phaseII_R9_absolute_box_root_incidence_certificate.py	research/archive/strict-layer-proof-research/archive-by-series/70-85/85_phaseII_R9_absolute_box_root_incidence_certificate.py	dongxuelian2/strict-layer-proof-research	archived	source-only	Source-only bytes preserved once at the canonical target under the frozen archive boundary; original source path remains an alias. Kind is a navigation label based on file type, path, and title; it does not upgrade evidence.
archive-by-series/70-85/85_phaseII_R9_absolute_box_root_incidence_certificate.txt	research/archive/strict-layer-proof-research/archive-by-series/70-85/85_phaseII_R9_absolute_box_root_incidence_certificate.txt	dongxuelian2/strict-layer-proof-research	archived	source-only	Source-only bytes preserved once at the canonical target under the frozen archive boundary; original source path remains an alias. Kind is a navigation label based on file type, path, and title; it does not upgrade evidence.
archive-by-series/72-Fourth-85/Fourth_85_R1_Fixed_Object_Extraction.md	research/a1/records/fixed-object-extraction.md	dongxuelian2/strict-layer-proof-research	canonical	exact-duplicate	Exact byte duplicate of the canonical target; this source path is retained as provenance and no second canonical copy is created. Kind is a navigation label based on file type, path, and title; it does not upgrade evidence.
archive-by-series/72-Fourth-85/Fourth_85_R1_Lemmas.md	research/a1/records/lemmas.md	dongxuelian2/strict-layer-proof-research	canonical	exact-duplicate	Exact byte duplicate of the canonical target; this source path is retained as provenance and no second canonical copy is created. Kind is a navigation label based on file type, path, and title; it does not upgrade evidence.
archive-by-series/72-Fourth-85/Fourth_85_R1_R5_First_Checkpoint.md	research/a1/records/r5-first.md	dongxuelian2/strict-layer-proof-research	canonical	exact-duplicate	Exact byte duplicate of the canonical target; this source path is retained as provenance and no second canonical copy is created. Kind is a navigation label based on file type, path, and title; it does not upgrade evidence.
archive-by-series/72-Fourth-85/Fourth_85_R1_computation.zip	research/archive/strict-layer-proof-research/archive-by-series/72-Fourth-85/Fourth_85_R1_computation.zip	dongxuelian2/strict-layer-proof-research	archived	source-only	Source-only bytes preserved once at the canonical target under the frozen archive boundary; original source path remains an alias. Kind is a navigation label based on file type, path, and title; it does not upgrade evidence.
archive-by-series/72-Fourth-85/Fourth_85_R2_Decimal_Core_Factor_Gap.md	research/a1/records/decimal-core-factor-gap.md	dongxuelian2/strict-layer-proof-research	canonical	exact-duplicate	Exact byte duplicate of the canonical target; this source path is retained as provenance and no second canonical copy is created. Kind is a navigation label based on file type, path, and title; it does not upgrade evidence.
archive-by-series/72-Fourth-85/Fourth_85_R2_Factor_Gap_Lemmas.md	research/a1/records/factor-gap-lemmas.md	dongxuelian2/strict-layer-proof-research	canonical	exact-duplicate	Exact byte duplicate of the canonical target; this source path is retained as provenance and no second canonical copy is created. Kind is a navigation label based on file type, path, and title; it does not upgrade evidence.
archive-by-series/72-Fourth-85/Fourth_85_R3_Support_Collision_Norm_Orbit.md	research/a1/records/support-collision-norm-orbit.md	dongxuelian2/strict-layer-proof-research	canonical	exact-duplicate	Exact byte duplicate of the canonical target; this source path is retained as provenance and no second canonical copy is created. Kind is a navigation label based on file type, path, and title; it does not upgrade evidence.
archive-by-series/72-Fourth-85/Fourth_85_R4_Function_Field_Norm_Certificate.md	research/a1/records/function-field-norm-certificate.md	dongxuelian2/strict-layer-proof-research	canonical	exact-duplicate	Exact byte duplicate of the canonical target; this source path is retained as provenance and no second canonical copy is created. Kind is a navigation label based on file type, path, and title; it does not upgrade evidence.
archive-by-series/72-Fourth-85/Fourth_85_R4_Global_Total_Space.md	research/a1/records/global-total-space.md	dongxuelian2/strict-layer-proof-research	canonical	exact-duplicate	Exact byte duplicate of the canonical target; this source path is retained as provenance and no second canonical copy is created. Kind is a navigation label based on file type, path, and title; it does not upgrade evidence.
archive-by-series/72-Fourth-85/Fourth_85_R4_K10_q1_Local_Closure_Certificate.md	research/a1/records/k10-q1-local-closure-certificate.md	dongxuelian2/strict-layer-proof-research	canonical	exact-duplicate	Exact byte duplicate of the canonical target; this source path is retained as provenance and no second canonical copy is created. Kind is a navigation label based on file type, path, and title; it does not upgrade evidence.
archive-by-series/72-Fourth-85/Fourth_85_R4_computation.zip	research/archive/strict-layer-proof-research/archive-by-series/72-Fourth-85/Fourth_85_R4_computation.zip	dongxuelian2/strict-layer-proof-research	archived	source-only	Source-only bytes preserved once at the canonical target under the frozen archive boundary; original source path remains an alias. Kind is a navigation label based on file type, path, and title; it does not upgrade evidence.
archive-by-series/72-Fourth-85/Fourth_85_R5_Brauer_Gaussian_Reduction_Certificate.md	research/a1/records/brauer-gaussian-reduction-certificate.md	dongxuelian2/strict-layer-proof-research	canonical	exact-duplicate	Exact byte duplicate of the canonical target; this source path is retained as provenance and no second canonical copy is created. Kind is a navigation label based on file type, path, and title; it does not upgrade evidence.
archive-by-series/72-Fourth-85/Fourth_85_R5_Local_Cover_Autopsy.md	research/a1/records/local-cover-autopsy.md	dongxuelian2/strict-layer-proof-research	canonical	exact-duplicate	Exact byte duplicate of the canonical target; this source path is retained as provenance and no second canonical copy is created. Kind is a navigation label based on file type, path, and title; it does not upgrade evidence.
archive-by-series/72-Fourth-85/Fourth_85_R5_Norm_Brauer_Exponent_Atlas.md	research/a1/records/norm-brauer-exponent-atlas.md	dongxuelian2/strict-layer-proof-research	canonical	exact-duplicate	Exact byte duplicate of the canonical target; this source path is retained as provenance and no second canonical copy is created. Kind is a navigation label based on file type, path, and title; it does not upgrade evidence.
archive-by-series/72-Fourth-85/Fourth_85_R5_computation.zip	research/archive/strict-layer-proof-research/archive-by-series/72-Fourth-85/Fourth_85_R5_computation.zip	dongxuelian2/strict-layer-proof-research	archived	source-only	Source-only bytes preserved once at the canonical target under the frozen archive boundary; original source path remains an alias. Kind is a navigation label based on file type, path, and title; it does not upgrade evidence.
archive-by-series/72-Fourth-85/Fourth_85_R6_Explicit_Extension_Gaussianization_Certificate.md	research/a1/records/explicit-extension-gaussianization-certificate.md	dongxuelian2/strict-layer-proof-research	canonical	exact-duplicate	Exact byte duplicate of the canonical target; this source path is retained as provenance and no second canonical copy is created. Kind is a navigation label based on file type, path, and title; it does not upgrade evidence.
archive-by-series/72-Fourth-85/Fourth_85_R6_Gaussian_Architecture_Autopsy.md	research/a1/records/gaussian-architecture-autopsy.md	dongxuelian2/strict-layer-proof-research	canonical	exact-duplicate	Exact byte duplicate of the canonical target; this source path is retained as provenance and no second canonical copy is created. Kind is a navigation label based on file type, path, and title; it does not upgrade evidence.
archive-by-series/72-Fourth-85/Fourth_85_R6_Gaussian_Source_Embedding.md	research/a1/records/gaussian-source-embedding.md	dongxuelian2/strict-layer-proof-research	canonical	exact-duplicate	Exact byte duplicate of the canonical target; this source path is retained as provenance and no second canonical copy is created. Kind is a navigation label based on file type, path, and title; it does not upgrade evidence.
archive-by-series/72-Fourth-85/Fourth_85_R6_Generated_Artifact_Index.txt	research/archive/strict-layer-proof-research/archive-by-series/72-Fourth-85/Fourth_85_R6_Generated_Artifact_Index.txt	dongxuelian2/strict-layer-proof-research	archived	source-only	Source-only bytes preserved once at the canonical target under the frozen archive boundary; original source path remains an alias. Kind is a navigation label based on file type, path, and title; it does not upgrade evidence.
archive-by-series/72-Fourth-85/Fourth_85_R6_Source_Lattice_Certificate.md	research/a1/records/source-lattice-certificate.md	dongxuelian2/strict-layer-proof-research	canonical	exact-duplicate	Exact byte duplicate of the canonical target; this source path is retained as provenance and no second canonical copy is created. Kind is a navigation label based on file type, path, and title; it does not upgrade evidence.
archive-by-series/72-Fourth-85/Fourth_85_R6_Tau39_Source_Closure_Certificate.md	research/a1/records/tau39-source-closure-certificate.md	dongxuelian2/strict-layer-proof-research	canonical	exact-duplicate	Exact byte duplicate of the canonical target; this source path is retained as provenance and no second canonical copy is created. Kind is a navigation label based on file type, path, and title; it does not upgrade evidence.
archive-by-series/72-Fourth-85/Fourth_85_R6_computation.zip	research/archive/strict-layer-proof-research/archive-by-series/72-Fourth-85/Fourth_85_R6_computation.zip	dongxuelian2/strict-layer-proof-research	archived	source-only	Source-only bytes preserved once at the canonical target under the frozen archive boundary; original source path remains an alias. Kind is a navigation label based on file type, path, and title; it does not upgrade evidence.
archive-by-series/80-95/95_R10_Second_Architecture_Shock_Checkpoint_and_New_Invariant_Audit.md	research/a1/records/second-architecture-shock-new-invariant-audit.md	dongxuelian2/strict-layer-proof-research	canonical	exact-duplicate	Exact byte duplicate of the canonical target; this source path is retained as provenance and no second canonical copy is created. Kind is a navigation label based on file type, path, and title; it does not upgrade evidence.
archive-by-series/80-95/95_R1_Full_A1_Historical_Recovery_and_NonJ2_Canonical_Frontier.md	research/a1/records/full-a1-historical-recovery-nonj2-canonical-frontier.md	dongxuelian2/strict-layer-proof-research	canonical	exact-duplicate	Exact byte duplicate of the canonical target; this source path is retained as provenance and no second canonical copy is created. Kind is a navigation label based on file type, path, and title; it does not upgrade evidence.
archive-by-series/80-95/95_R2_J5_certificate.json	research/archive/strict-layer-proof-research/archive-by-series/80-95/95_R2_J5_certificate.json	dongxuelian2/strict-layer-proof-research	archived	source-only	Source-only bytes preserved once at the canonical target under the frozen archive boundary; original source path remains an alias. Kind is a navigation label based on file type, path, and title; it does not upgrade evidence.
archive-by-series/80-95/95_R2_J5_certificate_replay.py	research/archive/strict-layer-proof-research/archive-by-series/80-95/95_R2_J5_certificate_replay.py	dongxuelian2/strict-layer-proof-research	archived	source-only	Source-only bytes preserved once at the canonical target under the frozen archive boundary; original source path remains an alias. Kind is a navigation label based on file type, path, and title; it does not upgrade evidence.
archive-by-series/80-95/95_R2_J5_certificate_verifier.py	research/archive/strict-layer-proof-research/archive-by-series/80-95/95_R2_J5_certificate_verifier.py	dongxuelian2/strict-layer-proof-research	archived	source-only	Source-only bytes preserved once at the canonical target under the frozen archive boundary; original source path remains an alias. Kind is a navigation label based on file type, path, and title; it does not upgrade evidence.
archive-by-series/80-95/95_R2_J5_verifier_report.json	research/archive/strict-layer-proof-research/archive-by-series/80-95/95_R2_J5_verifier_report.json	dongxuelian2/strict-layer-proof-research	archived	source-only	Source-only bytes preserved once at the canonical target under the frozen archive boundary; original source path remains an alias. Kind is a navigation label based on file type, path, and title; it does not upgrade evidence.
archive-by-series/80-95/95_R2_NonJ2_Resonant_Cyclotomic_Endpoint_Collision.md	research/a1/records/nonj2-resonant-cyclotomic-endpoint-collision.md	dongxuelian2/strict-layer-proof-research	canonical	exact-duplicate	Exact byte duplicate of the canonical target; this source path is retained as provenance and no second canonical copy is created. Kind is a navigation label based on file type, path, and title; it does not upgrade evidence.
archive-by-series/80-95/95_R2_SHA256SUMS.txt	research/archive/strict-layer-proof-research/archive-by-series/80-95/95_R2_SHA256SUMS.txt	dongxuelian2/strict-layer-proof-research	archived	source-only	Source-only bytes preserved once at the canonical target under the frozen archive boundary; original source path remains an alias. Kind is a navigation label based on file type, path, and title; it does not upgrade evidence.
archive-by-series/80-95/95_R3_Finite_Successor_Endpoint_Incidence_and_Signed_RRGS_Test.md	research/a1/records/finite-successor-endpoint-incidence-signed-rrgs-test.md	dongxuelian2/strict-layer-proof-research	canonical	exact-duplicate	Exact byte duplicate of the canonical target; this source path is retained as provenance and no second canonical copy is created. Kind is a navigation label based on file type, path, and title; it does not upgrade evidence.
archive-by-series/80-95/95_R3_symbolic_audit.py	research/archive/strict-layer-proof-research/archive-by-series/80-95/95_R3_symbolic_audit.py	dongxuelian2/strict-layer-proof-research	archived	source-only	Source-only bytes preserved once at the canonical target under the frozen archive boundary; original source path remains an alias. Kind is a navigation label based on file type, path, and title; it does not upgrade evidence.
archive-by-series/80-95/95_R4_Successor_Conditioned_Primitive_Root_Gate_and_Negative_Ud2_Capacity.md	research/a1/records/successor-conditioned-primitive-root-gate-negative-ud2-capacity.md	dongxuelian2/strict-layer-proof-research	canonical	exact-duplicate	Exact byte duplicate of the canonical target; this source path is retained as provenance and no second canonical copy is created. Kind is a navigation label based on file type, path, and title; it does not upgrade evidence.
archive-by-series/80-95/95_R5_First_Architecture_Shock_Checkpoint.md	research/a1/records/first-architecture-shock.md	dongxuelian2/strict-layer-proof-research	canonical	exact-duplicate	Exact byte duplicate of the canonical target; this source path is retained as provenance and no second canonical copy is created. Kind is a navigation label based on file type, path, and title; it does not upgrade evidence.
archive-by-series/80-95/95_R6_T0_Transition_Finite_Borrow_Affine_Boundary_Margin_Assault.md	research/a1/records/t0-transition-finite-borrow-affine-boundary-margin-assault.md	dongxuelian2/strict-layer-proof-research	canonical	exact-duplicate	Exact byte duplicate of the canonical target; this source path is retained as provenance and no second canonical copy is created. Kind is a navigation label based on file type, path, and title; it does not upgrade evidence.
archive-by-series/80-95/95_R7_Transition_Source_Boundary_Bridge_Repair_or_Kill.md	research/a1/records/transition-source-boundary-bridge-repair-or-kill.md	dongxuelian2/strict-layer-proof-research	canonical	exact-duplicate	Exact byte duplicate of the canonical target; this source path is retained as provenance and no second canonical copy is created. Kind is a navigation label based on file type, path, and title; it does not upgrade evidence.
archive-by-series/80-95/95_R8_g0_Smith_Reduced_Common_U_Three_Layer_Assault.md	research/a1/records/g0-smith-reduced-common-u-three-assault.md	dongxuelian2/strict-layer-proof-research	canonical	exact-duplicate	Exact byte duplicate of the canonical target; this source path is retained as provenance and no second canonical copy is created. Kind is a navigation label based on file type, path, and title; it does not upgrade evidence.
archive-by-series/80-95/95_R8_g0_three_layer_regression.py	research/archive/strict-layer-proof-research/archive-by-series/80-95/95_R8_g0_three_layer_regression.py	dongxuelian2/strict-layer-proof-research	archived	source-only	Source-only bytes preserved once at the canonical target under the frozen archive boundary; original source path remains an alias. Kind is a navigation label based on file type, path, and title; it does not upgrade evidence.
archive-by-series/80-95/95_R8_g0_three_layer_regression.txt	research/archive/strict-layer-proof-research/archive-by-series/80-95/95_R8_g0_three_layer_regression.txt	dongxuelian2/strict-layer-proof-research	archived	source-only	Source-only bytes preserved once at the canonical target under the frozen archive boundary; original source path remains an alias. Kind is a navigation label based on file type, path, and title; it does not upgrade evidence.
archive-by-series/80-95/95_R9_Outer_Plus_No_Borrow_Projective_Smallness_Assault.md	research/a1/records/outer-plus-no-borrow-projective-smallness-assault.md	dongxuelian2/strict-layer-proof-research	canonical	exact-duplicate	Exact byte duplicate of the canonical target; this source path is retained as provenance and no second canonical copy is created. Kind is a navigation label based on file type, path, and title; it does not upgrade evidence.
archive-by-series/80-95/95_R9_outer_plus_projective_cancellation_regression.py	research/archive/strict-layer-proof-research/archive-by-series/80-95/95_R9_outer_plus_projective_cancellation_regression.py	dongxuelian2/strict-layer-proof-research	archived	source-only	Source-only bytes preserved once at the canonical target under the frozen archive boundary; original source path remains an alias. Kind is a navigation label based on file type, path, and title; it does not upgrade evidence.
archive-by-series/90-105/105-R26-stage-archive.md	research/a1/moving-profile/records/carrier-only-terminal-collapse.md	dongxuelian2/strict-layer-proof-research	canonical	exact-duplicate	Exact byte duplicate of the canonical target; this source path is retained as provenance and no second canonical copy is created. Kind is a navigation label based on file type, path, and title; it does not upgrade evidence.
archive-by-series/90-105/105-R26-stage-archive.sha256.txt	research/archive/strict-layer-proof-research/archive-by-series/90-105/105-R26-stage-archive.sha256.txt	dongxuelian2/strict-layer-proof-research	archived	source-only	Source-only bytes preserved once at the canonical target under the frozen archive boundary; original source path remains an alias. Kind is a navigation label based on file type, path, and title; it does not upgrade evidence.
archive-by-series/90-105/105-R27-SHA256-MANIFEST.txt	research/archive/strict-layer-proof-research/archive-by-series/90-105/105-R27-SHA256-MANIFEST.txt	dongxuelian2/strict-layer-proof-research	archived	source-only	Source-only bytes preserved once at the canonical target under the frozen archive boundary; original source path remains an alias. Kind is a navigation label based on file type, path, and title; it does not upgrade evidence.
archive-by-series/90-105/105-R27-artifact-bundle.zip	research/archive/strict-layer-proof-research/archive-by-series/90-105/105-R27-artifact-bundle.zip	dongxuelian2/strict-layer-proof-research	archived	source-only	Source-only bytes preserved once at the canonical target under the frozen archive boundary; original source path remains an alias. Kind is a navigation label based on file type, path, and title; it does not upgrade evidence.
archive-by-series/90-105/105-R27-execution.log	research/archive/strict-layer-proof-research/archive-by-series/90-105/105-R27-execution.log	dongxuelian2/strict-layer-proof-research	archived	source-only	Source-only bytes preserved once at the canonical target under the frozen archive boundary; original source path remains an alias. Kind is a navigation label based on file type, path, and title; it does not upgrade evidence.
archive-by-series/90-105/105-R27-stage-archive.md	research/a1/moving-profile/records/primitive-sphere-exceptional-locus-collapse.md	dongxuelian2/strict-layer-proof-research	canonical	exact-duplicate	Exact byte duplicate of the canonical target; this source path is retained as provenance and no second canonical copy is created. Kind is a navigation label based on file type, path, and title; it does not upgrade evidence.
archive-by-series/90-105/105-R28-SHA256-MANIFEST.txt	research/archive/strict-layer-proof-research/archive-by-series/90-105/105-R28-SHA256-MANIFEST.txt	dongxuelian2/strict-layer-proof-research	archived	source-only	Source-only bytes preserved once at the canonical target under the frozen archive boundary; original source path remains an alias. Kind is a navigation label based on file type, path, and title; it does not upgrade evidence.
archive-by-series/90-105/105-R28-TC1-derivation.md	research/a1/moving-profile/records/tc1-derivation.md	dongxuelian2/strict-layer-proof-research	canonical	exact-duplicate	Exact byte duplicate of the canonical target; this source path is retained as provenance and no second canonical copy is created. Kind is a navigation label based on file type, path, and title; it does not upgrade evidence.
archive-by-series/90-105/105-R28-TC1-normal-form.md	research/a1/moving-profile/records/tc1-normal-form.md	dongxuelian2/strict-layer-proof-research	canonical	exact-duplicate	Exact byte duplicate of the canonical target; this source path is retained as provenance and no second canonical copy is created. Kind is a navigation label based on file type, path, and title; it does not upgrade evidence.
archive-by-series/90-105/105-R28-execution.log	research/archive/strict-layer-proof-research/archive-by-series/90-105/105-R28-execution.log	dongxuelian2/strict-layer-proof-research	archived	source-only	Source-only bytes preserved once at the canonical target under the frozen archive boundary; original source path remains an alias. Kind is a navigation label based on file type, path, and title; it does not upgrade evidence.
archive-by-series/90-105/105-R28-frozen-artifacts.zip	research/archive/strict-layer-proof-research/archive-by-series/90-105/105-R28-frozen-artifacts.zip	dongxuelian2/strict-layer-proof-research	archived	source-only	Source-only bytes preserved once at the canonical target under the frozen archive boundary; original source path remains an alias. Kind is a navigation label based on file type, path, and title; it does not upgrade evidence.
archive-by-series/90-105/105-R28-frozen-artifacts.zip.sha256.txt	research/archive/strict-layer-proof-research/archive-by-series/90-105/105-R28-frozen-artifacts.zip.sha256.txt	dongxuelian2/strict-layer-proof-research	archived	source-only	Source-only bytes preserved once at the canonical target under the frozen archive boundary; original source path remains an alias. Kind is a navigation label based on file type, path, and title; it does not upgrade evidence.
archive-by-series/90-105/105-R28-stage-archive.md	research/a1/moving-profile/records/moving-tc1-incidence.md	dongxuelian2/strict-layer-proof-research	canonical	exact-duplicate	Exact byte duplicate of the canonical target; this source path is retained as provenance and no second canonical copy is created. Kind is a navigation label based on file type, path, and title; it does not upgrade evidence.
archive-by-series/90-105/105-R29-POST-RADIAL-SUPPORT-SATURATION-CERTIFICATE.md	research/a1/moving-profile/records/post-radial-support-saturation-certificate.md	dongxuelian2/strict-layer-proof-research	canonical	exact-duplicate	Exact byte duplicate of the canonical target; this source path is retained as provenance and no second canonical copy is created. Kind is a navigation label based on file type, path, and title; it does not upgrade evidence.
archive-by-series/90-105/105-R29-SHA256-MANIFEST.txt	research/archive/strict-layer-proof-research/archive-by-series/90-105/105-R29-SHA256-MANIFEST.txt	dongxuelian2/strict-layer-proof-research	archived	source-only	Source-only bytes preserved once at the canonical target under the frozen archive boundary; original source path remains an alias. Kind is a navigation label based on file type, path, and title; it does not upgrade evidence.
archive-by-series/90-105/105-R29-execution.log	research/archive/strict-layer-proof-research/archive-by-series/90-105/105-R29-execution.log	dongxuelian2/strict-layer-proof-research	archived	source-only	Source-only bytes preserved once at the canonical target under the frozen archive boundary; original source path remains an alias. Kind is a navigation label based on file type, path, and title; it does not upgrade evidence.
archive-by-series/90-105/105-R29-frozen-artifacts.zip	research/archive/strict-layer-proof-research/archive-by-series/90-105/105-R29-frozen-artifacts.zip	dongxuelian2/strict-layer-proof-research	archived	source-only	Source-only bytes preserved once at the canonical target under the frozen archive boundary; original source path remains an alias. Kind is a navigation label based on file type, path, and title; it does not upgrade evidence.
archive-by-series/90-105/105-R29-mu-core-derivation.md	research/a1/moving-profile/records/mu-core-derivation.md	dongxuelian2/strict-layer-proof-research	canonical	exact-duplicate	Exact byte duplicate of the canonical target; this source path is retained as provenance and no second canonical copy is created. Kind is a navigation label based on file type, path, and title; it does not upgrade evidence.
archive-by-series/90-105/105-R29-smith-collision-proof.md	research/a1/moving-profile/records/smith-collision-proof.md	dongxuelian2/strict-layer-proof-research	canonical	exact-duplicate	Exact byte duplicate of the canonical target; this source path is retained as provenance and no second canonical copy is created. Kind is a navigation label based on file type, path, and title; it does not upgrade evidence.
archive-by-series/90-105/105-R29-stage-archive.md	research/a1/moving-profile/records/mu-core-smith-collision.md	dongxuelian2/strict-layer-proof-research	canonical	exact-duplicate	Exact byte duplicate of the canonical target; this source path is retained as provenance and no second canonical copy is created. Kind is a navigation label based on file type, path, and title; it does not upgrade evidence.
archive-by-series/90-105/105-R29-symbolic-factorization.txt	research/archive/strict-layer-proof-research/archive-by-series/90-105/105-R29-symbolic-factorization.txt	dongxuelian2/strict-layer-proof-research	archived	source-only	Source-only bytes preserved once at the canonical target under the frozen archive boundary; original source path remains an alias. Kind is a navigation label based on file type, path, and title; it does not upgrade evidence.
archive-by-series/90-105/105-R30-Q-SUCCESSOR-SATURATION-CERTIFICATE.md	research/a1/moving-profile/records/q-successor-saturation-certificate.md	dongxuelian2/strict-layer-proof-research	canonical	exact-duplicate	Exact byte duplicate of the canonical target; this source path is retained as provenance and no second canonical copy is created. Kind is a navigation label based on file type, path, and title; it does not upgrade evidence.
archive-by-series/90-105/105-R30-SHA256-MANIFEST.txt	research/archive/strict-layer-proof-research/archive-by-series/90-105/105-R30-SHA256-MANIFEST.txt	dongxuelian2/strict-layer-proof-research	archived	source-only	Source-only bytes preserved once at the canonical target under the frozen archive boundary; original source path remains an alias. Kind is a navigation label based on file type, path, and title; it does not upgrade evidence.
archive-by-series/90-105/105-R30-TC3-TC4-exact-definitions.md	research/a1/moving-profile/records/tc3-tc4-exact-definitions.md	dongxuelian2/strict-layer-proof-research	canonical	exact-duplicate	Exact byte duplicate of the canonical target; this source path is retained as provenance and no second canonical copy is created. Kind is a navigation label based on file type, path, and title; it does not upgrade evidence.
archive-by-series/90-105/105-R30-bundle.zip	research/archive/strict-layer-proof-research/archive-by-series/90-105/105-R30-bundle.zip	dongxuelian2/strict-layer-proof-research	archived	source-only	Source-only bytes preserved once at the canonical target under the frozen archive boundary; original source path remains an alias. Kind is a navigation label based on file type, path, and title; it does not upgrade evidence.
archive-by-series/90-105/105-R30-bundle.zip.sha256.txt	research/archive/strict-layer-proof-research/archive-by-series/90-105/105-R30-bundle.zip.sha256.txt	dongxuelian2/strict-layer-proof-research	archived	source-only	Source-only bytes preserved once at the canonical target under the frozen archive boundary; original source path remains an alias. Kind is a navigation label based on file type, path, and title; it does not upgrade evidence.
archive-by-series/90-105/105-R30-execution.log	research/archive/strict-layer-proof-research/archive-by-series/90-105/105-R30-execution.log	dongxuelian2/strict-layer-proof-research	archived	source-only	Source-only bytes preserved once at the canonical target under the frozen archive boundary; original source path remains an alias. Kind is a navigation label based on file type, path, and title; it does not upgrade evidence.
archive-by-series/90-105/105-R30-q-elimination-derivation.md	research/a1/moving-profile/records/q-elimination-derivation.md	dongxuelian2/strict-layer-proof-research	canonical	exact-duplicate	Exact byte duplicate of the canonical target; this source path is retained as provenance and no second canonical copy is created. Kind is a navigation label based on file type, path, and title; it does not upgrade evidence.
archive-by-series/90-105/105-R30-stage-archive.md	research/a1/moving-profile/records/canonical-successor-collision-stage.md	dongxuelian2/strict-layer-proof-research	canonical	exact-duplicate	Exact byte duplicate of the canonical target; this source path is retained as provenance and no second canonical copy is created. Kind is a navigation label based on file type, path, and title; it does not upgrade evidence.
archive-by-series/90-105/105-R30-stage-archive.sha256.txt	research/archive/strict-layer-proof-research/archive-by-series/90-105/105-R30-stage-archive.sha256.txt	dongxuelian2/strict-layer-proof-research	archived	source-only	Source-only bytes preserved once at the canonical target under the frozen archive boundary; original source path remains an alias. Kind is a navigation label based on file type, path, and title; it does not upgrade evidence.
archive-by-series/90-105/105-R30-successor-collision-proof.md	research/a1/moving-profile/records/successor-collision-proof.md	dongxuelian2/strict-layer-proof-research	canonical	exact-duplicate	Exact byte duplicate of the canonical target; this source path is retained as provenance and no second canonical copy is created. Kind is a navigation label based on file type, path, and title; it does not upgrade evidence.
archive-by-series/90-105/105-R31-N30-POSITIVE-SATURATION-CERTIFICATE.md	research/a1/moving-profile/records/n30-positive-saturation-certificate.md	dongxuelian2/strict-layer-proof-research	canonical	exact-duplicate	Exact byte duplicate of the canonical target; this source path is retained as provenance and no second canonical copy is created. Kind is a navigation label based on file type, path, and title; it does not upgrade evidence.
archive-by-series/90-105/105-R31-N30-positive-analysis.md	research/a1/moving-profile/records/n30-positive-analysis.md	dongxuelian2/strict-layer-proof-research	canonical	exact-duplicate	Exact byte duplicate of the canonical target; this source path is retained as provenance and no second canonical copy is created. Kind is a navigation label based on file type, path, and title; it does not upgrade evidence.
archive-by-series/90-105/105-R31-SHA256-MANIFEST.txt	research/archive/strict-layer-proof-research/archive-by-series/90-105/105-R31-SHA256-MANIFEST.txt	dongxuelian2/strict-layer-proof-research	archived	source-only	Source-only bytes preserved once at the canonical target under the frozen archive boundary; original source path remains an alias. Kind is a navigation label based on file type, path, and title; it does not upgrade evidence.
archive-by-series/90-105/105-R31-frozen-artifacts.zip	research/archive/strict-layer-proof-research/archive-by-series/90-105/105-R31-frozen-artifacts.zip	dongxuelian2/strict-layer-proof-research	archived	source-only	Source-only bytes preserved once at the canonical target under the frozen archive boundary; original source path remains an alias. Kind is a navigation label based on file type, path, and title; it does not upgrade evidence.
archive-by-series/90-105/105-R31-minimal-q-descent.md	research/a1/moving-profile/records/minimal-q-descent.md	dongxuelian2/strict-layer-proof-research	canonical	exact-duplicate	Exact byte duplicate of the canonical target; this source path is retained as provenance and no second canonical copy is created. Kind is a navigation label based on file type, path, and title; it does not upgrade evidence.
archive-by-series/90-105/105-R31-q1-forced-scale-derivation.md	research/a1/moving-profile/records/q1-forced-scale-derivation.md	dongxuelian2/strict-layer-proof-research	canonical	exact-duplicate	Exact byte duplicate of the canonical target; this source path is retained as provenance and no second canonical copy is created. Kind is a navigation label based on file type, path, and title; it does not upgrade evidence.
archive-by-series/90-105/105-R31-reconstruction-audit.md	research/a1/moving-profile/records/reconstruction-audit.md	dongxuelian2/strict-layer-proof-research	canonical	exact-duplicate	Exact byte duplicate of the canonical target; this source path is retained as provenance and no second canonical copy is created. Kind is a navigation label based on file type, path, and title; it does not upgrade evidence.
archive-by-series/90-105/105-R31-stage-archive.md	research/a1/moving-profile/records/forced-scale-and-n30-analysis.md	dongxuelian2/strict-layer-proof-research	canonical	exact-duplicate	Exact byte duplicate of the canonical target; this source path is retained as provenance and no second canonical copy is created. Kind is a navigation label based on file type, path, and title; it does not upgrade evidence.
archive-by-series/90-105/105-R32-SHA256-MANIFEST.txt	research/archive/strict-layer-proof-research/archive-by-series/90-105/105-R32-SHA256-MANIFEST.txt	dongxuelian2/strict-layer-proof-research	archived	source-only	Source-only bytes preserved once at the canonical target under the frozen archive boundary; original source path remains an alias. Kind is a navigation label based on file type, path, and title; it does not upgrade evidence.
archive-by-series/90-105/105-R32-UNIT-CHAMBER-SATURATION-CERTIFICATE.md	research/a1/moving-profile/records/unit-chamber-saturation-certificate.md	dongxuelian2/strict-layer-proof-research	canonical	exact-duplicate	Exact byte duplicate of the canonical target; this source path is retained as provenance and no second canonical copy is created. Kind is a navigation label based on file type, path, and title; it does not upgrade evidence.
archive-by-series/90-105/105-R32-artifacts.zip	research/archive/strict-layer-proof-research/archive-by-series/90-105/105-R32-artifacts.zip	dongxuelian2/strict-layer-proof-research	archived	source-only	Source-only bytes preserved once at the canonical target under the frozen archive boundary; original source path remains an alias. Kind is a navigation label based on file type, path, and title; it does not upgrade evidence.
archive-by-series/90-105/105-R32-digit-room-collision-derivation.md	research/a1/moving-profile/records/digit-room-collision-derivation.md	dongxuelian2/strict-layer-proof-research	canonical	exact-duplicate	Exact byte duplicate of the canonical target; this source path is retained as provenance and no second canonical copy is created. Kind is a navigation label based on file type, path, and title; it does not upgrade evidence.
archive-by-series/90-105/105-R32-execution.log	research/archive/strict-layer-proof-research/archive-by-series/90-105/105-R32-execution.log	dongxuelian2/strict-layer-proof-research	archived	source-only	Source-only bytes preserved once at the canonical target under the frozen archive boundary; original source path remains an alias. Kind is a navigation label based on file type, path, and title; it does not upgrade evidence.
archive-by-series/90-105/105-R32-prime-branch-derivation.md	research/a1/moving-profile/records/prime-branch-derivation.md	dongxuelian2/strict-layer-proof-research	canonical	exact-duplicate	Exact byte duplicate of the canonical target; this source path is retained as provenance and no second canonical copy is created. Kind is a navigation label based on file type, path, and title; it does not upgrade evidence.
archive-by-series/90-105/105-R32-q1-extinction-proof.md	research/a1/moving-profile/records/q1-extinction-proof.md	dongxuelian2/strict-layer-proof-research	canonical	exact-duplicate	Exact byte duplicate of the canonical target; this source path is retained as provenance and no second canonical copy is created. Kind is a navigation label based on file type, path, and title; it does not upgrade evidence.
archive-by-series/90-105/105-R32-stage-archive.md	research/a1/moving-profile/records/unit-chamber-terminal-assault.md	dongxuelian2/strict-layer-proof-research	canonical	exact-duplicate	Exact byte duplicate of the canonical target; this source path is retained as provenance and no second canonical copy is created. Kind is a navigation label based on file type, path, and title; it does not upgrade evidence.
archive-by-series/90-105/105-R32-unit-chamber-exact-system.md	research/a1/moving-profile/records/unit-chamber-exact-system.md	dongxuelian2/strict-layer-proof-research	canonical	exact-duplicate	Exact byte duplicate of the canonical target; this source path is retained as provenance and no second canonical copy is created. Kind is a navigation label based on file type, path, and title; it does not upgrade evidence.
archive-by-series/90-105/105-R33-MASTER-SOURCE-SATURATION-CERTIFICATE.md	research/a1/moving-profile/records/master-source-saturation-certificate.md	dongxuelian2/strict-layer-proof-research	canonical	exact-duplicate	Exact byte duplicate of the canonical target; this source path is retained as provenance and no second canonical copy is created. Kind is a navigation label based on file type, path, and title; it does not upgrade evidence.
archive-by-series/90-105/105-R33-SHA256-MANIFEST.txt	research/archive/strict-layer-proof-research/archive-by-series/90-105/105-R33-SHA256-MANIFEST.txt	dongxuelian2/strict-layer-proof-research	archived	source-only	Source-only bytes preserved once at the canonical target under the frozen archive boundary; original source path remains an alias. Kind is a navigation label based on file type, path, and title; it does not upgrade evidence.
archive-by-series/90-105/105-R33-artifacts.zip	research/archive/strict-layer-proof-research/archive-by-series/90-105/105-R33-artifacts.zip	dongxuelian2/strict-layer-proof-research	archived	source-only	Source-only bytes preserved once at the canonical target under the frozen archive boundary; original source path remains an alias. Kind is a navigation label based on file type, path, and title; it does not upgrade evidence.
archive-by-series/90-105/105-R33-master-source-room-exact-system.md	research/a1/moving-profile/records/master-source-room-exact-system.md	dongxuelian2/strict-layer-proof-research	canonical	exact-duplicate	Exact byte duplicate of the canonical target; this source path is retained as provenance and no second canonical copy is created. Kind is a navigation label based on file type, path, and title; it does not upgrade evidence.
archive-by-series/90-105/105-R33-prime-branch-continuation.md	research/a1/moving-profile/records/prime-branch-continuation.md	dongxuelian2/strict-layer-proof-research	canonical	exact-duplicate	Exact byte duplicate of the canonical target; this source path is retained as provenance and no second canonical copy is created. Kind is a navigation label based on file type, path, and title; it does not upgrade evidence.
archive-by-series/90-105/105-R33-quotient-remainder-analysis.md	research/a1/moving-profile/records/quotient-remainder-analysis.md	dongxuelian2/strict-layer-proof-research	canonical	exact-duplicate	Exact byte duplicate of the canonical target; this source path is retained as provenance and no second canonical copy is created. Kind is a navigation label based on file type, path, and title; it does not upgrade evidence.
archive-by-series/90-105/105-R33-stage-archive.md	research/a1/moving-profile/records/master-source-room-gap.md	dongxuelian2/strict-layer-proof-research	canonical	exact-duplicate	Exact byte duplicate of the canonical target; this source path is retained as provenance and no second canonical copy is created. Kind is a navigation label based on file type, path, and title; it does not upgrade evidence.
archive-by-series/90-105/105-R34-SHA256-MANIFEST.txt	research/archive/strict-layer-proof-research/archive-by-series/90-105/105-R34-SHA256-MANIFEST.txt	dongxuelian2/strict-layer-proof-research	archived	source-only	Source-only bytes preserved once at the canonical target under the frozen archive boundary; original source path remains an alias. Kind is a navigation label based on file type, path, and title; it does not upgrade evidence.
archive-by-series/90-105/105-R34-SOURCE-WORD-SATURATION-CERTIFICATE.md	research/a1/moving-profile/records/source-word-saturation-certificate.md	dongxuelian2/strict-layer-proof-research	canonical	exact-duplicate	Exact byte duplicate of the canonical target; this source path is retained as provenance and no second canonical copy is created. Kind is a navigation label based on file type, path, and title; it does not upgrade evidence.
archive-by-series/90-105/105-R34-U-elimination-derivation.md	research/a1/moving-profile/records/u-elimination-derivation.md	dongxuelian2/strict-layer-proof-research	canonical	exact-duplicate	Exact byte duplicate of the canonical target; this source path is retained as provenance and no second canonical copy is created. Kind is a navigation label based on file type, path, and title; it does not upgrade evidence.
archive-by-series/90-105/105-R34-all-q-extension.md	research/a1/moving-profile/records/all-q-extension.md	dongxuelian2/strict-layer-proof-research	canonical	exact-duplicate	Exact byte duplicate of the canonical target; this source path is retained as provenance and no second canonical copy is created. Kind is a navigation label based on file type, path, and title; it does not upgrade evidence.
archive-by-series/90-105/105-R34-artifacts.zip	research/archive/strict-layer-proof-research/archive-by-series/90-105/105-R34-artifacts.zip	dongxuelian2/strict-layer-proof-research	archived	source-only	Source-only bytes preserved once at the canonical target under the frozen archive boundary; original source path remains an alias. Kind is a navigation label based on file type, path, and title; it does not upgrade evidence.
archive-by-series/90-105/105-R34-decimal-residue-collision-proof.md	research/a1/moving-profile/records/decimal-residue-collision-proof.md	dongxuelian2/strict-layer-proof-research	canonical	exact-duplicate	Exact byte duplicate of the canonical target; this source path is retained as provenance and no second canonical copy is created. Kind is a navigation label based on file type, path, and title; it does not upgrade evidence.
archive-by-series/90-105/105-R34-execution.log	research/archive/strict-layer-proof-research/archive-by-series/90-105/105-R34-execution.log	dongxuelian2/strict-layer-proof-research	archived	source-only	Source-only bytes preserved once at the canonical target under the frozen archive boundary; original source path remains an alias. Kind is a navigation label based on file type, path, and title; it does not upgrade evidence.
archive-by-series/90-105/105-R34-source-word-exact-system.md	research/a1/moving-profile/records/source-word-exact-system.md	dongxuelian2/strict-layer-proof-research	canonical	exact-duplicate	Exact byte duplicate of the canonical target; this source path is retained as provenance and no second canonical copy is created. Kind is a navigation label based on file type, path, and title; it does not upgrade evidence.
archive-by-series/90-105/105-R34-stage-archive.md	research/a1/moving-profile/records/master-carry-source-word-elimination.md	dongxuelian2/strict-layer-proof-research	canonical	exact-duplicate	Exact byte duplicate of the canonical target; this source path is retained as provenance and no second canonical copy is created. Kind is a navigation label based on file type, path, and title; it does not upgrade evidence.
archive-by-series/90-105/105-R35-SHA256-MANIFEST.txt	research/archive/strict-layer-proof-research/archive-by-series/90-105/105-R35-SHA256-MANIFEST.txt	dongxuelian2/strict-layer-proof-research	archived	source-only	Source-only bytes preserved once at the canonical target under the frozen archive boundary; original source path remains an alias. Kind is a navigation label based on file type, path, and title; it does not upgrade evidence.
archive-by-series/90-105/105-R35-TERMINAL-PREDICATE-SATURATION-CERTIFICATE.md	research/a1/moving-profile/records/terminal-predicate-saturation-certificate.md	dongxuelian2/strict-layer-proof-research	canonical	exact-duplicate	Exact byte duplicate of the canonical target; this source path is retained as provenance and no second canonical copy is created. Kind is a navigation label based on file type, path, and title; it does not upgrade evidence.
archive-by-series/90-105/105-R35-artifacts.zip	research/archive/strict-layer-proof-research/archive-by-series/90-105/105-R35-artifacts.zip	dongxuelian2/strict-layer-proof-research	archived	source-only	Source-only bytes preserved once at the canonical target under the frozen archive boundary; original source path remains an alias. Kind is a navigation label based on file type, path, and title; it does not upgrade evidence.
archive-by-series/90-105/105-R35-stage-archive.md	research/a1/moving-profile/records/terminal-predicate-cutoff.md	dongxuelian2/strict-layer-proof-research	canonical	exact-duplicate	Exact byte duplicate of the canonical target; this source path is retained as provenance and no second canonical copy is created. Kind is a navigation label based on file type, path, and title; it does not upgrade evidence.
archive-by-series/90-105/105-R36-SHA256-MANIFEST.txt	research/archive/strict-layer-proof-research/archive-by-series/90-105/105-R36-SHA256-MANIFEST.txt	dongxuelian2/strict-layer-proof-research	archived	source-only	Source-only bytes preserved once at the canonical target under the frozen archive boundary; original source path remains an alias. Kind is a navigation label based on file type, path, and title; it does not upgrade evidence.
archive-by-series/90-105/105-R36-SIMULTANEOUS-NONEMPTY-SATURATION-CERTIFICATE.md	research/a1/moving-profile/records/simultaneous-nonempty-saturation-certificate.md	dongxuelian2/strict-layer-proof-research	canonical	exact-duplicate	Exact byte duplicate of the canonical target; this source path is retained as provenance and no second canonical copy is created. Kind is a navigation label based on file type, path, and title; it does not upgrade evidence.
archive-by-series/90-105/105-R36-artifacts.zip	research/archive/strict-layer-proof-research/archive-by-series/90-105/105-R36-artifacts.zip	dongxuelian2/strict-layer-proof-research	archived	source-only	Source-only bytes preserved once at the canonical target under the frozen archive boundary; original source path remains an alias. Kind is a navigation label based on file type, path, and title; it does not upgrade evidence.
archive-by-series/90-105/105-R36-artifacts.zip.sha256.txt	research/archive/strict-layer-proof-research/archive-by-series/90-105/105-R36-artifacts.zip.sha256.txt	dongxuelian2/strict-layer-proof-research	archived	source-only	Source-only bytes preserved once at the canonical target under the frozen archive boundary; original source path remains an alias. Kind is a navigation label based on file type, path, and title; it does not upgrade evidence.
archive-by-series/90-105/105-R36-nonunit-source-master-synchronization.md	research/a1/moving-profile/records/nonunit-source-master-synchronization.md	dongxuelian2/strict-layer-proof-research	canonical	exact-duplicate	Exact byte duplicate of the canonical target; this source path is retained as provenance and no second canonical copy is created. Kind is a navigation label based on file type, path, and title; it does not upgrade evidence.
archive-by-series/90-105/105-R36-simultaneous-nonempty-exact-system.md	research/a1/moving-profile/records/simultaneous-nonempty-exact-system.md	dongxuelian2/strict-layer-proof-research	canonical	exact-duplicate	Exact byte duplicate of the canonical target; this source path is retained as provenance and no second canonical copy is created. Kind is a navigation label based on file type, path, and title; it does not upgrade evidence.
archive-by-series/90-105/105-R36-stage-archive.md	research/a1/moving-profile/records/unit-successor-synchronization.md	dongxuelian2/strict-layer-proof-research	canonical	exact-duplicate	Exact byte duplicate of the canonical target; this source path is retained as provenance and no second canonical copy is created. Kind is a navigation label based on file type, path, and title; it does not upgrade evidence.
archive-by-series/90-105/105-R36-unit-canonical-successor-derivation.md	research/a1/moving-profile/records/unit-canonical-successor-derivation.md	dongxuelian2/strict-layer-proof-research	canonical	exact-duplicate	Exact byte duplicate of the canonical target; this source path is retained as provenance and no second canonical copy is created. Kind is a navigation label based on file type, path, and title; it does not upgrade evidence.
archive-by-series/90-105/105-R37-GCD-NORMALIZED-SATURATION-CERTIFICATE.md	research/a1/moving-profile/records/gcd-normalized-saturation-certificate.md	dongxuelian2/strict-layer-proof-research	canonical	exact-duplicate	Exact byte duplicate of the canonical target; this source path is retained as provenance and no second canonical copy is created. Kind is a navigation label based on file type, path, and title; it does not upgrade evidence.
archive-by-series/90-105/105-R37-SHA256-MANIFEST.txt	research/archive/strict-layer-proof-research/archive-by-series/90-105/105-R37-SHA256-MANIFEST.txt	dongxuelian2/strict-layer-proof-research	archived	source-only	Source-only bytes preserved once at the canonical target under the frozen archive boundary; original source path remains an alias. Kind is a navigation label based on file type, path, and title; it does not upgrade evidence.
archive-by-series/90-105/105-R37-artifacts.zip	research/archive/strict-layer-proof-research/archive-by-series/90-105/105-R37-artifacts.zip	dongxuelian2/strict-layer-proof-research	archived	source-only	Source-only bytes preserved once at the canonical target under the frozen archive boundary; original source path remains an alias. Kind is a navigation label based on file type, path, and title; it does not upgrade evidence.
archive-by-series/90-105/105-R37-artifacts.zip.sha256.txt	research/archive/strict-layer-proof-research/archive-by-series/90-105/105-R37-artifacts.zip.sha256.txt	dongxuelian2/strict-layer-proof-research	archived	source-only	Source-only bytes preserved once at the canonical target under the frozen archive boundary; original source path remains an alias. Kind is a navigation label based on file type, path, and title; it does not upgrade evidence.
archive-by-series/90-105/105-R37-corrected-source-first-search.md	research/a1/moving-profile/records/corrected-source-first-search.md	dongxuelian2/strict-layer-proof-research	canonical	exact-duplicate	Exact byte duplicate of the canonical target; this source path is retained as provenance and no second canonical copy is created. Kind is a navigation label based on file type, path, and title; it does not upgrade evidence.
archive-by-series/90-105/105-R37-execution.log	research/archive/strict-layer-proof-research/archive-by-series/90-105/105-R37-execution.log	dongxuelian2/strict-layer-proof-research	archived	source-only	Source-only bytes preserved once at the canonical target under the frozen archive boundary; original source path remains an alias. Kind is a navigation label based on file type, path, and title; it does not upgrade evidence.
archive-by-series/90-105/105-R37-gcd-normalized-master-sphere-system.md	research/a1/moving-profile/records/gcd-normalized-master-sphere-system.md	dongxuelian2/strict-layer-proof-research	canonical	exact-duplicate	Exact byte duplicate of the canonical target; this source path is retained as provenance and no second canonical copy is created. Kind is a navigation label based on file type, path, and title; it does not upgrade evidence.
archive-by-series/90-105/105-R37-stage-archive.md	research/a1/moving-profile/records/gcd-normalized-root-audit.md	dongxuelian2/strict-layer-proof-research	canonical	exact-duplicate	Exact byte duplicate of the canonical target; this source path is retained as provenance and no second canonical copy is created. Kind is a navigation label based on file type, path, and title; it does not upgrade evidence.
archive-by-series/90-105/105-R38-FIRST-GENUINE-SELECTOR-CONSISTENT-ROOT.md	research/a1/moving-profile/records/first-genuine-selector-consistent-root.md	dongxuelian2/strict-layer-proof-research	canonical	exact-duplicate	Exact byte duplicate of the canonical target; this source path is retained as provenance and no second canonical copy is created. Kind is a navigation label based on file type, path, and title; it does not upgrade evidence.
archive-by-series/90-105/105-R38-NRDG-SATURATION-CERTIFICATE.md	research/a1/moving-profile/records/nrdg-saturation-certificate.md	dongxuelian2/strict-layer-proof-research	canonical	exact-duplicate	Exact byte duplicate of the canonical target; this source path is retained as provenance and no second canonical copy is created. Kind is a navigation label based on file type, path, and title; it does not upgrade evidence.
archive-by-series/90-105/105-R38-SHA256-MANIFEST.txt	research/archive/strict-layer-proof-research/archive-by-series/90-105/105-R38-SHA256-MANIFEST.txt	dongxuelian2/strict-layer-proof-research	archived	source-only	Source-only bytes preserved once at the canonical target under the frozen archive boundary; original source path remains an alias. Kind is a navigation label based on file type, path, and title; it does not upgrade evidence.
archive-by-series/90-105/105-R38-artifacts.zip	research/archive/strict-layer-proof-research/archive-by-series/90-105/105-R38-artifacts.zip	dongxuelian2/strict-layer-proof-research	archived	source-only	Source-only bytes preserved once at the canonical target under the frozen archive boundary; original source path remains an alias. Kind is a navigation label based on file type, path, and title; it does not upgrade evidence.
archive-by-series/90-105/105-R38-factor-allocation-derivation.md	research/a1/moving-profile/records/factor-allocation-derivation.md	dongxuelian2/strict-layer-proof-research	canonical	exact-duplicate	Exact byte duplicate of the canonical target; this source path is retained as provenance and no second canonical copy is created. Kind is a navigation label based on file type, path, and title; it does not upgrade evidence.
archive-by-series/90-105/105-R38-stage-archive.md	research/a1/moving-profile/records/selector-consistent-root.md	dongxuelian2/strict-layer-proof-research	canonical	exact-duplicate	Exact byte duplicate of the canonical target; this source path is retained as provenance and no second canonical copy is created. Kind is a navigation label based on file type, path, and title; it does not upgrade evidence.
archive-by-series/90-105/105-R39-FIRST-EXPONENT-SYNCHRONIZED-ROOT.md	research/a1/moving-profile/records/first-exponent-synchronized-root.md	dongxuelian2/strict-layer-proof-research	canonical	exact-duplicate	Exact byte duplicate of the canonical target; this source path is retained as provenance and no second canonical copy is created. Kind is a navigation label based on file type, path, and title; it does not upgrade evidence.
archive-by-series/90-105/105-R39-SHA256-MANIFEST.txt	research/archive/strict-layer-proof-research/archive-by-series/90-105/105-R39-SHA256-MANIFEST.txt	dongxuelian2/strict-layer-proof-research	archived	source-only	Source-only bytes preserved once at the canonical target under the frozen archive boundary; original source path remains an alias. Kind is a navigation label based on file type, path, and title; it does not upgrade evidence.
archive-by-series/90-105/105-R39-SOURCE-EXPONENT-IMAGE-SATURATION-CERTIFICATE.md	research/a1/moving-profile/records/source-exponent-image-saturation-certificate.md	dongxuelian2/strict-layer-proof-research	canonical	exact-duplicate	Exact byte duplicate of the canonical target; this source path is retained as provenance and no second canonical copy is created. Kind is a navigation label based on file type, path, and title; it does not upgrade evidence.
archive-by-series/90-105/105-R39-artifacts.zip	research/archive/strict-layer-proof-research/archive-by-series/90-105/105-R39-artifacts.zip	dongxuelian2/strict-layer-proof-research	archived	source-only	Source-only bytes preserved once at the canonical target under the frozen archive boundary; original source path remains an alias. Kind is a navigation label based on file type, path, and title; it does not upgrade evidence.
archive-by-series/90-105/105-R39-execution.log	research/archive/strict-layer-proof-research/archive-by-series/90-105/105-R39-execution.log	dongxuelian2/strict-layer-proof-research	archived	source-only	Source-only bytes preserved once at the canonical target under the frozen archive boundary; original source path remains an alias. Kind is a navigation label based on file type, path, and title; it does not upgrade evidence.
archive-by-series/90-105/105-R39-exponent-synchronization-derivation.md	research/a1/moving-profile/records/exponent-synchronization-derivation.md	dongxuelian2/strict-layer-proof-research	canonical	exact-duplicate	Exact byte duplicate of the canonical target; this source path is retained as provenance and no second canonical copy is created. Kind is a navigation label based on file type, path, and title; it does not upgrade evidence.
archive-by-series/90-105/105-R39-production-native-root-system.md	research/a1/moving-profile/records/production-native-root-system.md	dongxuelian2/strict-layer-proof-research	canonical	exact-duplicate	Exact byte duplicate of the canonical target; this source path is retained as provenance and no second canonical copy is created. Kind is a navigation label based on file type, path, and title; it does not upgrade evidence.
archive-by-series/90-105/105-R39-stage-archive.md	research/a1/moving-profile/records/source-exponent-root-reconstruction.md	dongxuelian2/strict-layer-proof-research	canonical	exact-duplicate	Exact byte duplicate of the canonical target; this source path is retained as provenance and no second canonical copy is created. Kind is a navigation label based on file type, path, and title; it does not upgrade evidence.
archive-by-series/90-105/105-R40-FINAL-FAILURE-REPORT.md	research/a1/moving-profile/records/failure.md	dongxuelian2/strict-layer-proof-research	canonical	exact-duplicate	Exact byte duplicate of the canonical target; this source path is retained as provenance and no second canonical copy is created. Kind is a navigation label based on file type, path, and title; it does not upgrade evidence.
archive-by-series/90-105/105_R10_DES_Endpoint_Coset_Lift_Index.md	research/a1/moving-profile/records/des-endpoint-coset-lift-index.md	dongxuelian2/strict-layer-proof-research	canonical	exact-duplicate	Exact byte duplicate of the canonical target; this source path is retained as provenance and no second canonical copy is created. Kind is a navigation label based on file type, path, and title; it does not upgrade evidence.
archive-by-series/90-105/105_R10_bundle.zip	research/archive/strict-layer-proof-research/archive-by-series/90-105/105_R10_bundle.zip	dongxuelian2/strict-layer-proof-research	archived	source-only	Source-only bytes preserved once at the canonical target under the frozen archive boundary; original source path remains an alias. Kind is a navigation label based on file type, path, and title; it does not upgrade evidence.
archive-by-series/90-105/105_R10_scripts.zip	research/archive/strict-layer-proof-research/archive-by-series/90-105/105_R10_scripts.zip	dongxuelian2/strict-layer-proof-research	archived	source-only	Source-only bytes preserved once at the canonical target under the frozen archive boundary; original source path remains an alias. Kind is a navigation label based on file type, path, and title; it does not upgrade evidence.
archive-by-series/90-105/105_R11_Archive_Package.zip	research/archive/strict-layer-proof-research/archive-by-series/90-105/105_R11_Archive_Package.zip	dongxuelian2/strict-layer-proof-research	archived	source-only	Source-only bytes preserved once at the canonical target under the frozen archive boundary; original source path remains an alias. Kind is a navigation label based on file type, path, and title; it does not upgrade evidence.
archive-by-series/90-105/105_R11_Exact_DES_Quotient_Threshold_Membership.md	research/a1/moving-profile/records/exact-des-quotient-threshold-membership.md	dongxuelian2/strict-layer-proof-research	canonical	exact-duplicate	Exact byte duplicate of the canonical target; this source path is retained as provenance and no second canonical copy is created. Kind is a navigation label based on file type, path, and title; it does not upgrade evidence.
archive-by-series/90-105/105_R12_Archive_Package.zip	research/archive/strict-layer-proof-research/archive-by-series/90-105/105_R12_Archive_Package.zip	dongxuelian2/strict-layer-proof-research	archived	source-only	Source-only bytes preserved once at the canonical target under the frozen archive boundary; original source path remains an alias. Kind is a navigation label based on file type, path, and title; it does not upgrade evidence.
archive-by-series/90-105/105_R12_Normalized_Local_DES_Numerator_Residue.md	research/a1/moving-profile/records/normalized-local-des-numerator-residue.md	dongxuelian2/strict-layer-proof-research	canonical	exact-duplicate	Exact byte duplicate of the canonical target; this source path is retained as provenance and no second canonical copy is created. Kind is a navigation label based on file type, path, and title; it does not upgrade evidence.
archive-by-series/90-105/105_R13_Companion_Artifacts.zip	research/archive/strict-layer-proof-research/archive-by-series/90-105/105_R13_Companion_Artifacts.zip	dongxuelian2/strict-layer-proof-research	archived	source-only	Source-only bytes preserved once at the canonical target under the frozen archive boundary; original source path remains an alias. Kind is a navigation label based on file type, path, and title; it does not upgrade evidence.
archive-by-series/90-105/105_R13_Post_PSDG_Source_Carrier_Image.md	research/a1/moving-profile/records/post-psdg-source-carrier-image.md	dongxuelian2/strict-layer-proof-research	canonical	exact-duplicate	Exact byte duplicate of the canonical target; this source path is retained as provenance and no second canonical copy is created. Kind is a navigation label based on file type, path, and title; it does not upgrade evidence.
archive-by-series/90-105/105_R13_SHA256SUMS.txt	research/archive/strict-layer-proof-research/archive-by-series/90-105/105_R13_SHA256SUMS.txt	dongxuelian2/strict-layer-proof-research	archived	source-only	Source-only bytes preserved once at the canonical target under the frozen archive boundary; original source path remains an alias. Kind is a navigation label based on file type, path, and title; it does not upgrade evidence.
archive-by-series/90-105/105_R14_Positive_Radial_Core_Lift_Fibre.md	research/a1/moving-profile/records/positive-radial-core-lift-fibre.md	dongxuelian2/strict-layer-proof-research	canonical	exact-duplicate	Exact byte duplicate of the canonical target; this source path is retained as provenance and no second canonical copy is created. Kind is a navigation label based on file type, path, and title; it does not upgrade evidence.
archive-by-series/90-105/105_R14_scripts.zip	research/archive/strict-layer-proof-research/archive-by-series/90-105/105_R14_scripts.zip	dongxuelian2/strict-layer-proof-research	archived	source-only	Source-only bytes preserved once at the canonical target under the frozen archive boundary; original source path remains an alias. Kind is a navigation label based on file type, path, and title; it does not upgrade evidence.
archive-by-series/90-105/105_R15_Archive.zip	research/archive/strict-layer-proof-research/archive-by-series/90-105/105_R15_Archive.zip	dongxuelian2/strict-layer-proof-research	archived	source-only	Source-only bytes preserved once at the canonical target under the frozen archive boundary; original source path remains an alias. Kind is a navigation label based on file type, path, and title; it does not upgrade evidence.
archive-by-series/90-105/105_R15_Master_G1_Z_Shell_Phase_Offensive.md	research/a1/moving-profile/records/master-g1-z-shell-offensive.md	dongxuelian2/strict-layer-proof-research	canonical	exact-duplicate	Exact byte duplicate of the canonical target; this source path is retained as provenance and no second canonical copy is created. Kind is a navigation label based on file type, path, and title; it does not upgrade evidence.
archive-by-series/90-105/105_R15_execution.log	research/archive/strict-layer-proof-research/archive-by-series/90-105/105_R15_execution.log	dongxuelian2/strict-layer-proof-research	archived	source-only	Source-only bytes preserved once at the canonical target under the frozen archive boundary; original source path remains an alias. Kind is a navigation label based on file type, path, and title; it does not upgrade evidence.
archive-by-series/90-105/105_R15_phase_offensive.py	research/archive/strict-layer-proof-research/archive-by-series/90-105/105_R15_phase_offensive.py	dongxuelian2/strict-layer-proof-research	archived	source-only	Source-only bytes preserved once at the canonical target under the frozen archive boundary; original source path remains an alias. Kind is a navigation label based on file type, path, and title; it does not upgrade evidence.
archive-by-series/90-105/105_R16_Archive.zip	research/archive/strict-layer-proof-research/archive-by-series/90-105/105_R16_Archive.zip	dongxuelian2/strict-layer-proof-research	archived	source-only	Source-only bytes preserved once at the canonical target under the frozen archive boundary; original source path remains an alias. Kind is a navigation label based on file type, path, and title; it does not upgrade evidence.
archive-by-series/90-105/105_R16_Master_Complement_Divisor_Omega_Corridor.md	research/a1/moving-profile/records/master-complement-divisor-omega-corridor.md	dongxuelian2/strict-layer-proof-research	canonical	exact-duplicate	Exact byte duplicate of the canonical target; this source path is retained as provenance and no second canonical copy is created. Kind is a navigation label based on file type, path, and title; it does not upgrade evidence.
archive-by-series/90-105/105_R16_execution.log	research/archive/strict-layer-proof-research/archive-by-series/90-105/105_R16_execution.log	dongxuelian2/strict-layer-proof-research	archived	source-only	Source-only bytes preserved once at the canonical target under the frozen archive boundary; original source path remains an alias. Kind is a navigation label based on file type, path, and title; it does not upgrade evidence.
archive-by-series/90-105/105_R16_master_complement.py	research/archive/strict-layer-proof-research/archive-by-series/90-105/105_R16_master_complement.py	dongxuelian2/strict-layer-proof-research	archived	source-only	Source-only bytes preserved once at the canonical target under the frozen archive boundary; original source path remains an alias. Kind is a navigation label based on file type, path, and title; it does not upgrade evidence.
archive-by-series/90-105/105_R17_Archive.zip	research/archive/strict-layer-proof-research/archive-by-series/90-105/105_R17_Archive.zip	dongxuelian2/strict-layer-proof-research	archived	source-only	Source-only bytes preserved once at the canonical target under the frozen archive boundary; original source path remains an alias. Kind is a navigation label based on file type, path, and title; it does not upgrade evidence.
archive-by-series/90-105/105_R17_Post_D_Source_Excess.md	research/a1/moving-profile/records/post-d-source-excess.md	dongxuelian2/strict-layer-proof-research	canonical	exact-duplicate	Exact byte duplicate of the canonical target; this source path is retained as provenance and no second canonical copy is created. Kind is a navigation label based on file type, path, and title; it does not upgrade evidence.
archive-by-series/90-105/105_R17_post_d_source_excess.py	research/archive/strict-layer-proof-research/archive-by-series/90-105/105_R17_post_d_source_excess.py	dongxuelian2/strict-layer-proof-research	archived	source-only	Source-only bytes preserved once at the canonical target under the frozen archive boundary; original source path remains an alias. Kind is a navigation label based on file type, path, and title; it does not upgrade evidence.
archive-by-series/90-105/105_R18_Archive.zip	research/archive/strict-layer-proof-research/archive-by-series/90-105/105_R18_Archive.zip	dongxuelian2/strict-layer-proof-research	archived	source-only	Source-only bytes preserved once at the canonical target under the frozen archive boundary; original source path remains an alias. Kind is a navigation label based on file type, path, and title; it does not upgrade evidence.
archive-by-series/90-105/105_R18_Post_Corridor_Z_Shell_Compatibility.md	research/a1/moving-profile/records/post-corridor-z-shell-compatibility.md	dongxuelian2/strict-layer-proof-research	canonical	exact-duplicate	Exact byte duplicate of the canonical target; this source path is retained as provenance and no second canonical copy is created. Kind is a navigation label based on file type, path, and title; it does not upgrade evidence.
archive-by-series/90-105/105_R18_scripts.zip	research/archive/strict-layer-proof-research/archive-by-series/90-105/105_R18_scripts.zip	dongxuelian2/strict-layer-proof-research	archived	source-only	Source-only bytes preserved once at the canonical target under the frozen archive boundary; original source path remains an alias. Kind is a navigation label based on file type, path, and title; it does not upgrade evidence.
archive-by-series/90-105/105_R19_Absorbed_Content_Smith_Saturation.md	research/a1/moving-profile/records/absorbed-content-smith-saturation.md	dongxuelian2/strict-layer-proof-research	canonical	exact-duplicate	Exact byte duplicate of the canonical target; this source path is retained as provenance and no second canonical copy is created. Kind is a navigation label based on file type, path, and title; it does not upgrade evidence.
archive-by-series/90-105/105_R19_execution.log	research/archive/strict-layer-proof-research/archive-by-series/90-105/105_R19_execution.log	dongxuelian2/strict-layer-proof-research	archived	source-only	Source-only bytes preserved once at the canonical target under the frozen archive boundary; original source path remains an alias. Kind is a navigation label based on file type, path, and title; it does not upgrade evidence.
archive-by-series/90-105/105_R19_scripts.zip	research/archive/strict-layer-proof-research/archive-by-series/90-105/105_R19_scripts.zip	dongxuelian2/strict-layer-proof-research	archived	source-only	Source-only bytes preserved once at the canonical target under the frozen archive boundary; original source path remains an alias. Kind is a navigation label based on file type, path, and title; it does not upgrade evidence.
archive-by-series/90-105/105_R1_Common_Obstruction_Reconstruction.md	research/a1/moving-profile/records/common-obstruction-reconstruction.md	dongxuelian2/strict-layer-proof-research	canonical	exact-duplicate	Exact byte duplicate of the canonical target; this source path is retained as provenance and no second canonical copy is created. Kind is a navigation label based on file type, path, and title; it does not upgrade evidence.
archive-by-series/90-105/105_R1_Master_Object_Schema.json	research/archive/strict-layer-proof-research/archive-by-series/90-105/105_R1_Master_Object_Schema.json	dongxuelian2/strict-layer-proof-research	archived	source-only	Source-only bytes preserved once at the canonical target under the frozen archive boundary; original source path remains an alias. Kind is a navigation label based on file type, path, and title; it does not upgrade evidence.
archive-by-series/90-105/105_R20_Face2_Decimal_Primary_Absorption_Budget.md	research/a1/moving-profile/records/face2-decimal-primary-absorption-budget.md	dongxuelian2/strict-layer-proof-research	canonical	exact-duplicate	Exact byte duplicate of the canonical target; this source path is retained as provenance and no second canonical copy is created. Kind is a navigation label based on file type, path, and title; it does not upgrade evidence.
archive-by-series/90-105/105_R20_package.zip	research/archive/strict-layer-proof-research/archive-by-series/90-105/105_R20_package.zip	dongxuelian2/strict-layer-proof-research	archived	source-only	Source-only bytes preserved once at the canonical target under the frozen archive boundary; original source path remains an alias. Kind is a navigation label based on file type, path, and title; it does not upgrade evidence.
archive-by-series/90-105/105_R20_scripts.zip	research/archive/strict-layer-proof-research/archive-by-series/90-105/105_R20_scripts.zip	dongxuelian2/strict-layer-proof-research	archived	source-only	Source-only bytes preserved once at the canonical target under the frozen archive boundary; original source path remains an alias. Kind is a navigation label based on file type, path, and title; it does not upgrade evidence.
archive-by-series/90-105/105_R21_Normalized_Denominator_Ratio_Corridor.md	research/a1/moving-profile/records/normalized-denominator-ratio-corridor.md	dongxuelian2/strict-layer-proof-research	canonical	exact-duplicate	Exact byte duplicate of the canonical target; this source path is retained as provenance and no second canonical copy is created. Kind is a navigation label based on file type, path, and title; it does not upgrade evidence.
archive-by-series/90-105/105_R21_artifacts_bundle.zip	research/archive/strict-layer-proof-research/archive-by-series/90-105/105_R21_artifacts_bundle.zip	dongxuelian2/strict-layer-proof-research	archived	source-only	Source-only bytes preserved once at the canonical target under the frozen archive boundary; original source path remains an alias. Kind is a navigation label based on file type, path, and title; it does not upgrade evidence.
archive-by-series/90-105/105_R21_terminal.txt	research/archive/strict-layer-proof-research/archive-by-series/90-105/105_R21_terminal.txt	dongxuelian2/strict-layer-proof-research	archived	source-only	Source-only bytes preserved once at the canonical target under the frozen archive boundary; original source path remains an alias. Kind is a navigation label based on file type, path, and title; it does not upgrade evidence.
archive-by-series/90-105/105_R22_Master_Angular_Archive.zip	research/archive/strict-layer-proof-research/archive-by-series/90-105/105_R22_Master_Angular_Archive.zip	dongxuelian2/strict-layer-proof-research	archived	source-only	Source-only bytes preserved once at the canonical target under the frozen archive boundary; original source path remains an alias. Kind is a navigation label based on file type, path, and title; it does not upgrade evidence.
archive-by-series/90-105/105_R22_Master_Angular_Elimination.md	research/a1/moving-profile/records/master-angular-elimination.md	dongxuelian2/strict-layer-proof-research	canonical	exact-duplicate	Exact byte duplicate of the canonical target; this source path is retained as provenance and no second canonical copy is created. Kind is a navigation label based on file type, path, and title; it does not upgrade evidence.
archive-by-series/90-105/105_R22_terminal.txt	research/archive/strict-layer-proof-research/archive-by-series/90-105/105_R22_terminal.txt	dongxuelian2/strict-layer-proof-research	archived	source-only	Source-only bytes preserved once at the canonical target under the frozen archive boundary; original source path remains an alias. Kind is a navigation label based on file type, path, and title; it does not upgrade evidence.
archive-by-series/90-105/105_R23_Archive.zip	research/archive/strict-layer-proof-research/archive-by-series/90-105/105_R23_Archive.zip	dongxuelian2/strict-layer-proof-research	archived	source-only	Source-only bytes preserved once at the canonical target under the frozen archive boundary; original source path remains an alias. Kind is a navigation label based on file type, path, and title; it does not upgrade evidence.
archive-by-series/90-105/105_R23_Completed_Positive_Angular_Load_Corridor.md	research/a1/moving-profile/records/completed-positive-angular-load-corridor.md	dongxuelian2/strict-layer-proof-research	canonical	exact-duplicate	Exact byte duplicate of the canonical target; this source path is retained as provenance and no second canonical copy is created. Kind is a navigation label based on file type, path, and title; it does not upgrade evidence.
archive-by-series/90-105/105_R23_exact_audit_output.txt	research/archive/strict-layer-proof-research/archive-by-series/90-105/105_R23_exact_audit_output.txt	dongxuelian2/strict-layer-proof-research	archived	source-only	Source-only bytes preserved once at the canonical target under the frozen archive boundary; original source path remains an alias. Kind is a navigation label based on file type, path, and title; it does not upgrade evidence.
archive-by-series/90-105/105_R23_terminal.txt	research/archive/strict-layer-proof-research/archive-by-series/90-105/105_R23_terminal.txt	dongxuelian2/strict-layer-proof-research	archived	source-only	Source-only bytes preserved once at the canonical target under the frozen archive boundary; original source path remains an alias. Kind is a navigation label based on file type, path, and title; it does not upgrade evidence.
archive-by-series/90-105/105_R24_Post_Support_Source_Carrier_Image.md	research/a1/moving-profile/records/post-support-source-carrier-image.md	dongxuelian2/strict-layer-proof-research	canonical	exact-duplicate	Exact byte duplicate of the canonical target; this source path is retained as provenance and no second canonical copy is created. Kind is a navigation label based on file type, path, and title; it does not upgrade evidence.
archive-by-series/90-105/105_R24_Post_Support_Source_Carrier_Image_bundle.zip	research/archive/strict-layer-proof-research/archive-by-series/90-105/105_R24_Post_Support_Source_Carrier_Image_bundle.zip	dongxuelian2/strict-layer-proof-research	archived	source-only	Source-only bytes preserved once at the canonical target under the frozen archive boundary; original source path remains an alias. Kind is a navigation label based on file type, path, and title; it does not upgrade evidence.
archive-by-series/90-105/105_R24_terminal.txt	research/archive/strict-layer-proof-research/archive-by-series/90-105/105_R24_terminal.txt	dongxuelian2/strict-layer-proof-research	archived	source-only	Source-only bytes preserved once at the canonical target under the frozen archive boundary; original source path remains an alias. Kind is a navigation label based on file type, path, and title; it does not upgrade evidence.
archive-by-series/90-105/105_R25_Positive_Carrier_Excess_Divisor.md	research/a1/moving-profile/records/positive-carrier-excess-divisor.md	dongxuelian2/strict-layer-proof-research	canonical	exact-duplicate	Exact byte duplicate of the canonical target; this source path is retained as provenance and no second canonical copy is created. Kind is a navigation label based on file type, path, and title; it does not upgrade evidence.
archive-by-series/90-105/105_R25_Positive_Carrier_Excess_Package.zip	research/archive/strict-layer-proof-research/archive-by-series/90-105/105_R25_Positive_Carrier_Excess_Package.zip	dongxuelian2/strict-layer-proof-research	archived	source-only	Source-only bytes preserved once at the canonical target under the frozen archive boundary; original source path remains an alias. Kind is a navigation label based on file type, path, and title; it does not upgrade evidence.
archive-by-series/90-105/105_R25_terminal.txt	research/archive/strict-layer-proof-research/archive-by-series/90-105/105_R25_terminal.txt	dongxuelian2/strict-layer-proof-research	archived	source-only	Source-only bytes preserved once at the canonical target under the frozen archive boundary; original source path remains an alias. Kind is a navigation label based on file type, path, and title; it does not upgrade evidence.
archive-by-series/90-105/105_R2_Artifacts.zip	research/archive/strict-layer-proof-research/archive-by-series/90-105/105_R2_Artifacts.zip	dongxuelian2/strict-layer-proof-research	archived	source-only	Source-only bytes preserved once at the canonical target under the frozen archive boundary; original source path remains an alias. Kind is a navigation label based on file type, path, and title; it does not upgrade evidence.
archive-by-series/90-105/105_R2_KappaSrc_Schema.json	research/archive/strict-layer-proof-research/archive-by-series/90-105/105_R2_KappaSrc_Schema.json	dongxuelian2/strict-layer-proof-research	archived	source-only	Source-only bytes preserved once at the canonical target under the frozen archive boundary; original source path remains an alias. Kind is a navigation label based on file type, path, and title; it does not upgrade evidence.
archive-by-series/90-105/105_R2_Source_Section_Internalization.md	research/a1/moving-profile/records/source-section-internalization.md	dongxuelian2/strict-layer-proof-research	canonical	exact-duplicate	Exact byte duplicate of the canonical target; this source path is retained as provenance and no second canonical copy is created. Kind is a navigation label based on file type, path, and title; it does not upgrade evidence.
archive-by-series/90-105/105_R2_q1_transport_certificate.py	research/archive/strict-layer-proof-research/archive-by-series/90-105/105_R2_q1_transport_certificate.py	dongxuelian2/strict-layer-proof-research	archived	source-only	Source-only bytes preserved once at the canonical target under the frozen archive boundary; original source path remains an alias. Kind is a navigation label based on file type, path, and title; it does not upgrade evidence.
archive-by-series/90-105/105_R2_q1_transport_certificate.txt	research/archive/strict-layer-proof-research/archive-by-series/90-105/105_R2_q1_transport_certificate.txt	dongxuelian2/strict-layer-proof-research	archived	source-only	Source-only bytes preserved once at the canonical target under the frozen archive boundary; original source path remains an alias. Kind is a navigation label based on file type, path, and title; it does not upgrade evidence.
archive-by-series/90-105/105_R3_Initial_Form_Registry.json	research/archive/strict-layer-proof-research/archive-by-series/90-105/105_R3_Initial_Form_Registry.json	dongxuelian2/strict-layer-proof-research	archived	source-only	Source-only bytes preserved once at the canonical target under the frozen archive boundary; original source path remains an alias. Kind is a navigation label based on file type, path, and title; it does not upgrade evidence.
archive-by-series/90-105/105_R3_S3_Counterfamily_Verification.log	research/archive/strict-layer-proof-research/archive-by-series/90-105/105_R3_S3_Counterfamily_Verification.log	dongxuelian2/strict-layer-proof-research	archived	source-only	Source-only bytes preserved once at the canonical target under the frozen archive boundary; original source path remains an alias. Kind is a navigation label based on file type, path, and title; it does not upgrade evidence.
archive-by-series/90-105/105_R3_Source_Completed_Valuation_Atlas.md	research/a1/moving-profile/records/source-completed-valuation-atlas.md	dongxuelian2/strict-layer-proof-research	canonical	exact-duplicate	Exact byte duplicate of the canonical target; this source path is retained as provenance and no second canonical copy is created. Kind is a navigation label based on file type, path, and title; it does not upgrade evidence.
archive-by-series/90-105/105_R3_Source_Completed_Valuation_Atlas_Artifacts.zip	research/archive/strict-layer-proof-research/archive-by-series/90-105/105_R3_Source_Completed_Valuation_Atlas_Artifacts.zip	dongxuelian2/strict-layer-proof-research	archived	source-only	Source-only bytes preserved once at the canonical target under the frozen archive boundary; original source path remains an alias. Kind is a navigation label based on file type, path, and title; it does not upgrade evidence.
archive-by-series/90-105/105_R3_Valuation_Carriers.json	research/archive/strict-layer-proof-research/archive-by-series/90-105/105_R3_Valuation_Carriers.json	dongxuelian2/strict-layer-proof-research	archived	source-only	Source-only bytes preserved once at the canonical target under the frozen archive boundary; original source path remains an alias. Kind is a navigation label based on file type, path, and title; it does not upgrade evidence.
archive-by-series/90-105/105_R4_Elimination_Registry.json	research/archive/strict-layer-proof-research/archive-by-series/90-105/105_R4_Elimination_Registry.json	dongxuelian2/strict-layer-proof-research	archived	source-only	Source-only bytes preserved once at the canonical target under the frozen archive boundary; original source path remains an alias. Kind is a navigation label based on file type, path, and title; it does not upgrade evidence.
archive-by-series/90-105/105_R4_MANIFEST.json	research/archive/strict-layer-proof-research/archive-by-series/90-105/105_R4_MANIFEST.json	dongxuelian2/strict-layer-proof-research	archived	source-only	Source-only bytes preserved once at the canonical target under the frozen archive boundary; original source path remains an alias. Kind is a navigation label based on file type, path, and title; it does not upgrade evidence.
archive-by-series/90-105/105_R4_Source_Completed_Fixed_Incidence_Extraction.md	research/a1/moving-profile/records/source-completed-fixed-incidence-extraction.md	dongxuelian2/strict-layer-proof-research	canonical	exact-duplicate	Exact byte duplicate of the canonical target; this source path is retained as provenance and no second canonical copy is created. Kind is a navigation label based on file type, path, and title; it does not upgrade evidence.
archive-by-series/90-105/105_R4_package.zip	research/archive/strict-layer-proof-research/archive-by-series/90-105/105_R4_package.zip	dongxuelian2/strict-layer-proof-research	archived	source-only	Source-only bytes preserved once at the canonical target under the frozen archive boundary; original source path remains an alias. Kind is a navigation label based on file type, path, and title; it does not upgrade evidence.
archive-by-series/90-105/105_R5C_Moving_Base_Full_Source_Decision.md	research/a1/moving-profile/records/moving-base-full-source-decision.md	dongxuelian2/strict-layer-proof-research	canonical	exact-duplicate	Exact byte duplicate of the canonical target; this source path is retained as provenance and no second canonical copy is created. Kind is a navigation label based on file type, path, and title; it does not upgrade evidence.
archive-by-series/90-105/105_R5C_artifacts.zip	research/archive/strict-layer-proof-research/archive-by-series/90-105/105_R5C_artifacts.zip	dongxuelian2/strict-layer-proof-research	archived	source-only	Source-only bytes preserved once at the canonical target under the frozen archive boundary; original source path remains an alias. Kind is a navigation label based on file type, path, and title; it does not upgrade evidence.
archive-by-series/90-105/105_R5_Outer_Depth_Source_Selector_Fixedness.md	research/a1/moving-profile/records/outer-depth-source-selector-fixedness.md	dongxuelian2/strict-layer-proof-research	canonical	exact-duplicate	Exact byte duplicate of the canonical target; this source path is retained as provenance and no second canonical copy is created. Kind is a navigation label based on file type, path, and title; it does not upgrade evidence.
archive-by-series/90-105/105_R6_General_Moving_Profile_Sphere_Master_Lift.md	research/a1/moving-profile/records/general-moving-profile-sphere-master-lift.md	dongxuelian2/strict-layer-proof-research	canonical	exact-duplicate	Exact byte duplicate of the canonical target; this source path is retained as provenance and no second canonical copy is created. Kind is a navigation label based on file type, path, and title; it does not upgrade evidence.
archive-by-series/90-105/105_R6_SHA256.txt	research/archive/strict-layer-proof-research/archive-by-series/90-105/105_R6_SHA256.txt	dongxuelian2/strict-layer-proof-research	archived	source-only	Source-only bytes preserved once at the canonical target under the frozen archive boundary; original source path remains an alias. Kind is a navigation label based on file type, path, and title; it does not upgrade evidence.
archive-by-series/90-105/105_R6_Square_Locus.json	research/archive/strict-layer-proof-research/archive-by-series/90-105/105_R6_Square_Locus.json	dongxuelian2/strict-layer-proof-research	archived	source-only	Source-only bytes preserved once at the canonical target under the frozen archive boundary; original source path remains an alias. Kind is a navigation label based on file type, path, and title; it does not upgrade evidence.
archive-by-series/90-105/105_R6_scripts.zip	research/archive/strict-layer-proof-research/archive-by-series/90-105/105_R6_scripts.zip	dongxuelian2/strict-layer-proof-research	archived	source-only	Source-only bytes preserved once at the canonical target under the frozen archive boundary; original source path remains an alias. Kind is a navigation label based on file type, path, and title; it does not upgrade evidence.
archive-by-series/90-105/105_R7B_Oriented_Root_Divisibility.md	research/a1/moving-profile/records/oriented-root-divisibility.md	dongxuelian2/strict-layer-proof-research	canonical	exact-duplicate	Exact byte duplicate of the canonical target; this source path is retained as provenance and no second canonical copy is created. Kind is a navigation label based on file type, path, and title; it does not upgrade evidence.
archive-by-series/90-105/105_R7B_Verification.log	research/archive/strict-layer-proof-research/archive-by-series/90-105/105_R7B_Verification.log	dongxuelian2/strict-layer-proof-research	archived	source-only	Source-only bytes preserved once at the canonical target under the frozen archive boundary; original source path remains an alias. Kind is a navigation label based on file type, path, and title; it does not upgrade evidence.
archive-by-series/90-105/105_R7B_package.zip	research/archive/strict-layer-proof-research/archive-by-series/90-105/105_R7B_package.zip	dongxuelian2/strict-layer-proof-research	archived	source-only	Source-only bytes preserved once at the canonical target under the frozen archive boundary; original source path remains an alias. Kind is a navigation label based on file type, path, and title; it does not upgrade evidence.
archive-by-series/90-105/105_R7C_Prescribed_Source_Divisor_Gate.md	research/a1/moving-profile/records/prescribed-source-divisor-gate.md	dongxuelian2/strict-layer-proof-research	canonical	exact-duplicate	Exact byte duplicate of the canonical target; this source path is retained as provenance and no second canonical copy is created. Kind is a navigation label based on file type, path, and title; it does not upgrade evidence.
archive-by-series/90-105/105_R7C_companion_artifacts.zip	research/archive/strict-layer-proof-research/archive-by-series/90-105/105_R7C_companion_artifacts.zip	dongxuelian2/strict-layer-proof-research	archived	source-only	Source-only bytes preserved once at the canonical target under the frozen archive boundary; original source path remains an alias. Kind is a navigation label based on file type, path, and title; it does not upgrade evidence.
archive-by-series/90-105/105_R7D_Archive_Bundle.zip	research/archive/strict-layer-proof-research/archive-by-series/90-105/105_R7D_Archive_Bundle.zip	dongxuelian2/strict-layer-proof-research	archived	source-only	Source-only bytes preserved once at the canonical target under the frozen archive boundary; original source path remains an alias. Kind is a navigation label based on file type, path, and title; it does not upgrade evidence.
archive-by-series/90-105/105_R7D_Determinant_Packet_Source_GCD_Firewall.md	research/a1/moving-profile/records/determinant-packet-source-gcd-firewall.md	dongxuelian2/strict-layer-proof-research	canonical	exact-duplicate	Exact byte duplicate of the canonical target; this source path is retained as provenance and no second canonical copy is created. Kind is a navigation label based on file type, path, and title; it does not upgrade evidence.
archive-by-series/90-105/105_R7_Exceptional_Square_Locus_Source_Intersection.md	research/a1/moving-profile/records/exceptional-square-locus-source-intersection.md	dongxuelian2/strict-layer-proof-research	canonical	exact-duplicate	Exact byte duplicate of the canonical target; this source path is retained as provenance and no second canonical copy is created. Kind is a navigation label based on file type, path, and title; it does not upgrade evidence.
archive-by-series/90-105/105_R7_artifacts.zip	research/archive/strict-layer-proof-research/archive-by-series/90-105/105_R7_artifacts.zip	dongxuelian2/strict-layer-proof-research	archived	source-only	Source-only bytes preserved once at the canonical target under the frozen archive boundary; original source path remains an alias. Kind is a navigation label based on file type, path, and title; it does not upgrade evidence.
archive-by-series/90-105/105_R8_Common_U_Integer_Source_Fibre.md	research/a1/moving-profile/records/common-u-integer-source-fibre.md	dongxuelian2/strict-layer-proof-research	canonical	exact-duplicate	Exact byte duplicate of the canonical target; this source path is retained as provenance and no second canonical copy is created. Kind is a navigation label based on file type, path, and title; it does not upgrade evidence.
archive-by-series/90-105/105_R8_Common_U_Integer_Source_Fibre_bundle.zip	research/archive/strict-layer-proof-research/archive-by-series/90-105/105_R8_Common_U_Integer_Source_Fibre_bundle.zip	dongxuelian2/strict-layer-proof-research	archived	source-only	Source-only bytes preserved once at the canonical target under the frozen archive boundary; original source path remains an alias. Kind is a navigation label based on file type, path, and title; it does not upgrade evidence.
archive-by-series/90-105/105_R9_Endpoint_Quotient_Source_Successor.md	research/a1/moving-profile/records/endpoint-quotient-source-successor.md	dongxuelian2/strict-layer-proof-research	canonical	exact-duplicate	Exact byte duplicate of the canonical target; this source path is retained as provenance and no second canonical copy is created. Kind is a navigation label based on file type, path, and title; it does not upgrade evidence.
archive-by-series/90-105/105_R9_artifacts.zip	research/archive/strict-layer-proof-research/archive-by-series/90-105/105_R9_artifacts.zip	dongxuelian2/strict-layer-proof-research	archived	source-only	Source-only bytes preserved once at the canonical target under the frozen archive boundary; original source path remains an alias. Kind is a navigation label based on file type, path, and title; it does not upgrade evidence.
archive-by-series/90-105/r27_recon.py	research/archive/strict-layer-proof-research/archive-by-series/90-105/r27_recon.py	dongxuelian2/strict-layer-proof-research	archived	source-only	Source-only bytes preserved once at the canonical target under the frozen archive boundary; original source path remains an alias. Kind is a navigation label based on file type, path, and title; it does not upgrade evidence.
archive-by-series/90-105/r29_support_core.py	research/archive/strict-layer-proof-research/archive-by-series/90-105/r29_support_core.py	dongxuelian2/strict-layer-proof-research	archived	source-only	Source-only bytes preserved once at the canonical target under the frozen archive boundary; original source path remains an alias. Kind is a navigation label based on file type, path, and title; it does not upgrade evidence.
archive-by-series/90-105/r32_unit_digit.py	research/archive/strict-layer-proof-research/archive-by-series/90-105/r32_unit_digit.py	dongxuelian2/strict-layer-proof-research	archived	source-only	Source-only bytes preserved once at the canonical target under the frozen archive boundary; original source path remains an alias. Kind is a navigation label based on file type, path, and title; it does not upgrade evidence.
archive-by-series/90-105/r36_sourcefirst_unit_shell.py	research/archive/strict-layer-proof-research/archive-by-series/90-105/r36_sourcefirst_unit_shell.py	dongxuelian2/strict-layer-proof-research	archived	source-only	Source-only bytes preserved once at the canonical target under the frozen archive boundary; original source path remains an alias. Kind is a navigation label based on file type, path, and title; it does not upgrade evidence.
archive-by-series/90-105/r39_verify.py	research/archive/strict-layer-proof-research/archive-by-series/90-105/r39_verify.py	dongxuelian2/strict-layer-proof-research	archived	source-only	Source-only bytes preserved once at the canonical target under the frozen archive boundary; original source path remains an alias. Kind is a navigation label based on file type, path, and title; it does not upgrade evidence.
archive-by-series/90-105/verification_output.txt	research/archive/strict-layer-proof-research/archive-by-series/90-105/verification_output.txt	dongxuelian2/strict-layer-proof-research	archived	source-only	Source-only bytes preserved once at the canonical target under the frozen archive boundary; original source path remains an alias. Kind is a navigation label based on file type, path, and title; it does not upgrade evidence.
archive-by-series/90-105/verify_r11_quotient.py	research/archive/strict-layer-proof-research/archive-by-series/90-105/verify_r11_quotient.py	dongxuelian2/strict-layer-proof-research	archived	source-only	Source-only bytes preserved once at the canonical target under the frozen archive boundary; original source path remains an alias. Kind is a navigation label based on file type, path, and title; it does not upgrade evidence.
archive-by-series/90-105/verify_r13_carrier_image.py	research/archive/strict-layer-proof-research/archive-by-series/90-105/verify_r13_carrier_image.py	dongxuelian2/strict-layer-proof-research	archived	source-only	Source-only bytes preserved once at the canonical target under the frozen archive boundary; original source path remains an alias. Kind is a navigation label based on file type, path, and title; it does not upgrade evidence.
archive-by-series/90-105/verify_transfer_first_failure.py	research/archive/strict-layer-proof-research/archive-by-series/90-105/verify_transfer_first_failure.py	dongxuelian2/strict-layer-proof-research	archived	source-only	Source-only bytes preserved once at the canonical target under the frozen archive boundary; original source path remains an alias. Kind is a navigation label based on file type, path, and title; it does not upgrade evidence.
destination:reports/global/proved_results_index_v3.md	research/foundations/results/theorem-index.md	dongxuelian2/strict-layer-proof-research	canonical	exact-duplicate	Exact byte duplicate of the canonical target; this source path is retained as provenance and no second canonical copy is created. Kind is a navigation label based on file type, path, and title; it does not upgrade evidence.
destination:reports/global/proved_results_report_v3.md	research/foundations/results/proved-results.md	dongxuelian2/strict-layer-proof-research	canonical	exact-duplicate	Exact byte duplicate of the canonical target; this source path is retained as provenance and no second canonical copy is created. Kind is a navigation label based on file type, path, and title; it does not upgrade evidence.
destination:reports/strict/current_research_status_v3.md	research/exact-lift/status.md	dongxuelian2/strict-layer-proof-research	canonical	exact-duplicate	Exact byte duplicate of the canonical target; this source path is retained as provenance and no second canonical copy is created. Kind is a navigation label based on file type, path, and title; it does not upgrade evidence.
destination:reports/strict/proved_results_index_v2.md	research/foundations/archive/theorem-index-legacy.md	dongxuelian2/strict-layer-proof-research	canonical	exact-duplicate	Exact byte duplicate of the canonical target; this source path is retained as provenance and no second canonical copy is created. Kind is a navigation label based on file type, path, and title; it does not upgrade evidence.
destination:reports/strict/proved_results_report_v2.md	research/foundations/archive/proved-results-legacy.md	dongxuelian2/strict-layer-proof-research	canonical	exact-duplicate	Exact byte duplicate of the canonical target; this source path is retained as provenance and no second canonical copy is created. Kind is a navigation label based on file type, path, and title; it does not upgrade evidence.
destination:reports/strict/state/strict_layer_A1_SRCU_state_after_campaign.md	research/a1/state/a1-srcu-state-after.md	dongxuelian2/strict-layer-proof-research	canonical	exact-duplicate	Exact byte duplicate of the canonical target; this source path is retained as provenance and no second canonical copy is created. Kind is a navigation label based on file type, path, and title; it does not upgrade evidence.
destination:reports/strict/state/strict_layer_A1_exact_word_state_after_double_euclidean_campaign.md	research/a1/state/a1-exact-word-state-after-double-euclidean.md	dongxuelian2/strict-layer-proof-research	canonical	exact-duplicate	Exact byte duplicate of the canonical target; this source path is retained as provenance and no second canonical copy is created. Kind is a navigation label based on file type, path, and title; it does not upgrade evidence.
destination:reports/strict/state/strict_layer_A1_unified_state_after_long_campaign.md	research/a1/state/a1-unified-state-after-long.md	dongxuelian2/strict-layer-proof-research	canonical	exact-duplicate	Exact byte duplicate of the canonical target; this source path is retained as provenance and no second canonical copy is created. Kind is a navigation label based on file type, path, and title; it does not upgrade evidence.
destination:research/strict/A1-backward/strict_layer_backward_A1_2x5_decimal_synchronization_campaign.md	research/a1/backward/backward-a1-2x5-decimal-synchronization.md	dongxuelian2/strict-layer-proof-research	canonical	exact-duplicate	Exact byte duplicate of the canonical target; this source path is retained as provenance and no second canonical copy is created. Kind is a navigation label based on file type, path, and title; it does not upgrade evidence.
destination:research/strict/A1-backward/strict_layer_backward_A1_5phase_cut_synchronization_campaign.md	research/a1/backward/backward-a1-5phase-cut-synchronization.md	dongxuelian2/strict-layer-proof-research	canonical	exact-duplicate	Exact byte duplicate of the canonical target; this source path is retained as provenance and no second canonical copy is created. Kind is a navigation label based on file type, path, and title; it does not upgrade evidence.
destination:research/strict/A1-backward/strict_layer_backward_A1_common_U_pullback_primitive_radial_gluing_campaign.md	research/a1/backward/backward-a1-common-u-pullback-primitive-radial-gluing.md	dongxuelian2/strict-layer-proof-research	canonical	exact-duplicate	Exact byte duplicate of the canonical target; this source path is retained as provenance and no second canonical copy is created. Kind is a navigation label based on file type, path, and title; it does not upgrade evidence.
destination:research/strict/A1-backward/strict_layer_backward_A1_same_cut_norm_excess_campaign.md	research/a1/backward/backward-a1-same-cut-norm-excess.md	dongxuelian2/strict-layer-proof-research	canonical	exact-duplicate	Exact byte duplicate of the canonical target; this source path is retained as provenance and no second canonical copy is created. Kind is a navigation label based on file type, path, and title; it does not upgrade evidence.
destination:research/strict/A1-backward/strict_layer_backward_A1_word_recovery_architecture_campaign.md	research/a1/backward/backward-a1-word-recovery-architecture.md	dongxuelian2/strict-layer-proof-research	canonical	exact-duplicate	Exact byte duplicate of the canonical target; this source path is retained as provenance and no second canonical copy is created. Kind is a navigation label based on file type, path, and title; it does not upgrade evidence.
destination:research/strict/A1-forward/archive/30-A1-pre-J2/strict_layer_A1_RU_H_first_candidate_excess_campaign.md	research/a1/forward/archive/a1-ru-h-first-candidate-excess.md	dongxuelian2/strict-layer-proof-research	canonical	exact-duplicate	Exact byte duplicate of the canonical target; this source path is retained as provenance and no second canonical copy is created. Kind is a navigation label based on file type, path, and title; it does not upgrade evidence.
destination:research/strict/A1-forward/archive/30-A1-pre-J2/strict_layer_A1_SRUS_state_after_resonance_transition_campaign.md	research/a1/forward/archive/a1-srus-state-after-resonance-transition.md	dongxuelian2/strict-layer-proof-research	canonical	exact-duplicate	Exact byte duplicate of the canonical target; this source path is retained as provenance and no second canonical copy is created. Kind is a navigation label based on file type, path, and title; it does not upgrade evidence.
destination:research/strict/A1-forward/archive/30-A1-pre-J2/strict_layer_A1_endpoint_quotient_integer_alignment_campaign.md	research/a1/forward/archive/a1-endpoint-quotient-integer-alignment.md	dongxuelian2/strict-layer-proof-research	canonical	exact-duplicate	Exact byte duplicate of the canonical target; this source path is retained as provenance and no second canonical copy is created. Kind is a navigation label based on file type, path, and title; it does not upgrade evidence.
destination:research/strict/A1-forward/archive/30-A1-pre-J2/strict_layer_A1_resonance_RGCD_overload_extinction_campaign.md	research/a1/forward/archive/a1-resonance-rgcd-overload-extinction.md	dongxuelian2/strict-layer-proof-research	canonical	exact-duplicate	Exact byte duplicate of the canonical target; this source path is retained as provenance and no second canonical copy is created. Kind is a navigation label based on file type, path, and title; it does not upgrade evidence.
destination:research/strict/A1-forward/archive/30-A1-pre-J2/strict_layer_A1_resonance_state_after_RGCD_campaign.md	research/a1/forward/archive/a1-resonance-state-after-rgcd.md	dongxuelian2/strict-layer-proof-research	canonical	exact-duplicate	Exact byte duplicate of the canonical target; this source path is retained as provenance and no second canonical copy is created. Kind is a navigation label based on file type, path, and title; it does not upgrade evidence.
destination:research/strict/A1-forward/archive/30-A1-pre-J2/strict_layer_A1_resonant_transition_reduced_fraction_unit_exclusion_campaign.md	research/a1/forward/archive/a1-resonant-transition-reduced-fraction-unit-exclusion.md	dongxuelian2/strict-layer-proof-research	canonical	exact-duplicate	Exact byte duplicate of the canonical target; this source path is retained as provenance and no second canonical copy is created. Kind is a navigation label based on file type, path, and title; it does not upgrade evidence.
destination:research/strict/A1-forward/strict_layer_A1_double_euclidean_smith_gcd_terminal_campaign.md	research/a1/forward/a1-double-euclidean-smith-gcd-terminal.md	dongxuelian2/strict-layer-proof-research	canonical	exact-duplicate	Exact byte duplicate of the canonical target; this source path is retained as provenance and no second canonical copy is created. Kind is a navigation label based on file type, path, and title; it does not upgrade evidence.
destination:research/strict/A1-forward/strict_layer_A1_double_euclidean_word_smith_terminal_campaign.md	research/a1/forward/a1-double-euclidean-word-smith-terminal.md	dongxuelian2/strict-layer-proof-research	canonical	exact-duplicate	Exact byte duplicate of the canonical target; this source path is retained as provenance and no second canonical copy is created. Kind is a navigation label based on file type, path, and title; it does not upgrade evidence.
destination:research/strict/A1-forward/strict_layer_A1_exact_mantissa_defect_quotient_campaign.md	research/a1/forward/a1-exact-mantissa-defect-quotient.md	dongxuelian2/strict-layer-proof-research	canonical	exact-duplicate	Exact byte duplicate of the canonical target; this source path is retained as provenance and no second canonical copy is created. Kind is a navigation label based on file type, path, and title; it does not upgrade evidence.
destination:research/strict/A1-forward/strict_layer_A1_flat_locus_structural_elimination_campaign.md	research/a1/forward/a1-flat-locus-structural-elimination.md	dongxuelian2/strict-layer-proof-research	canonical	exact-duplicate	Exact byte duplicate of the canonical target; this source path is retained as provenance and no second canonical copy is created. Kind is a navigation label based on file type, path, and title; it does not upgrade evidence.
destination:research/strict/A1-forward/strict_layer_A1_generic_primitive_defect_synchronization_campaign.md	research/a1/forward/a1-generic-primitive-defect-synchronization.md	dongxuelian2/strict-layer-proof-research	canonical	exact-duplicate	Exact byte duplicate of the canonical target; this source path is retained as provenance and no second canonical copy is created. Kind is a navigation label based on file type, path, and title; it does not upgrade evidence.
destination:research/strict/A1-forward/strict_layer_A1_iterated_smith_coprime_radial_exclusion_campaign.md	research/a1/forward/a1-iterated-smith-coprime-radial-exclusion.md	dongxuelian2/strict-layer-proof-research	canonical	exact-duplicate	Exact byte duplicate of the canonical target; this source path is retained as provenance and no second canonical copy is created. Kind is a navigation label based on file type, path, and title; it does not upgrade evidence.
destination:research/strict/A1-forward/strict_layer_A1_moving_core_decimal_translation_global_campaign.md	research/a1/forward/a1-moving-core-decimal-translation-global.md	dongxuelian2/strict-layer-proof-research	canonical	exact-duplicate	Exact byte duplicate of the canonical target; this source path is retained as provenance and no second canonical copy is created. Kind is a navigation label based on file type, path, and title; it does not upgrade evidence.
destination:research/strict/A1-forward/strict_layer_A1_moving_profile_coprime_integer_scale_campaign.md	research/a1/forward/a1-moving-profile-coprime-integer-scale.md	dongxuelian2/strict-layer-proof-research	canonical	exact-duplicate	Exact byte duplicate of the canonical target; this source path is retained as provenance and no second canonical copy is created. Kind is a navigation label based on file type, path, and title; it does not upgrade evidence.
destination:research/strict/A1-forward/strict_layer_A1_primitive_conic_common_U_digit_window_campaign.md	research/a1/forward/a1-primitive-conic-common-u-digit-window.md	dongxuelian2/strict-layer-proof-research	canonical	exact-duplicate	Exact byte duplicate of the canonical target; this source path is retained as provenance and no second canonical copy is created. Kind is a navigation label based on file type, path, and title; it does not upgrade evidence.
destination:research/strict/A1-forward/strict_layer_A1_smith_reduced_common_U_exclusion_campaign.md	research/a1/forward/a1-smith-reduced-common-u-exclusion.md	dongxuelian2/strict-layer-proof-research	canonical	exact-duplicate	Exact byte duplicate of the canonical target; this source path is retained as provenance and no second canonical copy is created. Kind is a navigation label based on file type, path, and title; it does not upgrade evidence.
destination:research/strict/A1-forward/strict_layer_A1_unified_moving_profile_terminal_campaign.md	research/a1/forward/a1-unified-moving-profile-terminal.md	dongxuelian2/strict-layer-proof-research	canonical	exact-duplicate	Exact byte duplicate of the canonical target; this source path is retained as provenance and no second canonical copy is created. Kind is a navigation label based on file type, path, and title; it does not upgrade evidence.
destination:research/strict/DD/archive/20-DD-complete/DD-SA_A0-Inert_Coverage_Audit.md	research/denominator-structure/archive/dd-sa-a0-inert-coverage-audit.md	dongxuelian2/strict-layer-proof-research	canonical	exact-duplicate	Exact byte duplicate of the canonical target; this source path is retained as provenance and no second canonical copy is created. Kind is a navigation label based on file type, path, and title; it does not upgrade evidence.
destination:research/strict/DD/archive/20-DD-complete/DD-SA_R11-R20_十轮证明归档.md	research/denominator-structure/archive/d-prime-equal-load-firewall.md	dongxuelian2/strict-layer-proof-research	canonical	exact-duplicate	Exact byte duplicate of the canonical target; this source path is retained as provenance and no second canonical copy is created. Kind is a navigation label based on file type, path, and title; it does not upgrade evidence.
destination:research/strict/DD/archive/20-DD-complete/DD-SA_R20_residual_tail_D_split_firewall.md	research/denominator-structure/archive/dd-sa-r20-residual-tail-d-split-firewall.md	dongxuelian2/strict-layer-proof-research	canonical	exact-duplicate	Exact byte duplicate of the canonical target; this source path is retained as provenance and no second canonical copy is created. Kind is a navigation label based on file type, path, and title; it does not upgrade evidence.
destination:research/strict/DD/archive/20-DD-complete/DD-SA_stage_report_R1-R10.md	research/denominator-structure/archive/dd-sa-r1-r10.md	dongxuelian2/strict-layer-proof-research	canonical	exact-duplicate	Exact byte duplicate of the canonical target; this source path is retained as provenance and no second canonical copy is created. Kind is a navigation label based on file type, path, and title; it does not upgrade evidence.
destination:research/strict/DD/strict_layer_DD_error_closure_campaign.md	research/denominator-structure/dd-error-closure.md	dongxuelian2/strict-layer-proof-research	canonical	exact-duplicate	Exact byte duplicate of the canonical target; this source path is retained as provenance and no second canonical copy is created. Kind is a navigation label based on file type, path, and title; it does not upgrade evidence.
destination:research/strict/DD/strict_layer_DD_independence_audit.md	research/denominator-structure/dd-independence-audit.md	dongxuelian2/strict-layer-proof-research	canonical	exact-duplicate	Exact byte duplicate of the canonical target; this source path is retained as provenance and no second canonical copy is created. Kind is a navigation label based on file type, path, and title; it does not upgrade evidence.
destination:research/strict/DD/strict_layer_DD_orientation_recovery_campaign.md	research/denominator-structure/dd-orientation-recovery.md	dongxuelian2/strict-layer-proof-research	canonical	exact-duplicate	Exact byte duplicate of the canonical target; this source path is retained as provenance and no second canonical copy is created. Kind is a navigation label based on file type, path, and title; it does not upgrade evidence.
destination:research/strict/DD/strict_layer_DD_oriented_tail_window_campaign.md	research/denominator-structure/dd-oriented-tail-window.md	dongxuelian2/strict-layer-proof-research	canonical	exact-duplicate	Exact byte duplicate of the canonical target; this source path is retained as provenance and no second canonical copy is created. Kind is a navigation label based on file type, path, and title; it does not upgrade evidence.
destination:research/strict/DD/strict_layer_DD_post_deflation_campaign.md	research/denominator-structure/dd-post-deflation.md	dongxuelian2/strict-layer-proof-research	canonical	exact-duplicate	Exact byte duplicate of the canonical target; this source path is retained as provenance and no second canonical copy is created. Kind is a navigation label based on file type, path, and title; it does not upgrade evidence.
destination:research/strict/DD/strict_layer_DD_source_phase_information_audit.md	research/denominator-structure/dd-source-information-audit.md	dongxuelian2/strict-layer-proof-research	canonical	exact-duplicate	Exact byte duplicate of the canonical target; this source path is retained as provenance and no second canonical copy is created. Kind is a navigation label based on file type, path, and title; it does not upgrade evidence.
destination:research/strict/DD/strict_layer_DD_supply_phase_synchronization_campaign.md	research/denominator-structure/dd-supply-synchronization.md	dongxuelian2/strict-layer-proof-research	canonical	exact-duplicate	Exact byte duplicate of the canonical target; this source path is retained as provenance and no second canonical copy is created. Kind is a navigation label based on file type, path, and title; it does not upgrade evidence.
destination:research/strict/DD/strict_layer_moving_core_square_spacing_campaign.md	research/denominator-structure/moving-core-square-spacing.md	dongxuelian2/strict-layer-proof-research	canonical	exact-duplicate	Exact byte duplicate of the canonical target; this source path is retained as provenance and no second canonical copy is created. Kind is a navigation label based on file type, path, and title; it does not upgrade evidence.
destination:research/strict/DD/strict_layer_post_DD_consolidation_A1_frontier.md	research/denominator-structure/post-dd-consolidation-a1-frontier.md	dongxuelian2/strict-layer-proof-research	canonical	exact-duplicate	Exact byte duplicate of the canonical target; this source path is retained as provenance and no second canonical copy is created. Kind is a navigation label based on file type, path, and title; it does not upgrade evidence.
destination:research/strict/backward-global/strict_layer_backward_algebraic_denominator_interface.md	research/exact-lift/backward/backward-algebraic-denominator-interface.md	dongxuelian2/strict-layer-proof-research	canonical	exact-duplicate	Exact byte duplicate of the canonical target; this source path is retained as provenance and no second canonical copy is created. Kind is a navigation label based on file type, path, and title; it does not upgrade evidence.
destination:research/strict/backward-global/strict_layer_backward_canonical_dependency_skeleton.md	research/exact-lift/backward/backward-canonical-dependency-skeleton.md	dongxuelian2/strict-layer-proof-research	canonical	exact-duplicate	Exact byte duplicate of the canonical target; this source path is retained as provenance and no second canonical copy is created. Kind is a navigation label based on file type, path, and title; it does not upgrade evidence.
destination:research/strict/backward-global/strict_layer_backward_canonical_synchronization_quotient.md	research/exact-lift/backward/backward-canonical-synchronization-quotient.md	dongxuelian2/strict-layer-proof-research	canonical	exact-duplicate	Exact byte duplicate of the canonical target; this source path is retained as provenance and no second canonical copy is created. Kind is a navigation label based on file type, path, and title; it does not upgrade evidence.
destination:research/strict/backward-global/strict_layer_backward_denominator_decimal_interface.md	research/exact-lift/backward/backward-denominator-decimal-interface.md	dongxuelian2/strict-layer-proof-research	canonical	exact-duplicate	Exact byte duplicate of the canonical target; this source path is retained as provenance and no second canonical copy is created. Kind is a navigation label based on file type, path, and title; it does not upgrade evidence.
destination:research/strict/backward-global/strict_layer_backward_global_obstruction_campaign.md	research/exact-lift/backward/backward-global-obstruction.md	dongxuelian2/strict-layer-proof-research	canonical	exact-duplicate	Exact byte duplicate of the canonical target; this source path is retained as provenance and no second canonical copy is created. Kind is a navigation label based on file type, path, and title; it does not upgrade evidence.
destination:research/strict/backward-global/strict_layer_backward_global_witness_gluing_campaign.md	research/exact-lift/backward/backward-global-witness-gluing.md	dongxuelian2/strict-layer-proof-research	canonical	exact-duplicate	Exact byte duplicate of the canonical target; this source path is retained as provenance and no second canonical copy is created. Kind is a navigation label based on file type, path, and title; it does not upgrade evidence.
destination:research/strict/campaigns/105/105-R26-stage-archive.md	research/a1/moving-profile/records/carrier-only-terminal-collapse.md	dongxuelian2/strict-layer-proof-research	canonical	exact-duplicate	Exact byte duplicate of the canonical target; this source path is retained as provenance and no second canonical copy is created. Kind is a navigation label based on file type, path, and title; it does not upgrade evidence.
destination:research/strict/campaigns/105/105-R27-stage-archive.md	research/a1/moving-profile/records/primitive-sphere-exceptional-locus-collapse.md	dongxuelian2/strict-layer-proof-research	canonical	exact-duplicate	Exact byte duplicate of the canonical target; this source path is retained as provenance and no second canonical copy is created. Kind is a navigation label based on file type, path, and title; it does not upgrade evidence.
destination:research/strict/campaigns/105/105-R28-TC1-derivation.md	research/a1/moving-profile/records/tc1-derivation.md	dongxuelian2/strict-layer-proof-research	canonical	exact-duplicate	Exact byte duplicate of the canonical target; this source path is retained as provenance and no second canonical copy is created. Kind is a navigation label based on file type, path, and title; it does not upgrade evidence.
destination:research/strict/campaigns/105/105-R28-TC1-normal-form.md	research/a1/moving-profile/records/tc1-normal-form.md	dongxuelian2/strict-layer-proof-research	canonical	exact-duplicate	Exact byte duplicate of the canonical target; this source path is retained as provenance and no second canonical copy is created. Kind is a navigation label based on file type, path, and title; it does not upgrade evidence.
destination:research/strict/campaigns/105/105-R28-stage-archive.md	research/a1/moving-profile/records/moving-tc1-incidence.md	dongxuelian2/strict-layer-proof-research	canonical	exact-duplicate	Exact byte duplicate of the canonical target; this source path is retained as provenance and no second canonical copy is created. Kind is a navigation label based on file type, path, and title; it does not upgrade evidence.
destination:research/strict/campaigns/105/105-R29-POST-RADIAL-SUPPORT-SATURATION-CERTIFICATE.md	research/a1/moving-profile/records/post-radial-support-saturation-certificate.md	dongxuelian2/strict-layer-proof-research	canonical	exact-duplicate	Exact byte duplicate of the canonical target; this source path is retained as provenance and no second canonical copy is created. Kind is a navigation label based on file type, path, and title; it does not upgrade evidence.
destination:research/strict/campaigns/105/105-R29-mu-core-derivation.md	research/a1/moving-profile/records/mu-core-derivation.md	dongxuelian2/strict-layer-proof-research	canonical	exact-duplicate	Exact byte duplicate of the canonical target; this source path is retained as provenance and no second canonical copy is created. Kind is a navigation label based on file type, path, and title; it does not upgrade evidence.
destination:research/strict/campaigns/105/105-R29-smith-collision-proof.md	research/a1/moving-profile/records/smith-collision-proof.md	dongxuelian2/strict-layer-proof-research	canonical	exact-duplicate	Exact byte duplicate of the canonical target; this source path is retained as provenance and no second canonical copy is created. Kind is a navigation label based on file type, path, and title; it does not upgrade evidence.
destination:research/strict/campaigns/105/105-R29-stage-archive.md	research/a1/moving-profile/records/mu-core-smith-collision.md	dongxuelian2/strict-layer-proof-research	canonical	exact-duplicate	Exact byte duplicate of the canonical target; this source path is retained as provenance and no second canonical copy is created. Kind is a navigation label based on file type, path, and title; it does not upgrade evidence.
destination:research/strict/campaigns/105/105-R30-Q-SUCCESSOR-SATURATION-CERTIFICATE.md	research/a1/moving-profile/records/q-successor-saturation-certificate.md	dongxuelian2/strict-layer-proof-research	canonical	exact-duplicate	Exact byte duplicate of the canonical target; this source path is retained as provenance and no second canonical copy is created. Kind is a navigation label based on file type, path, and title; it does not upgrade evidence.
destination:research/strict/campaigns/105/105-R30-TC3-TC4-exact-definitions.md	research/a1/moving-profile/records/tc3-tc4-exact-definitions.md	dongxuelian2/strict-layer-proof-research	canonical	exact-duplicate	Exact byte duplicate of the canonical target; this source path is retained as provenance and no second canonical copy is created. Kind is a navigation label based on file type, path, and title; it does not upgrade evidence.
destination:research/strict/campaigns/105/105-R30-q-elimination-derivation.md	research/a1/moving-profile/records/q-elimination-derivation.md	dongxuelian2/strict-layer-proof-research	canonical	exact-duplicate	Exact byte duplicate of the canonical target; this source path is retained as provenance and no second canonical copy is created. Kind is a navigation label based on file type, path, and title; it does not upgrade evidence.
destination:research/strict/campaigns/105/105-R30-stage-archive.md	research/a1/moving-profile/records/canonical-successor-collision-stage.md	dongxuelian2/strict-layer-proof-research	canonical	exact-duplicate	Exact byte duplicate of the canonical target; this source path is retained as provenance and no second canonical copy is created. Kind is a navigation label based on file type, path, and title; it does not upgrade evidence.
destination:research/strict/campaigns/105/105-R30-successor-collision-proof.md	research/a1/moving-profile/records/successor-collision-proof.md	dongxuelian2/strict-layer-proof-research	canonical	exact-duplicate	Exact byte duplicate of the canonical target; this source path is retained as provenance and no second canonical copy is created. Kind is a navigation label based on file type, path, and title; it does not upgrade evidence.
destination:research/strict/campaigns/105/105-R31-N30-POSITIVE-SATURATION-CERTIFICATE.md	research/a1/moving-profile/records/n30-positive-saturation-certificate.md	dongxuelian2/strict-layer-proof-research	canonical	exact-duplicate	Exact byte duplicate of the canonical target; this source path is retained as provenance and no second canonical copy is created. Kind is a navigation label based on file type, path, and title; it does not upgrade evidence.
destination:research/strict/campaigns/105/105-R31-N30-positive-analysis.md	research/a1/moving-profile/records/n30-positive-analysis.md	dongxuelian2/strict-layer-proof-research	canonical	exact-duplicate	Exact byte duplicate of the canonical target; this source path is retained as provenance and no second canonical copy is created. Kind is a navigation label based on file type, path, and title; it does not upgrade evidence.
destination:research/strict/campaigns/105/105-R31-minimal-q-descent.md	research/a1/moving-profile/records/minimal-q-descent.md	dongxuelian2/strict-layer-proof-research	canonical	exact-duplicate	Exact byte duplicate of the canonical target; this source path is retained as provenance and no second canonical copy is created. Kind is a navigation label based on file type, path, and title; it does not upgrade evidence.
destination:research/strict/campaigns/105/105-R31-q1-forced-scale-derivation.md	research/a1/moving-profile/records/q1-forced-scale-derivation.md	dongxuelian2/strict-layer-proof-research	canonical	exact-duplicate	Exact byte duplicate of the canonical target; this source path is retained as provenance and no second canonical copy is created. Kind is a navigation label based on file type, path, and title; it does not upgrade evidence.
destination:research/strict/campaigns/105/105-R31-reconstruction-audit.md	research/a1/moving-profile/records/reconstruction-audit.md	dongxuelian2/strict-layer-proof-research	canonical	exact-duplicate	Exact byte duplicate of the canonical target; this source path is retained as provenance and no second canonical copy is created. Kind is a navigation label based on file type, path, and title; it does not upgrade evidence.
destination:research/strict/campaigns/105/105-R31-stage-archive.md	research/a1/moving-profile/records/forced-scale-and-n30-analysis.md	dongxuelian2/strict-layer-proof-research	canonical	exact-duplicate	Exact byte duplicate of the canonical target; this source path is retained as provenance and no second canonical copy is created. Kind is a navigation label based on file type, path, and title; it does not upgrade evidence.
destination:research/strict/campaigns/105/105-R32-UNIT-CHAMBER-SATURATION-CERTIFICATE.md	research/a1/moving-profile/records/unit-chamber-saturation-certificate.md	dongxuelian2/strict-layer-proof-research	canonical	exact-duplicate	Exact byte duplicate of the canonical target; this source path is retained as provenance and no second canonical copy is created. Kind is a navigation label based on file type, path, and title; it does not upgrade evidence.
destination:research/strict/campaigns/105/105-R32-digit-room-collision-derivation.md	research/a1/moving-profile/records/digit-room-collision-derivation.md	dongxuelian2/strict-layer-proof-research	canonical	exact-duplicate	Exact byte duplicate of the canonical target; this source path is retained as provenance and no second canonical copy is created. Kind is a navigation label based on file type, path, and title; it does not upgrade evidence.
destination:research/strict/campaigns/105/105-R32-prime-branch-derivation.md	research/a1/moving-profile/records/prime-branch-derivation.md	dongxuelian2/strict-layer-proof-research	canonical	exact-duplicate	Exact byte duplicate of the canonical target; this source path is retained as provenance and no second canonical copy is created. Kind is a navigation label based on file type, path, and title; it does not upgrade evidence.
destination:research/strict/campaigns/105/105-R32-q1-extinction-proof.md	research/a1/moving-profile/records/q1-extinction-proof.md	dongxuelian2/strict-layer-proof-research	canonical	exact-duplicate	Exact byte duplicate of the canonical target; this source path is retained as provenance and no second canonical copy is created. Kind is a navigation label based on file type, path, and title; it does not upgrade evidence.
destination:research/strict/campaigns/105/105-R32-stage-archive.md	research/a1/moving-profile/records/unit-chamber-terminal-assault.md	dongxuelian2/strict-layer-proof-research	canonical	exact-duplicate	Exact byte duplicate of the canonical target; this source path is retained as provenance and no second canonical copy is created. Kind is a navigation label based on file type, path, and title; it does not upgrade evidence.
destination:research/strict/campaigns/105/105-R32-unit-chamber-exact-system.md	research/a1/moving-profile/records/unit-chamber-exact-system.md	dongxuelian2/strict-layer-proof-research	canonical	exact-duplicate	Exact byte duplicate of the canonical target; this source path is retained as provenance and no second canonical copy is created. Kind is a navigation label based on file type, path, and title; it does not upgrade evidence.
destination:research/strict/campaigns/105/105-R33-MASTER-SOURCE-SATURATION-CERTIFICATE.md	research/a1/moving-profile/records/master-source-saturation-certificate.md	dongxuelian2/strict-layer-proof-research	canonical	exact-duplicate	Exact byte duplicate of the canonical target; this source path is retained as provenance and no second canonical copy is created. Kind is a navigation label based on file type, path, and title; it does not upgrade evidence.
destination:research/strict/campaigns/105/105-R33-master-source-room-exact-system.md	research/a1/moving-profile/records/master-source-room-exact-system.md	dongxuelian2/strict-layer-proof-research	canonical	exact-duplicate	Exact byte duplicate of the canonical target; this source path is retained as provenance and no second canonical copy is created. Kind is a navigation label based on file type, path, and title; it does not upgrade evidence.
destination:research/strict/campaigns/105/105-R33-prime-branch-continuation.md	research/a1/moving-profile/records/prime-branch-continuation.md	dongxuelian2/strict-layer-proof-research	canonical	exact-duplicate	Exact byte duplicate of the canonical target; this source path is retained as provenance and no second canonical copy is created. Kind is a navigation label based on file type, path, and title; it does not upgrade evidence.
destination:research/strict/campaigns/105/105-R33-quotient-remainder-analysis.md	research/a1/moving-profile/records/quotient-remainder-analysis.md	dongxuelian2/strict-layer-proof-research	canonical	exact-duplicate	Exact byte duplicate of the canonical target; this source path is retained as provenance and no second canonical copy is created. Kind is a navigation label based on file type, path, and title; it does not upgrade evidence.
destination:research/strict/campaigns/105/105-R33-stage-archive.md	research/a1/moving-profile/records/master-source-room-gap.md	dongxuelian2/strict-layer-proof-research	canonical	exact-duplicate	Exact byte duplicate of the canonical target; this source path is retained as provenance and no second canonical copy is created. Kind is a navigation label based on file type, path, and title; it does not upgrade evidence.
destination:research/strict/campaigns/105/105-R34-SOURCE-WORD-SATURATION-CERTIFICATE.md	research/a1/moving-profile/records/source-word-saturation-certificate.md	dongxuelian2/strict-layer-proof-research	canonical	exact-duplicate	Exact byte duplicate of the canonical target; this source path is retained as provenance and no second canonical copy is created. Kind is a navigation label based on file type, path, and title; it does not upgrade evidence.
destination:research/strict/campaigns/105/105-R34-U-elimination-derivation.md	research/a1/moving-profile/records/u-elimination-derivation.md	dongxuelian2/strict-layer-proof-research	canonical	exact-duplicate	Exact byte duplicate of the canonical target; this source path is retained as provenance and no second canonical copy is created. Kind is a navigation label based on file type, path, and title; it does not upgrade evidence.
destination:research/strict/campaigns/105/105-R34-all-q-extension.md	research/a1/moving-profile/records/all-q-extension.md	dongxuelian2/strict-layer-proof-research	canonical	exact-duplicate	Exact byte duplicate of the canonical target; this source path is retained as provenance and no second canonical copy is created. Kind is a navigation label based on file type, path, and title; it does not upgrade evidence.
destination:research/strict/campaigns/105/105-R34-decimal-residue-collision-proof.md	research/a1/moving-profile/records/decimal-residue-collision-proof.md	dongxuelian2/strict-layer-proof-research	canonical	exact-duplicate	Exact byte duplicate of the canonical target; this source path is retained as provenance and no second canonical copy is created. Kind is a navigation label based on file type, path, and title; it does not upgrade evidence.
destination:research/strict/campaigns/105/105-R34-source-word-exact-system.md	research/a1/moving-profile/records/source-word-exact-system.md	dongxuelian2/strict-layer-proof-research	canonical	exact-duplicate	Exact byte duplicate of the canonical target; this source path is retained as provenance and no second canonical copy is created. Kind is a navigation label based on file type, path, and title; it does not upgrade evidence.
destination:research/strict/campaigns/105/105-R34-stage-archive.md	research/a1/moving-profile/records/master-carry-source-word-elimination.md	dongxuelian2/strict-layer-proof-research	canonical	exact-duplicate	Exact byte duplicate of the canonical target; this source path is retained as provenance and no second canonical copy is created. Kind is a navigation label based on file type, path, and title; it does not upgrade evidence.
destination:research/strict/campaigns/105/105-R35-TERMINAL-PREDICATE-SATURATION-CERTIFICATE.md	research/a1/moving-profile/records/terminal-predicate-saturation-certificate.md	dongxuelian2/strict-layer-proof-research	canonical	exact-duplicate	Exact byte duplicate of the canonical target; this source path is retained as provenance and no second canonical copy is created. Kind is a navigation label based on file type, path, and title; it does not upgrade evidence.
destination:research/strict/campaigns/105/105-R35-stage-archive.md	research/a1/moving-profile/records/terminal-predicate-cutoff.md	dongxuelian2/strict-layer-proof-research	canonical	exact-duplicate	Exact byte duplicate of the canonical target; this source path is retained as provenance and no second canonical copy is created. Kind is a navigation label based on file type, path, and title; it does not upgrade evidence.
destination:research/strict/campaigns/105/105-R36-SIMULTANEOUS-NONEMPTY-SATURATION-CERTIFICATE.md	research/a1/moving-profile/records/simultaneous-nonempty-saturation-certificate.md	dongxuelian2/strict-layer-proof-research	canonical	exact-duplicate	Exact byte duplicate of the canonical target; this source path is retained as provenance and no second canonical copy is created. Kind is a navigation label based on file type, path, and title; it does not upgrade evidence.
destination:research/strict/campaigns/105/105-R36-nonunit-source-master-synchronization.md	research/a1/moving-profile/records/nonunit-source-master-synchronization.md	dongxuelian2/strict-layer-proof-research	canonical	exact-duplicate	Exact byte duplicate of the canonical target; this source path is retained as provenance and no second canonical copy is created. Kind is a navigation label based on file type, path, and title; it does not upgrade evidence.
destination:research/strict/campaigns/105/105-R36-simultaneous-nonempty-exact-system.md	research/a1/moving-profile/records/simultaneous-nonempty-exact-system.md	dongxuelian2/strict-layer-proof-research	canonical	exact-duplicate	Exact byte duplicate of the canonical target; this source path is retained as provenance and no second canonical copy is created. Kind is a navigation label based on file type, path, and title; it does not upgrade evidence.
destination:research/strict/campaigns/105/105-R36-stage-archive.md	research/a1/moving-profile/records/unit-successor-synchronization.md	dongxuelian2/strict-layer-proof-research	canonical	exact-duplicate	Exact byte duplicate of the canonical target; this source path is retained as provenance and no second canonical copy is created. Kind is a navigation label based on file type, path, and title; it does not upgrade evidence.
destination:research/strict/campaigns/105/105-R36-unit-canonical-successor-derivation.md	research/a1/moving-profile/records/unit-canonical-successor-derivation.md	dongxuelian2/strict-layer-proof-research	canonical	exact-duplicate	Exact byte duplicate of the canonical target; this source path is retained as provenance and no second canonical copy is created. Kind is a navigation label based on file type, path, and title; it does not upgrade evidence.
destination:research/strict/campaigns/105/105-R37-GCD-NORMALIZED-SATURATION-CERTIFICATE.md	research/a1/moving-profile/records/gcd-normalized-saturation-certificate.md	dongxuelian2/strict-layer-proof-research	canonical	exact-duplicate	Exact byte duplicate of the canonical target; this source path is retained as provenance and no second canonical copy is created. Kind is a navigation label based on file type, path, and title; it does not upgrade evidence.
destination:research/strict/campaigns/105/105-R37-corrected-source-first-search.md	research/a1/moving-profile/records/corrected-source-first-search.md	dongxuelian2/strict-layer-proof-research	canonical	exact-duplicate	Exact byte duplicate of the canonical target; this source path is retained as provenance and no second canonical copy is created. Kind is a navigation label based on file type, path, and title; it does not upgrade evidence.
destination:research/strict/campaigns/105/105-R37-gcd-normalized-master-sphere-system.md	research/a1/moving-profile/records/gcd-normalized-master-sphere-system.md	dongxuelian2/strict-layer-proof-research	canonical	exact-duplicate	Exact byte duplicate of the canonical target; this source path is retained as provenance and no second canonical copy is created. Kind is a navigation label based on file type, path, and title; it does not upgrade evidence.
destination:research/strict/campaigns/105/105-R37-stage-archive.md	research/a1/moving-profile/records/gcd-normalized-root-audit.md	dongxuelian2/strict-layer-proof-research	canonical	exact-duplicate	Exact byte duplicate of the canonical target; this source path is retained as provenance and no second canonical copy is created. Kind is a navigation label based on file type, path, and title; it does not upgrade evidence.
destination:research/strict/campaigns/105/105-R38-FIRST-GENUINE-SELECTOR-CONSISTENT-ROOT.md	research/a1/moving-profile/records/first-genuine-selector-consistent-root.md	dongxuelian2/strict-layer-proof-research	canonical	exact-duplicate	Exact byte duplicate of the canonical target; this source path is retained as provenance and no second canonical copy is created. Kind is a navigation label based on file type, path, and title; it does not upgrade evidence.
destination:research/strict/campaigns/105/105-R38-NRDG-SATURATION-CERTIFICATE.md	research/a1/moving-profile/records/nrdg-saturation-certificate.md	dongxuelian2/strict-layer-proof-research	canonical	exact-duplicate	Exact byte duplicate of the canonical target; this source path is retained as provenance and no second canonical copy is created. Kind is a navigation label based on file type, path, and title; it does not upgrade evidence.
destination:research/strict/campaigns/105/105-R38-factor-allocation-derivation.md	research/a1/moving-profile/records/factor-allocation-derivation.md	dongxuelian2/strict-layer-proof-research	canonical	exact-duplicate	Exact byte duplicate of the canonical target; this source path is retained as provenance and no second canonical copy is created. Kind is a navigation label based on file type, path, and title; it does not upgrade evidence.
destination:research/strict/campaigns/105/105-R38-stage-archive.md	research/a1/moving-profile/records/selector-consistent-root.md	dongxuelian2/strict-layer-proof-research	canonical	exact-duplicate	Exact byte duplicate of the canonical target; this source path is retained as provenance and no second canonical copy is created. Kind is a navigation label based on file type, path, and title; it does not upgrade evidence.
destination:research/strict/campaigns/105/105-R39-FIRST-EXPONENT-SYNCHRONIZED-ROOT.md	research/a1/moving-profile/records/first-exponent-synchronized-root.md	dongxuelian2/strict-layer-proof-research	canonical	exact-duplicate	Exact byte duplicate of the canonical target; this source path is retained as provenance and no second canonical copy is created. Kind is a navigation label based on file type, path, and title; it does not upgrade evidence.
destination:research/strict/campaigns/105/105-R39-SOURCE-EXPONENT-IMAGE-SATURATION-CERTIFICATE.md	research/a1/moving-profile/records/source-exponent-image-saturation-certificate.md	dongxuelian2/strict-layer-proof-research	canonical	exact-duplicate	Exact byte duplicate of the canonical target; this source path is retained as provenance and no second canonical copy is created. Kind is a navigation label based on file type, path, and title; it does not upgrade evidence.
destination:research/strict/campaigns/105/105-R39-exponent-synchronization-derivation.md	research/a1/moving-profile/records/exponent-synchronization-derivation.md	dongxuelian2/strict-layer-proof-research	canonical	exact-duplicate	Exact byte duplicate of the canonical target; this source path is retained as provenance and no second canonical copy is created. Kind is a navigation label based on file type, path, and title; it does not upgrade evidence.
destination:research/strict/campaigns/105/105-R39-production-native-root-system.md	research/a1/moving-profile/records/production-native-root-system.md	dongxuelian2/strict-layer-proof-research	canonical	exact-duplicate	Exact byte duplicate of the canonical target; this source path is retained as provenance and no second canonical copy is created. Kind is a navigation label based on file type, path, and title; it does not upgrade evidence.
destination:research/strict/campaigns/105/105-R39-stage-archive.md	research/a1/moving-profile/records/source-exponent-root-reconstruction.md	dongxuelian2/strict-layer-proof-research	canonical	exact-duplicate	Exact byte duplicate of the canonical target; this source path is retained as provenance and no second canonical copy is created. Kind is a navigation label based on file type, path, and title; it does not upgrade evidence.
destination:research/strict/campaigns/105/105-R40-FINAL-FAILURE-REPORT.md	research/a1/moving-profile/records/failure.md	dongxuelian2/strict-layer-proof-research	canonical	exact-duplicate	Exact byte duplicate of the canonical target; this source path is retained as provenance and no second canonical copy is created. Kind is a navigation label based on file type, path, and title; it does not upgrade evidence.
destination:research/strict/campaigns/105/105_R10_DES_Endpoint_Coset_Lift_Index.md	research/a1/moving-profile/records/des-endpoint-coset-lift-index.md	dongxuelian2/strict-layer-proof-research	canonical	exact-duplicate	Exact byte duplicate of the canonical target; this source path is retained as provenance and no second canonical copy is created. Kind is a navigation label based on file type, path, and title; it does not upgrade evidence.
destination:research/strict/campaigns/105/105_R11_Exact_DES_Quotient_Threshold_Membership.md	research/a1/moving-profile/records/exact-des-quotient-threshold-membership.md	dongxuelian2/strict-layer-proof-research	canonical	exact-duplicate	Exact byte duplicate of the canonical target; this source path is retained as provenance and no second canonical copy is created. Kind is a navigation label based on file type, path, and title; it does not upgrade evidence.
destination:research/strict/campaigns/105/105_R12_Normalized_Local_DES_Numerator_Residue.md	research/a1/moving-profile/records/normalized-local-des-numerator-residue.md	dongxuelian2/strict-layer-proof-research	canonical	exact-duplicate	Exact byte duplicate of the canonical target; this source path is retained as provenance and no second canonical copy is created. Kind is a navigation label based on file type, path, and title; it does not upgrade evidence.
destination:research/strict/campaigns/105/105_R13_Post_PSDG_Source_Carrier_Image.md	research/a1/moving-profile/records/post-psdg-source-carrier-image.md	dongxuelian2/strict-layer-proof-research	canonical	exact-duplicate	Exact byte duplicate of the canonical target; this source path is retained as provenance and no second canonical copy is created. Kind is a navigation label based on file type, path, and title; it does not upgrade evidence.
destination:research/strict/campaigns/105/105_R14_Positive_Radial_Core_Lift_Fibre.md	research/a1/moving-profile/records/positive-radial-core-lift-fibre.md	dongxuelian2/strict-layer-proof-research	canonical	exact-duplicate	Exact byte duplicate of the canonical target; this source path is retained as provenance and no second canonical copy is created. Kind is a navigation label based on file type, path, and title; it does not upgrade evidence.
destination:research/strict/campaigns/105/105_R15_Master_G1_Z_Shell_Phase_Offensive.md	research/a1/moving-profile/records/master-g1-z-shell-offensive.md	dongxuelian2/strict-layer-proof-research	canonical	exact-duplicate	Exact byte duplicate of the canonical target; this source path is retained as provenance and no second canonical copy is created. Kind is a navigation label based on file type, path, and title; it does not upgrade evidence.
destination:research/strict/campaigns/105/105_R16_Master_Complement_Divisor_Omega_Corridor.md	research/a1/moving-profile/records/master-complement-divisor-omega-corridor.md	dongxuelian2/strict-layer-proof-research	canonical	exact-duplicate	Exact byte duplicate of the canonical target; this source path is retained as provenance and no second canonical copy is created. Kind is a navigation label based on file type, path, and title; it does not upgrade evidence.
destination:research/strict/campaigns/105/105_R17_Post_D_Source_Excess.md	research/a1/moving-profile/records/post-d-source-excess.md	dongxuelian2/strict-layer-proof-research	canonical	exact-duplicate	Exact byte duplicate of the canonical target; this source path is retained as provenance and no second canonical copy is created. Kind is a navigation label based on file type, path, and title; it does not upgrade evidence.
destination:research/strict/campaigns/105/105_R18_Post_Corridor_Z_Shell_Compatibility.md	research/a1/moving-profile/records/post-corridor-z-shell-compatibility.md	dongxuelian2/strict-layer-proof-research	canonical	exact-duplicate	Exact byte duplicate of the canonical target; this source path is retained as provenance and no second canonical copy is created. Kind is a navigation label based on file type, path, and title; it does not upgrade evidence.
destination:research/strict/campaigns/105/105_R19_Absorbed_Content_Smith_Saturation.md	research/a1/moving-profile/records/absorbed-content-smith-saturation.md	dongxuelian2/strict-layer-proof-research	canonical	exact-duplicate	Exact byte duplicate of the canonical target; this source path is retained as provenance and no second canonical copy is created. Kind is a navigation label based on file type, path, and title; it does not upgrade evidence.
destination:research/strict/campaigns/105/105_R1_Common_Obstruction_Reconstruction.md	research/a1/moving-profile/records/common-obstruction-reconstruction.md	dongxuelian2/strict-layer-proof-research	canonical	exact-duplicate	Exact byte duplicate of the canonical target; this source path is retained as provenance and no second canonical copy is created. Kind is a navigation label based on file type, path, and title; it does not upgrade evidence.
destination:research/strict/campaigns/105/105_R20_Face2_Decimal_Primary_Absorption_Budget.md	research/a1/moving-profile/records/face2-decimal-primary-absorption-budget.md	dongxuelian2/strict-layer-proof-research	canonical	exact-duplicate	Exact byte duplicate of the canonical target; this source path is retained as provenance and no second canonical copy is created. Kind is a navigation label based on file type, path, and title; it does not upgrade evidence.
destination:research/strict/campaigns/105/105_R21_Normalized_Denominator_Ratio_Corridor.md	research/a1/moving-profile/records/normalized-denominator-ratio-corridor.md	dongxuelian2/strict-layer-proof-research	canonical	exact-duplicate	Exact byte duplicate of the canonical target; this source path is retained as provenance and no second canonical copy is created. Kind is a navigation label based on file type, path, and title; it does not upgrade evidence.
destination:research/strict/campaigns/105/105_R22_Master_Angular_Elimination.md	research/a1/moving-profile/records/master-angular-elimination.md	dongxuelian2/strict-layer-proof-research	canonical	exact-duplicate	Exact byte duplicate of the canonical target; this source path is retained as provenance and no second canonical copy is created. Kind is a navigation label based on file type, path, and title; it does not upgrade evidence.
destination:research/strict/campaigns/105/105_R23_Completed_Positive_Angular_Load_Corridor.md	research/a1/moving-profile/records/completed-positive-angular-load-corridor.md	dongxuelian2/strict-layer-proof-research	canonical	exact-duplicate	Exact byte duplicate of the canonical target; this source path is retained as provenance and no second canonical copy is created. Kind is a navigation label based on file type, path, and title; it does not upgrade evidence.
destination:research/strict/campaigns/105/105_R24_Post_Support_Source_Carrier_Image.md	research/a1/moving-profile/records/post-support-source-carrier-image.md	dongxuelian2/strict-layer-proof-research	canonical	exact-duplicate	Exact byte duplicate of the canonical target; this source path is retained as provenance and no second canonical copy is created. Kind is a navigation label based on file type, path, and title; it does not upgrade evidence.
destination:research/strict/campaigns/105/105_R25_Positive_Carrier_Excess_Divisor.md	research/a1/moving-profile/records/positive-carrier-excess-divisor.md	dongxuelian2/strict-layer-proof-research	canonical	exact-duplicate	Exact byte duplicate of the canonical target; this source path is retained as provenance and no second canonical copy is created. Kind is a navigation label based on file type, path, and title; it does not upgrade evidence.
destination:research/strict/campaigns/105/105_R2_Source_Section_Internalization.md	research/a1/moving-profile/records/source-section-internalization.md	dongxuelian2/strict-layer-proof-research	canonical	exact-duplicate	Exact byte duplicate of the canonical target; this source path is retained as provenance and no second canonical copy is created. Kind is a navigation label based on file type, path, and title; it does not upgrade evidence.
destination:research/strict/campaigns/105/105_R3_Source_Completed_Valuation_Atlas.md	research/a1/moving-profile/records/source-completed-valuation-atlas.md	dongxuelian2/strict-layer-proof-research	canonical	exact-duplicate	Exact byte duplicate of the canonical target; this source path is retained as provenance and no second canonical copy is created. Kind is a navigation label based on file type, path, and title; it does not upgrade evidence.
destination:research/strict/campaigns/105/105_R4_Source_Completed_Fixed_Incidence_Extraction.md	research/a1/moving-profile/records/source-completed-fixed-incidence-extraction.md	dongxuelian2/strict-layer-proof-research	canonical	exact-duplicate	Exact byte duplicate of the canonical target; this source path is retained as provenance and no second canonical copy is created. Kind is a navigation label based on file type, path, and title; it does not upgrade evidence.
destination:research/strict/campaigns/105/105_R5C_Moving_Base_Full_Source_Decision.md	research/a1/moving-profile/records/moving-base-full-source-decision.md	dongxuelian2/strict-layer-proof-research	canonical	exact-duplicate	Exact byte duplicate of the canonical target; this source path is retained as provenance and no second canonical copy is created. Kind is a navigation label based on file type, path, and title; it does not upgrade evidence.
destination:research/strict/campaigns/105/105_R5_Outer_Depth_Source_Selector_Fixedness.md	research/a1/moving-profile/records/outer-depth-source-selector-fixedness.md	dongxuelian2/strict-layer-proof-research	canonical	exact-duplicate	Exact byte duplicate of the canonical target; this source path is retained as provenance and no second canonical copy is created. Kind is a navigation label based on file type, path, and title; it does not upgrade evidence.
destination:research/strict/campaigns/105/105_R6_General_Moving_Profile_Sphere_Master_Lift.md	research/a1/moving-profile/records/general-moving-profile-sphere-master-lift.md	dongxuelian2/strict-layer-proof-research	canonical	exact-duplicate	Exact byte duplicate of the canonical target; this source path is retained as provenance and no second canonical copy is created. Kind is a navigation label based on file type, path, and title; it does not upgrade evidence.
destination:research/strict/campaigns/105/105_R7B_Oriented_Root_Divisibility.md	research/a1/moving-profile/records/oriented-root-divisibility.md	dongxuelian2/strict-layer-proof-research	canonical	exact-duplicate	Exact byte duplicate of the canonical target; this source path is retained as provenance and no second canonical copy is created. Kind is a navigation label based on file type, path, and title; it does not upgrade evidence.
destination:research/strict/campaigns/105/105_R7C_Prescribed_Source_Divisor_Gate.md	research/a1/moving-profile/records/prescribed-source-divisor-gate.md	dongxuelian2/strict-layer-proof-research	canonical	exact-duplicate	Exact byte duplicate of the canonical target; this source path is retained as provenance and no second canonical copy is created. Kind is a navigation label based on file type, path, and title; it does not upgrade evidence.
destination:research/strict/campaigns/105/105_R7D_Determinant_Packet_Source_GCD_Firewall.md	research/a1/moving-profile/records/determinant-packet-source-gcd-firewall.md	dongxuelian2/strict-layer-proof-research	canonical	exact-duplicate	Exact byte duplicate of the canonical target; this source path is retained as provenance and no second canonical copy is created. Kind is a navigation label based on file type, path, and title; it does not upgrade evidence.
destination:research/strict/campaigns/105/105_R7_Exceptional_Square_Locus_Source_Intersection.md	research/a1/moving-profile/records/exceptional-square-locus-source-intersection.md	dongxuelian2/strict-layer-proof-research	canonical	exact-duplicate	Exact byte duplicate of the canonical target; this source path is retained as provenance and no second canonical copy is created. Kind is a navigation label based on file type, path, and title; it does not upgrade evidence.
destination:research/strict/campaigns/105/105_R8_Common_U_Integer_Source_Fibre.md	research/a1/moving-profile/records/common-u-integer-source-fibre.md	dongxuelian2/strict-layer-proof-research	canonical	exact-duplicate	Exact byte duplicate of the canonical target; this source path is retained as provenance and no second canonical copy is created. Kind is a navigation label based on file type, path, and title; it does not upgrade evidence.
destination:research/strict/campaigns/105/105_R9_Endpoint_Quotient_Source_Successor.md	research/a1/moving-profile/records/endpoint-quotient-source-successor.md	dongxuelian2/strict-layer-proof-research	canonical	exact-duplicate	Exact byte duplicate of the canonical target; this source path is retained as provenance and no second canonical copy is created. Kind is a navigation label based on file type, path, and title; it does not upgrade evidence.
destination:research/strict/campaigns/75/00_65_terminal_recompression.md	research/a1/records/65-terminal-recompression.md	dongxuelian2/strict-layer-proof-research	canonical	exact-duplicate	Exact byte duplicate of the canonical target; this source path is retained as provenance and no second canonical copy is created. Kind is a navigation label based on file type, path, and title; it does not upgrade evidence.
destination:research/strict/campaigns/75/01_standard_language_dictionary.md	research/a1/records/standard-language-dictionary.md	dongxuelian2/strict-layer-proof-research	canonical	exact-duplicate	Exact byte duplicate of the canonical target; this source path is retained as provenance and no second canonical copy is created. Kind is a navigation label based on file type, path, and title; it does not upgrade evidence.
destination:research/strict/campaigns/75/03_USSPAL_intrinsic_lower_barrier.md	research/a1/records/usspal-intrinsic-lower-barrier.md	dongxuelian2/strict-layer-proof-research	canonical	exact-duplicate	Exact byte duplicate of the canonical target; this source path is retained as provenance and no second canonical copy is created. Kind is a navigation label based on file type, path, and title; it does not upgrade evidence.
destination:research/strict/campaigns/75/06_power_ten_rearchitecture_audit.md	research/a1/records/power-ten-rearchitecture-audit.md	dongxuelian2/strict-layer-proof-research	canonical	exact-duplicate	Exact byte duplicate of the canonical target; this source path is retained as provenance and no second canonical copy is created. Kind is a navigation label based on file type, path, and title; it does not upgrade evidence.
destination:research/strict/campaigns/75/06_primitive_sector_congruence.md	research/a1/records/primitive-sector-congruence.md	dongxuelian2/strict-layer-proof-research	canonical	exact-duplicate	Exact byte duplicate of the canonical target; this source path is retained as provenance and no second canonical copy is created. Kind is a navigation label based on file type, path, and title; it does not upgrade evidence.
destination:research/strict/campaigns/75/07_archimedean_digit_region.md	research/a1/records/archimedean-digit-region.md	dongxuelian2/strict-layer-proof-research	canonical	exact-duplicate	Exact byte duplicate of the canonical target; this source path is retained as provenance and no second canonical copy is created. Kind is a navigation label based on file type, path, and title; it does not upgrade evidence.
destination:research/strict/campaigns/75/07_reverse_semantics_audit.md	research/a1/records/reverse-semantics-audit.md	dongxuelian2/strict-layer-proof-research	canonical	exact-duplicate	Exact byte duplicate of the canonical target; this source path is retained as provenance and no second canonical copy is created. Kind is a navigation label based on file type, path, and title; it does not upgrade evidence.
destination:research/strict/campaigns/75/08_quantitative_theorem_registry.md	research/a1/records/quantitative-theorem-registry.md	dongxuelian2/strict-layer-proof-research	canonical	exact-duplicate	Exact byte duplicate of the canonical target; this source path is retained as provenance and no second canonical copy is created. Kind is a navigation label based on file type, path, and title; it does not upgrade evidence.
destination:research/strict/campaigns/75/08_weapon_ranking.md	research/a1/records/weapon-ranking.md	dongxuelian2/strict-layer-proof-research	canonical	exact-duplicate	Exact byte duplicate of the canonical target; this source path is retained as provenance and no second canonical copy is created. Kind is a navigation label based on file type, path, and title; it does not upgrade evidence.
destination:research/strict/campaigns/75/09_height_bridge_analysis.md	research/a1/records/height-bridge-analysis.md	dongxuelian2/strict-layer-proof-research	canonical	exact-duplicate	Exact byte duplicate of the canonical target; this source path is retained as provenance and no second canonical copy is created. Kind is a navigation label based on file type, path, and title; it does not upgrade evidence.
destination:research/strict/campaigns/75/10_external_arsenal_map.md	research/a1/records/external-arsenal-map.md	dongxuelian2/strict-layer-proof-research	canonical	exact-duplicate	Exact byte duplicate of the canonical target; this source path is retained as provenance and no second canonical copy is created. Kind is a navigation label based on file type, path, and title; it does not upgrade evidence.
destination:research/strict/campaigns/75/11_main_proof_interface_decision.md	research/a1/records/main-proof-interface-decision.md	dongxuelian2/strict-layer-proof-research	canonical	exact-duplicate	Exact byte duplicate of the canonical target; this source path is retained as provenance and no second canonical copy is created. Kind is a navigation label based on file type, path, and title; it does not upgrade evidence.
destination:research/strict/campaigns/75/11_remaining_internal_mathematics.md	research/a1/records/interface-selection.md	dongxuelian2/strict-layer-proof-research	canonical	exact-duplicate	Exact byte duplicate of the canonical target; this source path is retained as provenance and no second canonical copy is created. Kind is a navigation label based on file type, path, and title; it does not upgrade evidence.
destination:research/strict/campaigns/75/12_R1_terminal_verdict.md	research/a1/records/r1-terminal-verdict.md	dongxuelian2/strict-layer-proof-research	canonical	exact-duplicate	Exact byte duplicate of the canonical target; this source path is retained as provenance and no second canonical copy is created. Kind is a navigation label based on file type, path, and title; it does not upgrade evidence.
destination:research/strict/campaigns/75/12_R2_terminal_verdict.md	research/a1/records/r2-terminal-verdict.md	dongxuelian2/strict-layer-proof-research	canonical	exact-duplicate	Exact byte duplicate of the canonical target; this source path is retained as provenance and no second canonical copy is created. Kind is a navigation label based on file type, path, and title; it does not upgrade evidence.
destination:research/strict/campaigns/75/12_R6_terminal_verdict.md	research/a1/records/r6-terminal-verdict.md	dongxuelian2/strict-layer-proof-research	canonical	exact-duplicate	Exact byte duplicate of the canonical target; this source path is retained as provenance and no second canonical copy is created. Kind is a navigation label based on file type, path, and title; it does not upgrade evidence.
destination:research/strict/campaigns/75/12_remaining_internal_mathematics.md	research/a1/records/external-search-saturation.md	dongxuelian2/strict-layer-proof-research	canonical	exact-duplicate	Exact byte duplicate of the canonical target; this source path is retained as provenance and no second canonical copy is created. Kind is a navigation label based on file type, path, and title; it does not upgrade evidence.
destination:research/strict/campaigns/75/12_remaining_new_mathematics.md	research/a1/records/unresolved-after-interface-selection.md	dongxuelian2/strict-layer-proof-research	canonical	exact-duplicate	Exact byte duplicate of the canonical target; this source path is retained as provenance and no second canonical copy is created. Kind is a navigation label based on file type, path, and title; it does not upgrade evidence.
destination:research/strict/campaigns/75/13_R7_terminal_verdict.md	research/a1/records/r7-terminal-verdict.md	dongxuelian2/strict-layer-proof-research	canonical	exact-duplicate	Exact byte duplicate of the canonical target; this source path is retained as provenance and no second canonical copy is created. Kind is a navigation label based on file type, path, and title; it does not upgrade evidence.
destination:research/strict/campaigns/75/13_R8_terminal_verdict.md	research/a1/records/r8-terminal-verdict.md	dongxuelian2/strict-layer-proof-research	canonical	exact-duplicate	Exact byte duplicate of the canonical target; this source path is retained as provenance and no second canonical copy is created. Kind is a navigation label based on file type, path, and title; it does not upgrade evidence.
destination:research/strict/campaigns/75/14_R3_terminal_verdict.md	research/a1/records/r3-terminal-verdict.md	dongxuelian2/strict-layer-proof-research	canonical	exact-duplicate	Exact byte duplicate of the canonical target; this source path is retained as provenance and no second canonical copy is created. Kind is a navigation label based on file type, path, and title; it does not upgrade evidence.
destination:research/strict/campaigns/75/14_USSPAL_route_viability.md	research/a1/records/usspal-route-viability.md	dongxuelian2/strict-layer-proof-research	canonical	exact-duplicate	Exact byte duplicate of the canonical target; this source path is retained as provenance and no second canonical copy is created. Kind is a navigation label based on file type, path, and title; it does not upgrade evidence.
destination:research/strict/campaigns/75/15_R4_terminal_verdict.md	research/a1/records/r4-terminal-verdict.md	dongxuelian2/strict-layer-proof-research	canonical	exact-duplicate	Exact byte duplicate of the canonical target; this source path is retained as provenance and no second canonical copy is created. Kind is a navigation label based on file type, path, and title; it does not upgrade evidence.
destination:research/strict/campaigns/75/15_remaining_new_mathematics.md	research/a1/records/unresolved-mathematics.md	dongxuelian2/strict-layer-proof-research	canonical	exact-duplicate	Exact byte duplicate of the canonical target; this source path is retained as provenance and no second canonical copy is created. Kind is a navigation label based on file type, path, and title; it does not upgrade evidence.
destination:research/strict/campaigns/75/16_R5_terminal_verdict.md	research/a1/records/r5-terminal-verdict.md	dongxuelian2/strict-layer-proof-research	canonical	exact-duplicate	Exact byte duplicate of the canonical target; this source path is retained as provenance and no second canonical copy is created. Kind is a navigation label based on file type, path, and title; it does not upgrade evidence.
destination:research/strict/campaigns/75/7_15_Audit_Report.md	research/a1/records/15-audit.md	dongxuelian2/strict-layer-proof-research	canonical	exact-duplicate	Exact byte duplicate of the canonical target; this source path is retained as provenance and no second canonical copy is created. Kind is a navigation label based on file type, path, and title; it does not upgrade evidence.
destination:research/strict/campaigns/75/MC-001_Huang_Ternary_Cone_Primitive_Local_Counting(1).md	research/a1/records/huang-ternary-cone-primitive-local-counting-variant.md	dongxuelian2/strict-layer-proof-research	canonical	exact-duplicate	Exact byte duplicate of the canonical target; this source path is retained as provenance and no second canonical copy is created. Kind is a navigation label based on file type, path, and title; it does not upgrade evidence.
destination:research/strict/campaigns/75/MC-001_Huang_Ternary_Cone_Primitive_Local_Counting.md	research/a1/records/huang-ternary-cone-primitive-local-counting.md	dongxuelian2/strict-layer-proof-research	canonical	exact-duplicate	Exact byte duplicate of the canonical target; this source path is retained as provenance and no second canonical copy is created. Kind is a navigation label based on file type, path, and title; it does not upgrade evidence.
destination:research/strict/campaigns/75/MC-002_Cassels_Small_Zero.md	research/a1/records/cassels-small-zero.md	dongxuelian2/strict-layer-proof-research	canonical	exact-duplicate	Exact byte duplicate of the canonical target; this source path is retained as provenance and no second canonical copy is created. Kind is a navigation label based on file type, path, and title; it does not upgrade evidence.
destination:research/strict/campaigns/85/85_R10_MovingBase_Globalization_and_Gamma10_Activation_Audit.md	research/a1/records/movingbase-globalization-gamma10-activation-audit.md	dongxuelian2/strict-layer-proof-research	canonical	exact-duplicate	Exact byte duplicate of the canonical target; this source path is retained as provenance and no second canonical copy is created. Kind is a navigation label based on file type, path, and title; it does not upgrade evidence.
destination:research/strict/campaigns/85/85_R11_PhaseII_Moving_Square_Theorem_and_Launch_Plan.md	research/a1/records/phaseii-moving-square-theorem-launch.md	dongxuelian2/strict-layer-proof-research	canonical	exact-duplicate	Exact byte duplicate of the canonical target; this source path is retained as provenance and no second canonical copy is created. Kind is a navigation label based on file type, path, and title; it does not upgrade evidence.
destination:research/strict/campaigns/85/85_R11_R1_R10_Full_Architecture_Autopsy_and_PhaseI_Freeze.md	research/a1/records/r1-r10-full-architecture-autopsy-phasei-freeze.md	dongxuelian2/strict-layer-proof-research	canonical	exact-duplicate	Exact byte duplicate of the canonical target; this source path is retained as provenance and no second canonical copy is created. Kind is a navigation label based on file type, path, and title; it does not upgrade evidence.
destination:research/strict/campaigns/85/85_R1_J2_Terminal_Recompression_and_Minimal_Survivor.md	research/a1/records/j2-terminal-recompression-minimal-survivor.md	dongxuelian2/strict-layer-proof-research	canonical	exact-duplicate	Exact byte duplicate of the canonical target; this source path is retained as provenance and no second canonical copy is created. Kind is a navigation label based on file type, path, and title; it does not upgrade evidence.
destination:research/strict/campaigns/85/85_R1_R5_First_Five_Round_Closure_Checkpoint.md	research/a1/records/r5-first-five-closure.md	dongxuelian2/strict-layer-proof-research	canonical	exact-duplicate	Exact byte duplicate of the canonical target; this source path is retained as provenance and no second canonical copy is created. Kind is a navigation label based on file type, path, and title; it does not upgrade evidence.
destination:research/strict/campaigns/85/85_R2_Euclidean_Quotient_and_Floor_Carry_Explicitization.md	research/a1/records/euclidean-quotient-floor-carry-explicitization.md	dongxuelian2/strict-layer-proof-research	canonical	exact-duplicate	Exact byte duplicate of the canonical target; this source path is retained as provenance and no second canonical copy is created. Kind is a navigation label based on file type, path, and title; it does not upgrade evidence.
destination:research/strict/campaigns/85/85_R3_Source_Cut_Residual_Exclusion_and_Regular_J2_Closure.md	research/a1/records/source-cut-residual-exclusion-regular-j2-closure.md	dongxuelian2/strict-layer-proof-research	canonical	exact-duplicate	Exact byte duplicate of the canonical target; this source path is retained as provenance and no second canonical copy is created. Kind is a navigation label based on file type, path, and title; it does not upgrade evidence.
destination:research/strict/campaigns/85/85_R4_Primitive_Odd_Prime_Allocation_and_Source_Divisor_Image.md	research/a1/records/primitive-odd-prime-allocation-source-divisor-image.md	dongxuelian2/strict-layer-proof-research	canonical	exact-duplicate	Exact byte duplicate of the canonical target; this source path is retained as provenance and no second canonical copy is created. Kind is a navigation label based on file type, path, and title; it does not upgrade evidence.
destination:research/strict/campaigns/85/85_R5_PreRoot_Order_Collision_and_Digit_Window.md	research/a1/records/preroot-order-collision-digit-window.md	dongxuelian2/strict-layer-proof-research	canonical	exact-duplicate	Exact byte duplicate of the canonical target; this source path is retained as provenance and no second canonical copy is created. Kind is a navigation label based on file type, path, and title; it does not upgrade evidence.
destination:research/strict/campaigns/85/85_R6_N0_Split_Family_x_FullWord_Source_Projection_Rearchitecture.md	research/a1/records/n0-split-family-x-fullword-source-projection-rearchitecture.md	dongxuelian2/strict-layer-proof-research	canonical	exact-duplicate	Exact byte duplicate of the canonical target; this source path is retained as provenance and no second canonical copy is created. Kind is a navigation label based on file type, path, and title; it does not upgrade evidence.
destination:research/strict/campaigns/85/85_R6_R10_Second_Five_Round_Architecture_Shock_Checkpoint.md	research/a1/records/r10-second-five-architecture-shock.md	dongxuelian2/strict-layer-proof-research	canonical	exact-duplicate	Exact byte duplicate of the canonical target; this source path is retained as provenance and no second canonical copy is created. Kind is a navigation label based on file type, path, and title; it does not upgrade evidence.
destination:research/strict/campaigns/85/85_R7_J2_Endpoint_Modular_Jump_and_CommonScale_Integer_Extinction.md	research/a1/records/j2-endpoint-modular-jump-commonscale-integer-extinction.md	dongxuelian2/strict-layer-proof-research	canonical	exact-duplicate	Exact byte duplicate of the canonical target; this source path is retained as provenance and no second canonical copy is created. Kind is a navigation label based on file type, path, and title; it does not upgrade evidence.
destination:research/strict/campaigns/85/85_R8_PLCF_Countermodel_Differential_and_SourceProjection_Termination.md	research/a1/records/plcf-countermodel-differential-sourceprojection-termination.md	dongxuelian2/strict-layer-proof-research	canonical	exact-duplicate	Exact byte duplicate of the canonical target; this source path is retained as provenance and no second canonical copy is created. Kind is a navigation label based on file type, path, and title; it does not upgrade evidence.
destination:research/strict/campaigns/85/85_R9_Joint_FullRoot_x_ExactSource_Incidence_Central_Assault.md	research/a1/records/joint-fullroot-x-exactsource-incidence-central-assault.md	dongxuelian2/strict-layer-proof-research	canonical	exact-duplicate	Exact byte duplicate of the canonical target; this source path is retained as provenance and no second canonical copy is created. Kind is a navigation label based on file type, path, and title; it does not upgrade evidence.
destination:research/strict/campaigns/85/85_phaseII_R10_root_lattice_interlacing_checkpoint.md	research/a1/records/root-lattice-interlacing.md	dongxuelian2/strict-layer-proof-research	canonical	exact-duplicate	Exact byte duplicate of the canonical target; this source path is retained as provenance and no second canonical copy is created. Kind is a navigation label based on file type, path, and title; it does not upgrade evidence.
destination:research/strict/campaigns/85/85_phaseII_R1_R10_final_architecture_autopsy.md	research/a1/records/r10-architecture-autopsy.md	dongxuelian2/strict-layer-proof-research	canonical	exact-duplicate	Exact byte duplicate of the canonical target; this source path is retained as provenance and no second canonical copy is created. Kind is a navigation label based on file type, path, and title; it does not upgrade evidence.
destination:research/strict/campaigns/85/85_phaseII_R1_moving_square_exactization.md	research/a1/records/moving-square-exactization-variant-a.md	dongxuelian2/strict-layer-proof-research	canonical	exact-duplicate	Exact byte duplicate of the canonical target; this source path is retained as provenance and no second canonical copy is created. Kind is a navigation label based on file type, path, and title; it does not upgrade evidence.
destination:research/strict/campaigns/85/85_phaseII_R2_moving_square_exactization.md	research/a1/records/moving-square-exactization-variant-b.md	dongxuelian2/strict-layer-proof-research	canonical	exact-duplicate	Exact byte duplicate of the canonical target; this source path is retained as provenance and no second canonical copy is created. Kind is a navigation label based on file type, path, and title; it does not upgrade evidence.
destination:research/strict/campaigns/85/85_phaseII_R2_radial_extinction.md	research/a1/records/radial-extinction.md	dongxuelian2/strict-layer-proof-research	canonical	exact-duplicate	Exact byte duplicate of the canonical target; this source path is retained as provenance and no second canonical copy is created. Kind is a navigation label based on file type, path, and title; it does not upgrade evidence.
destination:research/strict/campaigns/85/85_phaseII_R3_primitive_height.md	research/a1/records/primitive-height.md	dongxuelian2/strict-layer-proof-research	canonical	exact-duplicate	Exact byte duplicate of the canonical target; this source path is retained as provenance and no second canonical copy is created. Kind is a navigation label based on file type, path, and title; it does not upgrade evidence.
destination:research/strict/campaigns/85/85_phaseII_R4_two_prime_height_transfer.md	research/a1/records/two-prime-height-transfer.md	dongxuelian2/strict-layer-proof-research	canonical	exact-duplicate	Exact byte duplicate of the canonical target; this source path is retained as provenance and no second canonical copy is created. Kind is a navigation label based on file type, path, and title; it does not upgrade evidence.
destination:research/strict/campaigns/85/85_phaseII_R5_content_capacity_checkpoint.md	research/a1/records/content-capacity.md	dongxuelian2/strict-layer-proof-research	canonical	exact-duplicate	Exact byte duplicate of the canonical target; this source path is retained as provenance and no second canonical copy is created. Kind is a navigation label based on file type, path, and title; it does not upgrade evidence.
destination:research/strict/campaigns/85/85_phaseII_R6_canonical_height_repair_or_kill.md	research/a1/records/canonical-height-repair-or-kill.md	dongxuelian2/strict-layer-proof-research	canonical	exact-duplicate	Exact byte duplicate of the canonical target; this source path is retained as provenance and no second canonical copy is created. Kind is a navigation label based on file type, path, and title; it does not upgrade evidence.
destination:research/strict/campaigns/85/85_phaseII_R7_source_incidence_reset.md	research/a1/records/source-incidence-reset.md	dongxuelian2/strict-layer-proof-research	canonical	exact-duplicate	Exact byte duplicate of the canonical target; this source path is retained as provenance and no second canonical copy is created. Kind is a navigation label based on file type, path, and title; it does not upgrade evidence.
destination:research/strict/campaigns/85/85_phaseII_R8_scaled_common_u_extinction.md	research/a1/records/scaled-common-u-extinction.md	dongxuelian2/strict-layer-proof-research	canonical	exact-duplicate	Exact byte duplicate of the canonical target; this source path is retained as provenance and no second canonical copy is created. Kind is a navigation label based on file type, path, and title; it does not upgrade evidence.
destination:research/strict/campaigns/85/85_phaseII_R9_absolute_box_root_incidence.md	research/a1/records/absolute-box-root-incidence.md	dongxuelian2/strict-layer-proof-research	canonical	exact-duplicate	Exact byte duplicate of the canonical target; this source path is retained as provenance and no second canonical copy is created. Kind is a navigation label based on file type, path, and title; it does not upgrade evidence.
destination:research/strict/campaigns/85/第三个八五计划_R1_归档.md	research/a1/records/cross-fibre-entry.md	dongxuelian2/strict-layer-proof-research	canonical	exact-duplicate	Exact byte duplicate of the canonical target; this source path is retained as provenance and no second canonical copy is created. Kind is a navigation label based on file type, path, and title; it does not upgrade evidence.
destination:research/strict/campaigns/95/95_R10_Second_Architecture_Shock_Checkpoint_and_New_Invariant_Audit.md	research/a1/records/second-architecture-shock-new-invariant-audit.md	dongxuelian2/strict-layer-proof-research	canonical	exact-duplicate	Exact byte duplicate of the canonical target; this source path is retained as provenance and no second canonical copy is created. Kind is a navigation label based on file type, path, and title; it does not upgrade evidence.
destination:research/strict/campaigns/95/95_R1_Full_A1_Historical_Recovery_and_NonJ2_Canonical_Frontier.md	research/a1/records/full-a1-historical-recovery-nonj2-canonical-frontier.md	dongxuelian2/strict-layer-proof-research	canonical	exact-duplicate	Exact byte duplicate of the canonical target; this source path is retained as provenance and no second canonical copy is created. Kind is a navigation label based on file type, path, and title; it does not upgrade evidence.
destination:research/strict/campaigns/95/95_R2_NonJ2_Resonant_Cyclotomic_Endpoint_Collision.md	research/a1/records/nonj2-resonant-cyclotomic-endpoint-collision.md	dongxuelian2/strict-layer-proof-research	canonical	exact-duplicate	Exact byte duplicate of the canonical target; this source path is retained as provenance and no second canonical copy is created. Kind is a navigation label based on file type, path, and title; it does not upgrade evidence.
destination:research/strict/campaigns/95/95_R3_Finite_Successor_Endpoint_Incidence_and_Signed_RRGS_Test.md	research/a1/records/finite-successor-endpoint-incidence-signed-rrgs-test.md	dongxuelian2/strict-layer-proof-research	canonical	exact-duplicate	Exact byte duplicate of the canonical target; this source path is retained as provenance and no second canonical copy is created. Kind is a navigation label based on file type, path, and title; it does not upgrade evidence.
destination:research/strict/campaigns/95/95_R4_Successor_Conditioned_Primitive_Root_Gate_and_Negative_Ud2_Capacity.md	research/a1/records/successor-conditioned-primitive-root-gate-negative-ud2-capacity.md	dongxuelian2/strict-layer-proof-research	canonical	exact-duplicate	Exact byte duplicate of the canonical target; this source path is retained as provenance and no second canonical copy is created. Kind is a navigation label based on file type, path, and title; it does not upgrade evidence.
destination:research/strict/campaigns/95/95_R5_First_Architecture_Shock_Checkpoint.md	research/a1/records/first-architecture-shock.md	dongxuelian2/strict-layer-proof-research	canonical	exact-duplicate	Exact byte duplicate of the canonical target; this source path is retained as provenance and no second canonical copy is created. Kind is a navigation label based on file type, path, and title; it does not upgrade evidence.
destination:research/strict/campaigns/95/95_R6_T0_Transition_Finite_Borrow_Affine_Boundary_Margin_Assault.md	research/a1/records/t0-transition-finite-borrow-affine-boundary-margin-assault.md	dongxuelian2/strict-layer-proof-research	canonical	exact-duplicate	Exact byte duplicate of the canonical target; this source path is retained as provenance and no second canonical copy is created. Kind is a navigation label based on file type, path, and title; it does not upgrade evidence.
destination:research/strict/campaigns/95/95_R7_Transition_Source_Boundary_Bridge_Repair_or_Kill.md	research/a1/records/transition-source-boundary-bridge-repair-or-kill.md	dongxuelian2/strict-layer-proof-research	canonical	exact-duplicate	Exact byte duplicate of the canonical target; this source path is retained as provenance and no second canonical copy is created. Kind is a navigation label based on file type, path, and title; it does not upgrade evidence.
destination:research/strict/campaigns/95/95_R8_g0_Smith_Reduced_Common_U_Three_Layer_Assault.md	research/a1/records/g0-smith-reduced-common-u-three-assault.md	dongxuelian2/strict-layer-proof-research	canonical	exact-duplicate	Exact byte duplicate of the canonical target; this source path is retained as provenance and no second canonical copy is created. Kind is a navigation label based on file type, path, and title; it does not upgrade evidence.
destination:research/strict/campaigns/95/95_R9_Outer_Plus_No_Borrow_Projective_Smallness_Assault.md	research/a1/records/outer-plus-no-borrow-projective-smallness-assault.md	dongxuelian2/strict-layer-proof-research	canonical	exact-duplicate	Exact byte duplicate of the canonical target; this source path is retained as provenance and no second canonical copy is created. Kind is a navigation label based on file type, path, and title; it does not upgrade evidence.
destination:research/strict/campaigns/Fourth-85/Fourth_85_R1_Fixed_Object_Extraction.md	research/a1/records/fixed-object-extraction.md	dongxuelian2/strict-layer-proof-research	canonical	exact-duplicate	Exact byte duplicate of the canonical target; this source path is retained as provenance and no second canonical copy is created. Kind is a navigation label based on file type, path, and title; it does not upgrade evidence.
destination:research/strict/campaigns/Fourth-85/Fourth_85_R1_Lemmas.md	research/a1/records/lemmas.md	dongxuelian2/strict-layer-proof-research	canonical	exact-duplicate	Exact byte duplicate of the canonical target; this source path is retained as provenance and no second canonical copy is created. Kind is a navigation label based on file type, path, and title; it does not upgrade evidence.
destination:research/strict/campaigns/Fourth-85/Fourth_85_R1_R5_First_Checkpoint.md	research/a1/records/r5-first.md	dongxuelian2/strict-layer-proof-research	canonical	exact-duplicate	Exact byte duplicate of the canonical target; this source path is retained as provenance and no second canonical copy is created. Kind is a navigation label based on file type, path, and title; it does not upgrade evidence.
destination:research/strict/campaigns/Fourth-85/Fourth_85_R2_Decimal_Core_Factor_Gap.md	research/a1/records/decimal-core-factor-gap.md	dongxuelian2/strict-layer-proof-research	canonical	exact-duplicate	Exact byte duplicate of the canonical target; this source path is retained as provenance and no second canonical copy is created. Kind is a navigation label based on file type, path, and title; it does not upgrade evidence.
destination:research/strict/campaigns/Fourth-85/Fourth_85_R2_Factor_Gap_Lemmas.md	research/a1/records/factor-gap-lemmas.md	dongxuelian2/strict-layer-proof-research	canonical	exact-duplicate	Exact byte duplicate of the canonical target; this source path is retained as provenance and no second canonical copy is created. Kind is a navigation label based on file type, path, and title; it does not upgrade evidence.
destination:research/strict/campaigns/Fourth-85/Fourth_85_R3_Support_Collision_Norm_Orbit.md	research/a1/records/support-collision-norm-orbit.md	dongxuelian2/strict-layer-proof-research	canonical	exact-duplicate	Exact byte duplicate of the canonical target; this source path is retained as provenance and no second canonical copy is created. Kind is a navigation label based on file type, path, and title; it does not upgrade evidence.
destination:research/strict/campaigns/Fourth-85/Fourth_85_R4_Function_Field_Norm_Certificate.md	research/a1/records/function-field-norm-certificate.md	dongxuelian2/strict-layer-proof-research	canonical	exact-duplicate	Exact byte duplicate of the canonical target; this source path is retained as provenance and no second canonical copy is created. Kind is a navigation label based on file type, path, and title; it does not upgrade evidence.
destination:research/strict/campaigns/Fourth-85/Fourth_85_R4_Global_Total_Space.md	research/a1/records/global-total-space.md	dongxuelian2/strict-layer-proof-research	canonical	exact-duplicate	Exact byte duplicate of the canonical target; this source path is retained as provenance and no second canonical copy is created. Kind is a navigation label based on file type, path, and title; it does not upgrade evidence.
destination:research/strict/campaigns/Fourth-85/Fourth_85_R4_K10_q1_Local_Closure_Certificate.md	research/a1/records/k10-q1-local-closure-certificate.md	dongxuelian2/strict-layer-proof-research	canonical	exact-duplicate	Exact byte duplicate of the canonical target; this source path is retained as provenance and no second canonical copy is created. Kind is a navigation label based on file type, path, and title; it does not upgrade evidence.
destination:research/strict/campaigns/Fourth-85/Fourth_85_R5_Brauer_Gaussian_Reduction_Certificate.md	research/a1/records/brauer-gaussian-reduction-certificate.md	dongxuelian2/strict-layer-proof-research	canonical	exact-duplicate	Exact byte duplicate of the canonical target; this source path is retained as provenance and no second canonical copy is created. Kind is a navigation label based on file type, path, and title; it does not upgrade evidence.
destination:research/strict/campaigns/Fourth-85/Fourth_85_R5_Local_Cover_Autopsy.md	research/a1/records/local-cover-autopsy.md	dongxuelian2/strict-layer-proof-research	canonical	exact-duplicate	Exact byte duplicate of the canonical target; this source path is retained as provenance and no second canonical copy is created. Kind is a navigation label based on file type, path, and title; it does not upgrade evidence.
destination:research/strict/campaigns/Fourth-85/Fourth_85_R5_Norm_Brauer_Exponent_Atlas.md	research/a1/records/norm-brauer-exponent-atlas.md	dongxuelian2/strict-layer-proof-research	canonical	exact-duplicate	Exact byte duplicate of the canonical target; this source path is retained as provenance and no second canonical copy is created. Kind is a navigation label based on file type, path, and title; it does not upgrade evidence.
destination:research/strict/campaigns/Fourth-85/Fourth_85_R6_Explicit_Extension_Gaussianization_Certificate.md	research/a1/records/explicit-extension-gaussianization-certificate.md	dongxuelian2/strict-layer-proof-research	canonical	exact-duplicate	Exact byte duplicate of the canonical target; this source path is retained as provenance and no second canonical copy is created. Kind is a navigation label based on file type, path, and title; it does not upgrade evidence.
destination:research/strict/campaigns/Fourth-85/Fourth_85_R6_Gaussian_Architecture_Autopsy.md	research/a1/records/gaussian-architecture-autopsy.md	dongxuelian2/strict-layer-proof-research	canonical	exact-duplicate	Exact byte duplicate of the canonical target; this source path is retained as provenance and no second canonical copy is created. Kind is a navigation label based on file type, path, and title; it does not upgrade evidence.
destination:research/strict/campaigns/Fourth-85/Fourth_85_R6_Gaussian_Source_Embedding.md	research/a1/records/gaussian-source-embedding.md	dongxuelian2/strict-layer-proof-research	canonical	exact-duplicate	Exact byte duplicate of the canonical target; this source path is retained as provenance and no second canonical copy is created. Kind is a navigation label based on file type, path, and title; it does not upgrade evidence.
destination:research/strict/campaigns/Fourth-85/Fourth_85_R6_Source_Lattice_Certificate.md	research/a1/records/source-lattice-certificate.md	dongxuelian2/strict-layer-proof-research	canonical	exact-duplicate	Exact byte duplicate of the canonical target; this source path is retained as provenance and no second canonical copy is created. Kind is a navigation label based on file type, path, and title; it does not upgrade evidence.
destination:research/strict/campaigns/Fourth-85/Fourth_85_R6_Tau39_Source_Closure_Certificate.md	research/a1/records/tau39-source-closure-certificate.md	dongxuelian2/strict-layer-proof-research	canonical	exact-duplicate	Exact byte duplicate of the canonical target; this source path is retained as provenance and no second canonical copy is created. Kind is a navigation label based on file type, path, and title; it does not upgrade evidence.
destination:research/strict/campaigns/J2-55/J2-55-R1-A-Root-Lift-Report.md	research/a1/j2/records/a-root-lift.md	dongxuelian2/strict-layer-proof-research	canonical	exact-duplicate	Exact byte duplicate of the canonical target; this source path is retained as provenance and no second canonical copy is created. Kind is a navigation label based on file type, path, and title; it does not upgrade evidence.
destination:research/strict/campaigns/J2-55/J2-55-R10-Tail-Reintegration-Third-Residual-Report.md	research/a1/j2/records/tail-reintegration-third-residual.md	dongxuelian2/strict-layer-proof-research	canonical	exact-duplicate	Exact byte duplicate of the canonical target; this source path is retained as provenance and no second canonical copy is created. Kind is a navigation label based on file type, path, and title; it does not upgrade evidence.
destination:research/strict/campaigns/J2-55/J2-55-R11-Deterministic-u-Decimal-Cofactor-Report.md	research/a1/j2/records/deterministic-u-decimal-cofactor.md	dongxuelian2/strict-layer-proof-research	canonical	exact-duplicate	Exact byte duplicate of the canonical target; this source path is retained as provenance and no second canonical copy is created. Kind is a navigation label based on file type, path, and title; it does not upgrade evidence.
destination:research/strict/campaigns/J2-55/J2-55-R12-Carry-Saturated-Root-Gaussian-Report.md	research/a1/j2/records/carry-saturated-root-gaussian.md	dongxuelian2/strict-layer-proof-research	canonical	exact-duplicate	Exact byte duplicate of the canonical target; this source path is retained as provenance and no second canonical copy is created. Kind is a navigation label based on file type, path, and title; it does not upgrade evidence.
destination:research/strict/campaigns/J2-55/J2-55-R13-Independent-Root-Coefficient-Gaussian-Report.md	research/a1/j2/records/independent-root-coefficient-gaussian.md	dongxuelian2/strict-layer-proof-research	canonical	exact-duplicate	Exact byte duplicate of the canonical target; this source path is retained as provenance and no second canonical copy is created. Kind is a navigation label based on file type, path, and title; it does not upgrade evidence.
destination:research/strict/campaigns/J2-55/J2-55-R14-Carry-NextBit-Gaussian-SecondLift-Report.md	research/a1/j2/records/carry-nextbit-gaussian-secondlift.md	dongxuelian2/strict-layer-proof-research	canonical	exact-duplicate	Exact byte duplicate of the canonical target; this source path is retained as provenance and no second canonical copy is created. Kind is a navigation label based on file type, path, and title; it does not upgrade evidence.
destination:research/strict/campaigns/J2-55/J2-55-R15-Spliced-Factor-2Adic-NegativeConic-Report.md	research/a1/j2/records/spliced-factor-2adic-negativeconic.md	dongxuelian2/strict-layer-proof-research	canonical	exact-duplicate	Exact byte duplicate of the canonical target; this source path is retained as provenance and no second canonical copy is created. Kind is a navigation label based on file type, path, and title; it does not upgrade evidence.
destination:research/strict/campaigns/J2-55/J2-55-R2-USquare-Carry-Collision-Report.md	research/a1/j2/records/usquare-carry-collision.md	dongxuelian2/strict-layer-proof-research	canonical	exact-duplicate	Exact byte duplicate of the canonical target; this source path is retained as provenance and no second canonical copy is created. Kind is a navigation label based on file type, path, and title; it does not upgrade evidence.
destination:research/strict/campaigns/J2-55/J2-55-R3-Decimal-Residual-Collision-Report.md	research/a1/j2/records/decimal-residual-collision.md	dongxuelian2/strict-layer-proof-research	canonical	exact-duplicate	Exact byte duplicate of the canonical target; this source path is retained as provenance and no second canonical copy is created. Kind is a navigation label based on file type, path, and title; it does not upgrade evidence.
destination:research/strict/campaigns/J2-55/J2-55-R4-Complementary-Factor-Euclidean-Report.md	research/a1/j2/records/complementary-factor-euclidean.md	dongxuelian2/strict-layer-proof-research	canonical	exact-duplicate	Exact byte duplicate of the canonical target; this source path is retained as provenance and no second canonical copy is created. Kind is a navigation label based on file type, path, and title; it does not upgrade evidence.
destination:research/strict/campaigns/J2-55/J2-55-R5-Linearized-Residual-Predicted-Root-Report.md	research/a1/j2/records/linearized-residual-predicted-root.md	dongxuelian2/strict-layer-proof-research	canonical	exact-duplicate	Exact byte duplicate of the canonical target; this source path is retained as provenance and no second canonical copy is created. Kind is a navigation label based on file type, path, and title; it does not upgrade evidence.
destination:research/strict/campaigns/J2-55/J2-55-R6-Euclidean-Quotient-Defect-Report.md	research/a1/j2/records/euclidean-quotient-defect.md	dongxuelian2/strict-layer-proof-research	canonical	exact-duplicate	Exact byte duplicate of the canonical target; this source path is retained as provenance and no second canonical copy is created. Kind is a navigation label based on file type, path, and title; it does not upgrade evidence.
destination:research/strict/campaigns/J2-55/J2-55-R7-CarryIndex-QDescent-Report.md	research/a1/j2/records/carryindex-qdescent.md	dongxuelian2/strict-layer-proof-research	canonical	exact-duplicate	Exact byte duplicate of the canonical target; this source path is retained as provenance and no second canonical copy is created. Kind is a navigation label based on file type, path, and title; it does not upgrade evidence.
destination:research/strict/campaigns/J2-55/J2-55-R8-Unstable-Decimal-Core-Report.md	research/a1/j2/records/unstable-decimal-core.md	dongxuelian2/strict-layer-proof-research	canonical	exact-duplicate	Exact byte duplicate of the canonical target; this source path is retained as provenance and no second canonical copy is created. Kind is a navigation label based on file type, path, and title; it does not upgrade evidence.
destination:research/strict/campaigns/J2-55/J2-55-R9-Normalized-Tail-Carry-Coupling-Report.md	research/a1/j2/records/normalized-tail-carry-coupling.md	dongxuelian2/strict-layer-proof-research	canonical	exact-duplicate	Exact byte duplicate of the canonical target; this source path is retained as provenance and no second canonical copy is created. Kind is a navigation label based on file type, path, and title; it does not upgrade evidence.
destination:research/strict/campaigns/J2-55/pre-J2-plans-01-10/A1_J2_CQLRC8_Report.md	research/a1/j2/records/cqlrc8.md	dongxuelian2/strict-layer-proof-research	canonical	exact-duplicate	Exact byte duplicate of the canonical target; this source path is retained as provenance and no second canonical copy is created. Kind is a navigation label based on file type, path, and title; it does not upgrade evidence.
destination:research/strict/campaigns/J2-55/pre-J2-plans-01-10/A1_J2_CZDR_Report.md	research/a1/j2/records/czdr.md	dongxuelian2/strict-layer-proof-research	canonical	exact-duplicate	Exact byte duplicate of the canonical target; this source path is retained as provenance and no second canonical copy is created. Kind is a navigation label based on file type, path, and title; it does not upgrade evidence.
destination:research/strict/campaigns/J2-55/pre-J2-plans-01-10/A1_J2_DCDC5_Report.md	research/a1/j2/records/dcdc5.md	dongxuelian2/strict-layer-proof-research	canonical	exact-duplicate	Exact byte duplicate of the canonical target; this source path is retained as provenance and no second canonical copy is created. Kind is a navigation label based on file type, path, and title; it does not upgrade evidence.
destination:research/strict/campaigns/J2-55/pre-J2-plans-01-10/A1_J2_FQTR6_Report.md	research/a1/j2/records/fqtr6.md	dongxuelian2/strict-layer-proof-research	canonical	exact-duplicate	Exact byte duplicate of the canonical target; this source path is retained as provenance and no second canonical copy is created. Kind is a navigation label based on file type, path, and title; it does not upgrade evidence.
destination:research/strict/campaigns/J2-55/pre-J2-plans-01-10/A1_J2_GRFC9_Report.md	research/a1/j2/records/grfc9.md	dongxuelian2/strict-layer-proof-research	canonical	exact-duplicate	Exact byte duplicate of the canonical target; this source path is retained as provenance and no second canonical copy is created. Kind is a navigation label based on file type, path, and title; it does not upgrade evidence.
destination:research/strict/campaigns/J2-55/pre-J2-plans-01-10/A1_J2_NRSEC_Report.md	research/a1/j2/records/nrsec.md	dongxuelian2/strict-layer-proof-research	canonical	exact-duplicate	Exact byte duplicate of the canonical target; this source path is retained as provenance and no second canonical copy is created. Kind is a navigation label based on file type, path, and title; it does not upgrade evidence.
destination:research/strict/campaigns/J2-55/pre-J2-plans-01-10/A1_J2_PRCC10_Report.md	research/a1/j2/records/prcc10.md	dongxuelian2/strict-layer-proof-research	canonical	exact-duplicate	Exact byte duplicate of the canonical target; this source path is retained as provenance and no second canonical copy is created. Kind is a navigation label based on file type, path, and title; it does not upgrade evidence.
destination:research/strict/campaigns/J2-55/pre-J2-plans-01-10/A1_J2_RCRF4_Report.md	research/a1/j2/records/rcrf4.md	dongxuelian2/strict-layer-proof-research	canonical	exact-duplicate	Exact byte duplicate of the canonical target; this source path is retained as provenance and no second canonical copy is created. Kind is a navigation label based on file type, path, and title; it does not upgrade evidence.
destination:research/strict/campaigns/J2-55/pre-J2-plans-01-10/A1_J2_TLRC7_Report.md	research/a1/j2/records/tlrc7.md	dongxuelian2/strict-layer-proof-research	canonical	exact-duplicate	Exact byte duplicate of the canonical target; this source path is retained as provenance and no second canonical copy is created. Kind is a navigation label based on file type, path, and title; it does not upgrade evidence.
destination:research/strict/campaigns/J2-65/J2-65-R1-JParametric-Unimodular-Skeleton-Report.md	research/a1/j2/records/jparametric-unimodular-skeleton.md	dongxuelian2/strict-layer-proof-research	canonical	exact-duplicate	Exact byte duplicate of the canonical target; this source path is retained as provenance and no second canonical copy is created. Kind is a navigation label based on file type, path, and title; it does not upgrade evidence.
destination:research/strict/campaigns/J2-65/J2-65-R10-Gaussian-Hermitian-Det2-Report.md	research/a1/j2/records/gaussian-hermitian-det2.md	dongxuelian2/strict-layer-proof-research	canonical	exact-duplicate	Exact byte duplicate of the canonical target; this source path is retained as provenance and no second canonical copy is created. Kind is a navigation label based on file type, path, and title; it does not upgrade evidence.
destination:research/strict/campaigns/J2-65/J2-65-R11-Gaussian-Modular-Reduction-Report.md	research/a1/j2/records/gaussian-modular-reduction.md	dongxuelian2/strict-layer-proof-research	canonical	exact-duplicate	Exact byte duplicate of the canonical target; this source path is retained as provenance and no second canonical copy is created. Kind is a navigation label based on file type, path, and title; it does not upgrade evidence.
destination:research/strict/campaigns/J2-65/J2-65-R12-Independent-Gate-Reintegration-Report.md	research/a1/j2/records/independent-gate-reintegration.md	dongxuelian2/strict-layer-proof-research	canonical	exact-duplicate	Exact byte duplicate of the canonical target; this source path is retained as provenance and no second canonical copy is created. Kind is a navigation label based on file type, path, and title; it does not upgrade evidence.
destination:research/strict/campaigns/J2-65/J2-65-R12-IntegralizationTorsor.md	research/a1/j2/records/integralizationtorsor.md	dongxuelian2/strict-layer-proof-research	canonical	exact-duplicate	Exact byte duplicate of the canonical target; this source path is retained as provenance and no second canonical copy is created. Kind is a navigation label based on file type, path, and title; it does not upgrade evidence.
destination:research/strict/campaigns/J2-65/J2-65-R13-Radial-Lattice-Ray-Report.md	research/a1/j2/records/radial-lattice-ray.md	dongxuelian2/strict-layer-proof-research	canonical	exact-duplicate	Exact byte duplicate of the canonical target; this source path is retained as provenance and no second canonical copy is created. Kind is a navigation label based on file type, path, and title; it does not upgrade evidence.
destination:research/strict/campaigns/J2-65/J2-65-R14-Adelic-Primitive-Shell-Report.md	research/a1/j2/records/adelic-primitive-shell.md	dongxuelian2/strict-layer-proof-research	canonical	exact-duplicate	Exact byte duplicate of the canonical target; this source path is retained as provenance and no second canonical copy is created. Kind is a navigation label based on file type, path, and title; it does not upgrade evidence.
destination:research/strict/campaigns/J2-65/J2-65-R15-Boundary-Defect-Geometry-Report.md	research/a1/j2/records/boundary-defect-geometry.md	dongxuelian2/strict-layer-proof-research	canonical	exact-duplicate	Exact byte duplicate of the canonical target; this source path is retained as provenance and no second canonical copy is created. Kind is a navigation label based on file type, path, and title; it does not upgrade evidence.
destination:research/strict/campaigns/J2-65/J2-65-R16-Integral-Boundary-Norm-Orbit-Report.md	research/a1/j2/records/integral-boundary-norm-orbit.md	dongxuelian2/strict-layer-proof-research	canonical	exact-duplicate	Exact byte duplicate of the canonical target; this source path is retained as provenance and no second canonical copy is created. Kind is a navigation label based on file type, path, and title; it does not upgrade evidence.
destination:research/strict/campaigns/J2-65/J2-65-R17-Cyclotomic-Composition-Report.md	research/a1/j2/records/cyclotomic-composition.md	dongxuelian2/strict-layer-proof-research	canonical	exact-duplicate	Exact byte duplicate of the canonical target; this source path is retained as provenance and no second canonical copy is created. Kind is a navigation label based on file type, path, and title; it does not upgrade evidence.
destination:research/strict/campaigns/J2-65/J2-65-R18-Integral-Descent-Commutation-Report.md	research/a1/j2/records/integral-descent-commutation.md	dongxuelian2/strict-layer-proof-research	canonical	exact-duplicate	Exact byte duplicate of the canonical target; this source path is retained as provenance and no second canonical copy is created. Kind is a navigation label based on file type, path, and title; it does not upgrade evidence.
destination:research/strict/campaigns/J2-65/J2-65-R19-Finite-Module-Spin-Report.md	research/a1/j2/records/finite-module-spin.md	dongxuelian2/strict-layer-proof-research	canonical	exact-duplicate	Exact byte duplicate of the canonical target; this source path is retained as provenance and no second canonical copy is created. Kind is a navigation label based on file type, path, and title; it does not upgrade evidence.
destination:research/strict/campaigns/J2-65/J2-65-R2-Bivariate-Master-Root-Newton-Report.md	research/a1/j2/records/bivariate-master-root-newton.md	dongxuelian2/strict-layer-proof-research	canonical	exact-duplicate	Exact byte duplicate of the canonical target; this source path is retained as provenance and no second canonical copy is created. Kind is a navigation label based on file type, path, and title; it does not upgrade evidence.
destination:research/strict/campaigns/J2-65/J2-65-R20-Semantic-Conductor-Ruling-Report.md	research/a1/j2/records/semantic-conductor-ruling.md	dongxuelian2/strict-layer-proof-research	canonical	exact-duplicate	Exact byte duplicate of the canonical target; this source path is retained as provenance and no second canonical copy is created. Kind is a navigation label based on file type, path, and title; it does not upgrade evidence.
destination:research/strict/campaigns/J2-65/J2-65-R3-ThreePlace-Tropical-Collision-Report.md	research/a1/j2/records/threeplace-tropical-collision.md	dongxuelian2/strict-layer-proof-research	canonical	exact-duplicate	Exact byte duplicate of the canonical target; this source path is retained as provenance and no second canonical copy is created. Kind is a navigation label based on file type, path, and title; it does not upgrade evidence.
destination:research/strict/campaigns/J2-65/J2-65-R4-Additive-Bracket-Complex-Report.md	research/a1/j2/records/additive-bracket-complex.md	dongxuelian2/strict-layer-proof-research	canonical	exact-duplicate	Exact byte duplicate of the canonical target; this source path is retained as provenance and no second canonical copy is created. Kind is a navigation label based on file type, path, and title; it does not upgrade evidence.
destination:research/strict/campaigns/J2-65/J2-65-R5-Cyclotomic-Reciprocal-Tube-Report.md	research/a1/j2/records/cyclotomic-reciprocal-tube.md	dongxuelian2/strict-layer-proof-research	canonical	exact-duplicate	Exact byte duplicate of the canonical target; this source path is retained as provenance and no second canonical copy is created. Kind is a navigation label based on file type, path, and title; it does not upgrade evidence.
destination:research/strict/campaigns/J2-65/J2-65-R6-TwoRow-Master-Resultant-Report.md	research/a1/j2/records/tworow-master-resultant.md	dongxuelian2/strict-layer-proof-research	canonical	exact-duplicate	Exact byte duplicate of the canonical target; this source path is retained as provenance and no second canonical copy is created. Kind is a navigation label based on file type, path, and title; it does not upgrade evidence.
destination:research/strict/campaigns/J2-65/J2-65-R7-Veronese-Conic-Pencil-Report.md	research/a1/j2/records/veronese-conic-pencil.md	dongxuelian2/strict-layer-proof-research	canonical	exact-duplicate	Exact byte duplicate of the canonical target; this source path is retained as provenance and no second canonical copy is created. Kind is a navigation label based on file type, path, and title; it does not upgrade evidence.
destination:research/strict/campaigns/J2-65/J2-65-R8-Norm-Brauer-Geometry-Report.md	research/a1/j2/records/norm-brauer-geometry.md	dongxuelian2/strict-layer-proof-research	canonical	exact-duplicate	Exact byte duplicate of the canonical target; this source path is retained as provenance and no second canonical copy is created. Kind is a navigation label based on file type, path, and title; it does not upgrade evidence.
destination:research/strict/campaigns/J2-65/J2-65-R9-Global-Verdict-Report.md	research/a1/j2/records/global-verdict.md	dongxuelian2/strict-layer-proof-research	canonical	exact-duplicate	Exact byte duplicate of the canonical target; this source path is retained as provenance and no second canonical copy is created. Kind is a navigation label based on file type, path, and title; it does not upgrade evidence.
destination:research/strict/foundation/archive/10-strict-layer-core/strict_layer_backward_exact_root_pair_fibre_campaign.md	research/foundations/archive/backward-exact-root-pair-fibre.md	dongxuelian2/strict-layer-proof-research	canonical	exact-duplicate	Exact byte duplicate of the canonical target; this source path is retained as provenance and no second canonical copy is created. Kind is a navigation label based on file type, path, and title; it does not upgrade evidence.
destination:research/strict/foundation/archive/strict_layer_unified_exact_lift_campaign_initial.md	research/foundations/archive/unified-exact-lift-initial.md	dongxuelian2/strict-layer-proof-research	canonical	exact-duplicate	Exact byte duplicate of the canonical target; this source path is retained as provenance and no second canonical copy is created. Kind is a navigation label based on file type, path, and title; it does not upgrade evidence.
destination:research/strict/foundation/audit_response.md	research/exact-lift/audit-response.md	dongxuelian2/strict-layer-proof-research	canonical	exact-duplicate	Exact byte duplicate of the canonical target; this source path is retained as provenance and no second canonical copy is created. Kind is a navigation label based on file type, path, and title; it does not upgrade evidence.
destination:research/strict/foundation/exact_lift_research_synthesis_2026-08-10.md	research/exact-lift/exact-lift-research-synthesis-2026-08-10.md	dongxuelian2/strict-layer-proof-research	canonical	exact-duplicate	Exact byte duplicate of the canonical target; this source path is retained as provenance and no second canonical copy is created. Kind is a navigation label based on file type, path, and title; it does not upgrade evidence.
destination:research/strict/foundation/strict_layer_final_campaign.md	research/exact-lift/final-state.md	dongxuelian2/strict-layer-proof-research	canonical	exact-duplicate	Exact byte duplicate of the canonical target; this source path is retained as provenance and no second canonical copy is created. Kind is a navigation label based on file type, path, and title; it does not upgrade evidence.
destination:research/strict/foundation/strict_layer_round1.md	research/exact-lift/initial-route.md	dongxuelian2/strict-layer-proof-research	canonical	exact-duplicate	Exact byte duplicate of the canonical target; this source path is retained as provenance and no second canonical copy is created. Kind is a navigation label based on file type, path, and title; it does not upgrade evidence.
destination:research/strict/foundation/strict_layer_unified_exact_lift_campaign.md	research/exact-lift/unified-exact-lift.md	dongxuelian2/strict-layer-proof-research	canonical	exact-duplicate	Exact byte duplicate of the canonical target; this source path is retained as provenance and no second canonical copy is created. Kind is a navigation label based on file type, path, and title; it does not upgrade evidence.
dongxuelian2/strict-layer-proof-research:.github/workflows/import-strict-layer.yml	research/archive/strict-layer-proof-research/history-only/.github/workflows/import-strict-layer.yml	dongxuelian2/strict-layer-proof-research	generated-obsolete	history-only	Deleted from source main before migration; byte-preserved under history-only archive and reachable from the imported source commit graph. Kind is a navigation label based on file type, path, and title; it does not upgrade evidence.
dongxuelian2/strict-layer-proof-research:00-foundation/archive/strict_layer_unified_exact_lift_campaign_initial.md	research/foundations/archive/unified-exact-lift-initial.md	dongxuelian2/strict-layer-proof-research	canonical	exact-duplicate	Exact byte duplicate of the canonical target; this source path is retained as provenance and no second canonical copy is created. Kind is a navigation label based on file type, path, and title; it does not upgrade evidence.
dongxuelian2/strict-layer-proof-research:00-foundation/audit_response.md	research/exact-lift/audit-response.md	dongxuelian2/strict-layer-proof-research	canonical	exact-duplicate	Exact byte duplicate of the canonical target; this source path is retained as provenance and no second canonical copy is created. Kind is a navigation label based on file type, path, and title; it does not upgrade evidence.
dongxuelian2/strict-layer-proof-research:00-foundation/current_research_status_v3.md	research/exact-lift/status.md	dongxuelian2/strict-layer-proof-research	canonical	exact-duplicate	Exact byte duplicate of the canonical target; this source path is retained as provenance and no second canonical copy is created. Kind is a navigation label based on file type, path, and title; it does not upgrade evidence.
dongxuelian2/strict-layer-proof-research:00-foundation/exact_lift_research_synthesis_2026-08-10.md	research/exact-lift/exact-lift-research-synthesis-2026-08-10.md	dongxuelian2/strict-layer-proof-research	canonical	exact-duplicate	Exact byte duplicate of the canonical target; this source path is retained as provenance and no second canonical copy is created. Kind is a navigation label based on file type, path, and title; it does not upgrade evidence.
dongxuelian2/strict-layer-proof-research:00-foundation/proved_results_index_v2.md	research/foundations/archive/theorem-index-legacy.md	dongxuelian2/strict-layer-proof-research	canonical	exact-duplicate	Exact byte duplicate of the canonical target; this source path is retained as provenance and no second canonical copy is created. Kind is a navigation label based on file type, path, and title; it does not upgrade evidence.
dongxuelian2/strict-layer-proof-research:00-foundation/proved_results_index_v3.md	research/foundations/results/theorem-index.md	dongxuelian2/strict-layer-proof-research	canonical	exact-duplicate	Exact byte duplicate of the canonical target; this source path is retained as provenance and no second canonical copy is created. Kind is a navigation label based on file type, path, and title; it does not upgrade evidence.
dongxuelian2/strict-layer-proof-research:00-foundation/proved_results_report_v2.md	research/foundations/archive/proved-results-legacy.md	dongxuelian2/strict-layer-proof-research	canonical	exact-duplicate	Exact byte duplicate of the canonical target; this source path is retained as provenance and no second canonical copy is created. Kind is a navigation label based on file type, path, and title; it does not upgrade evidence.
dongxuelian2/strict-layer-proof-research:00-foundation/proved_results_report_v3.md	research/foundations/results/proved-results.md	dongxuelian2/strict-layer-proof-research	canonical	exact-duplicate	Exact byte duplicate of the canonical target; this source path is retained as provenance and no second canonical copy is created. Kind is a navigation label based on file type, path, and title; it does not upgrade evidence.
dongxuelian2/strict-layer-proof-research:00-foundation/provenance/MISSING_ARTIFACTS_2026-08-16.md	research/archive/strict-layer-proof-research/00-foundation/provenance/MISSING_ARTIFACTS_2026-08-16.md	dongxuelian2/strict-layer-proof-research	archived	source-only	Source-only bytes preserved once at the canonical target under the frozen archive boundary; original source path remains an alias. Kind is a navigation label based on file type, path, and title; it does not upgrade evidence.
dongxuelian2/strict-layer-proof-research:00-foundation/strict_layer_final_campaign.md	research/exact-lift/final-state.md	dongxuelian2/strict-layer-proof-research	canonical	exact-duplicate	Exact byte duplicate of the canonical target; this source path is retained as provenance and no second canonical copy is created. Kind is a navigation label based on file type, path, and title; it does not upgrade evidence.
dongxuelian2/strict-layer-proof-research:00-foundation/strict_layer_round1.md	research/exact-lift/initial-route.md	dongxuelian2/strict-layer-proof-research	canonical	exact-duplicate	Exact byte duplicate of the canonical target; this source path is retained as provenance and no second canonical copy is created. Kind is a navigation label based on file type, path, and title; it does not upgrade evidence.
dongxuelian2/strict-layer-proof-research:00-foundation/strict_layer_unified_exact_lift_campaign.md	research/exact-lift/unified-exact-lift.md	dongxuelian2/strict-layer-proof-research	canonical	exact-duplicate	Exact byte duplicate of the canonical target; this source path is retained as provenance and no second canonical copy is created. Kind is a navigation label based on file type, path, and title; it does not upgrade evidence.
dongxuelian2/strict-layer-proof-research:10-backward-global/strict_layer_backward_algebraic_denominator_interface.md	research/exact-lift/backward/backward-algebraic-denominator-interface.md	dongxuelian2/strict-layer-proof-research	canonical	exact-duplicate	Exact byte duplicate of the canonical target; this source path is retained as provenance and no second canonical copy is created. Kind is a navigation label based on file type, path, and title; it does not upgrade evidence.
dongxuelian2/strict-layer-proof-research:10-backward-global/strict_layer_backward_canonical_dependency_skeleton.md	research/exact-lift/backward/backward-canonical-dependency-skeleton.md	dongxuelian2/strict-layer-proof-research	canonical	exact-duplicate	Exact byte duplicate of the canonical target; this source path is retained as provenance and no second canonical copy is created. Kind is a navigation label based on file type, path, and title; it does not upgrade evidence.
dongxuelian2/strict-layer-proof-research:10-backward-global/strict_layer_backward_canonical_synchronization_quotient.md	research/exact-lift/backward/backward-canonical-synchronization-quotient.md	dongxuelian2/strict-layer-proof-research	canonical	exact-duplicate	Exact byte duplicate of the canonical target; this source path is retained as provenance and no second canonical copy is created. Kind is a navigation label based on file type, path, and title; it does not upgrade evidence.
dongxuelian2/strict-layer-proof-research:10-backward-global/strict_layer_backward_denominator_decimal_interface.md	research/exact-lift/backward/backward-denominator-decimal-interface.md	dongxuelian2/strict-layer-proof-research	canonical	exact-duplicate	Exact byte duplicate of the canonical target; this source path is retained as provenance and no second canonical copy is created. Kind is a navigation label based on file type, path, and title; it does not upgrade evidence.
dongxuelian2/strict-layer-proof-research:10-backward-global/strict_layer_backward_global_obstruction_campaign.md	research/exact-lift/backward/backward-global-obstruction.md	dongxuelian2/strict-layer-proof-research	canonical	exact-duplicate	Exact byte duplicate of the canonical target; this source path is retained as provenance and no second canonical copy is created. Kind is a navigation label based on file type, path, and title; it does not upgrade evidence.
dongxuelian2/strict-layer-proof-research:10-backward-global/strict_layer_backward_global_witness_gluing_campaign.md	research/exact-lift/backward/backward-global-witness-gluing.md	dongxuelian2/strict-layer-proof-research	canonical	exact-duplicate	Exact byte duplicate of the canonical target; this source path is retained as provenance and no second canonical copy is created. Kind is a navigation label based on file type, path, and title; it does not upgrade evidence.
dongxuelian2/strict-layer-proof-research:20-DD/strict_layer_DD_error_closure_campaign.md	research/denominator-structure/dd-error-closure.md	dongxuelian2/strict-layer-proof-research	canonical	exact-duplicate	Exact byte duplicate of the canonical target; this source path is retained as provenance and no second canonical copy is created. Kind is a navigation label based on file type, path, and title; it does not upgrade evidence.
dongxuelian2/strict-layer-proof-research:20-DD/strict_layer_DD_independence_audit.md	research/denominator-structure/dd-independence-audit.md	dongxuelian2/strict-layer-proof-research	canonical	exact-duplicate	Exact byte duplicate of the canonical target; this source path is retained as provenance and no second canonical copy is created. Kind is a navigation label based on file type, path, and title; it does not upgrade evidence.
dongxuelian2/strict-layer-proof-research:20-DD/strict_layer_DD_orientation_recovery_campaign.md	research/denominator-structure/dd-orientation-recovery.md	dongxuelian2/strict-layer-proof-research	canonical	exact-duplicate	Exact byte duplicate of the canonical target; this source path is retained as provenance and no second canonical copy is created. Kind is a navigation label based on file type, path, and title; it does not upgrade evidence.
dongxuelian2/strict-layer-proof-research:20-DD/strict_layer_DD_oriented_tail_window_campaign.md	research/denominator-structure/dd-oriented-tail-window.md	dongxuelian2/strict-layer-proof-research	canonical	exact-duplicate	Exact byte duplicate of the canonical target; this source path is retained as provenance and no second canonical copy is created. Kind is a navigation label based on file type, path, and title; it does not upgrade evidence.
dongxuelian2/strict-layer-proof-research:20-DD/strict_layer_DD_post_deflation_campaign.md	research/denominator-structure/dd-post-deflation.md	dongxuelian2/strict-layer-proof-research	canonical	exact-duplicate	Exact byte duplicate of the canonical target; this source path is retained as provenance and no second canonical copy is created. Kind is a navigation label based on file type, path, and title; it does not upgrade evidence.
dongxuelian2/strict-layer-proof-research:20-DD/strict_layer_DD_source_phase_information_audit.md	research/denominator-structure/dd-source-information-audit.md	dongxuelian2/strict-layer-proof-research	canonical	exact-duplicate	Exact byte duplicate of the canonical target; this source path is retained as provenance and no second canonical copy is created. Kind is a navigation label based on file type, path, and title; it does not upgrade evidence.
dongxuelian2/strict-layer-proof-research:20-DD/strict_layer_DD_supply_phase_synchronization_campaign.md	research/denominator-structure/dd-supply-synchronization.md	dongxuelian2/strict-layer-proof-research	canonical	exact-duplicate	Exact byte duplicate of the canonical target; this source path is retained as provenance and no second canonical copy is created. Kind is a navigation label based on file type, path, and title; it does not upgrade evidence.
dongxuelian2/strict-layer-proof-research:20-DD/strict_layer_moving_core_square_spacing_campaign.md	research/denominator-structure/moving-core-square-spacing.md	dongxuelian2/strict-layer-proof-research	canonical	exact-duplicate	Exact byte duplicate of the canonical target; this source path is retained as provenance and no second canonical copy is created. Kind is a navigation label based on file type, path, and title; it does not upgrade evidence.
dongxuelian2/strict-layer-proof-research:20-DD/strict_layer_post_DD_consolidation_A1_frontier.md	research/denominator-structure/post-dd-consolidation-a1-frontier.md	dongxuelian2/strict-layer-proof-research	canonical	exact-duplicate	Exact byte duplicate of the canonical target; this source path is retained as provenance and no second canonical copy is created. Kind is a navigation label based on file type, path, and title; it does not upgrade evidence.
dongxuelian2/strict-layer-proof-research:30-A1-forward/strict_layer_A1_double_euclidean_smith_gcd_terminal_campaign.md	research/a1/forward/a1-double-euclidean-smith-gcd-terminal.md	dongxuelian2/strict-layer-proof-research	canonical	exact-duplicate	Exact byte duplicate of the canonical target; this source path is retained as provenance and no second canonical copy is created. Kind is a navigation label based on file type, path, and title; it does not upgrade evidence.
dongxuelian2/strict-layer-proof-research:30-A1-forward/strict_layer_A1_double_euclidean_word_smith_terminal_campaign.md	research/a1/forward/a1-double-euclidean-word-smith-terminal.md	dongxuelian2/strict-layer-proof-research	canonical	exact-duplicate	Exact byte duplicate of the canonical target; this source path is retained as provenance and no second canonical copy is created. Kind is a navigation label based on file type, path, and title; it does not upgrade evidence.
dongxuelian2/strict-layer-proof-research:30-A1-forward/strict_layer_A1_exact_mantissa_defect_quotient_campaign.md	research/a1/forward/a1-exact-mantissa-defect-quotient.md	dongxuelian2/strict-layer-proof-research	canonical	exact-duplicate	Exact byte duplicate of the canonical target; this source path is retained as provenance and no second canonical copy is created. Kind is a navigation label based on file type, path, and title; it does not upgrade evidence.
dongxuelian2/strict-layer-proof-research:30-A1-forward/strict_layer_A1_flat_locus_structural_elimination_campaign.md	research/a1/forward/a1-flat-locus-structural-elimination.md	dongxuelian2/strict-layer-proof-research	canonical	exact-duplicate	Exact byte duplicate of the canonical target; this source path is retained as provenance and no second canonical copy is created. Kind is a navigation label based on file type, path, and title; it does not upgrade evidence.
dongxuelian2/strict-layer-proof-research:30-A1-forward/strict_layer_A1_generic_primitive_defect_synchronization_campaign.md	research/a1/forward/a1-generic-primitive-defect-synchronization.md	dongxuelian2/strict-layer-proof-research	canonical	exact-duplicate	Exact byte duplicate of the canonical target; this source path is retained as provenance and no second canonical copy is created. Kind is a navigation label based on file type, path, and title; it does not upgrade evidence.
dongxuelian2/strict-layer-proof-research:30-A1-forward/strict_layer_A1_iterated_smith_coprime_radial_exclusion_campaign.md	research/a1/forward/a1-iterated-smith-coprime-radial-exclusion.md	dongxuelian2/strict-layer-proof-research	canonical	exact-duplicate	Exact byte duplicate of the canonical target; this source path is retained as provenance and no second canonical copy is created. Kind is a navigation label based on file type, path, and title; it does not upgrade evidence.
dongxuelian2/strict-layer-proof-research:30-A1-forward/strict_layer_A1_moving_core_decimal_translation_global_campaign.md	research/a1/forward/a1-moving-core-decimal-translation-global.md	dongxuelian2/strict-layer-proof-research	canonical	exact-duplicate	Exact byte duplicate of the canonical target; this source path is retained as provenance and no second canonical copy is created. Kind is a navigation label based on file type, path, and title; it does not upgrade evidence.
dongxuelian2/strict-layer-proof-research:30-A1-forward/strict_layer_A1_moving_profile_coprime_integer_scale_campaign.md	research/a1/forward/a1-moving-profile-coprime-integer-scale.md	dongxuelian2/strict-layer-proof-research	canonical	exact-duplicate	Exact byte duplicate of the canonical target; this source path is retained as provenance and no second canonical copy is created. Kind is a navigation label based on file type, path, and title; it does not upgrade evidence.
dongxuelian2/strict-layer-proof-research:30-A1-forward/strict_layer_A1_primitive_conic_common_U_digit_window_campaign.md	research/a1/forward/a1-primitive-conic-common-u-digit-window.md	dongxuelian2/strict-layer-proof-research	canonical	exact-duplicate	Exact byte duplicate of the canonical target; this source path is retained as provenance and no second canonical copy is created. Kind is a navigation label based on file type, path, and title; it does not upgrade evidence.
dongxuelian2/strict-layer-proof-research:30-A1-forward/strict_layer_A1_smith_reduced_common_U_exclusion_campaign.md	research/a1/forward/a1-smith-reduced-common-u-exclusion.md	dongxuelian2/strict-layer-proof-research	canonical	exact-duplicate	Exact byte duplicate of the canonical target; this source path is retained as provenance and no second canonical copy is created. Kind is a navigation label based on file type, path, and title; it does not upgrade evidence.
dongxuelian2/strict-layer-proof-research:30-A1-forward/strict_layer_A1_unified_moving_profile_terminal_campaign.md	research/a1/forward/a1-unified-moving-profile-terminal.md	dongxuelian2/strict-layer-proof-research	canonical	exact-duplicate	Exact byte duplicate of the canonical target; this source path is retained as provenance and no second canonical copy is created. Kind is a navigation label based on file type, path, and title; it does not upgrade evidence.
dongxuelian2/strict-layer-proof-research:40-A1-backward/strict_layer_backward_A1_2x5_decimal_synchronization_campaign.md	research/a1/backward/backward-a1-2x5-decimal-synchronization.md	dongxuelian2/strict-layer-proof-research	canonical	exact-duplicate	Exact byte duplicate of the canonical target; this source path is retained as provenance and no second canonical copy is created. Kind is a navigation label based on file type, path, and title; it does not upgrade evidence.
dongxuelian2/strict-layer-proof-research:40-A1-backward/strict_layer_backward_A1_5phase_cut_synchronization_campaign.md	research/a1/backward/backward-a1-5phase-cut-synchronization.md	dongxuelian2/strict-layer-proof-research	canonical	exact-duplicate	Exact byte duplicate of the canonical target; this source path is retained as provenance and no second canonical copy is created. Kind is a navigation label based on file type, path, and title; it does not upgrade evidence.
dongxuelian2/strict-layer-proof-research:40-A1-backward/strict_layer_backward_A1_common_U_pullback_primitive_radial_gluing_campaign.md	research/a1/backward/backward-a1-common-u-pullback-primitive-radial-gluing.md	dongxuelian2/strict-layer-proof-research	canonical	exact-duplicate	Exact byte duplicate of the canonical target; this source path is retained as provenance and no second canonical copy is created. Kind is a navigation label based on file type, path, and title; it does not upgrade evidence.
dongxuelian2/strict-layer-proof-research:40-A1-backward/strict_layer_backward_A1_same_cut_norm_excess_campaign.md	research/a1/backward/backward-a1-same-cut-norm-excess.md	dongxuelian2/strict-layer-proof-research	canonical	exact-duplicate	Exact byte duplicate of the canonical target; this source path is retained as provenance and no second canonical copy is created. Kind is a navigation label based on file type, path, and title; it does not upgrade evidence.
dongxuelian2/strict-layer-proof-research:40-A1-backward/strict_layer_backward_A1_word_recovery_architecture_campaign.md	research/a1/backward/backward-a1-word-recovery-architecture.md	dongxuelian2/strict-layer-proof-research	canonical	exact-duplicate	Exact byte duplicate of the canonical target; this source path is retained as provenance and no second canonical copy is created. Kind is a navigation label based on file type, path, and title; it does not upgrade evidence.
dongxuelian2/strict-layer-proof-research:50-state-and-computation/strict_layer_A1_SRCU_state_after_campaign.md	research/a1/state/a1-srcu-state-after.md	dongxuelian2/strict-layer-proof-research	canonical	exact-duplicate	Exact byte duplicate of the canonical target; this source path is retained as provenance and no second canonical copy is created. Kind is a navigation label based on file type, path, and title; it does not upgrade evidence.
dongxuelian2/strict-layer-proof-research:50-state-and-computation/strict_layer_A1_exact_word_state_after_double_euclidean_campaign.md	research/a1/state/a1-exact-word-state-after-double-euclidean.md	dongxuelian2/strict-layer-proof-research	canonical	exact-duplicate	Exact byte duplicate of the canonical target; this source path is retained as provenance and no second canonical copy is created. Kind is a navigation label based on file type, path, and title; it does not upgrade evidence.
dongxuelian2/strict-layer-proof-research:50-state-and-computation/strict_layer_A1_radial_gate_scan_output.txt	research/a1/forward/computations/radial-gate-scan-output.txt	dongxuelian2/strict-layer-proof-research	canonical	source-only	Source-only bytes preserved once at the canonical target under the frozen archive boundary; original source path remains an alias. Kind is a navigation label based on file type, path, and title; it does not upgrade evidence.
dongxuelian2/strict-layer-proof-research:50-state-and-computation/strict_layer_A1_unified_state_after_long_campaign.md	research/a1/state/a1-unified-state-after-long.md	dongxuelian2/strict-layer-proof-research	canonical	exact-duplicate	Exact byte duplicate of the canonical target; this source path is retained as provenance and no second canonical copy is created. Kind is a navigation label based on file type, path, and title; it does not upgrade evidence.
dongxuelian2/strict-layer-proof-research:ARCHIVE_INDEX.tsv	research/archive/strict-layer-proof-research/ARCHIVE_INDEX.tsv	dongxuelian2/strict-layer-proof-research	generated-obsolete	source-only	Source-only bytes preserved once at the canonical target under the frozen archive boundary; original source path remains an alias. Kind is a navigation label based on file type, path, and title; it does not upgrade evidence.
dongxuelian2/strict-layer-proof-research:EXPORT_NOTES.md	research/archive/strict-layer-proof-research/EXPORT_NOTES.md	dongxuelian2/strict-layer-proof-research	archived	source-only	Source-only bytes preserved once at the canonical target under the frozen archive boundary; original source path remains an alias. Kind is a navigation label based on file type, path, and title; it does not upgrade evidence.
dongxuelian2/strict-layer-proof-research:MANIFEST.tsv	research/archive/strict-layer-proof-research/MANIFEST.tsv	dongxuelian2/strict-layer-proof-research	generated-obsolete	source-only	Source-only bytes preserved once at the canonical target under the frozen archive boundary; original source path remains an alias. Kind is a navigation label based on file type, path, and title; it does not upgrade evidence.
dongxuelian2/strict-layer-proof-research:MISSING_ARTIFACTS.md	research/archive/strict-layer-proof-research/00-foundation/provenance/MISSING_ARTIFACTS_2026-08-16.md	dongxuelian2/strict-layer-proof-research	deduplicated	exact-duplicate	Exact byte duplicate of the canonical target; this source path is retained as provenance and no second canonical copy is created. Kind is a navigation label based on file type, path, and title; it does not upgrade evidence.
dongxuelian2/strict-layer-proof-research:README.md	research/archive/strict-layer-proof-research/README.md	dongxuelian2/strict-layer-proof-research	archived	source-only	Source-only bytes preserved once at the canonical target under the frozen archive boundary; original source path remains an alias. Kind is a navigation label based on file type, path, and title; it does not upgrade evidence.
dongxuelian2/strict-layer-proof-research:archive-by-series/10-strict-layer-core/strict_layer_backward_algebraic_denominator_interface.md	research/exact-lift/backward/backward-algebraic-denominator-interface.md	dongxuelian2/strict-layer-proof-research	deduplicated	exact-duplicate	Exact byte duplicate of the canonical target; this source path is retained as provenance and no second canonical copy is created. Kind is a navigation label based on file type, path, and title; it does not upgrade evidence.
dongxuelian2/strict-layer-proof-research:archive-by-series/10-strict-layer-core/strict_layer_backward_canonical_dependency_skeleton.md	research/exact-lift/backward/backward-canonical-dependency-skeleton.md	dongxuelian2/strict-layer-proof-research	deduplicated	exact-duplicate	Exact byte duplicate of the canonical target; this source path is retained as provenance and no second canonical copy is created. Kind is a navigation label based on file type, path, and title; it does not upgrade evidence.
dongxuelian2/strict-layer-proof-research:archive-by-series/10-strict-layer-core/strict_layer_backward_canonical_synchronization_quotient.md	research/exact-lift/backward/backward-canonical-synchronization-quotient.md	dongxuelian2/strict-layer-proof-research	deduplicated	exact-duplicate	Exact byte duplicate of the canonical target; this source path is retained as provenance and no second canonical copy is created. Kind is a navigation label based on file type, path, and title; it does not upgrade evidence.
dongxuelian2/strict-layer-proof-research:archive-by-series/10-strict-layer-core/strict_layer_backward_exact_root_pair_fibre_campaign.md	research/foundations/archive/backward-exact-root-pair-fibre.md	dongxuelian2/strict-layer-proof-research	canonical	exact-duplicate	Exact byte duplicate of the canonical target; this source path is retained as provenance and no second canonical copy is created. Kind is a navigation label based on file type, path, and title; it does not upgrade evidence.
dongxuelian2/strict-layer-proof-research:archive-by-series/10-strict-layer-core/strict_layer_backward_global_obstruction_campaign.md	research/exact-lift/backward/backward-global-obstruction.md	dongxuelian2/strict-layer-proof-research	deduplicated	exact-duplicate	Exact byte duplicate of the canonical target; this source path is retained as provenance and no second canonical copy is created. Kind is a navigation label based on file type, path, and title; it does not upgrade evidence.
dongxuelian2/strict-layer-proof-research:archive-by-series/10-strict-layer-core/strict_layer_backward_global_witness_gluing_campaign.md	research/exact-lift/backward/backward-global-witness-gluing.md	dongxuelian2/strict-layer-proof-research	deduplicated	exact-duplicate	Exact byte duplicate of the canonical target; this source path is retained as provenance and no second canonical copy is created. Kind is a navigation label based on file type, path, and title; it does not upgrade evidence.
dongxuelian2/strict-layer-proof-research:archive-by-series/10-strict-layer-core/strict_layer_moving_core_square_spacing_campaign.md	research/denominator-structure/moving-core-square-spacing.md	dongxuelian2/strict-layer-proof-research	deduplicated	exact-duplicate	Exact byte duplicate of the canonical target; this source path is retained as provenance and no second canonical copy is created. Kind is a navigation label based on file type, path, and title; it does not upgrade evidence.
dongxuelian2/strict-layer-proof-research:archive-by-series/10-strict-layer-core/strict_layer_post_DD_consolidation_A1_frontier.md	research/denominator-structure/post-dd-consolidation-a1-frontier.md	dongxuelian2/strict-layer-proof-research	deduplicated	exact-duplicate	Exact byte duplicate of the canonical target; this source path is retained as provenance and no second canonical copy is created. Kind is a navigation label based on file type, path, and title; it does not upgrade evidence.
dongxuelian2/strict-layer-proof-research:archive-by-series/10-strict-layer-core/strict_layer_unified_exact_lift_campaign(1).md	research/exact-lift/unified-exact-lift.md	dongxuelian2/strict-layer-proof-research	deduplicated	exact-duplicate	Exact byte duplicate of the canonical target; this source path is retained as provenance and no second canonical copy is created. Kind is a navigation label based on file type, path, and title; it does not upgrade evidence.
dongxuelian2/strict-layer-proof-research:archive-by-series/10-strict-layer-core/strict_layer_unified_exact_lift_campaign.md	research/foundations/archive/unified-exact-lift-initial.md	dongxuelian2/strict-layer-proof-research	deduplicated	exact-duplicate	Exact byte duplicate of the canonical target; this source path is retained as provenance and no second canonical copy is created. Kind is a navigation label based on file type, path, and title; it does not upgrade evidence.
dongxuelian2/strict-layer-proof-research:archive-by-series/20-DD-complete/DD-SA_A0-Inert_Coverage_Audit.md	research/denominator-structure/archive/dd-sa-a0-inert-coverage-audit.md	dongxuelian2/strict-layer-proof-research	canonical	exact-duplicate	Exact byte duplicate of the canonical target; this source path is retained as provenance and no second canonical copy is created. Kind is a navigation label based on file type, path, and title; it does not upgrade evidence.
dongxuelian2/strict-layer-proof-research:archive-by-series/20-DD-complete/DD-SA_R11-R20_十轮证明归档.md	research/denominator-structure/archive/d-prime-equal-load-firewall.md	dongxuelian2/strict-layer-proof-research	canonical	exact-duplicate	Exact byte duplicate of the canonical target; this source path is retained as provenance and no second canonical copy is created. Kind is a navigation label based on file type, path, and title; it does not upgrade evidence.
dongxuelian2/strict-layer-proof-research:archive-by-series/20-DD-complete/DD-SA_R20_residual_tail_D_split_firewall.md	research/denominator-structure/archive/dd-sa-r20-residual-tail-d-split-firewall.md	dongxuelian2/strict-layer-proof-research	canonical	exact-duplicate	Exact byte duplicate of the canonical target; this source path is retained as provenance and no second canonical copy is created. Kind is a navigation label based on file type, path, and title; it does not upgrade evidence.
dongxuelian2/strict-layer-proof-research:archive-by-series/20-DD-complete/DD-SA_stage_report_R1-R10.md	research/denominator-structure/archive/dd-sa-r1-r10.md	dongxuelian2/strict-layer-proof-research	canonical	exact-duplicate	Exact byte duplicate of the canonical target; this source path is retained as provenance and no second canonical copy is created. Kind is a navigation label based on file type, path, and title; it does not upgrade evidence.
dongxuelian2/strict-layer-proof-research:archive-by-series/20-DD-complete/strict_layer_DD_error_closure_campaign.md	research/denominator-structure/dd-error-closure.md	dongxuelian2/strict-layer-proof-research	deduplicated	exact-duplicate	Exact byte duplicate of the canonical target; this source path is retained as provenance and no second canonical copy is created. Kind is a navigation label based on file type, path, and title; it does not upgrade evidence.
dongxuelian2/strict-layer-proof-research:archive-by-series/20-DD-complete/strict_layer_DD_independence_audit.md	research/denominator-structure/dd-independence-audit.md	dongxuelian2/strict-layer-proof-research	deduplicated	exact-duplicate	Exact byte duplicate of the canonical target; this source path is retained as provenance and no second canonical copy is created. Kind is a navigation label based on file type, path, and title; it does not upgrade evidence.
dongxuelian2/strict-layer-proof-research:archive-by-series/20-DD-complete/strict_layer_DD_orientation_recovery_campaign.md	research/denominator-structure/dd-orientation-recovery.md	dongxuelian2/strict-layer-proof-research	deduplicated	exact-duplicate	Exact byte duplicate of the canonical target; this source path is retained as provenance and no second canonical copy is created. Kind is a navigation label based on file type, path, and title; it does not upgrade evidence.
dongxuelian2/strict-layer-proof-research:archive-by-series/20-DD-complete/strict_layer_DD_oriented_tail_window_campaign.md	research/denominator-structure/dd-oriented-tail-window.md	dongxuelian2/strict-layer-proof-research	deduplicated	exact-duplicate	Exact byte duplicate of the canonical target; this source path is retained as provenance and no second canonical copy is created. Kind is a navigation label based on file type, path, and title; it does not upgrade evidence.
dongxuelian2/strict-layer-proof-research:archive-by-series/20-DD-complete/strict_layer_DD_post_deflation_campaign.md	research/denominator-structure/dd-post-deflation.md	dongxuelian2/strict-layer-proof-research	deduplicated	exact-duplicate	Exact byte duplicate of the canonical target; this source path is retained as provenance and no second canonical copy is created. Kind is a navigation label based on file type, path, and title; it does not upgrade evidence.
dongxuelian2/strict-layer-proof-research:archive-by-series/20-DD-complete/strict_layer_DD_source_phase_information_audit.md	research/denominator-structure/dd-source-information-audit.md	dongxuelian2/strict-layer-proof-research	deduplicated	exact-duplicate	Exact byte duplicate of the canonical target; this source path is retained as provenance and no second canonical copy is created. Kind is a navigation label based on file type, path, and title; it does not upgrade evidence.
dongxuelian2/strict-layer-proof-research:archive-by-series/20-DD-complete/strict_layer_DD_supply_phase_synchronization_campaign.md	research/denominator-structure/dd-supply-synchronization.md	dongxuelian2/strict-layer-proof-research	deduplicated	exact-duplicate	Exact byte duplicate of the canonical target; this source path is retained as provenance and no second canonical copy is created. Kind is a navigation label based on file type, path, and title; it does not upgrade evidence.
dongxuelian2/strict-layer-proof-research:archive-by-series/30-A1-pre-J2/strict_layer_A1_RU_H_first_candidate_excess_campaign.md	research/a1/forward/archive/a1-ru-h-first-candidate-excess.md	dongxuelian2/strict-layer-proof-research	canonical	exact-duplicate	Exact byte duplicate of the canonical target; this source path is retained as provenance and no second canonical copy is created. Kind is a navigation label based on file type, path, and title; it does not upgrade evidence.
dongxuelian2/strict-layer-proof-research:archive-by-series/30-A1-pre-J2/strict_layer_A1_SRCU_regression.py	research/archive/strict-layer-proof-research/archive-by-series/30-A1-pre-J2/strict_layer_A1_SRCU_regression.py	dongxuelian2/strict-layer-proof-research	archived	source-only	Source-only bytes preserved once at the canonical target under the frozen archive boundary; original source path remains an alias. Kind is a navigation label based on file type, path, and title; it does not upgrade evidence.
dongxuelian2/strict-layer-proof-research:archive-by-series/30-A1-pre-J2/strict_layer_A1_SRCU_state_after_campaign.md	research/a1/state/a1-srcu-state-after.md	dongxuelian2/strict-layer-proof-research	deduplicated	exact-duplicate	Exact byte duplicate of the canonical target; this source path is retained as provenance and no second canonical copy is created. Kind is a navigation label based on file type, path, and title; it does not upgrade evidence.
dongxuelian2/strict-layer-proof-research:archive-by-series/30-A1-pre-J2/strict_layer_A1_SRUS_state_after_resonance_transition_campaign.md	research/a1/forward/archive/a1-srus-state-after-resonance-transition.md	dongxuelian2/strict-layer-proof-research	canonical	exact-duplicate	Exact byte duplicate of the canonical target; this source path is retained as provenance and no second canonical copy is created. Kind is a navigation label based on file type, path, and title; it does not upgrade evidence.
dongxuelian2/strict-layer-proof-research:archive-by-series/30-A1-pre-J2/strict_layer_A1_double_euclidean_smith_gcd_terminal_campaign.md	research/a1/forward/a1-double-euclidean-smith-gcd-terminal.md	dongxuelian2/strict-layer-proof-research	deduplicated	exact-duplicate	Exact byte duplicate of the canonical target; this source path is retained as provenance and no second canonical copy is created. Kind is a navigation label based on file type, path, and title; it does not upgrade evidence.
dongxuelian2/strict-layer-proof-research:archive-by-series/30-A1-pre-J2/strict_layer_A1_double_euclidean_word_smith_terminal_campaign.md	research/a1/forward/a1-double-euclidean-word-smith-terminal.md	dongxuelian2/strict-layer-proof-research	deduplicated	exact-duplicate	Exact byte duplicate of the canonical target; this source path is retained as provenance and no second canonical copy is created. Kind is a navigation label based on file type, path, and title; it does not upgrade evidence.
dongxuelian2/strict-layer-proof-research:archive-by-series/30-A1-pre-J2/strict_layer_A1_endpoint_quotient_integer_alignment_campaign.md	research/a1/forward/archive/a1-endpoint-quotient-integer-alignment.md	dongxuelian2/strict-layer-proof-research	canonical	exact-duplicate	Exact byte duplicate of the canonical target; this source path is retained as provenance and no second canonical copy is created. Kind is a navigation label based on file type, path, and title; it does not upgrade evidence.
dongxuelian2/strict-layer-proof-research:archive-by-series/30-A1-pre-J2/strict_layer_A1_exact_mantissa_defect_quotient_campaign.md	research/a1/forward/a1-exact-mantissa-defect-quotient.md	dongxuelian2/strict-layer-proof-research	deduplicated	exact-duplicate	Exact byte duplicate of the canonical target; this source path is retained as provenance and no second canonical copy is created. Kind is a navigation label based on file type, path, and title; it does not upgrade evidence.
dongxuelian2/strict-layer-proof-research:archive-by-series/30-A1-pre-J2/strict_layer_A1_exact_word_state_after_double_euclidean_campaign.md	research/a1/state/a1-exact-word-state-after-double-euclidean.md	dongxuelian2/strict-layer-proof-research	deduplicated	exact-duplicate	Exact byte duplicate of the canonical target; this source path is retained as provenance and no second canonical copy is created. Kind is a navigation label based on file type, path, and title; it does not upgrade evidence.
dongxuelian2/strict-layer-proof-research:archive-by-series/30-A1-pre-J2/strict_layer_A1_flat_locus_structural_elimination_campaign.md	research/a1/forward/a1-flat-locus-structural-elimination.md	dongxuelian2/strict-layer-proof-research	deduplicated	exact-duplicate	Exact byte duplicate of the canonical target; this source path is retained as provenance and no second canonical copy is created. Kind is a navigation label based on file type, path, and title; it does not upgrade evidence.
dongxuelian2/strict-layer-proof-research:archive-by-series/30-A1-pre-J2/strict_layer_A1_generic_primitive_defect_synchronization_campaign.md	research/a1/forward/a1-generic-primitive-defect-synchronization.md	dongxuelian2/strict-layer-proof-research	deduplicated	exact-duplicate	Exact byte duplicate of the canonical target; this source path is retained as provenance and no second canonical copy is created. Kind is a navigation label based on file type, path, and title; it does not upgrade evidence.
dongxuelian2/strict-layer-proof-research:archive-by-series/30-A1-pre-J2/strict_layer_A1_iterated_smith_coprime_radial_exclusion_campaign.md	research/a1/forward/a1-iterated-smith-coprime-radial-exclusion.md	dongxuelian2/strict-layer-proof-research	deduplicated	exact-duplicate	Exact byte duplicate of the canonical target; this source path is retained as provenance and no second canonical copy is created. Kind is a navigation label based on file type, path, and title; it does not upgrade evidence.
dongxuelian2/strict-layer-proof-research:archive-by-series/30-A1-pre-J2/strict_layer_A1_moving_core_decimal_translation_global_campaign.md	research/a1/forward/a1-moving-core-decimal-translation-global.md	dongxuelian2/strict-layer-proof-research	deduplicated	exact-duplicate	Exact byte duplicate of the canonical target; this source path is retained as provenance and no second canonical copy is created. Kind is a navigation label based on file type, path, and title; it does not upgrade evidence.
dongxuelian2/strict-layer-proof-research:archive-by-series/30-A1-pre-J2/strict_layer_A1_moving_profile_coprime_integer_scale_campaign.md	research/a1/forward/a1-moving-profile-coprime-integer-scale.md	dongxuelian2/strict-layer-proof-research	deduplicated	exact-duplicate	Exact byte duplicate of the canonical target; this source path is retained as provenance and no second canonical copy is created. Kind is a navigation label based on file type, path, and title; it does not upgrade evidence.
dongxuelian2/strict-layer-proof-research:archive-by-series/30-A1-pre-J2/strict_layer_A1_primitive_conic_common_U_digit_window_campaign.md	research/a1/forward/a1-primitive-conic-common-u-digit-window.md	dongxuelian2/strict-layer-proof-research	deduplicated	exact-duplicate	Exact byte duplicate of the canonical target; this source path is retained as provenance and no second canonical copy is created. Kind is a navigation label based on file type, path, and title; it does not upgrade evidence.
dongxuelian2/strict-layer-proof-research:archive-by-series/30-A1-pre-J2/strict_layer_A1_radial_gate_scan.py	research/archive/strict-layer-proof-research/archive-by-series/30-A1-pre-J2/strict_layer_A1_radial_gate_scan.py	dongxuelian2/strict-layer-proof-research	archived	source-only	Source-only bytes preserved once at the canonical target under the frozen archive boundary; original source path remains an alias. Kind is a navigation label based on file type, path, and title; it does not upgrade evidence.
dongxuelian2/strict-layer-proof-research:archive-by-series/30-A1-pre-J2/strict_layer_A1_radial_gate_scan_output.txt	research/a1/forward/computations/radial-gate-scan-output.txt	dongxuelian2/strict-layer-proof-research	deduplicated	exact-duplicate	Exact byte duplicate of the canonical target; this source path is retained as provenance and no second canonical copy is created. Kind is a navigation label based on file type, path, and title; it does not upgrade evidence.
dongxuelian2/strict-layer-proof-research:archive-by-series/30-A1-pre-J2/strict_layer_A1_resonance_RGCD_overload_extinction_campaign.md	research/a1/forward/archive/a1-resonance-rgcd-overload-extinction.md	dongxuelian2/strict-layer-proof-research	canonical	exact-duplicate	Exact byte duplicate of the canonical target; this source path is retained as provenance and no second canonical copy is created. Kind is a navigation label based on file type, path, and title; it does not upgrade evidence.
dongxuelian2/strict-layer-proof-research:archive-by-series/30-A1-pre-J2/strict_layer_A1_resonance_state_after_RGCD_campaign.md	research/a1/forward/archive/a1-resonance-state-after-rgcd.md	dongxuelian2/strict-layer-proof-research	canonical	exact-duplicate	Exact byte duplicate of the canonical target; this source path is retained as provenance and no second canonical copy is created. Kind is a navigation label based on file type, path, and title; it does not upgrade evidence.
dongxuelian2/strict-layer-proof-research:archive-by-series/30-A1-pre-J2/strict_layer_A1_resonant_transition_reduced_fraction_unit_exclusion_campaign.md	research/a1/forward/archive/a1-resonant-transition-reduced-fraction-unit-exclusion.md	dongxuelian2/strict-layer-proof-research	canonical	exact-duplicate	Exact byte duplicate of the canonical target; this source path is retained as provenance and no second canonical copy is created. Kind is a navigation label based on file type, path, and title; it does not upgrade evidence.
dongxuelian2/strict-layer-proof-research:archive-by-series/30-A1-pre-J2/strict_layer_A1_smith_reduced_common_U_exclusion_campaign.md	research/a1/forward/a1-smith-reduced-common-u-exclusion.md	dongxuelian2/strict-layer-proof-research	deduplicated	exact-duplicate	Exact byte duplicate of the canonical target; this source path is retained as provenance and no second canonical copy is created. Kind is a navigation label based on file type, path, and title; it does not upgrade evidence.
dongxuelian2/strict-layer-proof-research:archive-by-series/30-A1-pre-J2/strict_layer_A1_unified_moving_profile_terminal_campaign.md	research/a1/forward/a1-unified-moving-profile-terminal.md	dongxuelian2/strict-layer-proof-research	deduplicated	exact-duplicate	Exact byte duplicate of the canonical target; this source path is retained as provenance and no second canonical copy is created. Kind is a navigation label based on file type, path, and title; it does not upgrade evidence.
dongxuelian2/strict-layer-proof-research:archive-by-series/30-A1-pre-J2/strict_layer_A1_unified_state_after_long_campaign.md	research/a1/state/a1-unified-state-after-long.md	dongxuelian2/strict-layer-proof-research	deduplicated	exact-duplicate	Exact byte duplicate of the canonical target; this source path is retained as provenance and no second canonical copy is created. Kind is a navigation label based on file type, path, and title; it does not upgrade evidence.
dongxuelian2/strict-layer-proof-research:archive-by-series/30-A1-pre-J2/strict_layer_A1_unified_terminal_checks.py	research/archive/strict-layer-proof-research/archive-by-series/30-A1-pre-J2/strict_layer_A1_unified_terminal_checks.py	dongxuelian2/strict-layer-proof-research	archived	source-only	Source-only bytes preserved once at the canonical target under the frozen archive boundary; original source path remains an alias. Kind is a navigation label based on file type, path, and title; it does not upgrade evidence.
dongxuelian2/strict-layer-proof-research:archive-by-series/30-A1-pre-J2/strict_layer_backward_A1_2x5_decimal_synchronization_campaign.md	research/a1/backward/backward-a1-2x5-decimal-synchronization.md	dongxuelian2/strict-layer-proof-research	deduplicated	exact-duplicate	Exact byte duplicate of the canonical target; this source path is retained as provenance and no second canonical copy is created. Kind is a navigation label based on file type, path, and title; it does not upgrade evidence.
dongxuelian2/strict-layer-proof-research:archive-by-series/30-A1-pre-J2/strict_layer_backward_A1_5phase_cut_synchronization_campaign.md	research/a1/backward/backward-a1-5phase-cut-synchronization.md	dongxuelian2/strict-layer-proof-research	deduplicated	exact-duplicate	Exact byte duplicate of the canonical target; this source path is retained as provenance and no second canonical copy is created. Kind is a navigation label based on file type, path, and title; it does not upgrade evidence.
dongxuelian2/strict-layer-proof-research:archive-by-series/30-A1-pre-J2/strict_layer_backward_A1_common_U_pullback_primitive_radial_gluing_campaign.md	research/a1/backward/backward-a1-common-u-pullback-primitive-radial-gluing.md	dongxuelian2/strict-layer-proof-research	deduplicated	exact-duplicate	Exact byte duplicate of the canonical target; this source path is retained as provenance and no second canonical copy is created. Kind is a navigation label based on file type, path, and title; it does not upgrade evidence.
dongxuelian2/strict-layer-proof-research:archive-by-series/30-A1-pre-J2/strict_layer_backward_A1_same_cut_norm_excess_campaign.md	research/a1/backward/backward-a1-same-cut-norm-excess.md	dongxuelian2/strict-layer-proof-research	deduplicated	exact-duplicate	Exact byte duplicate of the canonical target; this source path is retained as provenance and no second canonical copy is created. Kind is a navigation label based on file type, path, and title; it does not upgrade evidence.
dongxuelian2/strict-layer-proof-research:archive-by-series/30-A1-pre-J2/strict_layer_backward_A1_word_recovery_architecture_campaign.md	research/a1/backward/backward-a1-word-recovery-architecture.md	dongxuelian2/strict-layer-proof-research	deduplicated	exact-duplicate	Exact byte duplicate of the canonical target; this source path is retained as provenance and no second canonical copy is created. Kind is a navigation label based on file type, path, and title; it does not upgrade evidence.
dongxuelian2/strict-layer-proof-research:archive-by-series/40-A1-J2-plans-01-10/A1_J2_CQLRC8_Report.md	research/a1/j2/records/cqlrc8.md	dongxuelian2/strict-layer-proof-research	canonical	exact-duplicate	Exact byte duplicate of the canonical target; this source path is retained as provenance and no second canonical copy is created. Kind is a navigation label based on file type, path, and title; it does not upgrade evidence.
dongxuelian2/strict-layer-proof-research:archive-by-series/40-A1-J2-plans-01-10/A1_J2_CQLRC8_certificate.txt	research/archive/strict-layer-proof-research/archive-by-series/40-A1-J2-plans-01-10/A1_J2_CQLRC8_certificate.txt	dongxuelian2/strict-layer-proof-research	archived	source-only	Source-only bytes preserved once at the canonical target under the frozen archive boundary; original source path remains an alias. Kind is a navigation label based on file type, path, and title; it does not upgrade evidence.
dongxuelian2/strict-layer-proof-research:archive-by-series/40-A1-J2-plans-01-10/A1_J2_CQLRC8_quotient.py	research/archive/strict-layer-proof-research/archive-by-series/40-A1-J2-plans-01-10/A1_J2_CQLRC8_quotient.py	dongxuelian2/strict-layer-proof-research	archived	source-only	Source-only bytes preserved once at the canonical target under the frozen archive boundary; original source path remains an alias. Kind is a navigation label based on file type, path, and title; it does not upgrade evidence.
dongxuelian2/strict-layer-proof-research:archive-by-series/40-A1-J2-plans-01-10/A1_J2_CQLRC8_root.py	research/archive/strict-layer-proof-research/archive-by-series/40-A1-J2-plans-01-10/A1_J2_CQLRC8_root.py	dongxuelian2/strict-layer-proof-research	archived	source-only	Source-only bytes preserved once at the canonical target under the frozen archive boundary; original source path remains an alias. Kind is a navigation label based on file type, path, and title; it does not upgrade evidence.
dongxuelian2/strict-layer-proof-research:archive-by-series/40-A1-J2-plans-01-10/A1_J2_CQLRC8_search.py	research/archive/strict-layer-proof-research/archive-by-series/40-A1-J2-plans-01-10/A1_J2_CQLRC8_search.py	dongxuelian2/strict-layer-proof-research	archived	source-only	Source-only bytes preserved once at the canonical target under the frozen archive boundary; original source path remains an alias. Kind is a navigation label based on file type, path, and title; it does not upgrade evidence.
dongxuelian2/strict-layer-proof-research:archive-by-series/40-A1-J2-plans-01-10/A1_J2_CQLRC8_search_certificate.txt	research/archive/strict-layer-proof-research/archive-by-series/40-A1-J2-plans-01-10/A1_J2_CQLRC8_search_certificate.txt	dongxuelian2/strict-layer-proof-research	archived	source-only	Source-only bytes preserved once at the canonical target under the frozen archive boundary; original source path remains an alias. Kind is a navigation label based on file type, path, and title; it does not upgrade evidence.
dongxuelian2/strict-layer-proof-research:archive-by-series/40-A1-J2-plans-01-10/A1_J2_CZDR_Report.md	research/a1/j2/records/czdr.md	dongxuelian2/strict-layer-proof-research	canonical	exact-duplicate	Exact byte duplicate of the canonical target; this source path is retained as provenance and no second canonical copy is created. Kind is a navigation label based on file type, path, and title; it does not upgrade evidence.
dongxuelian2/strict-layer-proof-research:archive-by-series/40-A1-J2-plans-01-10/A1_J2_CZDR_certificate.txt	research/archive/strict-layer-proof-research/archive-by-series/40-A1-J2-plans-01-10/A1_J2_CZDR_certificate.txt	dongxuelian2/strict-layer-proof-research	archived	source-only	Source-only bytes preserved once at the canonical target under the frozen archive boundary; original source path remains an alias. Kind is a navigation label based on file type, path, and title; it does not upgrade evidence.
dongxuelian2/strict-layer-proof-research:archive-by-series/40-A1-J2-plans-01-10/A1_J2_CZDR_search.py	research/archive/strict-layer-proof-research/archive-by-series/40-A1-J2-plans-01-10/A1_J2_CZDR_search.py	dongxuelian2/strict-layer-proof-research	archived	source-only	Source-only bytes preserved once at the canonical target under the frozen archive boundary; original source path remains an alias. Kind is a navigation label based on file type, path, and title; it does not upgrade evidence.
dongxuelian2/strict-layer-proof-research:archive-by-series/40-A1-J2-plans-01-10/A1_J2_DCDC5_Report.md	research/a1/j2/records/dcdc5.md	dongxuelian2/strict-layer-proof-research	canonical	exact-duplicate	Exact byte duplicate of the canonical target; this source path is retained as provenance and no second canonical copy is created. Kind is a navigation label based on file type, path, and title; it does not upgrade evidence.
dongxuelian2/strict-layer-proof-research:archive-by-series/40-A1-J2-plans-01-10/A1_J2_DCDC5_certificate.txt	research/archive/strict-layer-proof-research/archive-by-series/40-A1-J2-plans-01-10/A1_J2_DCDC5_certificate.txt	dongxuelian2/strict-layer-proof-research	archived	source-only	Source-only bytes preserved once at the canonical target under the frozen archive boundary; original source path remains an alias. Kind is a navigation label based on file type, path, and title; it does not upgrade evidence.
dongxuelian2/strict-layer-proof-research:archive-by-series/40-A1-J2-plans-01-10/A1_J2_DCDC5_search.py	research/archive/strict-layer-proof-research/archive-by-series/40-A1-J2-plans-01-10/A1_J2_DCDC5_search.py	dongxuelian2/strict-layer-proof-research	archived	source-only	Source-only bytes preserved once at the canonical target under the frozen archive boundary; original source path remains an alias. Kind is a navigation label based on file type, path, and title; it does not upgrade evidence.
dongxuelian2/strict-layer-proof-research:archive-by-series/40-A1-J2-plans-01-10/A1_J2_FQTR6_L5_certificate.txt	research/archive/strict-layer-proof-research/archive-by-series/40-A1-J2-plans-01-10/A1_J2_FQTR6_L5_certificate.txt	dongxuelian2/strict-layer-proof-research	archived	source-only	Source-only bytes preserved once at the canonical target under the frozen archive boundary; original source path remains an alias. Kind is a navigation label based on file type, path, and title; it does not upgrade evidence.
dongxuelian2/strict-layer-proof-research:archive-by-series/40-A1-J2-plans-01-10/A1_J2_FQTR6_Report.md	research/a1/j2/records/fqtr6.md	dongxuelian2/strict-layer-proof-research	canonical	exact-duplicate	Exact byte duplicate of the canonical target; this source path is retained as provenance and no second canonical copy is created. Kind is a navigation label based on file type, path, and title; it does not upgrade evidence.
dongxuelian2/strict-layer-proof-research:archive-by-series/40-A1-J2-plans-01-10/A1_J2_FQTR6_certificate.txt	research/archive/strict-layer-proof-research/archive-by-series/40-A1-J2-plans-01-10/A1_J2_FQTR6_certificate.txt	dongxuelian2/strict-layer-proof-research	archived	source-only	Source-only bytes preserved once at the canonical target under the frozen archive boundary; original source path remains an alias. Kind is a navigation label based on file type, path, and title; it does not upgrade evidence.
dongxuelian2/strict-layer-proof-research:archive-by-series/40-A1-J2-plans-01-10/A1_J2_FQTR6_search.py	research/archive/strict-layer-proof-research/archive-by-series/40-A1-J2-plans-01-10/A1_J2_FQTR6_search.py	dongxuelian2/strict-layer-proof-research	archived	source-only	Source-only bytes preserved once at the canonical target under the frozen archive boundary; original source path remains an alias. Kind is a navigation label based on file type, path, and title; it does not upgrade evidence.
dongxuelian2/strict-layer-proof-research:archive-by-series/40-A1-J2-plans-01-10/A1_J2_FQTR6_symbolic.py	research/archive/strict-layer-proof-research/archive-by-series/40-A1-J2-plans-01-10/A1_J2_FQTR6_symbolic.py	dongxuelian2/strict-layer-proof-research	archived	source-only	Source-only bytes preserved once at the canonical target under the frozen archive boundary; original source path remains an alias. Kind is a navigation label based on file type, path, and title; it does not upgrade evidence.
dongxuelian2/strict-layer-proof-research:archive-by-series/40-A1-J2-plans-01-10/A1_J2_GRFC9_Report.md	research/a1/j2/records/grfc9.md	dongxuelian2/strict-layer-proof-research	canonical	exact-duplicate	Exact byte duplicate of the canonical target; this source path is retained as provenance and no second canonical copy is created. Kind is a navigation label based on file type, path, and title; it does not upgrade evidence.
dongxuelian2/strict-layer-proof-research:archive-by-series/40-A1-J2-plans-01-10/A1_J2_GRFC9_certificate.txt	research/archive/strict-layer-proof-research/archive-by-series/40-A1-J2-plans-01-10/A1_J2_GRFC9_certificate.txt	dongxuelian2/strict-layer-proof-research	archived	source-only	Source-only bytes preserved once at the canonical target under the frozen archive boundary; original source path remains an alias. Kind is a navigation label based on file type, path, and title; it does not upgrade evidence.
dongxuelian2/strict-layer-proof-research:archive-by-series/40-A1-J2-plans-01-10/A1_J2_GRFC9_dependency.py	research/archive/strict-layer-proof-research/archive-by-series/40-A1-J2-plans-01-10/A1_J2_GRFC9_dependency.py	dongxuelian2/strict-layer-proof-research	archived	source-only	Source-only bytes preserved once at the canonical target under the frozen archive boundary; original source path remains an alias. Kind is a navigation label based on file type, path, and title; it does not upgrade evidence.
dongxuelian2/strict-layer-proof-research:archive-by-series/40-A1-J2-plans-01-10/A1_J2_GRFC9_equivalence_certificate.txt	research/archive/strict-layer-proof-research/archive-by-series/40-A1-J2-plans-01-10/A1_J2_GRFC9_equivalence_certificate.txt	dongxuelian2/strict-layer-proof-research	archived	source-only	Source-only bytes preserved once at the canonical target under the frozen archive boundary; original source path remains an alias. Kind is a navigation label based on file type, path, and title; it does not upgrade evidence.
dongxuelian2/strict-layer-proof-research:archive-by-series/40-A1-J2-plans-01-10/A1_J2_GRFC9_factor.py	research/archive/strict-layer-proof-research/archive-by-series/40-A1-J2-plans-01-10/A1_J2_GRFC9_factor.py	dongxuelian2/strict-layer-proof-research	archived	source-only	Source-only bytes preserved once at the canonical target under the frozen archive boundary; original source path remains an alias. Kind is a navigation label based on file type, path, and title; it does not upgrade evidence.
dongxuelian2/strict-layer-proof-research:archive-by-series/40-A1-J2-plans-01-10/A1_J2_GRFC9_search.py	research/archive/strict-layer-proof-research/archive-by-series/40-A1-J2-plans-01-10/A1_J2_GRFC9_search.py	dongxuelian2/strict-layer-proof-research	archived	source-only	Source-only bytes preserved once at the canonical target under the frozen archive boundary; original source path remains an alias. Kind is a navigation label based on file type, path, and title; it does not upgrade evidence.
dongxuelian2/strict-layer-proof-research:archive-by-series/40-A1-J2-plans-01-10/A1_J2_L2_certificate.txt	research/archive/strict-layer-proof-research/archive-by-series/40-A1-J2-plans-01-10/A1_J2_L2_certificate.txt	dongxuelian2/strict-layer-proof-research	archived	source-only	Source-only bytes preserved once at the canonical target under the frozen archive boundary; original source path remains an alias. Kind is a navigation label based on file type, path, and title; it does not upgrade evidence.
dongxuelian2/strict-layer-proof-research:archive-by-series/40-A1-J2-plans-01-10/A1_J2_NRSEC_Report.md	research/a1/j2/records/nrsec.md	dongxuelian2/strict-layer-proof-research	canonical	exact-duplicate	Exact byte duplicate of the canonical target; this source path is retained as provenance and no second canonical copy is created. Kind is a navigation label based on file type, path, and title; it does not upgrade evidence.
dongxuelian2/strict-layer-proof-research:archive-by-series/40-A1-J2-plans-01-10/A1_J2_NRSEC_certificate.txt	research/archive/strict-layer-proof-research/archive-by-series/40-A1-J2-plans-01-10/A1_J2_NRSEC_certificate.txt	dongxuelian2/strict-layer-proof-research	archived	source-only	Source-only bytes preserved once at the canonical target under the frozen archive boundary; original source path remains an alias. Kind is a navigation label based on file type, path, and title; it does not upgrade evidence.
dongxuelian2/strict-layer-proof-research:archive-by-series/40-A1-J2-plans-01-10/A1_J2_NRSEC_search.py	research/archive/strict-layer-proof-research/archive-by-series/40-A1-J2-plans-01-10/A1_J2_NRSEC_search.py	dongxuelian2/strict-layer-proof-research	archived	source-only	Source-only bytes preserved once at the canonical target under the frozen archive boundary; original source path remains an alias. Kind is a navigation label based on file type, path, and title; it does not upgrade evidence.
dongxuelian2/strict-layer-proof-research:archive-by-series/40-A1-J2-plans-01-10/A1_J2_PRCC10_Aroot.py	research/archive/strict-layer-proof-research/archive-by-series/40-A1-J2-plans-01-10/A1_J2_PRCC10_Aroot.py	dongxuelian2/strict-layer-proof-research	archived	source-only	Source-only bytes preserved once at the canonical target under the frozen archive boundary; original source path remains an alias. Kind is a navigation label based on file type, path, and title; it does not upgrade evidence.
dongxuelian2/strict-layer-proof-research:archive-by-series/40-A1-J2-plans-01-10/A1_J2_PRCC10_CRT.py	research/archive/strict-layer-proof-research/archive-by-series/40-A1-J2-plans-01-10/A1_J2_PRCC10_CRT.py	dongxuelian2/strict-layer-proof-research	archived	source-only	Source-only bytes preserved once at the canonical target under the frozen archive boundary; original source path remains an alias. Kind is a navigation label based on file type, path, and title; it does not upgrade evidence.
dongxuelian2/strict-layer-proof-research:archive-by-series/40-A1-J2-plans-01-10/A1_J2_PRCC10_Report.md	research/a1/j2/records/prcc10.md	dongxuelian2/strict-layer-proof-research	canonical	exact-duplicate	Exact byte duplicate of the canonical target; this source path is retained as provenance and no second canonical copy is created. Kind is a navigation label based on file type, path, and title; it does not upgrade evidence.
dongxuelian2/strict-layer-proof-research:archive-by-series/40-A1-J2-plans-01-10/A1_J2_PRCC10_certificate.txt	research/archive/strict-layer-proof-research/archive-by-series/40-A1-J2-plans-01-10/A1_J2_PRCC10_certificate.txt	dongxuelian2/strict-layer-proof-research	archived	source-only	Source-only bytes preserved once at the canonical target under the frozen archive boundary; original source path remains an alias. Kind is a navigation label based on file type, path, and title; it does not upgrade evidence.
dongxuelian2/strict-layer-proof-research:archive-by-series/40-A1-J2-plans-01-10/A1_J2_PRCC10_dependency.py	research/archive/strict-layer-proof-research/archive-by-series/40-A1-J2-plans-01-10/A1_J2_PRCC10_dependency.py	dongxuelian2/strict-layer-proof-research	archived	source-only	Source-only bytes preserved once at the canonical target under the frozen archive boundary; original source path remains an alias. Kind is a navigation label based on file type, path, and title; it does not upgrade evidence.
dongxuelian2/strict-layer-proof-research:archive-by-series/40-A1-J2-plans-01-10/A1_J2_PRCC10_dependency_certificate.txt	research/archive/strict-layer-proof-research/archive-by-series/40-A1-J2-plans-01-10/A1_J2_PRCC10_dependency_certificate.txt	dongxuelian2/strict-layer-proof-research	archived	source-only	Source-only bytes preserved once at the canonical target under the frozen archive boundary; original source path remains an alias. Kind is a navigation label based on file type, path, and title; it does not upgrade evidence.
dongxuelian2/strict-layer-proof-research:archive-by-series/40-A1-J2-plans-01-10/A1_J2_PRCC10_search.py	research/archive/strict-layer-proof-research/archive-by-series/40-A1-J2-plans-01-10/A1_J2_PRCC10_search.py	dongxuelian2/strict-layer-proof-research	archived	source-only	Source-only bytes preserved once at the canonical target under the frozen archive boundary; original source path remains an alias. Kind is a navigation label based on file type, path, and title; it does not upgrade evidence.
dongxuelian2/strict-layer-proof-research:archive-by-series/40-A1-J2-plans-01-10/A1_J2_PRCC10_search_certificate.txt	research/archive/strict-layer-proof-research/archive-by-series/40-A1-J2-plans-01-10/A1_J2_PRCC10_search_certificate.txt	dongxuelian2/strict-layer-proof-research	archived	source-only	Source-only bytes preserved once at the canonical target under the frozen archive boundary; original source path remains an alias. Kind is a navigation label based on file type, path, and title; it does not upgrade evidence.
dongxuelian2/strict-layer-proof-research:archive-by-series/40-A1-J2-plans-01-10/A1_J2_RCRF4_Report.md	research/a1/j2/records/rcrf4.md	dongxuelian2/strict-layer-proof-research	canonical	exact-duplicate	Exact byte duplicate of the canonical target; this source path is retained as provenance and no second canonical copy is created. Kind is a navigation label based on file type, path, and title; it does not upgrade evidence.
dongxuelian2/strict-layer-proof-research:archive-by-series/40-A1-J2-plans-01-10/A1_J2_RCRF4_certificate.txt	research/archive/strict-layer-proof-research/archive-by-series/40-A1-J2-plans-01-10/A1_J2_RCRF4_certificate.txt	dongxuelian2/strict-layer-proof-research	archived	source-only	Source-only bytes preserved once at the canonical target under the frozen archive boundary; original source path remains an alias. Kind is a navigation label based on file type, path, and title; it does not upgrade evidence.
dongxuelian2/strict-layer-proof-research:archive-by-series/40-A1-J2-plans-01-10/A1_J2_RCRF4_search.py	research/archive/strict-layer-proof-research/archive-by-series/40-A1-J2-plans-01-10/A1_J2_RCRF4_search.py	dongxuelian2/strict-layer-proof-research	archived	source-only	Source-only bytes preserved once at the canonical target under the frozen archive boundary; original source path remains an alias. Kind is a navigation label based on file type, path, and title; it does not upgrade evidence.
dongxuelian2/strict-layer-proof-research:archive-by-series/40-A1-J2-plans-01-10/A1_J2_TLRC7_Report.md	research/a1/j2/records/tlrc7.md	dongxuelian2/strict-layer-proof-research	canonical	exact-duplicate	Exact byte duplicate of the canonical target; this source path is retained as provenance and no second canonical copy is created. Kind is a navigation label based on file type, path, and title; it does not upgrade evidence.
dongxuelian2/strict-layer-proof-research:archive-by-series/40-A1-J2-plans-01-10/A1_J2_TLRC7_certificate.txt	research/archive/strict-layer-proof-research/archive-by-series/40-A1-J2-plans-01-10/A1_J2_TLRC7_certificate.txt	dongxuelian2/strict-layer-proof-research	archived	source-only	Source-only bytes preserved once at the canonical target under the frozen archive boundary; original source path remains an alias. Kind is a navigation label based on file type, path, and title; it does not upgrade evidence.
dongxuelian2/strict-layer-proof-research:archive-by-series/40-A1-J2-plans-01-10/A1_J2_TLRC7_local.py	research/archive/strict-layer-proof-research/archive-by-series/40-A1-J2-plans-01-10/A1_J2_TLRC7_local.py	dongxuelian2/strict-layer-proof-research	archived	source-only	Source-only bytes preserved once at the canonical target under the frozen archive boundary; original source path remains an alias. Kind is a navigation label based on file type, path, and title; it does not upgrade evidence.
dongxuelian2/strict-layer-proof-research:archive-by-series/40-A1-J2-plans-01-10/A1_J2_TLRC7_search.py	research/archive/strict-layer-proof-research/archive-by-series/40-A1-J2-plans-01-10/A1_J2_TLRC7_search.py	dongxuelian2/strict-layer-proof-research	archived	source-only	Source-only bytes preserved once at the canonical target under the frozen archive boundary; original source path remains an alias. Kind is a navigation label based on file type, path, and title; it does not upgrade evidence.
dongxuelian2/strict-layer-proof-research:archive-by-series/40-A1-J2-plans-01-10/A1_J2_TLRC7_search_certificate.txt	research/archive/strict-layer-proof-research/archive-by-series/40-A1-J2-plans-01-10/A1_J2_TLRC7_search_certificate.txt	dongxuelian2/strict-layer-proof-research	archived	source-only	Source-only bytes preserved once at the canonical target under the frozen archive boundary; original source path remains an alias. Kind is a navigation label based on file type, path, and title; it does not upgrade evidence.
dongxuelian2/strict-layer-proof-research:archive-by-series/40-A1-J2-plans-01-10/A1_J2_TLRC7_symbolic.py	research/archive/strict-layer-proof-research/archive-by-series/40-A1-J2-plans-01-10/A1_J2_TLRC7_symbolic.py	dongxuelian2/strict-layer-proof-research	archived	source-only	Source-only bytes preserved once at the canonical target under the frozen archive boundary; original source path remains an alias. Kind is a navigation label based on file type, path, and title; it does not upgrade evidence.
dongxuelian2/strict-layer-proof-research:archive-by-series/50-J2-55/J2-55-R1-A-Root-Lift-Report.md	research/a1/j2/records/a-root-lift.md	dongxuelian2/strict-layer-proof-research	canonical	exact-duplicate	Exact byte duplicate of the canonical target; this source path is retained as provenance and no second canonical copy is created. Kind is a navigation label based on file type, path, and title; it does not upgrade evidence.
dongxuelian2/strict-layer-proof-research:archive-by-series/50-J2-55/J2-55-R1-A-Root-Lift-SHA256.txt	research/archive/strict-layer-proof-research/archive-by-series/50-J2-55/J2-55-R1-A-Root-Lift-SHA256.txt	dongxuelian2/strict-layer-proof-research	archived	source-only	Source-only bytes preserved once at the canonical target under the frozen archive boundary; original source path remains an alias. Kind is a navigation label based on file type, path, and title; it does not upgrade evidence.
dongxuelian2/strict-layer-proof-research:archive-by-series/50-J2-55/J2-55-R1-A-Root-Lift-certificate.txt	research/archive/strict-layer-proof-research/archive-by-series/50-J2-55/J2-55-R1-A-Root-Lift-certificate.txt	dongxuelian2/strict-layer-proof-research	archived	source-only	Source-only bytes preserved once at the canonical target under the frozen archive boundary; original source path remains an alias. Kind is a navigation label based on file type, path, and title; it does not upgrade evidence.
dongxuelian2/strict-layer-proof-research:archive-by-series/50-J2-55/J2-55-R1-A-Root-Lift-symbolic.py	research/archive/strict-layer-proof-research/archive-by-series/50-J2-55/J2-55-R1-A-Root-Lift-symbolic.py	dongxuelian2/strict-layer-proof-research	archived	source-only	Source-only bytes preserved once at the canonical target under the frozen archive boundary; original source path remains an alias. Kind is a navigation label based on file type, path, and title; it does not upgrade evidence.
dongxuelian2/strict-layer-proof-research:archive-by-series/50-J2-55/J2-55-R10-HenselEdge.py	research/archive/strict-layer-proof-research/archive-by-series/50-J2-55/J2-55-R10-HenselEdge.py	dongxuelian2/strict-layer-proof-research	archived	source-only	Source-only bytes preserved once at the canonical target under the frozen archive boundary; original source path remains an alias. Kind is a navigation label based on file type, path, and title; it does not upgrade evidence.
dongxuelian2/strict-layer-proof-research:archive-by-series/50-J2-55/J2-55-R10-Tail-Reintegration-Third-Residual-Report.md	research/a1/j2/records/tail-reintegration-third-residual.md	dongxuelian2/strict-layer-proof-research	canonical	exact-duplicate	Exact byte duplicate of the canonical target; this source path is retained as provenance and no second canonical copy is created. Kind is a navigation label based on file type, path, and title; it does not upgrade evidence.
dongxuelian2/strict-layer-proof-research:archive-by-series/50-J2-55/J2-55-R10-TailReintegration-symbolic.py	research/archive/strict-layer-proof-research/archive-by-series/50-J2-55/J2-55-R10-TailReintegration-symbolic.py	dongxuelian2/strict-layer-proof-research	archived	source-only	Source-only bytes preserved once at the canonical target under the frozen archive boundary; original source path remains an alias. Kind is a navigation label based on file type, path, and title; it does not upgrade evidence.
dongxuelian2/strict-layer-proof-research:archive-by-series/50-J2-55/J2-55-R10-ThirdCore-height.py	research/archive/strict-layer-proof-research/archive-by-series/50-J2-55/J2-55-R10-ThirdCore-height.py	dongxuelian2/strict-layer-proof-research	archived	source-only	Source-only bytes preserved once at the canonical target under the frozen archive boundary; original source path remains an alias. Kind is a navigation label based on file type, path, and title; it does not upgrade evidence.
dongxuelian2/strict-layer-proof-research:archive-by-series/50-J2-55/J2-55-R10-ThirdResidual-search.py	research/archive/strict-layer-proof-research/archive-by-series/50-J2-55/J2-55-R10-ThirdResidual-search.py	dongxuelian2/strict-layer-proof-research	archived	source-only	Source-only bytes preserved once at the canonical target under the frozen archive boundary; original source path remains an alias. Kind is a navigation label based on file type, path, and title; it does not upgrade evidence.
dongxuelian2/strict-layer-proof-research:archive-by-series/50-J2-55/J2-55-R10-certificate.txt	research/archive/strict-layer-proof-research/archive-by-series/50-J2-55/J2-55-R10-certificate.txt	dongxuelian2/strict-layer-proof-research	archived	source-only	Source-only bytes preserved once at the canonical target under the frozen archive boundary; original source path remains an alias. Kind is a navigation label based on file type, path, and title; it does not upgrade evidence.
dongxuelian2/strict-layer-proof-research:archive-by-series/50-J2-55/J2-55-R10-lowk-closure.py	research/archive/strict-layer-proof-research/archive-by-series/50-J2-55/J2-55-R10-lowk-closure.py	dongxuelian2/strict-layer-proof-research	archived	source-only	Source-only bytes preserved once at the canonical target under the frozen archive boundary; original source path remains an alias. Kind is a navigation label based on file type, path, and title; it does not upgrade evidence.
dongxuelian2/strict-layer-proof-research:archive-by-series/50-J2-55/J2-55-R10-q1-reverse-closure.py	research/archive/strict-layer-proof-research/archive-by-series/50-J2-55/J2-55-R10-q1-reverse-closure.py	dongxuelian2/strict-layer-proof-research	archived	source-only	Source-only bytes preserved once at the canonical target under the frozen archive boundary; original source path remains an alias. Kind is a navigation label based on file type, path, and title; it does not upgrade evidence.
dongxuelian2/strict-layer-proof-research:archive-by-series/50-J2-55/J2-55-R10-q1-root-conic.txt	research/archive/strict-layer-proof-research/archive-by-series/50-J2-55/J2-55-R10-q1-root-conic.txt	dongxuelian2/strict-layer-proof-research	archived	source-only	Source-only bytes preserved once at the canonical target under the frozen archive boundary; original source path remains an alias. Kind is a navigation label based on file type, path, and title; it does not upgrade evidence.
dongxuelian2/strict-layer-proof-research:archive-by-series/50-J2-55/J2-55-R11-ConstantTerm-symbolic.py	research/archive/strict-layer-proof-research/archive-by-series/50-J2-55/J2-55-R11-ConstantTerm-symbolic.py	dongxuelian2/strict-layer-proof-research	archived	source-only	Source-only bytes preserved once at the canonical target under the frozen archive boundary; original source path remains an alias. Kind is a navigation label based on file type, path, and title; it does not upgrade evidence.
dongxuelian2/strict-layer-proof-research:archive-by-series/50-J2-55/J2-55-R11-Deterministic-u-Decimal-Cofactor-Report.md	research/a1/j2/records/deterministic-u-decimal-cofactor.md	dongxuelian2/strict-layer-proof-research	canonical	exact-duplicate	Exact byte duplicate of the canonical target; this source path is retained as provenance and no second canonical copy is created. Kind is a navigation label based on file type, path, and title; it does not upgrade evidence.
dongxuelian2/strict-layer-proof-research:archive-by-series/50-J2-55/J2-55-R11-GConstant-search.py	research/archive/strict-layer-proof-research/archive-by-series/50-J2-55/J2-55-R11-GConstant-search.py	dongxuelian2/strict-layer-proof-research	archived	source-only	Source-only bytes preserved once at the canonical target under the frozen archive boundary; original source path remains an alias. Kind is a navigation label based on file type, path, and title; it does not upgrade evidence.
dongxuelian2/strict-layer-proof-research:archive-by-series/50-J2-55/J2-55-R11-HenselCyclotomic.py	research/archive/strict-layer-proof-research/archive-by-series/50-J2-55/J2-55-R11-HenselCyclotomic.py	dongxuelian2/strict-layer-proof-research	archived	source-only	Source-only bytes preserved once at the canonical target under the frozen archive boundary; original source path remains an alias. Kind is a navigation label based on file type, path, and title; it does not upgrade evidence.
dongxuelian2/strict-layer-proof-research:archive-by-series/50-J2-55/J2-55-R11-ReverseRDescent.py	research/archive/strict-layer-proof-research/archive-by-series/50-J2-55/J2-55-R11-ReverseRDescent.py	dongxuelian2/strict-layer-proof-research	archived	source-only	Source-only bytes preserved once at the canonical target under the frozen archive boundary; original source path remains an alias. Kind is a navigation label based on file type, path, and title; it does not upgrade evidence.
dongxuelian2/strict-layer-proof-research:archive-by-series/50-J2-55/J2-55-R11-SHA256SUMS.txt	research/archive/strict-layer-proof-research/archive-by-series/50-J2-55/J2-55-R11-SHA256SUMS.txt	dongxuelian2/strict-layer-proof-research	archived	source-only	Source-only bytes preserved once at the canonical target under the frozen archive boundary; original source path remains an alias. Kind is a navigation label based on file type, path, and title; it does not upgrade evidence.
dongxuelian2/strict-layer-proof-research:archive-by-series/50-J2-55/J2-55-R11-certificate.txt	research/archive/strict-layer-proof-research/archive-by-series/50-J2-55/J2-55-R11-certificate.txt	dongxuelian2/strict-layer-proof-research	archived	source-only	Source-only bytes preserved once at the canonical target under the frozen archive boundary; original source path remains an alias. Kind is a navigation label based on file type, path, and title; it does not upgrade evidence.
dongxuelian2/strict-layer-proof-research:archive-by-series/50-J2-55/J2-55-R11-execution.log	research/archive/strict-layer-proof-research/archive-by-series/50-J2-55/J2-55-R11-execution.log	dongxuelian2/strict-layer-proof-research	archived	source-only	Source-only bytes preserved once at the canonical target under the frozen archive boundary; original source path remains an alias. Kind is a navigation label based on file type, path, and title; it does not upgrade evidence.
dongxuelian2/strict-layer-proof-research:archive-by-series/50-J2-55/J2-55-R11-q1-PrimitiveConic.py	research/archive/strict-layer-proof-research/archive-by-series/50-J2-55/J2-55-R11-q1-PrimitiveConic.py	dongxuelian2/strict-layer-proof-research	archived	source-only	Source-only bytes preserved once at the canonical target under the frozen archive boundary; original source path remains an alias. Kind is a navigation label based on file type, path, and title; it does not upgrade evidence.
dongxuelian2/strict-layer-proof-research:archive-by-series/50-J2-55/J2-55-R11-q1-norm.txt	research/archive/strict-layer-proof-research/archive-by-series/50-J2-55/J2-55-R11-q1-norm.txt	dongxuelian2/strict-layer-proof-research	archived	source-only	Source-only bytes preserved once at the canonical target under the frozen archive boundary; original source path remains an alias. Kind is a navigation label based on file type, path, and title; it does not upgrade evidence.
dongxuelian2/strict-layer-proof-research:archive-by-series/50-J2-55/J2-55-R12-Carry-Saturated-Root-Gaussian-Report.md	research/a1/j2/records/carry-saturated-root-gaussian.md	dongxuelian2/strict-layer-proof-research	canonical	exact-duplicate	Exact byte duplicate of the canonical target; this source path is retained as provenance and no second canonical copy is created. Kind is a navigation label based on file type, path, and title; it does not upgrade evidence.
dongxuelian2/strict-layer-proof-research:archive-by-series/50-J2-55/J2-55-R12-Dependency-certificate.txt	research/archive/strict-layer-proof-research/archive-by-series/50-J2-55/J2-55-R12-Dependency-certificate.txt	dongxuelian2/strict-layer-proof-research	archived	source-only	Source-only bytes preserved once at the canonical target under the frozen archive boundary; original source path remains an alias. Kind is a navigation label based on file type, path, and title; it does not upgrade evidence.
dongxuelian2/strict-layer-proof-research:archive-by-series/50-J2-55/J2-55-R12-HenselRootSplice.py	research/archive/strict-layer-proof-research/archive-by-series/50-J2-55/J2-55-R12-HenselRootSplice.py	dongxuelian2/strict-layer-proof-research	archived	source-only	Source-only bytes preserved once at the canonical target under the frozen archive boundary; original source path remains an alias. Kind is a navigation label based on file type, path, and title; it does not upgrade evidence.
dongxuelian2/strict-layer-proof-research:archive-by-series/50-J2-55/J2-55-R12-PowerTenRoot.py	research/archive/strict-layer-proof-research/archive-by-series/50-J2-55/J2-55-R12-PowerTenRoot.py	dongxuelian2/strict-layer-proof-research	archived	source-only	Source-only bytes preserved once at the canonical target under the frozen archive boundary; original source path remains an alias. Kind is a navigation label based on file type, path, and title; it does not upgrade evidence.
dongxuelian2/strict-layer-proof-research:archive-by-series/50-J2-55/J2-55-R12-PrimitiveSupport.py	research/archive/strict-layer-proof-research/archive-by-series/50-J2-55/J2-55-R12-PrimitiveSupport.py	dongxuelian2/strict-layer-proof-research	archived	source-only	Source-only bytes preserved once at the canonical target under the frozen archive boundary; original source path remains an alias. Kind is a navigation label based on file type, path, and title; it does not upgrade evidence.
dongxuelian2/strict-layer-proof-research:archive-by-series/50-J2-55/J2-55-R12-ReverseRootPolynomial.py	research/archive/strict-layer-proof-research/archive-by-series/50-J2-55/J2-55-R12-ReverseRootPolynomial.py	dongxuelian2/strict-layer-proof-research	archived	source-only	Source-only bytes preserved once at the canonical target under the frozen archive boundary; original source path remains an alias. Kind is a navigation label based on file type, path, and title; it does not upgrade evidence.
dongxuelian2/strict-layer-proof-research:archive-by-series/50-J2-55/J2-55-R12-RootSaturation-full-derivation.py	research/archive/strict-layer-proof-research/archive-by-series/50-J2-55/J2-55-R12-RootSaturation-full-derivation.py	dongxuelian2/strict-layer-proof-research	archived	source-only	Source-only bytes preserved once at the canonical target under the frozen archive boundary; original source path remains an alias. Kind is a navigation label based on file type, path, and title; it does not upgrade evidence.
dongxuelian2/strict-layer-proof-research:archive-by-series/50-J2-55/J2-55-R12-RootSaturation-symbolic.py	research/archive/strict-layer-proof-research/archive-by-series/50-J2-55/J2-55-R12-RootSaturation-symbolic.py	dongxuelian2/strict-layer-proof-research	archived	source-only	Source-only bytes preserved once at the canonical target under the frozen archive boundary; original source path remains an alias. Kind is a navigation label based on file type, path, and title; it does not upgrade evidence.
dongxuelian2/strict-layer-proof-research:archive-by-series/50-J2-55/J2-55-R12-artifacts.zip	research/archive/strict-layer-proof-research/archive-by-series/50-J2-55/J2-55-R12-artifacts.zip	dongxuelian2/strict-layer-proof-research	archived	source-only	Source-only bytes preserved once at the canonical target under the frozen archive boundary; original source path remains an alias. Kind is a navigation label based on file type, path, and title; it does not upgrade evidence.
dongxuelian2/strict-layer-proof-research:archive-by-series/50-J2-55/J2-55-R12-certificate.txt	research/archive/strict-layer-proof-research/archive-by-series/50-J2-55/J2-55-R12-certificate.txt	dongxuelian2/strict-layer-proof-research	archived	source-only	Source-only bytes preserved once at the canonical target under the frozen archive boundary; original source path remains an alias. Kind is a navigation label based on file type, path, and title; it does not upgrade evidence.
dongxuelian2/strict-layer-proof-research:archive-by-series/50-J2-55/J2-55-R12-execution.log	research/archive/strict-layer-proof-research/archive-by-series/50-J2-55/J2-55-R12-execution.log	dongxuelian2/strict-layer-proof-research	archived	source-only	Source-only bytes preserved once at the canonical target under the frozen archive boundary; original source path remains an alias. Kind is a navigation label based on file type, path, and title; it does not upgrade evidence.
dongxuelian2/strict-layer-proof-research:archive-by-series/50-J2-55/J2-55-R12-q1-GaussianSupport.py	research/archive/strict-layer-proof-research/archive-by-series/50-J2-55/J2-55-R12-q1-GaussianSupport.py	dongxuelian2/strict-layer-proof-research	archived	source-only	Source-only bytes preserved once at the canonical target under the frozen archive boundary; original source path remains an alias. Kind is a navigation label based on file type, path, and title; it does not upgrade evidence.
dongxuelian2/strict-layer-proof-research:archive-by-series/50-J2-55/J2-55-R13-GammaValuation.py	research/archive/strict-layer-proof-research/archive-by-series/50-J2-55/J2-55-R13-GammaValuation.py	dongxuelian2/strict-layer-proof-research	archived	source-only	Source-only bytes preserved once at the canonical target under the frozen archive boundary; original source path remains an alias. Kind is a navigation label based on file type, path, and title; it does not upgrade evidence.
dongxuelian2/strict-layer-proof-research:archive-by-series/50-J2-55/J2-55-R13-Independent-Root-Coefficient-Gaussian-Report.md	research/a1/j2/records/independent-root-coefficient-gaussian.md	dongxuelian2/strict-layer-proof-research	canonical	exact-duplicate	Exact byte duplicate of the canonical target; this source path is retained as provenance and no second canonical copy is created. Kind is a navigation label based on file type, path, and title; it does not upgrade evidence.
dongxuelian2/strict-layer-proof-research:archive-by-series/50-J2-55/J2-55-R13-NewtonRoot.py	research/archive/strict-layer-proof-research/archive-by-series/50-J2-55/J2-55-R13-NewtonRoot.py	dongxuelian2/strict-layer-proof-research	archived	source-only	Source-only bytes preserved once at the canonical target under the frozen archive boundary; original source path remains an alias. Kind is a navigation label based on file type, path, and title; it does not upgrade evidence.
dongxuelian2/strict-layer-proof-research:archive-by-series/50-J2-55/J2-55-R13-RootCoefficient-symbolic.py	research/archive/strict-layer-proof-research/archive-by-series/50-J2-55/J2-55-R13-RootCoefficient-symbolic.py	dongxuelian2/strict-layer-proof-research	archived	source-only	Source-only bytes preserved once at the canonical target under the frozen archive boundary; original source path remains an alias. Kind is a navigation label based on file type, path, and title; it does not upgrade evidence.
dongxuelian2/strict-layer-proof-research:archive-by-series/50-J2-55/J2-55-R13-artifacts.zip	research/archive/strict-layer-proof-research/archive-by-series/50-J2-55/J2-55-R13-artifacts.zip	dongxuelian2/strict-layer-proof-research	archived	source-only	Source-only bytes preserved once at the canonical target under the frozen archive boundary; original source path remains an alias. Kind is a navigation label based on file type, path, and title; it does not upgrade evidence.
dongxuelian2/strict-layer-proof-research:archive-by-series/50-J2-55/J2-55-R13-certificate.txt	research/archive/strict-layer-proof-research/archive-by-series/50-J2-55/J2-55-R13-certificate.txt	dongxuelian2/strict-layer-proof-research	archived	source-only	Source-only bytes preserved once at the canonical target under the frozen archive boundary; original source path remains an alias. Kind is a navigation label based on file type, path, and title; it does not upgrade evidence.
dongxuelian2/strict-layer-proof-research:archive-by-series/50-J2-55/J2-55-R13-q1-GaussianRadical.py	research/archive/strict-layer-proof-research/archive-by-series/50-J2-55/J2-55-R13-q1-GaussianRadical.py	dongxuelian2/strict-layer-proof-research	archived	source-only	Source-only bytes preserved once at the canonical target under the frozen archive boundary; original source path remains an alias. Kind is a navigation label based on file type, path, and title; it does not upgrade evidence.
dongxuelian2/strict-layer-proof-research:archive-by-series/50-J2-55/J2-55-R14-Carry-NextBit-Gaussian-SecondLift-Report.md	research/a1/j2/records/carry-nextbit-gaussian-secondlift.md	dongxuelian2/strict-layer-proof-research	canonical	exact-duplicate	Exact byte duplicate of the canonical target; this source path is retained as provenance and no second canonical copy is created. Kind is a navigation label based on file type, path, and title; it does not upgrade evidence.
dongxuelian2/strict-layer-proof-research:archive-by-series/50-J2-55/J2-55-R14-FrozenRootPolynomials.py	research/archive/strict-layer-proof-research/archive-by-series/50-J2-55/J2-55-R14-FrozenRootPolynomials.py	dongxuelian2/strict-layer-proof-research	archived	source-only	Source-only bytes preserved once at the canonical target under the frozen archive boundary; original source path remains an alias. Kind is a navigation label based on file type, path, and title; it does not upgrade evidence.
dongxuelian2/strict-layer-proof-research:archive-by-series/50-J2-55/J2-55-R14-GammaNextBit.py	research/archive/strict-layer-proof-research/archive-by-series/50-J2-55/J2-55-R14-GammaNextBit.py	dongxuelian2/strict-layer-proof-research	archived	source-only	Source-only bytes preserved once at the canonical target under the frozen archive boundary; original source path remains an alias. Kind is a navigation label based on file type, path, and title; it does not upgrade evidence.
dongxuelian2/strict-layer-proof-research:archive-by-series/50-J2-55/J2-55-R14-ReverseBitClosure.py	research/archive/strict-layer-proof-research/archive-by-series/50-J2-55/J2-55-R14-ReverseBitClosure.py	dongxuelian2/strict-layer-proof-research	archived	source-only	Source-only bytes preserved once at the canonical target under the frozen archive boundary; original source path remains an alias. Kind is a navigation label based on file type, path, and title; it does not upgrade evidence.
dongxuelian2/strict-layer-proof-research:archive-by-series/50-J2-55/J2-55-R14-certificate.txt	research/archive/strict-layer-proof-research/archive-by-series/50-J2-55/J2-55-R14-certificate.txt	dongxuelian2/strict-layer-proof-research	archived	source-only	Source-only bytes preserved once at the canonical target under the frozen archive boundary; original source path remains an alias. Kind is a navigation label based on file type, path, and title; it does not upgrade evidence.
dongxuelian2/strict-layer-proof-research:archive-by-series/50-J2-55/J2-55-R14-q1-NegativeBranch.py	research/archive/strict-layer-proof-research/archive-by-series/50-J2-55/J2-55-R14-q1-NegativeBranch.py	dongxuelian2/strict-layer-proof-research	archived	source-only	Source-only bytes preserved once at the canonical target under the frozen archive boundary; original source path remains an alias. Kind is a navigation label based on file type, path, and title; it does not upgrade evidence.
dongxuelian2/strict-layer-proof-research:archive-by-series/50-J2-55/J2-55-R14-q1-SecondSupportLift.py	research/archive/strict-layer-proof-research/archive-by-series/50-J2-55/J2-55-R14-q1-SecondSupportLift.py	dongxuelian2/strict-layer-proof-research	archived	source-only	Source-only bytes preserved once at the canonical target under the frozen archive boundary; original source path remains an alias. Kind is a navigation label based on file type, path, and title; it does not upgrade evidence.
dongxuelian2/strict-layer-proof-research:archive-by-series/50-J2-55/J2-55-R15-Spliced-Factor-2Adic-NegativeConic-Report.md	research/a1/j2/records/spliced-factor-2adic-negativeconic.md	dongxuelian2/strict-layer-proof-research	canonical	exact-duplicate	Exact byte duplicate of the canonical target; this source path is retained as provenance and no second canonical copy is created. Kind is a navigation label based on file type, path, and title; it does not upgrade evidence.
dongxuelian2/strict-layer-proof-research:archive-by-series/50-J2-55/J2-55-R15-artifacts.zip	research/archive/strict-layer-proof-research/archive-by-series/50-J2-55/J2-55-R15-artifacts.zip	dongxuelian2/strict-layer-proof-research	archived	source-only	Source-only bytes preserved once at the canonical target under the frozen archive boundary; original source path remains an alias. Kind is a navigation label based on file type, path, and title; it does not upgrade evidence.
dongxuelian2/strict-layer-proof-research:archive-by-series/50-J2-55/J2-55-R15-certificate.txt	research/archive/strict-layer-proof-research/archive-by-series/50-J2-55/J2-55-R15-certificate.txt	dongxuelian2/strict-layer-proof-research	archived	source-only	Source-only bytes preserved once at the canonical target under the frozen archive boundary; original source path remains an alias. Kind is a navigation label based on file type, path, and title; it does not upgrade evidence.
dongxuelian2/strict-layer-proof-research:archive-by-series/50-J2-55/J2-55-R2-USquare-Carry-Collision-Report.md	research/a1/j2/records/usquare-carry-collision.md	dongxuelian2/strict-layer-proof-research	canonical	exact-duplicate	Exact byte duplicate of the canonical target; this source path is retained as provenance and no second canonical copy is created. Kind is a navigation label based on file type, path, and title; it does not upgrade evidence.
dongxuelian2/strict-layer-proof-research:archive-by-series/50-J2-55/J2-55-R2-USquare-certificate.txt	research/archive/strict-layer-proof-research/archive-by-series/50-J2-55/J2-55-R2-USquare-certificate.txt	dongxuelian2/strict-layer-proof-research	archived	source-only	Source-only bytes preserved once at the canonical target under the frozen archive boundary; original source path remains an alias. Kind is a navigation label based on file type, path, and title; it does not upgrade evidence.
dongxuelian2/strict-layer-proof-research:archive-by-series/50-J2-55/J2-55-R2-USquare-search-certificate.txt	research/archive/strict-layer-proof-research/archive-by-series/50-J2-55/J2-55-R2-USquare-search-certificate.txt	dongxuelian2/strict-layer-proof-research	archived	source-only	Source-only bytes preserved once at the canonical target under the frozen archive boundary; original source path remains an alias. Kind is a navigation label based on file type, path, and title; it does not upgrade evidence.
dongxuelian2/strict-layer-proof-research:archive-by-series/50-J2-55/J2-55-R2-USquare-search.py	research/archive/strict-layer-proof-research/archive-by-series/50-J2-55/J2-55-R2-USquare-search.py	dongxuelian2/strict-layer-proof-research	archived	source-only	Source-only bytes preserved once at the canonical target under the frozen archive boundary; original source path remains an alias. Kind is a navigation label based on file type, path, and title; it does not upgrade evidence.
dongxuelian2/strict-layer-proof-research:archive-by-series/50-J2-55/J2-55-R2-USquare-symbolic.py	research/archive/strict-layer-proof-research/archive-by-series/50-J2-55/J2-55-R2-USquare-symbolic.py	dongxuelian2/strict-layer-proof-research	archived	source-only	Source-only bytes preserved once at the canonical target under the frozen archive boundary; original source path remains an alias. Kind is a navigation label based on file type, path, and title; it does not upgrade evidence.
dongxuelian2/strict-layer-proof-research:archive-by-series/50-J2-55/J2-55-R3-Decimal-Residual-Collision-Report.md	research/a1/j2/records/decimal-residual-collision.md	dongxuelian2/strict-layer-proof-research	canonical	exact-duplicate	Exact byte duplicate of the canonical target; this source path is retained as provenance and no second canonical copy is created. Kind is a navigation label based on file type, path, and title; it does not upgrade evidence.
dongxuelian2/strict-layer-proof-research:archive-by-series/50-J2-55/J2-55-R3-DecimalResidual-certificate.txt	research/archive/strict-layer-proof-research/archive-by-series/50-J2-55/J2-55-R3-DecimalResidual-certificate.txt	dongxuelian2/strict-layer-proof-research	archived	source-only	Source-only bytes preserved once at the canonical target under the frozen archive boundary; original source path remains an alias. Kind is a navigation label based on file type, path, and title; it does not upgrade evidence.
dongxuelian2/strict-layer-proof-research:archive-by-series/50-J2-55/J2-55-R3-DecimalResidual-search-certificate.txt	research/archive/strict-layer-proof-research/archive-by-series/50-J2-55/J2-55-R3-DecimalResidual-search-certificate.txt	dongxuelian2/strict-layer-proof-research	archived	source-only	Source-only bytes preserved once at the canonical target under the frozen archive boundary; original source path remains an alias. Kind is a navigation label based on file type, path, and title; it does not upgrade evidence.
dongxuelian2/strict-layer-proof-research:archive-by-series/50-J2-55/J2-55-R3-DecimalResidual-search.py	research/archive/strict-layer-proof-research/archive-by-series/50-J2-55/J2-55-R3-DecimalResidual-search.py	dongxuelian2/strict-layer-proof-research	archived	source-only	Source-only bytes preserved once at the canonical target under the frozen archive boundary; original source path remains an alias. Kind is a navigation label based on file type, path, and title; it does not upgrade evidence.
dongxuelian2/strict-layer-proof-research:archive-by-series/50-J2-55/J2-55-R3-DecimalResidual-symbolic.py	research/archive/strict-layer-proof-research/archive-by-series/50-J2-55/J2-55-R3-DecimalResidual-symbolic.py	dongxuelian2/strict-layer-proof-research	archived	source-only	Source-only bytes preserved once at the canonical target under the frozen archive boundary; original source path remains an alias. Kind is a navigation label based on file type, path, and title; it does not upgrade evidence.
dongxuelian2/strict-layer-proof-research:archive-by-series/50-J2-55/J2-55-R4-Complementary-Factor-Euclidean-Report.md	research/a1/j2/records/complementary-factor-euclidean.md	dongxuelian2/strict-layer-proof-research	canonical	exact-duplicate	Exact byte duplicate of the canonical target; this source path is retained as provenance and no second canonical copy is created. Kind is a navigation label based on file type, path, and title; it does not upgrade evidence.
dongxuelian2/strict-layer-proof-research:archive-by-series/50-J2-55/J2-55-R4-EuclideanDefect-certificate.txt	research/archive/strict-layer-proof-research/archive-by-series/50-J2-55/J2-55-R4-EuclideanDefect-certificate.txt	dongxuelian2/strict-layer-proof-research	archived	source-only	Source-only bytes preserved once at the canonical target under the frozen archive boundary; original source path remains an alias. Kind is a navigation label based on file type, path, and title; it does not upgrade evidence.
dongxuelian2/strict-layer-proof-research:archive-by-series/50-J2-55/J2-55-R4-EuclideanDefect-search-certificate.txt	research/archive/strict-layer-proof-research/archive-by-series/50-J2-55/J2-55-R4-EuclideanDefect-search-certificate.txt	dongxuelian2/strict-layer-proof-research	archived	source-only	Source-only bytes preserved once at the canonical target under the frozen archive boundary; original source path remains an alias. Kind is a navigation label based on file type, path, and title; it does not upgrade evidence.
dongxuelian2/strict-layer-proof-research:archive-by-series/50-J2-55/J2-55-R4-EuclideanDefect-search.py	research/archive/strict-layer-proof-research/archive-by-series/50-J2-55/J2-55-R4-EuclideanDefect-search.py	dongxuelian2/strict-layer-proof-research	archived	source-only	Source-only bytes preserved once at the canonical target under the frozen archive boundary; original source path remains an alias. Kind is a navigation label based on file type, path, and title; it does not upgrade evidence.
dongxuelian2/strict-layer-proof-research:archive-by-series/50-J2-55/J2-55-R4-EuclideanDefect-symbolic.py	research/archive/strict-layer-proof-research/archive-by-series/50-J2-55/J2-55-R4-EuclideanDefect-symbolic.py	dongxuelian2/strict-layer-proof-research	archived	source-only	Source-only bytes preserved once at the canonical target under the frozen archive boundary; original source path remains an alias. Kind is a navigation label based on file type, path, and title; it does not upgrade evidence.
dongxuelian2/strict-layer-proof-research:archive-by-series/50-J2-55/J2-55-R4-SHA256.txt	research/archive/strict-layer-proof-research/archive-by-series/50-J2-55/J2-55-R4-SHA256.txt	dongxuelian2/strict-layer-proof-research	archived	source-only	Source-only bytes preserved once at the canonical target under the frozen archive boundary; original source path remains an alias. Kind is a navigation label based on file type, path, and title; it does not upgrade evidence.
dongxuelian2/strict-layer-proof-research:archive-by-series/50-J2-55/J2-55-R5-Linearized-Residual-Predicted-Root-Report.md	research/a1/j2/records/linearized-residual-predicted-root.md	dongxuelian2/strict-layer-proof-research	canonical	exact-duplicate	Exact byte duplicate of the canonical target; this source path is retained as provenance and no second canonical copy is created. Kind is a navigation label based on file type, path, and title; it does not upgrade evidence.
dongxuelian2/strict-layer-proof-research:archive-by-series/50-J2-55/J2-55-R5-LinearizedResidual-certificate.txt	research/archive/strict-layer-proof-research/archive-by-series/50-J2-55/J2-55-R5-LinearizedResidual-certificate.txt	dongxuelian2/strict-layer-proof-research	archived	source-only	Source-only bytes preserved once at the canonical target under the frozen archive boundary; original source path remains an alias. Kind is a navigation label based on file type, path, and title; it does not upgrade evidence.
dongxuelian2/strict-layer-proof-research:archive-by-series/50-J2-55/J2-55-R5-LinearizedResidual-search-certificate.txt	research/archive/strict-layer-proof-research/archive-by-series/50-J2-55/J2-55-R5-LinearizedResidual-search-certificate.txt	dongxuelian2/strict-layer-proof-research	archived	source-only	Source-only bytes preserved once at the canonical target under the frozen archive boundary; original source path remains an alias. Kind is a navigation label based on file type, path, and title; it does not upgrade evidence.
dongxuelian2/strict-layer-proof-research:archive-by-series/50-J2-55/J2-55-R5-LinearizedResidual-search.py	research/archive/strict-layer-proof-research/archive-by-series/50-J2-55/J2-55-R5-LinearizedResidual-search.py	dongxuelian2/strict-layer-proof-research	archived	source-only	Source-only bytes preserved once at the canonical target under the frozen archive boundary; original source path remains an alias. Kind is a navigation label based on file type, path, and title; it does not upgrade evidence.
dongxuelian2/strict-layer-proof-research:archive-by-series/50-J2-55/J2-55-R5-LinearizedResidual-symbolic.py	research/archive/strict-layer-proof-research/archive-by-series/50-J2-55/J2-55-R5-LinearizedResidual-symbolic.py	dongxuelian2/strict-layer-proof-research	archived	source-only	Source-only bytes preserved once at the canonical target under the frozen archive boundary; original source path remains an alias. Kind is a navigation label based on file type, path, and title; it does not upgrade evidence.
dongxuelian2/strict-layer-proof-research:archive-by-series/50-J2-55/J2-55-R6-DefectResidue-search.py	research/archive/strict-layer-proof-research/archive-by-series/50-J2-55/J2-55-R6-DefectResidue-search.py	dongxuelian2/strict-layer-proof-research	archived	source-only	Source-only bytes preserved once at the canonical target under the frozen archive boundary; original source path remains an alias. Kind is a navigation label based on file type, path, and title; it does not upgrade evidence.
dongxuelian2/strict-layer-proof-research:archive-by-series/50-J2-55/J2-55-R6-Euclidean-Quotient-Defect-Report.md	research/a1/j2/records/euclidean-quotient-defect.md	dongxuelian2/strict-layer-proof-research	canonical	exact-duplicate	Exact byte duplicate of the canonical target; this source path is retained as provenance and no second canonical copy is created. Kind is a navigation label based on file type, path, and title; it does not upgrade evidence.
dongxuelian2/strict-layer-proof-research:archive-by-series/50-J2-55/J2-55-R6-EuclideanQuotient-symbolic.py	research/archive/strict-layer-proof-research/archive-by-series/50-J2-55/J2-55-R6-EuclideanQuotient-symbolic.py	dongxuelian2/strict-layer-proof-research	archived	source-only	Source-only bytes preserved once at the canonical target under the frozen archive boundary; original source path remains an alias. Kind is a navigation label based on file type, path, and title; it does not upgrade evidence.
dongxuelian2/strict-layer-proof-research:archive-by-series/50-J2-55/J2-55-R6-QuotientLift.py	research/archive/strict-layer-proof-research/archive-by-series/50-J2-55/J2-55-R6-QuotientLift.py	dongxuelian2/strict-layer-proof-research	archived	source-only	Source-only bytes preserved once at the canonical target under the frozen archive boundary; original source path remains an alias. Kind is a navigation label based on file type, path, and title; it does not upgrade evidence.
dongxuelian2/strict-layer-proof-research:archive-by-series/50-J2-55/J2-55-R6-certificate.txt	research/archive/strict-layer-proof-research/archive-by-series/50-J2-55/J2-55-R6-certificate.txt	dongxuelian2/strict-layer-proof-research	archived	source-only	Source-only bytes preserved once at the canonical target under the frozen archive boundary; original source path remains an alias. Kind is a navigation label based on file type, path, and title; it does not upgrade evidence.
dongxuelian2/strict-layer-proof-research:archive-by-series/50-J2-55/J2-55-R6-lowk-types.py	research/archive/strict-layer-proof-research/archive-by-series/50-J2-55/J2-55-R6-lowk-types.py	dongxuelian2/strict-layer-proof-research	archived	source-only	Source-only bytes preserved once at the canonical target under the frozen archive boundary; original source path remains an alias. Kind is a navigation label based on file type, path, and title; it does not upgrade evidence.
dongxuelian2/strict-layer-proof-research:archive-by-series/50-J2-55/J2-55-R7-CarryIndex-QDescent-Report.md	research/a1/j2/records/carryindex-qdescent.md	dongxuelian2/strict-layer-proof-research	canonical	exact-duplicate	Exact byte duplicate of the canonical target; this source path is retained as provenance and no second canonical copy is created. Kind is a navigation label based on file type, path, and title; it does not upgrade evidence.
dongxuelian2/strict-layer-proof-research:archive-by-series/50-J2-55/J2-55-R7-CarryIndex-symbolic.py	research/archive/strict-layer-proof-research/archive-by-series/50-J2-55/J2-55-R7-CarryIndex-symbolic.py	dongxuelian2/strict-layer-proof-research	archived	source-only	Source-only bytes preserved once at the canonical target under the frozen archive boundary; original source path remains an alias. Kind is a navigation label based on file type, path, and title; it does not upgrade evidence.
dongxuelian2/strict-layer-proof-research:archive-by-series/50-J2-55/J2-55-R7-QDescent-search.py	research/archive/strict-layer-proof-research/archive-by-series/50-J2-55/J2-55-R7-QDescent-search.py	dongxuelian2/strict-layer-proof-research	archived	source-only	Source-only bytes preserved once at the canonical target under the frozen archive boundary; original source path remains an alias. Kind is a navigation label based on file type, path, and title; it does not upgrade evidence.
dongxuelian2/strict-layer-proof-research:archive-by-series/50-J2-55/J2-55-R7-certificate.txt	research/archive/strict-layer-proof-research/archive-by-series/50-J2-55/J2-55-R7-certificate.txt	dongxuelian2/strict-layer-proof-research	archived	source-only	Source-only bytes preserved once at the canonical target under the frozen archive boundary; original source path remains an alias. Kind is a navigation label based on file type, path, and title; it does not upgrade evidence.
dongxuelian2/strict-layer-proof-research:archive-by-series/50-J2-55/J2-55-R7-lowk-descent.py	research/archive/strict-layer-proof-research/archive-by-series/50-J2-55/J2-55-R7-lowk-descent.py	dongxuelian2/strict-layer-proof-research	archived	source-only	Source-only bytes preserved once at the canonical target under the frozen archive boundary; original source path remains an alias. Kind is a navigation label based on file type, path, and title; it does not upgrade evidence.
dongxuelian2/strict-layer-proof-research:archive-by-series/50-J2-55/J2-55-R8-DecimalCore-symbolic.py	research/archive/strict-layer-proof-research/archive-by-series/50-J2-55/J2-55-R8-DecimalCore-symbolic.py	dongxuelian2/strict-layer-proof-research	archived	source-only	Source-only bytes preserved once at the canonical target under the frozen archive boundary; original source path remains an alias. Kind is a navigation label based on file type, path, and title; it does not upgrade evidence.
dongxuelian2/strict-layer-proof-research:archive-by-series/50-J2-55/J2-55-R8-Unstable-Decimal-Core-Report.md	research/a1/j2/records/unstable-decimal-core.md	dongxuelian2/strict-layer-proof-research	canonical	exact-duplicate	Exact byte duplicate of the canonical target; this source path is retained as provenance and no second canonical copy is created. Kind is a navigation label based on file type, path, and title; it does not upgrade evidence.
dongxuelian2/strict-layer-proof-research:archive-by-series/50-J2-55/J2-55-R8-UnstableResidual-search.py	research/archive/strict-layer-proof-research/archive-by-series/50-J2-55/J2-55-R8-UnstableResidual-search.py	dongxuelian2/strict-layer-proof-research	archived	source-only	Source-only bytes preserved once at the canonical target under the frozen archive boundary; original source path remains an alias. Kind is a navigation label based on file type, path, and title; it does not upgrade evidence.
dongxuelian2/strict-layer-proof-research:archive-by-series/50-J2-55/J2-55-R8-certificate.txt	research/archive/strict-layer-proof-research/archive-by-series/50-J2-55/J2-55-R8-certificate.txt	dongxuelian2/strict-layer-proof-research	archived	source-only	Source-only bytes preserved once at the canonical target under the frozen archive boundary; original source path remains an alias. Kind is a navigation label based on file type, path, and title; it does not upgrade evidence.
dongxuelian2/strict-layer-proof-research:archive-by-series/50-J2-55/J2-55-R8-lowk-DTF.py	research/archive/strict-layer-proof-research/archive-by-series/50-J2-55/J2-55-R8-lowk-DTF.py	dongxuelian2/strict-layer-proof-research	archived	source-only	Source-only bytes preserved once at the canonical target under the frozen archive boundary; original source path remains an alias. Kind is a navigation label based on file type, path, and title; it does not upgrade evidence.
dongxuelian2/strict-layer-proof-research:archive-by-series/50-J2-55/J2-55-R8-q1-boundary.py	research/archive/strict-layer-proof-research/archive-by-series/50-J2-55/J2-55-R8-q1-boundary.py	dongxuelian2/strict-layer-proof-research	archived	source-only	Source-only bytes preserved once at the canonical target under the frozen archive boundary; original source path remains an alias. Kind is a navigation label based on file type, path, and title; it does not upgrade evidence.
dongxuelian2/strict-layer-proof-research:archive-by-series/50-J2-55/J2-55-R9-Normalized-Tail-Carry-Coupling-Report.md	research/a1/j2/records/normalized-tail-carry-coupling.md	dongxuelian2/strict-layer-proof-research	canonical	exact-duplicate	Exact byte duplicate of the canonical target; this source path is retained as provenance and no second canonical copy is created. Kind is a navigation label based on file type, path, and title; it does not upgrade evidence.
dongxuelian2/strict-layer-proof-research:archive-by-series/50-J2-55/J2-55-R9-NormalizedCoupling-search.py	research/archive/strict-layer-proof-research/archive-by-series/50-J2-55/J2-55-R9-NormalizedCoupling-search.py	dongxuelian2/strict-layer-proof-research	archived	source-only	Source-only bytes preserved once at the canonical target under the frozen archive boundary; original source path remains an alias. Kind is a navigation label based on file type, path, and title; it does not upgrade evidence.
dongxuelian2/strict-layer-proof-research:archive-by-series/50-J2-55/J2-55-R9-NormalizedCoupling-symbolic.py	research/archive/strict-layer-proof-research/archive-by-series/50-J2-55/J2-55-R9-NormalizedCoupling-symbolic.py	dongxuelian2/strict-layer-proof-research	archived	source-only	Source-only bytes preserved once at the canonical target under the frozen archive boundary; original source path remains an alias. Kind is a navigation label based on file type, path, and title; it does not upgrade evidence.
dongxuelian2/strict-layer-proof-research:archive-by-series/50-J2-55/J2-55-R9-ReverseResidue-audit.py	research/archive/strict-layer-proof-research/archive-by-series/50-J2-55/J2-55-R9-ReverseResidue-audit.py	dongxuelian2/strict-layer-proof-research	archived	source-only	Source-only bytes preserved once at the canonical target under the frozen archive boundary; original source path remains an alias. Kind is a navigation label based on file type, path, and title; it does not upgrade evidence.
dongxuelian2/strict-layer-proof-research:archive-by-series/50-J2-55/J2-55-R9-certificate.txt	research/archive/strict-layer-proof-research/archive-by-series/50-J2-55/J2-55-R9-certificate.txt	dongxuelian2/strict-layer-proof-research	archived	source-only	Source-only bytes preserved once at the canonical target under the frozen archive boundary; original source path remains an alias. Kind is a navigation label based on file type, path, and title; it does not upgrade evidence.
dongxuelian2/strict-layer-proof-research:archive-by-series/50-J2-55/J2-55-R9-lowk-normalized.py	research/archive/strict-layer-proof-research/archive-by-series/50-J2-55/J2-55-R9-lowk-normalized.py	dongxuelian2/strict-layer-proof-research	archived	source-only	Source-only bytes preserved once at the canonical target under the frozen archive boundary; original source path remains an alias. Kind is a navigation label based on file type, path, and title; it does not upgrade evidence.
dongxuelian2/strict-layer-proof-research:archive-by-series/50-J2-55/J2-55-R9-q1-reverse.py	research/archive/strict-layer-proof-research/archive-by-series/50-J2-55/J2-55-R9-q1-reverse.py	dongxuelian2/strict-layer-proof-research	archived	source-only	Source-only bytes preserved once at the canonical target under the frozen archive boundary; original source path remains an alias. Kind is a navigation label based on file type, path, and title; it does not upgrade evidence.
dongxuelian2/strict-layer-proof-research:archive-by-series/60-J2-65/J2-65-R1-DependencyDAG.py	research/archive/strict-layer-proof-research/archive-by-series/60-J2-65/J2-65-R1-DependencyDAG.py	dongxuelian2/strict-layer-proof-research	archived	source-only	Source-only bytes preserved once at the canonical target under the frozen archive boundary; original source path remains an alias. Kind is a navigation label based on file type, path, and title; it does not upgrade evidence.
dongxuelian2/strict-layer-proof-research:archive-by-series/60-J2-65/J2-65-R1-JParametric-Unimodular-Skeleton-Report.md	research/a1/j2/records/jparametric-unimodular-skeleton.md	dongxuelian2/strict-layer-proof-research	canonical	exact-duplicate	Exact byte duplicate of the canonical target; this source path is retained as provenance and no second canonical copy is created. Kind is a navigation label based on file type, path, and title; it does not upgrade evidence.
dongxuelian2/strict-layer-proof-research:archive-by-series/60-J2-65/J2-65-R1-UnimodularSkeleton-symbolic.py	research/archive/strict-layer-proof-research/archive-by-series/60-J2-65/J2-65-R1-UnimodularSkeleton-symbolic.py	dongxuelian2/strict-layer-proof-research	archived	source-only	Source-only bytes preserved once at the canonical target under the frozen archive boundary; original source path remains an alias. Kind is a navigation label based on file type, path, and title; it does not upgrade evidence.
dongxuelian2/strict-layer-proof-research:archive-by-series/60-J2-65/J2-65-R1-certificate.txt	research/archive/strict-layer-proof-research/archive-by-series/60-J2-65/J2-65-R1-certificate.txt	dongxuelian2/strict-layer-proof-research	archived	source-only	Source-only bytes preserved once at the canonical target under the frozen archive boundary; original source path remains an alias. Kind is a navigation label based on file type, path, and title; it does not upgrade evidence.
dongxuelian2/strict-layer-proof-research:archive-by-series/60-J2-65/J2-65-R1-execution.log	research/archive/strict-layer-proof-research/archive-by-series/60-J2-65/J2-65-R1-execution.log	dongxuelian2/strict-layer-proof-research	archived	source-only	Source-only bytes preserved once at the canonical target under the frozen archive boundary; original source path remains an alias. Kind is a navigation label based on file type, path, and title; it does not upgrade evidence.
dongxuelian2/strict-layer-proof-research:archive-by-series/60-J2-65/J2-65-R10-Gaussian-Hermitian-Det2-Report.md	research/a1/j2/records/gaussian-hermitian-det2.md	dongxuelian2/strict-layer-proof-research	canonical	exact-duplicate	Exact byte duplicate of the canonical target; this source path is retained as provenance and no second canonical copy is created. Kind is a navigation label based on file type, path, and title; it does not upgrade evidence.
dongxuelian2/strict-layer-proof-research:archive-by-series/60-J2-65/J2-65-R10-artifacts.zip	research/archive/strict-layer-proof-research/archive-by-series/60-J2-65/J2-65-R10-artifacts.zip	dongxuelian2/strict-layer-proof-research	archived	source-only	Source-only bytes preserved once at the canonical target under the frozen archive boundary; original source path remains an alias. Kind is a navigation label based on file type, path, and title; it does not upgrade evidence.
dongxuelian2/strict-layer-proof-research:archive-by-series/60-J2-65/J2-65-R10-certificate.txt	research/archive/strict-layer-proof-research/archive-by-series/60-J2-65/J2-65-R10-certificate.txt	dongxuelian2/strict-layer-proof-research	archived	source-only	Source-only bytes preserved once at the canonical target under the frozen archive boundary; original source path remains an alias. Kind is a navigation label based on file type, path, and title; it does not upgrade evidence.
dongxuelian2/strict-layer-proof-research:archive-by-series/60-J2-65/J2-65-R10-execution.log	research/archive/strict-layer-proof-research/archive-by-series/60-J2-65/J2-65-R10-execution.log	dongxuelian2/strict-layer-proof-research	archived	source-only	Source-only bytes preserved once at the canonical target under the frozen archive boundary; original source path remains an alias. Kind is a navigation label based on file type, path, and title; it does not upgrade evidence.
dongxuelian2/strict-layer-proof-research:archive-by-series/60-J2-65/J2-65-R11-Gaussian-Modular-Reduction-Report.md	research/a1/j2/records/gaussian-modular-reduction.md	dongxuelian2/strict-layer-proof-research	canonical	exact-duplicate	Exact byte duplicate of the canonical target; this source path is retained as provenance and no second canonical copy is created. Kind is a navigation label based on file type, path, and title; it does not upgrade evidence.
dongxuelian2/strict-layer-proof-research:archive-by-series/60-J2-65/J2-65-R11-artifacts.zip	research/archive/strict-layer-proof-research/archive-by-series/60-J2-65/J2-65-R11-artifacts.zip	dongxuelian2/strict-layer-proof-research	archived	source-only	Source-only bytes preserved once at the canonical target under the frozen archive boundary; original source path remains an alias. Kind is a navigation label based on file type, path, and title; it does not upgrade evidence.
dongxuelian2/strict-layer-proof-research:archive-by-series/60-J2-65/J2-65-R11-certificate.txt	research/archive/strict-layer-proof-research/archive-by-series/60-J2-65/J2-65-R11-certificate.txt	dongxuelian2/strict-layer-proof-research	archived	source-only	Source-only bytes preserved once at the canonical target under the frozen archive boundary; original source path remains an alias. Kind is a navigation label based on file type, path, and title; it does not upgrade evidence.
dongxuelian2/strict-layer-proof-research:archive-by-series/60-J2-65/J2-65-R11-execution.log	research/archive/strict-layer-proof-research/archive-by-series/60-J2-65/J2-65-R11-execution.log	dongxuelian2/strict-layer-proof-research	archived	source-only	Source-only bytes preserved once at the canonical target under the frozen archive boundary; original source path remains an alias. Kind is a navigation label based on file type, path, and title; it does not upgrade evidence.
dongxuelian2/strict-layer-proof-research:archive-by-series/60-J2-65/J2-65-R12-BrauerWitness.py	research/archive/strict-layer-proof-research/archive-by-series/60-J2-65/J2-65-R12-BrauerWitness.py	dongxuelian2/strict-layer-proof-research	archived	source-only	Source-only bytes preserved once at the canonical target under the frozen archive boundary; original source path remains an alias. Kind is a navigation label based on file type, path, and title; it does not upgrade evidence.
dongxuelian2/strict-layer-proof-research:archive-by-series/60-J2-65/J2-65-R12-Independent-Gate-Reintegration-Report.md	research/a1/j2/records/independent-gate-reintegration.md	dongxuelian2/strict-layer-proof-research	canonical	exact-duplicate	Exact byte duplicate of the canonical target; this source path is retained as provenance and no second canonical copy is created. Kind is a navigation label based on file type, path, and title; it does not upgrade evidence.
dongxuelian2/strict-layer-proof-research:archive-by-series/60-J2-65/J2-65-R12-IntegralizationTorsor.md	research/a1/j2/records/integralizationtorsor.md	dongxuelian2/strict-layer-proof-research	canonical	exact-duplicate	Exact byte duplicate of the canonical target; this source path is retained as provenance and no second canonical copy is created. Kind is a navigation label based on file type, path, and title; it does not upgrade evidence.
dongxuelian2/strict-layer-proof-research:archive-by-series/60-J2-65/J2-65-R12-MinimalIncidencePresentation.txt	research/archive/strict-layer-proof-research/archive-by-series/60-J2-65/J2-65-R12-MinimalIncidencePresentation.txt	dongxuelian2/strict-layer-proof-research	archived	source-only	Source-only bytes preserved once at the canonical target under the frozen archive boundary; original source path remains an alias. Kind is a navigation label based on file type, path, and title; it does not upgrade evidence.
dongxuelian2/strict-layer-proof-research:archive-by-series/60-J2-65/J2-65-R12-artifacts.zip	research/archive/strict-layer-proof-research/archive-by-series/60-J2-65/J2-65-R12-artifacts.zip	dongxuelian2/strict-layer-proof-research	archived	source-only	Source-only bytes preserved once at the canonical target under the frozen archive boundary; original source path remains an alias. Kind is a navigation label based on file type, path, and title; it does not upgrade evidence.
dongxuelian2/strict-layer-proof-research:archive-by-series/60-J2-65/J2-65-R12-certificate.txt	research/archive/strict-layer-proof-research/archive-by-series/60-J2-65/J2-65-R12-certificate.txt	dongxuelian2/strict-layer-proof-research	archived	source-only	Source-only bytes preserved once at the canonical target under the frozen archive boundary; original source path remains an alias. Kind is a navigation label based on file type, path, and title; it does not upgrade evidence.
dongxuelian2/strict-layer-proof-research:archive-by-series/60-J2-65/J2-65-R12-execution.log	research/archive/strict-layer-proof-research/archive-by-series/60-J2-65/J2-65-R12-execution.log	dongxuelian2/strict-layer-proof-research	archived	source-only	Source-only bytes preserved once at the canonical target under the frozen archive boundary; original source path remains an alias. Kind is a navigation label based on file type, path, and title; it does not upgrade evidence.
dongxuelian2/strict-layer-proof-research:archive-by-series/60-J2-65/J2-65-R13-IntegralTernaryForm.txt	research/archive/strict-layer-proof-research/archive-by-series/60-J2-65/J2-65-R13-IntegralTernaryForm.txt	dongxuelian2/strict-layer-proof-research	archived	source-only	Source-only bytes preserved once at the canonical target under the frozen archive boundary; original source path remains an alias. Kind is a navigation label based on file type, path, and title; it does not upgrade evidence.
dongxuelian2/strict-layer-proof-research:archive-by-series/60-J2-65/J2-65-R13-Radial-Lattice-Ray-Report.md	research/a1/j2/records/radial-lattice-ray.md	dongxuelian2/strict-layer-proof-research	canonical	exact-duplicate	Exact byte duplicate of the canonical target; this source path is retained as provenance and no second canonical copy is created. Kind is a navigation label based on file type, path, and title; it does not upgrade evidence.
dongxuelian2/strict-layer-proof-research:archive-by-series/60-J2-65/J2-65-R13-SourceLatticeBasis.txt	research/archive/strict-layer-proof-research/archive-by-series/60-J2-65/J2-65-R13-SourceLatticeBasis.txt	dongxuelian2/strict-layer-proof-research	archived	source-only	Source-only bytes preserved once at the canonical target under the frozen archive boundary; original source path remains an alias. Kind is a navigation label based on file type, path, and title; it does not upgrade evidence.
dongxuelian2/strict-layer-proof-research:archive-by-series/60-J2-65/J2-65-R13-artifacts.zip	research/archive/strict-layer-proof-research/archive-by-series/60-J2-65/J2-65-R13-artifacts.zip	dongxuelian2/strict-layer-proof-research	archived	source-only	Source-only bytes preserved once at the canonical target under the frozen archive boundary; original source path remains an alias. Kind is a navigation label based on file type, path, and title; it does not upgrade evidence.
dongxuelian2/strict-layer-proof-research:archive-by-series/60-J2-65/J2-65-R13-certificate.txt	research/archive/strict-layer-proof-research/archive-by-series/60-J2-65/J2-65-R13-certificate.txt	dongxuelian2/strict-layer-proof-research	archived	source-only	Source-only bytes preserved once at the canonical target under the frozen archive boundary; original source path remains an alias. Kind is a navigation label based on file type, path, and title; it does not upgrade evidence.
dongxuelian2/strict-layer-proof-research:archive-by-series/60-J2-65/J2-65-R13-execution.log	research/archive/strict-layer-proof-research/archive-by-series/60-J2-65/J2-65-R13-execution.log	dongxuelian2/strict-layer-proof-research	archived	source-only	Source-only bytes preserved once at the canonical target under the frozen archive boundary; original source path remains an alias. Kind is a navigation label based on file type, path, and title; it does not upgrade evidence.
dongxuelian2/strict-layer-proof-research:archive-by-series/60-J2-65/J2-65-R14-Adelic-Primitive-Shell-Report.md	research/a1/j2/records/adelic-primitive-shell.md	dongxuelian2/strict-layer-proof-research	canonical	exact-duplicate	Exact byte duplicate of the canonical target; this source path is retained as provenance and no second canonical copy is created. Kind is a navigation label based on file type, path, and title; it does not upgrade evidence.
dongxuelian2/strict-layer-proof-research:archive-by-series/60-J2-65/J2-65-R14-BoundaryTransference.py	research/archive/strict-layer-proof-research/archive-by-series/60-J2-65/J2-65-R14-BoundaryTransference.py	dongxuelian2/strict-layer-proof-research	archived	source-only	Source-only bytes preserved once at the canonical target under the frozen archive boundary; original source path remains an alias. Kind is a navigation label based on file type, path, and title; it does not upgrade evidence.
dongxuelian2/strict-layer-proof-research:archive-by-series/60-J2-65/J2-65-R14-ModUAutomaticity.py	research/archive/strict-layer-proof-research/archive-by-series/60-J2-65/J2-65-R14-ModUAutomaticity.py	dongxuelian2/strict-layer-proof-research	archived	source-only	Source-only bytes preserved once at the canonical target under the frozen archive boundary; original source path remains an alias. Kind is a navigation label based on file type, path, and title; it does not upgrade evidence.
dongxuelian2/strict-layer-proof-research:archive-by-series/60-J2-65/J2-65-R14-PowerTenShell.py	research/archive/strict-layer-proof-research/archive-by-series/60-J2-65/J2-65-R14-PowerTenShell.py	dongxuelian2/strict-layer-proof-research	archived	source-only	Source-only bytes preserved once at the canonical target under the frozen archive boundary; original source path remains an alias. Kind is a navigation label based on file type, path, and title; it does not upgrade evidence.
dongxuelian2/strict-layer-proof-research:archive-by-series/60-J2-65/J2-65-R14-PrimitiveApproximation.py	research/archive/strict-layer-proof-research/archive-by-series/60-J2-65/J2-65-R14-PrimitiveApproximation.py	dongxuelian2/strict-layer-proof-research	archived	source-only	Source-only bytes preserved once at the canonical target under the frozen archive boundary; original source path remains an alias. Kind is a navigation label based on file type, path, and title; it does not upgrade evidence.
dongxuelian2/strict-layer-proof-research:archive-by-series/60-J2-65/J2-65-R14-PrimitiveHeight.py	research/archive/strict-layer-proof-research/archive-by-series/60-J2-65/J2-65-R14-PrimitiveHeight.py	dongxuelian2/strict-layer-proof-research	archived	source-only	Source-only bytes preserved once at the canonical target under the frozen archive boundary; original source path remains an alias. Kind is a navigation label based on file type, path, and title; it does not upgrade evidence.
dongxuelian2/strict-layer-proof-research:archive-by-series/60-J2-65/J2-65-R14-ProjectiveBoundary.py	research/archive/strict-layer-proof-research/archive-by-series/60-J2-65/J2-65-R14-ProjectiveBoundary.py	dongxuelian2/strict-layer-proof-research	archived	source-only	Source-only bytes preserved once at the canonical target under the frozen archive boundary; original source path remains an alias. Kind is a navigation label based on file type, path, and title; it does not upgrade evidence.
dongxuelian2/strict-layer-proof-research:archive-by-series/60-J2-65/J2-65-R14-RadialWindow.py	research/archive/strict-layer-proof-research/archive-by-series/60-J2-65/J2-65-R14-RadialWindow.py	dongxuelian2/strict-layer-proof-research	archived	source-only	Source-only bytes preserved once at the canonical target under the frozen archive boundary; original source path remains an alias. Kind is a navigation label based on file type, path, and title; it does not upgrade evidence.
dongxuelian2/strict-layer-proof-research:archive-by-series/60-J2-65/J2-65-R14-Regression.py	research/archive/strict-layer-proof-research/archive-by-series/60-J2-65/J2-65-R14-Regression.py	dongxuelian2/strict-layer-proof-research	archived	source-only	Source-only bytes preserved once at the canonical target under the frozen archive boundary; original source path remains an alias. Kind is a navigation label based on file type, path, and title; it does not upgrade evidence.
dongxuelian2/strict-layer-proof-research:archive-by-series/60-J2-65/J2-65-R14-WholeModulusCovering.py	research/archive/strict-layer-proof-research/archive-by-series/60-J2-65/J2-65-R14-WholeModulusCovering.py	dongxuelian2/strict-layer-proof-research	archived	source-only	Source-only bytes preserved once at the canonical target under the frozen archive boundary; original source path remains an alias. Kind is a navigation label based on file type, path, and title; it does not upgrade evidence.
dongxuelian2/strict-layer-proof-research:archive-by-series/60-J2-65/J2-65-R14-artifacts.zip	research/archive/strict-layer-proof-research/archive-by-series/60-J2-65/J2-65-R14-artifacts.zip	dongxuelian2/strict-layer-proof-research	archived	source-only	Source-only bytes preserved once at the canonical target under the frozen archive boundary; original source path remains an alias. Kind is a navigation label based on file type, path, and title; it does not upgrade evidence.
dongxuelian2/strict-layer-proof-research:archive-by-series/60-J2-65/J2-65-R14-certificate.txt	research/archive/strict-layer-proof-research/archive-by-series/60-J2-65/J2-65-R14-certificate.txt	dongxuelian2/strict-layer-proof-research	archived	source-only	Source-only bytes preserved once at the canonical target under the frozen archive boundary; original source path remains an alias. Kind is a navigation label based on file type, path, and title; it does not upgrade evidence.
dongxuelian2/strict-layer-proof-research:archive-by-series/60-J2-65/J2-65-R14-execution.log	research/archive/strict-layer-proof-research/archive-by-series/60-J2-65/J2-65-R14-execution.log	dongxuelian2/strict-layer-proof-research	archived	source-only	Source-only bytes preserved once at the canonical target under the frozen archive boundary; original source path remains an alias. Kind is a navigation label based on file type, path, and title; it does not upgrade evidence.
dongxuelian2/strict-layer-proof-research:archive-by-series/60-J2-65/J2-65-R15-Boundary-Defect-Geometry-Report.md	research/a1/j2/records/boundary-defect-geometry.md	dongxuelian2/strict-layer-proof-research	canonical	exact-duplicate	Exact byte duplicate of the canonical target; this source path is retained as provenance and no second canonical copy is created. Kind is a navigation label based on file type, path, and title; it does not upgrade evidence.
dongxuelian2/strict-layer-proof-research:archive-by-series/60-J2-65/J2-65-R15-artifacts.zip	research/archive/strict-layer-proof-research/archive-by-series/60-J2-65/J2-65-R15-artifacts.zip	dongxuelian2/strict-layer-proof-research	archived	source-only	Source-only bytes preserved once at the canonical target under the frozen archive boundary; original source path remains an alias. Kind is a navigation label based on file type, path, and title; it does not upgrade evidence.
dongxuelian2/strict-layer-proof-research:archive-by-series/60-J2-65/J2-65-R15-certificate.txt	research/archive/strict-layer-proof-research/archive-by-series/60-J2-65/J2-65-R15-certificate.txt	dongxuelian2/strict-layer-proof-research	archived	source-only	Source-only bytes preserved once at the canonical target under the frozen archive boundary; original source path remains an alias. Kind is a navigation label based on file type, path, and title; it does not upgrade evidence.
dongxuelian2/strict-layer-proof-research:archive-by-series/60-J2-65/J2-65-R15-execution.log	research/archive/strict-layer-proof-research/archive-by-series/60-J2-65/J2-65-R15-execution.log	dongxuelian2/strict-layer-proof-research	archived	source-only	Source-only bytes preserved once at the canonical target under the frozen archive boundary; original source path remains an alias. Kind is a navigation label based on file type, path, and title; it does not upgrade evidence.
dongxuelian2/strict-layer-proof-research:archive-by-series/60-J2-65/J2-65-R16-Integral-Boundary-Norm-Orbit-Report.md	research/a1/j2/records/integral-boundary-norm-orbit.md	dongxuelian2/strict-layer-proof-research	canonical	exact-duplicate	Exact byte duplicate of the canonical target; this source path is retained as provenance and no second canonical copy is created. Kind is a navigation label based on file type, path, and title; it does not upgrade evidence.
dongxuelian2/strict-layer-proof-research:archive-by-series/60-J2-65/J2-65-R16-artifacts.zip	research/archive/strict-layer-proof-research/archive-by-series/60-J2-65/J2-65-R16-artifacts.zip	dongxuelian2/strict-layer-proof-research	archived	source-only	Source-only bytes preserved once at the canonical target under the frozen archive boundary; original source path remains an alias. Kind is a navigation label based on file type, path, and title; it does not upgrade evidence.
dongxuelian2/strict-layer-proof-research:archive-by-series/60-J2-65/J2-65-R16-certificate.txt	research/archive/strict-layer-proof-research/archive-by-series/60-J2-65/J2-65-R16-certificate.txt	dongxuelian2/strict-layer-proof-research	archived	source-only	Source-only bytes preserved once at the canonical target under the frozen archive boundary; original source path remains an alias. Kind is a navigation label based on file type, path, and title; it does not upgrade evidence.
dongxuelian2/strict-layer-proof-research:archive-by-series/60-J2-65/J2-65-R16-execution.log	research/archive/strict-layer-proof-research/archive-by-series/60-J2-65/J2-65-R16-execution.log	dongxuelian2/strict-layer-proof-research	archived	source-only	Source-only bytes preserved once at the canonical target under the frozen archive boundary; original source path remains an alias. Kind is a navigation label based on file type, path, and title; it does not upgrade evidence.
dongxuelian2/strict-layer-proof-research:archive-by-series/60-J2-65/J2-65-R17-Cyclotomic-Composition-Report.md	research/a1/j2/records/cyclotomic-composition.md	dongxuelian2/strict-layer-proof-research	canonical	exact-duplicate	Exact byte duplicate of the canonical target; this source path is retained as provenance and no second canonical copy is created. Kind is a navigation label based on file type, path, and title; it does not upgrade evidence.
dongxuelian2/strict-layer-proof-research:archive-by-series/60-J2-65/J2-65-R17-artifacts.zip	research/archive/strict-layer-proof-research/archive-by-series/60-J2-65/J2-65-R17-artifacts.zip	dongxuelian2/strict-layer-proof-research	archived	source-only	Source-only bytes preserved once at the canonical target under the frozen archive boundary; original source path remains an alias. Kind is a navigation label based on file type, path, and title; it does not upgrade evidence.
dongxuelian2/strict-layer-proof-research:archive-by-series/60-J2-65/J2-65-R17-certificate.txt	research/archive/strict-layer-proof-research/archive-by-series/60-J2-65/J2-65-R17-certificate.txt	dongxuelian2/strict-layer-proof-research	archived	source-only	Source-only bytes preserved once at the canonical target under the frozen archive boundary; original source path remains an alias. Kind is a navigation label based on file type, path, and title; it does not upgrade evidence.
dongxuelian2/strict-layer-proof-research:archive-by-series/60-J2-65/J2-65-R17-execution.log	research/archive/strict-layer-proof-research/archive-by-series/60-J2-65/J2-65-R17-execution.log	dongxuelian2/strict-layer-proof-research	archived	source-only	Source-only bytes preserved once at the canonical target under the frozen archive boundary; original source path remains an alias. Kind is a navigation label based on file type, path, and title; it does not upgrade evidence.
dongxuelian2/strict-layer-proof-research:archive-by-series/60-J2-65/J2-65-R18-Integral-Descent-Commutation-Report.md	research/a1/j2/records/integral-descent-commutation.md	dongxuelian2/strict-layer-proof-research	canonical	exact-duplicate	Exact byte duplicate of the canonical target; this source path is retained as provenance and no second canonical copy is created. Kind is a navigation label based on file type, path, and title; it does not upgrade evidence.
dongxuelian2/strict-layer-proof-research:archive-by-series/60-J2-65/J2-65-R18-artifacts.zip	research/archive/strict-layer-proof-research/archive-by-series/60-J2-65/J2-65-R18-artifacts.zip	dongxuelian2/strict-layer-proof-research	archived	source-only	Source-only bytes preserved once at the canonical target under the frozen archive boundary; original source path remains an alias. Kind is a navigation label based on file type, path, and title; it does not upgrade evidence.
dongxuelian2/strict-layer-proof-research:archive-by-series/60-J2-65/J2-65-R18-certificate.txt	research/archive/strict-layer-proof-research/archive-by-series/60-J2-65/J2-65-R18-certificate.txt	dongxuelian2/strict-layer-proof-research	archived	source-only	Source-only bytes preserved once at the canonical target under the frozen archive boundary; original source path remains an alias. Kind is a navigation label based on file type, path, and title; it does not upgrade evidence.
dongxuelian2/strict-layer-proof-research:archive-by-series/60-J2-65/J2-65-R18-execution.log	research/archive/strict-layer-proof-research/archive-by-series/60-J2-65/J2-65-R18-execution.log	dongxuelian2/strict-layer-proof-research	archived	source-only	Source-only bytes preserved once at the canonical target under the frozen archive boundary; original source path remains an alias. Kind is a navigation label based on file type, path, and title; it does not upgrade evidence.
dongxuelian2/strict-layer-proof-research:archive-by-series/60-J2-65/J2-65-R19-Finite-Module-Spin-Report.md	research/a1/j2/records/finite-module-spin.md	dongxuelian2/strict-layer-proof-research	canonical	exact-duplicate	Exact byte duplicate of the canonical target; this source path is retained as provenance and no second canonical copy is created. Kind is a navigation label based on file type, path, and title; it does not upgrade evidence.
dongxuelian2/strict-layer-proof-research:archive-by-series/60-J2-65/J2-65-R19-artifacts.zip	research/archive/strict-layer-proof-research/archive-by-series/60-J2-65/J2-65-R19-artifacts.zip	dongxuelian2/strict-layer-proof-research	archived	source-only	Source-only bytes preserved once at the canonical target under the frozen archive boundary; original source path remains an alias. Kind is a navigation label based on file type, path, and title; it does not upgrade evidence.
dongxuelian2/strict-layer-proof-research:archive-by-series/60-J2-65/J2-65-R19-certificate.txt	research/archive/strict-layer-proof-research/archive-by-series/60-J2-65/J2-65-R19-certificate.txt	dongxuelian2/strict-layer-proof-research	archived	source-only	Source-only bytes preserved once at the canonical target under the frozen archive boundary; original source path remains an alias. Kind is a navigation label based on file type, path, and title; it does not upgrade evidence.
dongxuelian2/strict-layer-proof-research:archive-by-series/60-J2-65/J2-65-R19-execution.log	research/archive/strict-layer-proof-research/archive-by-series/60-J2-65/J2-65-R19-execution.log	dongxuelian2/strict-layer-proof-research	archived	source-only	Source-only bytes preserved once at the canonical target under the frozen archive boundary; original source path remains an alias. Kind is a navigation label based on file type, path, and title; it does not upgrade evidence.
dongxuelian2/strict-layer-proof-research:archive-by-series/60-J2-65/J2-65-R2-Bivariate-Master-Root-Newton-Report.md	research/a1/j2/records/bivariate-master-root-newton.md	dongxuelian2/strict-layer-proof-research	canonical	exact-duplicate	Exact byte duplicate of the canonical target; this source path is retained as provenance and no second canonical copy is created. Kind is a navigation label based on file type, path, and title; it does not upgrade evidence.
dongxuelian2/strict-layer-proof-research:archive-by-series/60-J2-65/J2-65-R2-ChartRecovery.py	research/archive/strict-layer-proof-research/archive-by-series/60-J2-65/J2-65-R2-ChartRecovery.py	dongxuelian2/strict-layer-proof-research	archived	source-only	Source-only bytes preserved once at the canonical target under the frozen archive boundary; original source path remains an alias. Kind is a navigation label based on file type, path, and title; it does not upgrade evidence.
dongxuelian2/strict-layer-proof-research:archive-by-series/60-J2-65/J2-65-R2-MasterRoot-symbolic.py	research/archive/strict-layer-proof-research/archive-by-series/60-J2-65/J2-65-R2-MasterRoot-symbolic.py	dongxuelian2/strict-layer-proof-research	archived	source-only	Source-only bytes preserved once at the canonical target under the frozen archive boundary; original source path remains an alias. Kind is a navigation label based on file type, path, and title; it does not upgrade evidence.
dongxuelian2/strict-layer-proof-research:archive-by-series/60-J2-65/J2-65-R2-NewtonPolytope.py	research/archive/strict-layer-proof-research/archive-by-series/60-J2-65/J2-65-R2-NewtonPolytope.py	dongxuelian2/strict-layer-proof-research	archived	source-only	Source-only bytes preserved once at the canonical target under the frozen archive boundary; original source path remains an alias. Kind is a navigation label based on file type, path, and title; it does not upgrade evidence.
dongxuelian2/strict-layer-proof-research:archive-by-series/60-J2-65/J2-65-R2-Saturation.py	research/archive/strict-layer-proof-research/archive-by-series/60-J2-65/J2-65-R2-Saturation.py	dongxuelian2/strict-layer-proof-research	archived	source-only	Source-only bytes preserved once at the canonical target under the frozen archive boundary; original source path remains an alias. Kind is a navigation label based on file type, path, and title; it does not upgrade evidence.
dongxuelian2/strict-layer-proof-research:archive-by-series/60-J2-65/J2-65-R2-artifacts.zip	research/archive/strict-layer-proof-research/archive-by-series/60-J2-65/J2-65-R2-artifacts.zip	dongxuelian2/strict-layer-proof-research	archived	source-only	Source-only bytes preserved once at the canonical target under the frozen archive boundary; original source path remains an alias. Kind is a navigation label based on file type, path, and title; it does not upgrade evidence.
dongxuelian2/strict-layer-proof-research:archive-by-series/60-J2-65/J2-65-R2-certificate.txt	research/archive/strict-layer-proof-research/archive-by-series/60-J2-65/J2-65-R2-certificate.txt	dongxuelian2/strict-layer-proof-research	archived	source-only	Source-only bytes preserved once at the canonical target under the frozen archive boundary; original source path remains an alias. Kind is a navigation label based on file type, path, and title; it does not upgrade evidence.
dongxuelian2/strict-layer-proof-research:archive-by-series/60-J2-65/J2-65-R20-Semantic-Conductor-Ruling-Report.md	research/a1/j2/records/semantic-conductor-ruling.md	dongxuelian2/strict-layer-proof-research	canonical	exact-duplicate	Exact byte duplicate of the canonical target; this source path is retained as provenance and no second canonical copy is created. Kind is a navigation label based on file type, path, and title; it does not upgrade evidence.
dongxuelian2/strict-layer-proof-research:archive-by-series/60-J2-65/J2-65-R20-artifacts.zip	research/archive/strict-layer-proof-research/archive-by-series/60-J2-65/J2-65-R20-artifacts.zip	dongxuelian2/strict-layer-proof-research	archived	source-only	Source-only bytes preserved once at the canonical target under the frozen archive boundary; original source path remains an alias. Kind is a navigation label based on file type, path, and title; it does not upgrade evidence.
dongxuelian2/strict-layer-proof-research:archive-by-series/60-J2-65/J2-65-R20-certificate.txt	research/archive/strict-layer-proof-research/archive-by-series/60-J2-65/J2-65-R20-certificate.txt	dongxuelian2/strict-layer-proof-research	archived	source-only	Source-only bytes preserved once at the canonical target under the frozen archive boundary; original source path remains an alias. Kind is a navigation label based on file type, path, and title; it does not upgrade evidence.
dongxuelian2/strict-layer-proof-research:archive-by-series/60-J2-65/J2-65-R20-execution.log	research/archive/strict-layer-proof-research/archive-by-series/60-J2-65/J2-65-R20-execution.log	dongxuelian2/strict-layer-proof-research	archived	source-only	Source-only bytes preserved once at the canonical target under the frozen archive boundary; original source path remains an alias. Kind is a navigation label based on file type, path, and title; it does not upgrade evidence.
dongxuelian2/strict-layer-proof-research:archive-by-series/60-J2-65/J2-65-R3-2AdicTropical.py	research/archive/strict-layer-proof-research/archive-by-series/60-J2-65/J2-65-R3-2AdicTropical.py	dongxuelian2/strict-layer-proof-research	archived	source-only	Source-only bytes preserved once at the canonical target under the frozen archive boundary; original source path remains an alias. Kind is a navigation label based on file type, path, and title; it does not upgrade evidence.
dongxuelian2/strict-layer-proof-research:archive-by-series/60-J2-65/J2-65-R3-5AdicTropical.py	research/archive/strict-layer-proof-research/archive-by-series/60-J2-65/J2-65-R3-5AdicTropical.py	dongxuelian2/strict-layer-proof-research	archived	source-only	Source-only bytes preserved once at the canonical target under the frozen archive boundary; original source path remains an alias. Kind is a navigation label based on file type, path, and title; it does not upgrade evidence.
dongxuelian2/strict-layer-proof-research:archive-by-series/60-J2-65/J2-65-R3-ArchimedeanDominance.py	research/archive/strict-layer-proof-research/archive-by-series/60-J2-65/J2-65-R3-ArchimedeanDominance.py	dongxuelian2/strict-layer-proof-research	archived	source-only	Source-only bytes preserved once at the canonical target under the frozen archive boundary; original source path remains an alias. Kind is a navigation label based on file type, path, and title; it does not upgrade evidence.
dongxuelian2/strict-layer-proof-research:archive-by-series/60-J2-65/J2-65-R3-AugmentedNewton.py	research/archive/strict-layer-proof-research/archive-by-series/60-J2-65/J2-65-R3-AugmentedNewton.py	dongxuelian2/strict-layer-proof-research	archived	source-only	Source-only bytes preserved once at the canonical target under the frozen archive boundary; original source path remains an alias. Kind is a navigation label based on file type, path, and title; it does not upgrade evidence.
dongxuelian2/strict-layer-proof-research:archive-by-series/60-J2-65/J2-65-R3-DegeneracyAudit.py	research/archive/strict-layer-proof-research/archive-by-series/60-J2-65/J2-65-R3-DegeneracyAudit.py	dongxuelian2/strict-layer-proof-research	archived	source-only	Source-only bytes preserved once at the canonical target under the frozen archive boundary; original source path remains an alias. Kind is a navigation label based on file type, path, and title; it does not upgrade evidence.
dongxuelian2/strict-layer-proof-research:archive-by-series/60-J2-65/J2-65-R3-SHA256SUMS.txt	research/archive/strict-layer-proof-research/archive-by-series/60-J2-65/J2-65-R3-SHA256SUMS.txt	dongxuelian2/strict-layer-proof-research	archived	source-only	Source-only bytes preserved once at the canonical target under the frozen archive boundary; original source path remains an alias. Kind is a navigation label based on file type, path, and title; it does not upgrade evidence.
dongxuelian2/strict-layer-proof-research:archive-by-series/60-J2-65/J2-65-R3-ThreePlace-Tropical-Collision-Report.md	research/a1/j2/records/threeplace-tropical-collision.md	dongxuelian2/strict-layer-proof-research	canonical	exact-duplicate	Exact byte duplicate of the canonical target; this source path is retained as provenance and no second canonical copy is created. Kind is a navigation label based on file type, path, and title; it does not upgrade evidence.
dongxuelian2/strict-layer-proof-research:archive-by-series/60-J2-65/J2-65-R3-ThreePlaceIntersection.py	research/archive/strict-layer-proof-research/archive-by-series/60-J2-65/J2-65-R3-ThreePlaceIntersection.py	dongxuelian2/strict-layer-proof-research	archived	source-only	Source-only bytes preserved once at the canonical target under the frozen archive boundary; original source path remains an alias. Kind is a navigation label based on file type, path, and title; it does not upgrade evidence.
dongxuelian2/strict-layer-proof-research:archive-by-series/60-J2-65/J2-65-R3-artifacts.zip	research/archive/strict-layer-proof-research/archive-by-series/60-J2-65/J2-65-R3-artifacts.zip	dongxuelian2/strict-layer-proof-research	archived	source-only	Source-only bytes preserved once at the canonical target under the frozen archive boundary; original source path remains an alias. Kind is a navigation label based on file type, path, and title; it does not upgrade evidence.
dongxuelian2/strict-layer-proof-research:archive-by-series/60-J2-65/J2-65-R3-certificate.txt	research/archive/strict-layer-proof-research/archive-by-series/60-J2-65/J2-65-R3-certificate.txt	dongxuelian2/strict-layer-proof-research	archived	source-only	Source-only bytes preserved once at the canonical target under the frozen archive boundary; original source path remains an alias. Kind is a navigation label based on file type, path, and title; it does not upgrade evidence.
dongxuelian2/strict-layer-proof-research:archive-by-series/60-J2-65/J2-65-R3-execution.log	research/archive/strict-layer-proof-research/archive-by-series/60-J2-65/J2-65-R3-execution.log	dongxuelian2/strict-layer-proof-research	archived	source-only	Source-only bytes preserved once at the canonical target under the frozen archive boundary; original source path remains an alias. Kind is a navigation label based on file type, path, and title; it does not upgrade evidence.
dongxuelian2/strict-layer-proof-research:archive-by-series/60-J2-65/J2-65-R4-Additive-Bracket-Complex-Report.md	research/a1/j2/records/additive-bracket-complex.md	dongxuelian2/strict-layer-proof-research	canonical	exact-duplicate	Exact byte duplicate of the canonical target; this source path is retained as provenance and no second canonical copy is created. Kind is a navigation label based on file type, path, and title; it does not upgrade evidence.
dongxuelian2/strict-layer-proof-research:archive-by-series/60-J2-65/J2-65-R4-artifacts.zip	research/archive/strict-layer-proof-research/archive-by-series/60-J2-65/J2-65-R4-artifacts.zip	dongxuelian2/strict-layer-proof-research	archived	source-only	Source-only bytes preserved once at the canonical target under the frozen archive boundary; original source path remains an alias. Kind is a navigation label based on file type, path, and title; it does not upgrade evidence.
dongxuelian2/strict-layer-proof-research:archive-by-series/60-J2-65/J2-65-R4-certificate.txt	research/archive/strict-layer-proof-research/archive-by-series/60-J2-65/J2-65-R4-certificate.txt	dongxuelian2/strict-layer-proof-research	archived	source-only	Source-only bytes preserved once at the canonical target under the frozen archive boundary; original source path remains an alias. Kind is a navigation label based on file type, path, and title; it does not upgrade evidence.
dongxuelian2/strict-layer-proof-research:archive-by-series/60-J2-65/J2-65-R4-execution.log	research/archive/strict-layer-proof-research/archive-by-series/60-J2-65/J2-65-R4-execution.log	dongxuelian2/strict-layer-proof-research	archived	source-only	Source-only bytes preserved once at the canonical target under the frozen archive boundary; original source path remains an alias. Kind is a navigation label based on file type, path, and title; it does not upgrade evidence.
dongxuelian2/strict-layer-proof-research:archive-by-series/60-J2-65/J2-65-R5-AdelicPinning.py	research/archive/strict-layer-proof-research/archive-by-series/60-J2-65/J2-65-R5-AdelicPinning.py	dongxuelian2/strict-layer-proof-research	archived	source-only	Source-only bytes preserved once at the canonical target under the frozen archive boundary; original source path remains an alias. Kind is a navigation label based on file type, path, and title; it does not upgrade evidence.
dongxuelian2/strict-layer-proof-research:archive-by-series/60-J2-65/J2-65-R5-CellRefinement.py	research/archive/strict-layer-proof-research/archive-by-series/60-J2-65/J2-65-R5-CellRefinement.py	dongxuelian2/strict-layer-proof-research	archived	source-only	Source-only bytes preserved once at the canonical target under the frozen archive boundary; original source path remains an alias. Kind is a navigation label based on file type, path, and title; it does not upgrade evidence.
dongxuelian2/strict-layer-proof-research:archive-by-series/60-J2-65/J2-65-R5-Cyclotomic-Reciprocal-Tube-Report.md	research/a1/j2/records/cyclotomic-reciprocal-tube.md	dongxuelian2/strict-layer-proof-research	canonical	exact-duplicate	Exact byte duplicate of the canonical target; this source path is retained as provenance and no second canonical copy is created. Kind is a navigation label based on file type, path, and title; it does not upgrade evidence.
dongxuelian2/strict-layer-proof-research:archive-by-series/60-J2-65/J2-65-R5-CyclotomicComplement.py	research/archive/strict-layer-proof-research/archive-by-series/60-J2-65/J2-65-R5-CyclotomicComplement.py	dongxuelian2/strict-layer-proof-research	archived	source-only	Source-only bytes preserved once at the canonical target under the frozen archive boundary; original source path remains an alias. Kind is a navigation label based on file type, path, and title; it does not upgrade evidence.
dongxuelian2/strict-layer-proof-research:archive-by-series/60-J2-65/J2-65-R5-InternalDisjunctions.py	research/archive/strict-layer-proof-research/archive-by-series/60-J2-65/J2-65-R5-InternalDisjunctions.py	dongxuelian2/strict-layer-proof-research	archived	source-only	Source-only bytes preserved once at the canonical target under the frozen archive boundary; original source path remains an alias. Kind is a navigation label based on file type, path, and title; it does not upgrade evidence.
dongxuelian2/strict-layer-proof-research:archive-by-series/60-J2-65/J2-65-R5-ReciprocalTube.py	research/archive/strict-layer-proof-research/archive-by-series/60-J2-65/J2-65-R5-ReciprocalTube.py	dongxuelian2/strict-layer-proof-research	archived	source-only	Source-only bytes preserved once at the canonical target under the frozen archive boundary; original source path remains an alias. Kind is a navigation label based on file type, path, and title; it does not upgrade evidence.
dongxuelian2/strict-layer-proof-research:archive-by-series/60-J2-65/J2-65-R5-TubeDepthCeilings.py	research/archive/strict-layer-proof-research/archive-by-series/60-J2-65/J2-65-R5-TubeDepthCeilings.py	dongxuelian2/strict-layer-proof-research	archived	source-only	Source-only bytes preserved once at the canonical target under the frozen archive boundary; original source path remains an alias. Kind is a navigation label based on file type, path, and title; it does not upgrade evidence.
dongxuelian2/strict-layer-proof-research:archive-by-series/60-J2-65/J2-65-R5-artifacts.zip	research/archive/strict-layer-proof-research/archive-by-series/60-J2-65/J2-65-R5-artifacts.zip	dongxuelian2/strict-layer-proof-research	archived	source-only	Source-only bytes preserved once at the canonical target under the frozen archive boundary; original source path remains an alias. Kind is a navigation label based on file type, path, and title; it does not upgrade evidence.
dongxuelian2/strict-layer-proof-research:archive-by-series/60-J2-65/J2-65-R5-certificate.txt	research/archive/strict-layer-proof-research/archive-by-series/60-J2-65/J2-65-R5-certificate.txt	dongxuelian2/strict-layer-proof-research	archived	source-only	Source-only bytes preserved once at the canonical target under the frozen archive boundary; original source path remains an alias. Kind is a navigation label based on file type, path, and title; it does not upgrade evidence.
dongxuelian2/strict-layer-proof-research:archive-by-series/60-J2-65/J2-65-R5-execution.log	research/archive/strict-layer-proof-research/archive-by-series/60-J2-65/J2-65-R5-execution.log	dongxuelian2/strict-layer-proof-research	archived	source-only	Source-only bytes preserved once at the canonical target under the frozen archive boundary; original source path remains an alias. Kind is a navigation label based on file type, path, and title; it does not upgrade evidence.
dongxuelian2/strict-layer-proof-research:archive-by-series/60-J2-65/J2-65-R6-RowResultant-factorized.txt	research/archive/strict-layer-proof-research/archive-by-series/60-J2-65/J2-65-R6-RowResultant-factorized.txt	dongxuelian2/strict-layer-proof-research	archived	source-only	Source-only bytes preserved once at the canonical target under the frozen archive boundary; original source path remains an alias. Kind is a navigation label based on file type, path, and title; it does not upgrade evidence.
dongxuelian2/strict-layer-proof-research:archive-by-series/60-J2-65/J2-65-R6-TwoRow-Master-Resultant-Report.md	research/a1/j2/records/tworow-master-resultant.md	dongxuelian2/strict-layer-proof-research	canonical	exact-duplicate	Exact byte duplicate of the canonical target; this source path is retained as provenance and no second canonical copy is created. Kind is a navigation label based on file type, path, and title; it does not upgrade evidence.
dongxuelian2/strict-layer-proof-research:archive-by-series/60-J2-65/J2-65-R6-artifacts.zip	research/archive/strict-layer-proof-research/archive-by-series/60-J2-65/J2-65-R6-artifacts.zip	dongxuelian2/strict-layer-proof-research	archived	source-only	Source-only bytes preserved once at the canonical target under the frozen archive boundary; original source path remains an alias. Kind is a navigation label based on file type, path, and title; it does not upgrade evidence.
dongxuelian2/strict-layer-proof-research:archive-by-series/60-J2-65/J2-65-R6-certificate.txt	research/archive/strict-layer-proof-research/archive-by-series/60-J2-65/J2-65-R6-certificate.txt	dongxuelian2/strict-layer-proof-research	archived	source-only	Source-only bytes preserved once at the canonical target under the frozen archive boundary; original source path remains an alias. Kind is a navigation label based on file type, path, and title; it does not upgrade evidence.
dongxuelian2/strict-layer-proof-research:archive-by-series/60-J2-65/J2-65-R6-execution.log	research/archive/strict-layer-proof-research/archive-by-series/60-J2-65/J2-65-R6-execution.log	dongxuelian2/strict-layer-proof-research	archived	source-only	Source-only bytes preserved once at the canonical target under the frozen archive boundary; original source path remains an alias. Kind is a navigation label based on file type, path, and title; it does not upgrade evidence.
dongxuelian2/strict-layer-proof-research:archive-by-series/60-J2-65/J2-65-R7-QuadraticMatrices.txt	research/archive/strict-layer-proof-research/archive-by-series/60-J2-65/J2-65-R7-QuadraticMatrices.txt	dongxuelian2/strict-layer-proof-research	archived	source-only	Source-only bytes preserved once at the canonical target under the frozen archive boundary; original source path remains an alias. Kind is a navigation label based on file type, path, and title; it does not upgrade evidence.
dongxuelian2/strict-layer-proof-research:archive-by-series/60-J2-65/J2-65-R7-Veronese-Conic-Pencil-Report.md	research/a1/j2/records/veronese-conic-pencil.md	dongxuelian2/strict-layer-proof-research	canonical	exact-duplicate	Exact byte duplicate of the canonical target; this source path is retained as provenance and no second canonical copy is created. Kind is a navigation label based on file type, path, and title; it does not upgrade evidence.
dongxuelian2/strict-layer-proof-research:archive-by-series/60-J2-65/J2-65-R7-artifacts.zip	research/archive/strict-layer-proof-research/archive-by-series/60-J2-65/J2-65-R7-artifacts.zip	dongxuelian2/strict-layer-proof-research	archived	source-only	Source-only bytes preserved once at the canonical target under the frozen archive boundary; original source path remains an alias. Kind is a navigation label based on file type, path, and title; it does not upgrade evidence.
dongxuelian2/strict-layer-proof-research:archive-by-series/60-J2-65/J2-65-R7-certificate.txt	research/archive/strict-layer-proof-research/archive-by-series/60-J2-65/J2-65-R7-certificate.txt	dongxuelian2/strict-layer-proof-research	archived	source-only	Source-only bytes preserved once at the canonical target under the frozen archive boundary; original source path remains an alias. Kind is a navigation label based on file type, path, and title; it does not upgrade evidence.
dongxuelian2/strict-layer-proof-research:archive-by-series/60-J2-65/J2-65-R7-execution.log	research/archive/strict-layer-proof-research/archive-by-series/60-J2-65/J2-65-R7-execution.log	dongxuelian2/strict-layer-proof-research	archived	source-only	Source-only bytes preserved once at the canonical target under the frozen archive boundary; original source path remains an alias. Kind is a navigation label based on file type, path, and title; it does not upgrade evidence.
dongxuelian2/strict-layer-proof-research:archive-by-series/60-J2-65/J2-65-R8-Norm-Brauer-Geometry-Report.md	research/a1/j2/records/norm-brauer-geometry.md	dongxuelian2/strict-layer-proof-research	canonical	exact-duplicate	Exact byte duplicate of the canonical target; this source path is retained as provenance and no second canonical copy is created. Kind is a navigation label based on file type, path, and title; it does not upgrade evidence.
dongxuelian2/strict-layer-proof-research:archive-by-series/60-J2-65/J2-65-R8-NormForm.txt	research/archive/strict-layer-proof-research/archive-by-series/60-J2-65/J2-65-R8-NormForm.txt	dongxuelian2/strict-layer-proof-research	archived	source-only	Source-only bytes preserved once at the canonical target under the frozen archive boundary; original source path remains an alias. Kind is a navigation label based on file type, path, and title; it does not upgrade evidence.
dongxuelian2/strict-layer-proof-research:archive-by-series/60-J2-65/J2-65-R8-artifacts.zip	research/archive/strict-layer-proof-research/archive-by-series/60-J2-65/J2-65-R8-artifacts.zip	dongxuelian2/strict-layer-proof-research	archived	source-only	Source-only bytes preserved once at the canonical target under the frozen archive boundary; original source path remains an alias. Kind is a navigation label based on file type, path, and title; it does not upgrade evidence.
dongxuelian2/strict-layer-proof-research:archive-by-series/60-J2-65/J2-65-R8-certificate.txt	research/archive/strict-layer-proof-research/archive-by-series/60-J2-65/J2-65-R8-certificate.txt	dongxuelian2/strict-layer-proof-research	archived	source-only	Source-only bytes preserved once at the canonical target under the frozen archive boundary; original source path remains an alias. Kind is a navigation label based on file type, path, and title; it does not upgrade evidence.
dongxuelian2/strict-layer-proof-research:archive-by-series/60-J2-65/J2-65-R9-Global-Verdict-Report.md	research/a1/j2/records/global-verdict.md	dongxuelian2/strict-layer-proof-research	canonical	exact-duplicate	Exact byte duplicate of the canonical target; this source path is retained as provenance and no second canonical copy is created. Kind is a navigation label based on file type, path, and title; it does not upgrade evidence.
dongxuelian2/strict-layer-proof-research:archive-by-series/60-J2-65/J2-65-R9-SpecializedBrauer.py	research/archive/strict-layer-proof-research/archive-by-series/60-J2-65/J2-65-R9-SpecializedBrauer.py	dongxuelian2/strict-layer-proof-research	archived	source-only	Source-only bytes preserved once at the canonical target under the frozen archive boundary; original source path remains an alias. Kind is a navigation label based on file type, path, and title; it does not upgrade evidence.
dongxuelian2/strict-layer-proof-research:archive-by-series/60-J2-65/J2-65-R9-artifacts.zip	research/archive/strict-layer-proof-research/archive-by-series/60-J2-65/J2-65-R9-artifacts.zip	dongxuelian2/strict-layer-proof-research	archived	source-only	Source-only bytes preserved once at the canonical target under the frozen archive boundary; original source path remains an alias. Kind is a navigation label based on file type, path, and title; it does not upgrade evidence.
dongxuelian2/strict-layer-proof-research:archive-by-series/60-J2-65/J2-65-R9-certificate.txt	research/archive/strict-layer-proof-research/archive-by-series/60-J2-65/J2-65-R9-certificate.txt	dongxuelian2/strict-layer-proof-research	archived	source-only	Source-only bytes preserved once at the canonical target under the frozen archive boundary; original source path remains an alias. Kind is a navigation label based on file type, path, and title; it does not upgrade evidence.
dongxuelian2/strict-layer-proof-research:archive-by-series/60-J2-65/J2-65-R9-execution.log	research/archive/strict-layer-proof-research/archive-by-series/60-J2-65/J2-65-R9-execution.log	dongxuelian2/strict-layer-proof-research	archived	source-only	Source-only bytes preserved once at the canonical target under the frozen archive boundary; original source path remains an alias. Kind is a navigation label based on file type, path, and title; it does not upgrade evidence.
dongxuelian2/strict-layer-proof-research:archive-by-series/64-75-and-migration/75_R1_external_math_integration.zip	research/archive/strict-layer-proof-research/archive-by-series/64-75-and-migration/75_R1_external_math_integration.zip	dongxuelian2/strict-layer-proof-research	archived	source-only	Source-only bytes preserved once at the canonical target under the frozen archive boundary; original source path remains an alias. Kind is a navigation label based on file type, path, and title; it does not upgrade evidence.
dongxuelian2/strict-layer-proof-research:archive-by-series/64-75-and-migration/75_R2_migration_bundle.zip	research/archive/strict-layer-proof-research/archive-by-series/64-75-and-migration/75_R2_migration_bundle.zip	dongxuelian2/strict-layer-proof-research	archived	source-only	Source-only bytes preserved once at the canonical target under the frozen archive boundary; original source path remains an alias. Kind is a navigation label based on file type, path, and title; it does not upgrade evidence.
dongxuelian2/strict-layer-proof-research:archive-by-series/64-75-and-migration/75_R3_artifacts.zip	research/archive/strict-layer-proof-research/archive-by-series/64-75-and-migration/75_R3_artifacts.zip	dongxuelian2/strict-layer-proof-research	archived	source-only	Source-only bytes preserved once at the canonical target under the frozen archive boundary; original source path remains an alias. Kind is a navigation label based on file type, path, and title; it does not upgrade evidence.
dongxuelian2/strict-layer-proof-research:archive-by-series/64-75-and-migration/75_R5_stage_package.zip	research/archive/strict-layer-proof-research/archive-by-series/64-75-and-migration/75_R5_stage_package.zip	dongxuelian2/strict-layer-proof-research	archived	source-only	Source-only bytes preserved once at the canonical target under the frozen archive boundary; original source path remains an alias. Kind is a navigation label based on file type, path, and title; it does not upgrade evidence.
dongxuelian2/strict-layer-proof-research:archive-by-series/64-75-and-migration/75_R6_external_arsenal_bundle.zip	research/archive/strict-layer-proof-research/archive-by-series/64-75-and-migration/75_R6_external_arsenal_bundle.zip	dongxuelian2/strict-layer-proof-research	archived	source-only	Source-only bytes preserved once at the canonical target under the frozen archive boundary; original source path remains an alias. Kind is a navigation label based on file type, path, and title; it does not upgrade evidence.
dongxuelian2/strict-layer-proof-research:archive-by-series/64-75-and-migration/75_R7_complete.zip	research/archive/strict-layer-proof-research/archive-by-series/64-75-and-migration/75_R7_complete.zip	dongxuelian2/strict-layer-proof-research	archived	source-only	Source-only bytes preserved once at the canonical target under the frozen archive boundary; original source path remains an alias. Kind is a navigation label based on file type, path, and title; it does not upgrade evidence.
dongxuelian2/strict-layer-proof-research:archive-by-series/64-75-and-migration/75_R8_COMPLETE.zip	research/archive/strict-layer-proof-research/archive-by-series/64-75-and-migration/75_R8_COMPLETE.zip	dongxuelian2/strict-layer-proof-research	archived	source-only	Source-only bytes preserved once at the canonical target under the frozen archive boundary; original source path remains an alias. Kind is a navigation label based on file type, path, and title; it does not upgrade evidence.
dongxuelian2/strict-layer-proof-research:archive-by-series/64-75-and-migration/7_15_75_to_85_Inheritance_Authority_Certificate.txt	research/archive/strict-layer-proof-research/archive-by-series/64-75-and-migration/7_15_75_to_85_Inheritance_Authority_Certificate.txt	dongxuelian2/strict-layer-proof-research	archived	source-only	Source-only bytes preserved once at the canonical target under the frozen archive boundary; original source path remains an alias. Kind is a navigation label based on file type, path, and title; it does not upgrade evidence.
dongxuelian2/strict-layer-proof-research:archive-by-series/64-75-and-migration/7_15_Audit_Report.md	research/a1/records/15-audit.md	dongxuelian2/strict-layer-proof-research	canonical	exact-duplicate	Exact byte duplicate of the canonical target; this source path is retained as provenance and no second canonical copy is created. Kind is a navigation label based on file type, path, and title; it does not upgrade evidence.
dongxuelian2/strict-layer-proof-research:archive-by-series/64-75-and-migration/7_15_Legacy_Migration_Alias_Quarantine.md	research/archive/strict-layer-proof-research/archive-by-series/64-75-and-migration/7_15_Legacy_Migration_Alias_Quarantine.md	dongxuelian2/strict-layer-proof-research	archived	source-only	Source-only bytes preserved once at the canonical target under the frozen archive boundary; original source path remains an alias. Kind is a navigation label based on file type, path, and title; it does not upgrade evidence.
dongxuelian2/strict-layer-proof-research:archive-by-series/64-75-and-migration/MC-001_Huang_Ternary_Cone_Primitive_Local_Counting(1).md	research/a1/records/huang-ternary-cone-primitive-local-counting-variant.md	dongxuelian2/strict-layer-proof-research	canonical	exact-duplicate	Exact byte duplicate of the canonical target; this source path is retained as provenance and no second canonical copy is created. Kind is a navigation label based on file type, path, and title; it does not upgrade evidence.
dongxuelian2/strict-layer-proof-research:archive-by-series/64-75-and-migration/MC-001_Huang_Ternary_Cone_Primitive_Local_Counting.md	research/a1/records/huang-ternary-cone-primitive-local-counting.md	dongxuelian2/strict-layer-proof-research	canonical	exact-duplicate	Exact byte duplicate of the canonical target; this source path is retained as provenance and no second canonical copy is created. Kind is a navigation label based on file type, path, and title; it does not upgrade evidence.
dongxuelian2/strict-layer-proof-research:archive-by-series/64-75-and-migration/MC-002_Cassels_Small_Zero.md	research/a1/records/cassels-small-zero.md	dongxuelian2/strict-layer-proof-research	canonical	exact-duplicate	Exact byte duplicate of the canonical target; this source path is retained as provenance and no second canonical copy is created. Kind is a navigation label based on file type, path, and title; it does not upgrade evidence.
dongxuelian2/strict-layer-proof-research:archive-by-series/64-75-and-migration/migration_stack_P2(1).md	research/archive/strict-layer-proof-research/archive-by-series/64-75-and-migration/migration_stack_P2(1).md	dongxuelian2/strict-layer-proof-research	archived	source-only	Source-only bytes preserved once at the canonical target under the frozen archive boundary; original source path remains an alias. Kind is a navigation label based on file type, path, and title; it does not upgrade evidence.
dongxuelian2/strict-layer-proof-research:archive-by-series/64-75-and-migration/migration_stack_P2(2).md	research/archive/strict-layer-proof-research/archive-by-series/64-75-and-migration/migration_stack_P2(2).md	dongxuelian2/strict-layer-proof-research	archived	source-only	Source-only bytes preserved once at the canonical target under the frozen archive boundary; original source path remains an alias. Kind is a navigation label based on file type, path, and title; it does not upgrade evidence.
dongxuelian2/strict-layer-proof-research:archive-by-series/64-75-and-migration/migration_stack_P2.md	research/archive/strict-layer-proof-research/archive-by-series/64-75-and-migration/migration_stack_P2.md	dongxuelian2/strict-layer-proof-research	archived	source-only	Source-only bytes preserved once at the canonical target under the frozen archive boundary; original source path remains an alias. Kind is a navigation label based on file type, path, and title; it does not upgrade evidence.
dongxuelian2/strict-layer-proof-research:archive-by-series/65-bridge-and-provenance/00_65_terminal_recompression.md	research/a1/records/65-terminal-recompression.md	dongxuelian2/strict-layer-proof-research	canonical	exact-duplicate	Exact byte duplicate of the canonical target; this source path is retained as provenance and no second canonical copy is created. Kind is a navigation label based on file type, path, and title; it does not upgrade evidence.
dongxuelian2/strict-layer-proof-research:archive-by-series/65-bridge-and-provenance/01_standard_language_dictionary.md	research/a1/records/standard-language-dictionary.md	dongxuelian2/strict-layer-proof-research	canonical	exact-duplicate	Exact byte duplicate of the canonical target; this source path is retained as provenance and no second canonical copy is created. Kind is a navigation label based on file type, path, and title; it does not upgrade evidence.
dongxuelian2/strict-layer-proof-research:archive-by-series/65-bridge-and-provenance/03_USSPAL_intrinsic_lower_barrier.md	research/a1/records/usspal-intrinsic-lower-barrier.md	dongxuelian2/strict-layer-proof-research	canonical	exact-duplicate	Exact byte duplicate of the canonical target; this source path is retained as provenance and no second canonical copy is created. Kind is a navigation label based on file type, path, and title; it does not upgrade evidence.
dongxuelian2/strict-layer-proof-research:archive-by-series/65-bridge-and-provenance/06_power_ten_rearchitecture_audit.md	research/a1/records/power-ten-rearchitecture-audit.md	dongxuelian2/strict-layer-proof-research	canonical	exact-duplicate	Exact byte duplicate of the canonical target; this source path is retained as provenance and no second canonical copy is created. Kind is a navigation label based on file type, path, and title; it does not upgrade evidence.
dongxuelian2/strict-layer-proof-research:archive-by-series/65-bridge-and-provenance/06_primitive_sector_congruence.md	research/a1/records/primitive-sector-congruence.md	dongxuelian2/strict-layer-proof-research	canonical	exact-duplicate	Exact byte duplicate of the canonical target; this source path is retained as provenance and no second canonical copy is created. Kind is a navigation label based on file type, path, and title; it does not upgrade evidence.
dongxuelian2/strict-layer-proof-research:archive-by-series/65-bridge-and-provenance/07_archimedean_digit_region.md	research/a1/records/archimedean-digit-region.md	dongxuelian2/strict-layer-proof-research	canonical	exact-duplicate	Exact byte duplicate of the canonical target; this source path is retained as provenance and no second canonical copy is created. Kind is a navigation label based on file type, path, and title; it does not upgrade evidence.
dongxuelian2/strict-layer-proof-research:archive-by-series/65-bridge-and-provenance/07_reverse_semantics_audit.md	research/a1/records/reverse-semantics-audit.md	dongxuelian2/strict-layer-proof-research	canonical	exact-duplicate	Exact byte duplicate of the canonical target; this source path is retained as provenance and no second canonical copy is created. Kind is a navigation label based on file type, path, and title; it does not upgrade evidence.
dongxuelian2/strict-layer-proof-research:archive-by-series/65-bridge-and-provenance/08_migration_matrix.md	research/archive/strict-layer-proof-research/archive-by-series/65-bridge-and-provenance/08_migration_matrix.md	dongxuelian2/strict-layer-proof-research	archived	source-only	Source-only bytes preserved once at the canonical target under the frozen archive boundary; original source path remains an alias. Kind is a navigation label based on file type, path, and title; it does not upgrade evidence.
dongxuelian2/strict-layer-proof-research:archive-by-series/65-bridge-and-provenance/08_quantitative_theorem_registry.md	research/a1/records/quantitative-theorem-registry.md	dongxuelian2/strict-layer-proof-research	canonical	exact-duplicate	Exact byte duplicate of the canonical target; this source path is retained as provenance and no second canonical copy is created. Kind is a navigation label based on file type, path, and title; it does not upgrade evidence.
dongxuelian2/strict-layer-proof-research:archive-by-series/65-bridge-and-provenance/08_weapon_ranking.md	research/a1/records/weapon-ranking.md	dongxuelian2/strict-layer-proof-research	canonical	exact-duplicate	Exact byte duplicate of the canonical target; this source path is retained as provenance and no second canonical copy is created. Kind is a navigation label based on file type, path, and title; it does not upgrade evidence.
dongxuelian2/strict-layer-proof-research:archive-by-series/65-bridge-and-provenance/09_height_bridge_analysis.md	research/a1/records/height-bridge-analysis.md	dongxuelian2/strict-layer-proof-research	canonical	exact-duplicate	Exact byte duplicate of the canonical target; this source path is retained as provenance and no second canonical copy is created. Kind is a navigation label based on file type, path, and title; it does not upgrade evidence.
dongxuelian2/strict-layer-proof-research:archive-by-series/65-bridge-and-provenance/10_external_arsenal_map.md	research/a1/records/external-arsenal-map.md	dongxuelian2/strict-layer-proof-research	canonical	exact-duplicate	Exact byte duplicate of the canonical target; this source path is retained as provenance and no second canonical copy is created. Kind is a navigation label based on file type, path, and title; it does not upgrade evidence.
dongxuelian2/strict-layer-proof-research:archive-by-series/65-bridge-and-provenance/10_migration_dry_run.md	research/archive/strict-layer-proof-research/archive-by-series/65-bridge-and-provenance/10_migration_dry_run.md	dongxuelian2/strict-layer-proof-research	archived	source-only	Source-only bytes preserved once at the canonical target under the frozen archive boundary; original source path remains an alias. Kind is a navigation label based on file type, path, and title; it does not upgrade evidence.
dongxuelian2/strict-layer-proof-research:archive-by-series/65-bridge-and-provenance/11_main_proof_interface_decision.md	research/a1/records/main-proof-interface-decision.md	dongxuelian2/strict-layer-proof-research	canonical	exact-duplicate	Exact byte duplicate of the canonical target; this source path is retained as provenance and no second canonical copy is created. Kind is a navigation label based on file type, path, and title; it does not upgrade evidence.
dongxuelian2/strict-layer-proof-research:archive-by-series/65-bridge-and-provenance/11_remaining_internal_mathematics.md	research/a1/records/interface-selection.md	dongxuelian2/strict-layer-proof-research	canonical	exact-duplicate	Exact byte duplicate of the canonical target; this source path is retained as provenance and no second canonical copy is created. Kind is a navigation label based on file type, path, and title; it does not upgrade evidence.
dongxuelian2/strict-layer-proof-research:archive-by-series/65-bridge-and-provenance/12_R1_terminal_verdict.md	research/a1/records/r1-terminal-verdict.md	dongxuelian2/strict-layer-proof-research	canonical	exact-duplicate	Exact byte duplicate of the canonical target; this source path is retained as provenance and no second canonical copy is created. Kind is a navigation label based on file type, path, and title; it does not upgrade evidence.
dongxuelian2/strict-layer-proof-research:archive-by-series/65-bridge-and-provenance/12_R2_terminal_verdict.md	research/a1/records/r2-terminal-verdict.md	dongxuelian2/strict-layer-proof-research	canonical	exact-duplicate	Exact byte duplicate of the canonical target; this source path is retained as provenance and no second canonical copy is created. Kind is a navigation label based on file type, path, and title; it does not upgrade evidence.
dongxuelian2/strict-layer-proof-research:archive-by-series/65-bridge-and-provenance/12_R6_terminal_verdict.md	research/a1/records/r6-terminal-verdict.md	dongxuelian2/strict-layer-proof-research	canonical	exact-duplicate	Exact byte duplicate of the canonical target; this source path is retained as provenance and no second canonical copy is created. Kind is a navigation label based on file type, path, and title; it does not upgrade evidence.
dongxuelian2/strict-layer-proof-research:archive-by-series/65-bridge-and-provenance/12_remaining_internal_mathematics.md	research/a1/records/external-search-saturation.md	dongxuelian2/strict-layer-proof-research	canonical	exact-duplicate	Exact byte duplicate of the canonical target; this source path is retained as provenance and no second canonical copy is created. Kind is a navigation label based on file type, path, and title; it does not upgrade evidence.
dongxuelian2/strict-layer-proof-research:archive-by-series/65-bridge-and-provenance/12_remaining_new_mathematics.md	research/a1/records/unresolved-after-interface-selection.md	dongxuelian2/strict-layer-proof-research	canonical	exact-duplicate	Exact byte duplicate of the canonical target; this source path is retained as provenance and no second canonical copy is created. Kind is a navigation label based on file type, path, and title; it does not upgrade evidence.
dongxuelian2/strict-layer-proof-research:archive-by-series/65-bridge-and-provenance/13_R6-certificate.txt	research/archive/strict-layer-proof-research/archive-by-series/65-bridge-and-provenance/13_R6-certificate.txt	dongxuelian2/strict-layer-proof-research	archived	source-only	Source-only bytes preserved once at the canonical target under the frozen archive boundary; original source path remains an alias. Kind is a navigation label based on file type, path, and title; it does not upgrade evidence.
dongxuelian2/strict-layer-proof-research:archive-by-series/65-bridge-and-provenance/13_R7_terminal_verdict.md	research/a1/records/r7-terminal-verdict.md	dongxuelian2/strict-layer-proof-research	canonical	exact-duplicate	Exact byte duplicate of the canonical target; this source path is retained as provenance and no second canonical copy is created. Kind is a navigation label based on file type, path, and title; it does not upgrade evidence.
dongxuelian2/strict-layer-proof-research:archive-by-series/65-bridge-and-provenance/13_R8_terminal_verdict.md	research/a1/records/r8-terminal-verdict.md	dongxuelian2/strict-layer-proof-research	canonical	exact-duplicate	Exact byte duplicate of the canonical target; this source path is retained as provenance and no second canonical copy is created. Kind is a navigation label based on file type, path, and title; it does not upgrade evidence.
dongxuelian2/strict-layer-proof-research:archive-by-series/65-bridge-and-provenance/14_R3_terminal_verdict.md	research/a1/records/r3-terminal-verdict.md	dongxuelian2/strict-layer-proof-research	canonical	exact-duplicate	Exact byte duplicate of the canonical target; this source path is retained as provenance and no second canonical copy is created. Kind is a navigation label based on file type, path, and title; it does not upgrade evidence.
dongxuelian2/strict-layer-proof-research:archive-by-series/65-bridge-and-provenance/14_R7-certificate.txt	research/archive/strict-layer-proof-research/archive-by-series/65-bridge-and-provenance/14_R7-certificate.txt	dongxuelian2/strict-layer-proof-research	archived	source-only	Source-only bytes preserved once at the canonical target under the frozen archive boundary; original source path remains an alias. Kind is a navigation label based on file type, path, and title; it does not upgrade evidence.
dongxuelian2/strict-layer-proof-research:archive-by-series/65-bridge-and-provenance/14_R8-certificate.txt	research/archive/strict-layer-proof-research/archive-by-series/65-bridge-and-provenance/14_R8-certificate.txt	dongxuelian2/strict-layer-proof-research	archived	source-only	Source-only bytes preserved once at the canonical target under the frozen archive boundary; original source path remains an alias. Kind is a navigation label based on file type, path, and title; it does not upgrade evidence.
dongxuelian2/strict-layer-proof-research:archive-by-series/65-bridge-and-provenance/14_USSPAL_route_viability.md	research/a1/records/usspal-route-viability.md	dongxuelian2/strict-layer-proof-research	canonical	exact-duplicate	Exact byte duplicate of the canonical target; this source path is retained as provenance and no second canonical copy is created. Kind is a navigation label based on file type, path, and title; it does not upgrade evidence.
dongxuelian2/strict-layer-proof-research:archive-by-series/65-bridge-and-provenance/15_R4_terminal_verdict.md	research/a1/records/r4-terminal-verdict.md	dongxuelian2/strict-layer-proof-research	canonical	exact-duplicate	Exact byte duplicate of the canonical target; this source path is retained as provenance and no second canonical copy is created. Kind is a navigation label based on file type, path, and title; it does not upgrade evidence.
dongxuelian2/strict-layer-proof-research:archive-by-series/65-bridge-and-provenance/15_remaining_new_mathematics.md	research/a1/records/unresolved-mathematics.md	dongxuelian2/strict-layer-proof-research	canonical	exact-duplicate	Exact byte duplicate of the canonical target; this source path is retained as provenance and no second canonical copy is created. Kind is a navigation label based on file type, path, and title; it does not upgrade evidence.
dongxuelian2/strict-layer-proof-research:archive-by-series/65-bridge-and-provenance/16_R5_terminal_verdict.md	research/a1/records/r5-terminal-verdict.md	dongxuelian2/strict-layer-proof-research	canonical	exact-duplicate	Exact byte duplicate of the canonical target; this source path is retained as provenance and no second canonical copy is created. Kind is a navigation label based on file type, path, and title; it does not upgrade evidence.
dongxuelian2/strict-layer-proof-research:archive-by-series/65-bridge-and-provenance/17_R5-certificate.txt	research/archive/strict-layer-proof-research/archive-by-series/65-bridge-and-provenance/17_R5-certificate.txt	dongxuelian2/strict-layer-proof-research	archived	source-only	Source-only bytes preserved once at the canonical target under the frozen archive boundary; original source path remains an alias. Kind is a navigation label based on file type, path, and title; it does not upgrade evidence.
dongxuelian2/strict-layer-proof-research:archive-by-series/65-bridge-and-provenance/J2_65_R5_common.py	research/archive/strict-layer-proof-research/archive-by-series/65-bridge-and-provenance/J2_65_R5_common.py	dongxuelian2/strict-layer-proof-research	archived	source-only	Source-only bytes preserved once at the canonical target under the frozen archive boundary; original source path remains an alias. Kind is a navigation label based on file type, path, and title; it does not upgrade evidence.
dongxuelian2/strict-layer-proof-research:archive-by-series/65-bridge-and-provenance/MANIFEST.md	research/archive/strict-layer-proof-research/archive-by-series/65-bridge-and-provenance/MANIFEST.md	dongxuelian2/strict-layer-proof-research	archived	source-only	Source-only bytes preserved once at the canonical target under the frozen archive boundary; original source path remains an alias. Kind is a navigation label based on file type, path, and title; it does not upgrade evidence.
dongxuelian2/strict-layer-proof-research:archive-by-series/65-bridge-and-provenance/SHA256SUMS(1).txt	research/archive/strict-layer-proof-research/archive-by-series/65-bridge-and-provenance/SHA256SUMS(1).txt	dongxuelian2/strict-layer-proof-research	archived	source-only	Source-only bytes preserved once at the canonical target under the frozen archive boundary; original source path remains an alias. Kind is a navigation label based on file type, path, and title; it does not upgrade evidence.
dongxuelian2/strict-layer-proof-research:archive-by-series/65-bridge-and-provenance/SHA256SUMS.txt	research/archive/strict-layer-proof-research/archive-by-series/65-bridge-and-provenance/SHA256SUMS.txt	dongxuelian2/strict-layer-proof-research	archived	source-only	Source-only bytes preserved once at the canonical target under the frozen archive boundary; original source path remains an alias. Kind is a navigation label based on file type, path, and title; it does not upgrade evidence.
dongxuelian2/strict-layer-proof-research:archive-by-series/65-bridge-and-provenance/bezout_certificates.txt	research/archive/strict-layer-proof-research/archive-by-series/65-bridge-and-provenance/bezout_certificates.txt	dongxuelian2/strict-layer-proof-research	archived	source-only	Source-only bytes preserved once at the canonical target under the frozen archive boundary; original source path remains an alias. Kind is a navigation label based on file type, path, and title; it does not upgrade evidence.
dongxuelian2/strict-layer-proof-research:archive-by-series/65-bridge-and-provenance/common_h_provenance_audit.txt	research/archive/strict-layer-proof-research/archive-by-series/65-bridge-and-provenance/common_h_provenance_audit.txt	dongxuelian2/strict-layer-proof-research	archived	source-only	Source-only bytes preserved once at the canonical target under the frozen archive boundary; original source path remains an alias. Kind is a navigation label based on file type, path, and title; it does not upgrade evidence.
dongxuelian2/strict-layer-proof-research:archive-by-series/65-bridge-and-provenance/deep_eta_congruence.txt	research/archive/strict-layer-proof-research/archive-by-series/65-bridge-and-provenance/deep_eta_congruence.txt	dongxuelian2/strict-layer-proof-research	archived	source-only	Source-only bytes preserved once at the canonical target under the frozen archive boundary; original source path remains an alias. Kind is a navigation label based on file type, path, and title; it does not upgrade evidence.
dongxuelian2/strict-layer-proof-research:archive-by-series/65-bridge-and-provenance/execution.log	research/archive/strict-layer-proof-research/archive-by-series/65-bridge-and-provenance/execution.log	dongxuelian2/strict-layer-proof-research	archived	source-only	Source-only bytes preserved once at the canonical target under the frozen archive boundary; original source path remains an alias. Kind is a navigation label based on file type, path, and title; it does not upgrade evidence.
dongxuelian2/strict-layer-proof-research:archive-by-series/65-bridge-and-provenance/modular_search_summary.txt	research/archive/strict-layer-proof-research/archive-by-series/65-bridge-and-provenance/modular_search_summary.txt	dongxuelian2/strict-layer-proof-research	archived	source-only	Source-only bytes preserved once at the canonical target under the frozen archive boundary; original source path remains an alias. Kind is a navigation label based on file type, path, and title; it does not upgrade evidence.
dongxuelian2/strict-layer-proof-research:archive-by-series/65-bridge-and-provenance/q1_defect_signature.py	research/archive/strict-layer-proof-research/archive-by-series/65-bridge-and-provenance/q1_defect_signature.py	dongxuelian2/strict-layer-proof-research	archived	source-only	Source-only bytes preserved once at the canonical target under the frozen archive boundary; original source path remains an alias. Kind is a navigation label based on file type, path, and title; it does not upgrade evidence.
dongxuelian2/strict-layer-proof-research:archive-by-series/65-bridge-and-provenance/q1_defect_signature.txt	research/archive/strict-layer-proof-research/archive-by-series/65-bridge-and-provenance/q1_defect_signature.txt	dongxuelian2/strict-layer-proof-research	archived	source-only	Source-only bytes preserved once at the canonical target under the frozen archive boundary; original source path remains an alias. Kind is a navigation label based on file type, path, and title; it does not upgrade evidence.
dongxuelian2/strict-layer-proof-research:archive-by-series/65-bridge-and-provenance/q1_defect_signature_summary.json	research/archive/strict-layer-proof-research/archive-by-series/65-bridge-and-provenance/q1_defect_signature_summary.json	dongxuelian2/strict-layer-proof-research	archived	source-only	Source-only bytes preserved once at the canonical target under the frozen archive boundary; original source path remains an alias. Kind is a navigation label based on file type, path, and title; it does not upgrade evidence.
dongxuelian2/strict-layer-proof-research:archive-by-series/65-bridge-and-provenance/qgt1_sparse_elimination.py	research/archive/strict-layer-proof-research/archive-by-series/65-bridge-and-provenance/qgt1_sparse_elimination.py	dongxuelian2/strict-layer-proof-research	archived	source-only	Source-only bytes preserved once at the canonical target under the frozen archive boundary; original source path remains an alias. Kind is a navigation label based on file type, path, and title; it does not upgrade evidence.
dongxuelian2/strict-layer-proof-research:archive-by-series/65-bridge-and-provenance/qgt1_sparse_elimination.txt	research/archive/strict-layer-proof-research/archive-by-series/65-bridge-and-provenance/qgt1_sparse_elimination.txt	dongxuelian2/strict-layer-proof-research	archived	source-only	Source-only bytes preserved once at the canonical target under the frozen archive boundary; original source path remains an alias. Kind is a navigation label based on file type, path, and title; it does not upgrade evidence.
dongxuelian2/strict-layer-proof-research:archive-by-series/65-bridge-and-provenance/r2_certificate.txt	research/archive/strict-layer-proof-research/archive-by-series/65-bridge-and-provenance/r2_certificate.txt	dongxuelian2/strict-layer-proof-research	archived	source-only	Source-only bytes preserved once at the canonical target under the frozen archive boundary; original source path remains an alias. Kind is a navigation label based on file type, path, and title; it does not upgrade evidence.
dongxuelian2/strict-layer-proof-research:archive-by-series/65-bridge-and-provenance/r2_factor_gap_audit.py	research/archive/strict-layer-proof-research/archive-by-series/65-bridge-and-provenance/r2_factor_gap_audit.py	dongxuelian2/strict-layer-proof-research	archived	source-only	Source-only bytes preserved once at the canonical target under the frozen archive boundary; original source path remains an alias. Kind is a navigation label based on file type, path, and title; it does not upgrade evidence.
dongxuelian2/strict-layer-proof-research:archive-by-series/65-bridge-and-provenance/r3_machine_summary.json	research/archive/strict-layer-proof-research/archive-by-series/65-bridge-and-provenance/r3_machine_summary.json	dongxuelian2/strict-layer-proof-research	archived	source-only	Source-only bytes preserved once at the canonical target under the frozen archive boundary; original source path remains an alias. Kind is a navigation label based on file type, path, and title; it does not upgrade evidence.
dongxuelian2/strict-layer-proof-research:archive-by-series/65-bridge-and-provenance/result_summary.json	research/archive/strict-layer-proof-research/archive-by-series/65-bridge-and-provenance/result_summary.json	dongxuelian2/strict-layer-proof-research	archived	source-only	Source-only bytes preserved once at the canonical target under the frozen archive boundary; original source path remains an alias. Kind is a navigation label based on file type, path, and title; it does not upgrade evidence.
dongxuelian2/strict-layer-proof-research:archive-by-series/65-bridge-and-provenance/source_audit.md	research/archive/strict-layer-proof-research/archive-by-series/65-bridge-and-provenance/source_audit.md	dongxuelian2/strict-layer-proof-research	archived	source-only	Source-only bytes preserved once at the canonical target under the frozen archive boundary; original source path remains an alias. Kind is a navigation label based on file type, path, and title; it does not upgrade evidence.
dongxuelian2/strict-layer-proof-research:archive-by-series/65-bridge-and-provenance/symbolic_factorizations.txt	research/archive/strict-layer-proof-research/archive-by-series/65-bridge-and-provenance/symbolic_factorizations.txt	dongxuelian2/strict-layer-proof-research	archived	source-only	Source-only bytes preserved once at the canonical target under the frozen archive boundary; original source path remains an alias. Kind is a navigation label based on file type, path, and title; it does not upgrade evidence.
dongxuelian2/strict-layer-proof-research:archive-by-series/65-bridge-and-provenance/verify_r4_fixed_incidence.log	research/archive/strict-layer-proof-research/archive-by-series/65-bridge-and-provenance/verify_r4_fixed_incidence.log	dongxuelian2/strict-layer-proof-research	archived	source-only	Source-only bytes preserved once at the canonical target under the frozen archive boundary; original source path remains an alias. Kind is a navigation label based on file type, path, and title; it does not upgrade evidence.
dongxuelian2/strict-layer-proof-research:archive-by-series/65-bridge-and-provenance/verify_r4_fixed_incidence.py	research/archive/strict-layer-proof-research/archive-by-series/65-bridge-and-provenance/verify_r4_fixed_incidence.py	dongxuelian2/strict-layer-proof-research	archived	source-only	Source-only bytes preserved once at the canonical target under the frozen archive boundary; original source path remains an alias. Kind is a navigation label based on file type, path, and title; it does not upgrade evidence.
dongxuelian2/strict-layer-proof-research:archive-by-series/65-bridge-and-provenance/verify_r7_factor_pair.log	research/archive/strict-layer-proof-research/archive-by-series/65-bridge-and-provenance/verify_r7_factor_pair.log	dongxuelian2/strict-layer-proof-research	archived	source-only	Source-only bytes preserved once at the canonical target under the frozen archive boundary; original source path remains an alias. Kind is a navigation label based on file type, path, and title; it does not upgrade evidence.
dongxuelian2/strict-layer-proof-research:archive-by-series/65-bridge-and-provenance/verify_r7_factor_pair.py	research/archive/strict-layer-proof-research/archive-by-series/65-bridge-and-provenance/verify_r7_factor_pair.py	dongxuelian2/strict-layer-proof-research	archived	source-only	Source-only bytes preserved once at the canonical target under the frozen archive boundary; original source path remains an alias. Kind is a navigation label based on file type, path, and title; it does not upgrade evidence.
dongxuelian2/strict-layer-proof-research:archive-by-series/65-bridge-and-provenance/verify_r7b_oriented_gate.py	research/archive/strict-layer-proof-research/archive-by-series/65-bridge-and-provenance/verify_r7b_oriented_gate.py	dongxuelian2/strict-layer-proof-research	archived	source-only	Source-only bytes preserved once at the canonical target under the frozen archive boundary; original source path remains an alias. Kind is a navigation label based on file type, path, and title; it does not upgrade evidence.
dongxuelian2/strict-layer-proof-research:archive-by-series/65-bridge-and-provenance/verify_r7c_psdg.py	research/archive/strict-layer-proof-research/archive-by-series/65-bridge-and-provenance/verify_r7c_psdg.py	dongxuelian2/strict-layer-proof-research	archived	source-only	Source-only bytes preserved once at the canonical target under the frozen archive boundary; original source path remains an alias. Kind is a navigation label based on file type, path, and title; it does not upgrade evidence.
dongxuelian2/strict-layer-proof-research:archive-by-series/65-bridge-and-provenance/verify_r7d_witnesses.py	research/archive/strict-layer-proof-research/archive-by-series/65-bridge-and-provenance/verify_r7d_witnesses.py	dongxuelian2/strict-layer-proof-research	archived	source-only	Source-only bytes preserved once at the canonical target under the frozen archive boundary; original source path remains an alias. Kind is a navigation label based on file type, path, and title; it does not upgrade evidence.
dongxuelian2/strict-layer-proof-research:archive-by-series/65-bridge-and-provenance/verify_r8_radial.py	research/archive/strict-layer-proof-research/archive-by-series/65-bridge-and-provenance/verify_r8_radial.py	dongxuelian2/strict-layer-proof-research	archived	source-only	Source-only bytes preserved once at the canonical target under the frozen archive boundary; original source path remains an alias. Kind is a navigation label based on file type, path, and title; it does not upgrade evidence.
dongxuelian2/strict-layer-proof-research:archive-by-series/65-bridge-and-provenance/verify_s3_counterfamily.py	research/archive/strict-layer-proof-research/archive-by-series/65-bridge-and-provenance/verify_s3_counterfamily.py	dongxuelian2/strict-layer-proof-research	archived	source-only	Source-only bytes preserved once at the canonical target under the frozen archive boundary; original source path remains an alias. Kind is a navigation label based on file type, path, and title; it does not upgrade evidence.
dongxuelian2/strict-layer-proof-research:archive-by-series/65-bridge-and-provenance/第三个八五计划_R1_归档.md	research/a1/records/cross-fibre-entry.md	dongxuelian2/strict-layer-proof-research	canonical	exact-duplicate	Exact byte duplicate of the canonical target; this source path is retained as provenance and no second canonical copy is created. Kind is a navigation label based on file type, path, and title; it does not upgrade evidence.
dongxuelian2/strict-layer-proof-research:archive-by-series/70-85/85_R10_MovingBase_Globalization_and_Gamma10_Activation_Audit.md	research/a1/records/movingbase-globalization-gamma10-activation-audit.md	dongxuelian2/strict-layer-proof-research	canonical	exact-duplicate	Exact byte duplicate of the canonical target; this source path is retained as provenance and no second canonical copy is created. Kind is a navigation label based on file type, path, and title; it does not upgrade evidence.
dongxuelian2/strict-layer-proof-research:archive-by-series/70-85/85_R11_PhaseII_Moving_Square_Theorem_and_Launch_Plan.md	research/a1/records/phaseii-moving-square-theorem-launch.md	dongxuelian2/strict-layer-proof-research	canonical	exact-duplicate	Exact byte duplicate of the canonical target; this source path is retained as provenance and no second canonical copy is created. Kind is a navigation label based on file type, path, and title; it does not upgrade evidence.
dongxuelian2/strict-layer-proof-research:archive-by-series/70-85/85_R11_R1_R10_Full_Architecture_Autopsy_and_PhaseI_Freeze.md	research/a1/records/r1-r10-full-architecture-autopsy-phasei-freeze.md	dongxuelian2/strict-layer-proof-research	canonical	exact-duplicate	Exact byte duplicate of the canonical target; this source path is retained as provenance and no second canonical copy is created. Kind is a navigation label based on file type, path, and title; it does not upgrade evidence.
dongxuelian2/strict-layer-proof-research:archive-by-series/70-85/85_R1_J2_Terminal_Recompression_and_Minimal_Survivor.md	research/a1/records/j2-terminal-recompression-minimal-survivor.md	dongxuelian2/strict-layer-proof-research	canonical	exact-duplicate	Exact byte duplicate of the canonical target; this source path is retained as provenance and no second canonical copy is created. Kind is a navigation label based on file type, path, and title; it does not upgrade evidence.
dongxuelian2/strict-layer-proof-research:archive-by-series/70-85/85_R1_R5_First_Five_Round_Closure_Checkpoint.md	research/a1/records/r5-first-five-closure.md	dongxuelian2/strict-layer-proof-research	canonical	exact-duplicate	Exact byte duplicate of the canonical target; this source path is retained as provenance and no second canonical copy is created. Kind is a navigation label based on file type, path, and title; it does not upgrade evidence.
dongxuelian2/strict-layer-proof-research:archive-by-series/70-85/85_R2_Euclidean_Quotient_and_Floor_Carry_Explicitization.md	research/a1/records/euclidean-quotient-floor-carry-explicitization.md	dongxuelian2/strict-layer-proof-research	canonical	exact-duplicate	Exact byte duplicate of the canonical target; this source path is retained as provenance and no second canonical copy is created. Kind is a navigation label based on file type, path, and title; it does not upgrade evidence.
dongxuelian2/strict-layer-proof-research:archive-by-series/70-85/85_R2_Quotient_Explicitization_symbolic.py	research/archive/strict-layer-proof-research/archive-by-series/70-85/85_R2_Quotient_Explicitization_symbolic.py	dongxuelian2/strict-layer-proof-research	archived	source-only	Source-only bytes preserved once at the canonical target under the frozen archive boundary; original source path remains an alias. Kind is a navigation label based on file type, path, and title; it does not upgrade evidence.
dongxuelian2/strict-layer-proof-research:archive-by-series/70-85/85_R2_symbolic_execution.log	research/archive/strict-layer-proof-research/archive-by-series/70-85/85_R2_symbolic_execution.log	dongxuelian2/strict-layer-proof-research	archived	source-only	Source-only bytes preserved once at the canonical target under the frozen archive boundary; original source path remains an alias. Kind is a navigation label based on file type, path, and title; it does not upgrade evidence.
dongxuelian2/strict-layer-proof-research:archive-by-series/70-85/85_R3_Source_Cut_Residual_Exclusion_and_Regular_J2_Closure.md	research/a1/records/source-cut-residual-exclusion-regular-j2-closure.md	dongxuelian2/strict-layer-proof-research	canonical	exact-duplicate	Exact byte duplicate of the canonical target; this source path is retained as provenance and no second canonical copy is created. Kind is a navigation label based on file type, path, and title; it does not upgrade evidence.
dongxuelian2/strict-layer-proof-research:archive-by-series/70-85/85_R4_Primitive_Odd_Prime_Allocation_and_Source_Divisor_Image.md	research/a1/records/primitive-odd-prime-allocation-source-divisor-image.md	dongxuelian2/strict-layer-proof-research	canonical	exact-duplicate	Exact byte duplicate of the canonical target; this source path is retained as provenance and no second canonical copy is created. Kind is a navigation label based on file type, path, and title; it does not upgrade evidence.
dongxuelian2/strict-layer-proof-research:archive-by-series/70-85/85_R5_PreRoot_Order_Collision_and_Digit_Window.md	research/a1/records/preroot-order-collision-digit-window.md	dongxuelian2/strict-layer-proof-research	canonical	exact-duplicate	Exact byte duplicate of the canonical target; this source path is retained as provenance and no second canonical copy is created. Kind is a navigation label based on file type, path, and title; it does not upgrade evidence.
dongxuelian2/strict-layer-proof-research:archive-by-series/70-85/85_R5_order_diagnostic.py	research/archive/strict-layer-proof-research/archive-by-series/70-85/85_R5_order_diagnostic.py	dongxuelian2/strict-layer-proof-research	archived	source-only	Source-only bytes preserved once at the canonical target under the frozen archive boundary; original source path remains an alias. Kind is a navigation label based on file type, path, and title; it does not upgrade evidence.
dongxuelian2/strict-layer-proof-research:archive-by-series/70-85/85_R5_order_diagnostic_certificate.txt	research/archive/strict-layer-proof-research/archive-by-series/70-85/85_R5_order_diagnostic_certificate.txt	dongxuelian2/strict-layer-proof-research	archived	source-only	Source-only bytes preserved once at the canonical target under the frozen archive boundary; original source path remains an alias. Kind is a navigation label based on file type, path, and title; it does not upgrade evidence.
dongxuelian2/strict-layer-proof-research:archive-by-series/70-85/85_R6_N0_Split_Family_x_FullWord_Source_Projection_Rearchitecture.md	research/a1/records/n0-split-family-x-fullword-source-projection-rearchitecture.md	dongxuelian2/strict-layer-proof-research	canonical	exact-duplicate	Exact byte duplicate of the canonical target; this source path is retained as provenance and no second canonical copy is created. Kind is a navigation label based on file type, path, and title; it does not upgrade evidence.
dongxuelian2/strict-layer-proof-research:archive-by-series/70-85/85_R6_N0_fullword_projection_certificate.txt	research/archive/strict-layer-proof-research/archive-by-series/70-85/85_R6_N0_fullword_projection_certificate.txt	dongxuelian2/strict-layer-proof-research	archived	source-only	Source-only bytes preserved once at the canonical target under the frozen archive boundary; original source path remains an alias. Kind is a navigation label based on file type, path, and title; it does not upgrade evidence.
dongxuelian2/strict-layer-proof-research:archive-by-series/70-85/85_R6_N0_fullword_projection_diagnostic.py	research/archive/strict-layer-proof-research/archive-by-series/70-85/85_R6_N0_fullword_projection_diagnostic.py	dongxuelian2/strict-layer-proof-research	archived	source-only	Source-only bytes preserved once at the canonical target under the frozen archive boundary; original source path remains an alias. Kind is a navigation label based on file type, path, and title; it does not upgrade evidence.
dongxuelian2/strict-layer-proof-research:archive-by-series/70-85/85_R6_R10_Second_Five_Round_Architecture_Shock_Checkpoint.md	research/a1/records/r10-second-five-architecture-shock.md	dongxuelian2/strict-layer-proof-research	canonical	exact-duplicate	Exact byte duplicate of the canonical target; this source path is retained as provenance and no second canonical copy is created. Kind is a navigation label based on file type, path, and title; it does not upgrade evidence.
dongxuelian2/strict-layer-proof-research:archive-by-series/70-85/85_R6_live_N0_split_base_scan.py	research/archive/strict-layer-proof-research/archive-by-series/70-85/85_R6_live_N0_split_base_scan.py	dongxuelian2/strict-layer-proof-research	archived	source-only	Source-only bytes preserved once at the canonical target under the frozen archive boundary; original source path remains an alias. Kind is a navigation label based on file type, path, and title; it does not upgrade evidence.
dongxuelian2/strict-layer-proof-research:archive-by-series/70-85/85_R6_live_N0_split_base_scan_certificate.txt	research/archive/strict-layer-proof-research/archive-by-series/70-85/85_R6_live_N0_split_base_scan_certificate.txt	dongxuelian2/strict-layer-proof-research	archived	source-only	Source-only bytes preserved once at the canonical target under the frozen archive boundary; original source path remains an alias. Kind is a navigation label based on file type, path, and title; it does not upgrade evidence.
dongxuelian2/strict-layer-proof-research:archive-by-series/70-85/85_R7_J2_Endpoint_Modular_Jump_and_CommonScale_Integer_Extinction.md	research/a1/records/j2-endpoint-modular-jump-commonscale-integer-extinction.md	dongxuelian2/strict-layer-proof-research	canonical	exact-duplicate	Exact byte duplicate of the canonical target; this source path is retained as provenance and no second canonical copy is created. Kind is a navigation label based on file type, path, and title; it does not upgrade evidence.
dongxuelian2/strict-layer-proof-research:archive-by-series/70-85/85_R7_endpoint_jump_certificate.txt	research/archive/strict-layer-proof-research/archive-by-series/70-85/85_R7_endpoint_jump_certificate.txt	dongxuelian2/strict-layer-proof-research	archived	source-only	Source-only bytes preserved once at the canonical target under the frozen archive boundary; original source path remains an alias. Kind is a navigation label based on file type, path, and title; it does not upgrade evidence.
dongxuelian2/strict-layer-proof-research:archive-by-series/70-85/85_R7_endpoint_jump_diagnostic.py	research/archive/strict-layer-proof-research/archive-by-series/70-85/85_R7_endpoint_jump_diagnostic.py	dongxuelian2/strict-layer-proof-research	archived	source-only	Source-only bytes preserved once at the canonical target under the frozen archive boundary; original source path remains an alias. Kind is a navigation label based on file type, path, and title; it does not upgrade evidence.
dongxuelian2/strict-layer-proof-research:archive-by-series/70-85/85_R8_PLCF_Countermodel_Differential_and_SourceProjection_Termination.md	research/a1/records/plcf-countermodel-differential-sourceprojection-termination.md	dongxuelian2/strict-layer-proof-research	canonical	exact-duplicate	Exact byte duplicate of the canonical target; this source path is retained as provenance and no second canonical copy is created. Kind is a navigation label based on file type, path, and title; it does not upgrade evidence.
dongxuelian2/strict-layer-proof-research:archive-by-series/70-85/85_R8_PLCF_gate_certificate.txt	research/archive/strict-layer-proof-research/archive-by-series/70-85/85_R8_PLCF_gate_certificate.txt	dongxuelian2/strict-layer-proof-research	archived	source-only	Source-only bytes preserved once at the canonical target under the frozen archive boundary; original source path remains an alias. Kind is a navigation label based on file type, path, and title; it does not upgrade evidence.
dongxuelian2/strict-layer-proof-research:archive-by-series/70-85/85_R8_PLCF_gate_differential.py	research/archive/strict-layer-proof-research/archive-by-series/70-85/85_R8_PLCF_gate_differential.py	dongxuelian2/strict-layer-proof-research	archived	source-only	Source-only bytes preserved once at the canonical target under the frozen archive boundary; original source path remains an alias. Kind is a navigation label based on file type, path, and title; it does not upgrade evidence.
dongxuelian2/strict-layer-proof-research:archive-by-series/70-85/85_R9_Joint_FullRoot_x_ExactSource_Incidence_Central_Assault.md	research/a1/records/joint-fullroot-x-exactsource-incidence-central-assault.md	dongxuelian2/strict-layer-proof-research	canonical	exact-duplicate	Exact byte duplicate of the canonical target; this source path is retained as provenance and no second canonical copy is created. Kind is a navigation label based on file type, path, and title; it does not upgrade evidence.
dongxuelian2/strict-layer-proof-research:archive-by-series/70-85/85_R9_joint_incidence_certificate.py	research/archive/strict-layer-proof-research/archive-by-series/70-85/85_R9_joint_incidence_certificate.py	dongxuelian2/strict-layer-proof-research	archived	source-only	Source-only bytes preserved once at the canonical target under the frozen archive boundary; original source path remains an alias. Kind is a navigation label based on file type, path, and title; it does not upgrade evidence.
dongxuelian2/strict-layer-proof-research:archive-by-series/70-85/85_R9_joint_incidence_certificate.txt	research/archive/strict-layer-proof-research/archive-by-series/70-85/85_R9_joint_incidence_certificate.txt	dongxuelian2/strict-layer-proof-research	archived	source-only	Source-only bytes preserved once at the canonical target under the frozen archive boundary; original source path remains an alias. Kind is a navigation label based on file type, path, and title; it does not upgrade evidence.
dongxuelian2/strict-layer-proof-research:archive-by-series/70-85/85_phaseII_R10_root_lattice_interlacing_certificate.py	research/archive/strict-layer-proof-research/archive-by-series/70-85/85_phaseII_R10_root_lattice_interlacing_certificate.py	dongxuelian2/strict-layer-proof-research	archived	source-only	Source-only bytes preserved once at the canonical target under the frozen archive boundary; original source path remains an alias. Kind is a navigation label based on file type, path, and title; it does not upgrade evidence.
dongxuelian2/strict-layer-proof-research:archive-by-series/70-85/85_phaseII_R10_root_lattice_interlacing_certificate.txt	research/archive/strict-layer-proof-research/archive-by-series/70-85/85_phaseII_R10_root_lattice_interlacing_certificate.txt	dongxuelian2/strict-layer-proof-research	archived	source-only	Source-only bytes preserved once at the canonical target under the frozen archive boundary; original source path remains an alias. Kind is a navigation label based on file type, path, and title; it does not upgrade evidence.
dongxuelian2/strict-layer-proof-research:archive-by-series/70-85/85_phaseII_R10_root_lattice_interlacing_checkpoint.md	research/a1/records/root-lattice-interlacing.md	dongxuelian2/strict-layer-proof-research	canonical	exact-duplicate	Exact byte duplicate of the canonical target; this source path is retained as provenance and no second canonical copy is created. Kind is a navigation label based on file type, path, and title; it does not upgrade evidence.
dongxuelian2/strict-layer-proof-research:archive-by-series/70-85/85_phaseII_R1_R10_final_architecture_autopsy.md	research/a1/records/r10-architecture-autopsy.md	dongxuelian2/strict-layer-proof-research	canonical	exact-duplicate	Exact byte duplicate of the canonical target; this source path is retained as provenance and no second canonical copy is created. Kind is a navigation label based on file type, path, and title; it does not upgrade evidence.
dongxuelian2/strict-layer-proof-research:archive-by-series/70-85/85_phaseII_R1_counterexample_certificate.py	research/archive/strict-layer-proof-research/archive-by-series/70-85/85_phaseII_R1_counterexample_certificate.py	dongxuelian2/strict-layer-proof-research	archived	source-only	Source-only bytes preserved once at the canonical target under the frozen archive boundary; original source path remains an alias. Kind is a navigation label based on file type, path, and title; it does not upgrade evidence.
dongxuelian2/strict-layer-proof-research:archive-by-series/70-85/85_phaseII_R1_counterexample_certificate.txt	research/archive/strict-layer-proof-research/archive-by-series/70-85/85_phaseII_R1_counterexample_certificate.txt	dongxuelian2/strict-layer-proof-research	archived	source-only	Source-only bytes preserved once at the canonical target under the frozen archive boundary; original source path remains an alias. Kind is a navigation label based on file type, path, and title; it does not upgrade evidence.
dongxuelian2/strict-layer-proof-research:archive-by-series/70-85/85_phaseII_R1_moving_square_exactization.md	research/a1/records/moving-square-exactization-variant-a.md	dongxuelian2/strict-layer-proof-research	canonical	exact-duplicate	Exact byte duplicate of the canonical target; this source path is retained as provenance and no second canonical copy is created. Kind is a navigation label based on file type, path, and title; it does not upgrade evidence.
dongxuelian2/strict-layer-proof-research:archive-by-series/70-85/85_phaseII_R2_counterexample_certificate.py	research/archive/strict-layer-proof-research/archive-by-series/70-85/85_phaseII_R2_counterexample_certificate.py	dongxuelian2/strict-layer-proof-research	archived	source-only	Source-only bytes preserved once at the canonical target under the frozen archive boundary; original source path remains an alias. Kind is a navigation label based on file type, path, and title; it does not upgrade evidence.
dongxuelian2/strict-layer-proof-research:archive-by-series/70-85/85_phaseII_R2_counterexample_certificate.txt	research/archive/strict-layer-proof-research/archive-by-series/70-85/85_phaseII_R2_counterexample_certificate.txt	dongxuelian2/strict-layer-proof-research	archived	source-only	Source-only bytes preserved once at the canonical target under the frozen archive boundary; original source path remains an alias. Kind is a navigation label based on file type, path, and title; it does not upgrade evidence.
dongxuelian2/strict-layer-proof-research:archive-by-series/70-85/85_phaseII_R2_moving_square_exactization.md	research/a1/records/moving-square-exactization-variant-b.md	dongxuelian2/strict-layer-proof-research	canonical	exact-duplicate	Exact byte duplicate of the canonical target; this source path is retained as provenance and no second canonical copy is created. Kind is a navigation label based on file type, path, and title; it does not upgrade evidence.
dongxuelian2/strict-layer-proof-research:archive-by-series/70-85/85_phaseII_R2_radial_certificate.py	research/archive/strict-layer-proof-research/archive-by-series/70-85/85_phaseII_R2_radial_certificate.py	dongxuelian2/strict-layer-proof-research	archived	source-only	Source-only bytes preserved once at the canonical target under the frozen archive boundary; original source path remains an alias. Kind is a navigation label based on file type, path, and title; it does not upgrade evidence.
dongxuelian2/strict-layer-proof-research:archive-by-series/70-85/85_phaseII_R2_radial_certificate.txt	research/archive/strict-layer-proof-research/archive-by-series/70-85/85_phaseII_R2_radial_certificate.txt	dongxuelian2/strict-layer-proof-research	archived	source-only	Source-only bytes preserved once at the canonical target under the frozen archive boundary; original source path remains an alias. Kind is a navigation label based on file type, path, and title; it does not upgrade evidence.
dongxuelian2/strict-layer-proof-research:archive-by-series/70-85/85_phaseII_R2_radial_extinction.md	research/a1/records/radial-extinction.md	dongxuelian2/strict-layer-proof-research	canonical	exact-duplicate	Exact byte duplicate of the canonical target; this source path is retained as provenance and no second canonical copy is created. Kind is a navigation label based on file type, path, and title; it does not upgrade evidence.
dongxuelian2/strict-layer-proof-research:archive-by-series/70-85/85_phaseII_R3_primitive_height(1).md	research/a1/records/primitive-height.md	dongxuelian2/strict-layer-proof-research	canonical	exact-duplicate	Exact byte duplicate of the canonical target; this source path is retained as provenance and no second canonical copy is created. Kind is a navigation label based on file type, path, and title; it does not upgrade evidence.
dongxuelian2/strict-layer-proof-research:archive-by-series/70-85/85_phaseII_R3_primitive_height.md	research/a1/records/primitive-height.md	dongxuelian2/strict-layer-proof-research	deduplicated	exact-duplicate	Exact byte duplicate of the canonical target; this source path is retained as provenance and no second canonical copy is created. Kind is a navigation label based on file type, path, and title; it does not upgrade evidence.
dongxuelian2/strict-layer-proof-research:archive-by-series/70-85/85_phaseII_R3_primitive_height_certificate.py	research/archive/strict-layer-proof-research/archive-by-series/70-85/85_phaseII_R3_primitive_height_certificate.py	dongxuelian2/strict-layer-proof-research	archived	source-only	Source-only bytes preserved once at the canonical target under the frozen archive boundary; original source path remains an alias. Kind is a navigation label based on file type, path, and title; it does not upgrade evidence.
dongxuelian2/strict-layer-proof-research:archive-by-series/70-85/85_phaseII_R3_primitive_height_certificate.txt	research/archive/strict-layer-proof-research/archive-by-series/70-85/85_phaseII_R3_primitive_height_certificate.txt	dongxuelian2/strict-layer-proof-research	archived	source-only	Source-only bytes preserved once at the canonical target under the frozen archive boundary; original source path remains an alias. Kind is a navigation label based on file type, path, and title; it does not upgrade evidence.
dongxuelian2/strict-layer-proof-research:archive-by-series/70-85/85_phaseII_R4_two_prime_height_transfer.md	research/a1/records/two-prime-height-transfer.md	dongxuelian2/strict-layer-proof-research	canonical	exact-duplicate	Exact byte duplicate of the canonical target; this source path is retained as provenance and no second canonical copy is created. Kind is a navigation label based on file type, path, and title; it does not upgrade evidence.
dongxuelian2/strict-layer-proof-research:archive-by-series/70-85/85_phaseII_R4_two_prime_height_transfer_certificate.py	research/archive/strict-layer-proof-research/archive-by-series/70-85/85_phaseII_R4_two_prime_height_transfer_certificate.py	dongxuelian2/strict-layer-proof-research	archived	source-only	Source-only bytes preserved once at the canonical target under the frozen archive boundary; original source path remains an alias. Kind is a navigation label based on file type, path, and title; it does not upgrade evidence.
dongxuelian2/strict-layer-proof-research:archive-by-series/70-85/85_phaseII_R4_two_prime_height_transfer_certificate.txt	research/archive/strict-layer-proof-research/archive-by-series/70-85/85_phaseII_R4_two_prime_height_transfer_certificate.txt	dongxuelian2/strict-layer-proof-research	archived	source-only	Source-only bytes preserved once at the canonical target under the frozen archive boundary; original source path remains an alias. Kind is a navigation label based on file type, path, and title; it does not upgrade evidence.
dongxuelian2/strict-layer-proof-research:archive-by-series/70-85/85_phaseII_R5_content_capacity_checkpoint.md	research/a1/records/content-capacity.md	dongxuelian2/strict-layer-proof-research	canonical	exact-duplicate	Exact byte duplicate of the canonical target; this source path is retained as provenance and no second canonical copy is created. Kind is a navigation label based on file type, path, and title; it does not upgrade evidence.
dongxuelian2/strict-layer-proof-research:archive-by-series/70-85/85_phaseII_R5_content_capacity_checkpoint_certificate.py	research/archive/strict-layer-proof-research/archive-by-series/70-85/85_phaseII_R5_content_capacity_checkpoint_certificate.py	dongxuelian2/strict-layer-proof-research	archived	source-only	Source-only bytes preserved once at the canonical target under the frozen archive boundary; original source path remains an alias. Kind is a navigation label based on file type, path, and title; it does not upgrade evidence.
dongxuelian2/strict-layer-proof-research:archive-by-series/70-85/85_phaseII_R5_content_capacity_checkpoint_certificate.txt	research/archive/strict-layer-proof-research/archive-by-series/70-85/85_phaseII_R5_content_capacity_checkpoint_certificate.txt	dongxuelian2/strict-layer-proof-research	archived	source-only	Source-only bytes preserved once at the canonical target under the frozen archive boundary; original source path remains an alias. Kind is a navigation label based on file type, path, and title; it does not upgrade evidence.
dongxuelian2/strict-layer-proof-research:archive-by-series/70-85/85_phaseII_R6_canonical_height_repair_or_kill.md	research/a1/records/canonical-height-repair-or-kill.md	dongxuelian2/strict-layer-proof-research	canonical	exact-duplicate	Exact byte duplicate of the canonical target; this source path is retained as provenance and no second canonical copy is created. Kind is a navigation label based on file type, path, and title; it does not upgrade evidence.
dongxuelian2/strict-layer-proof-research:archive-by-series/70-85/85_phaseII_R6_canonical_height_repair_or_kill_certificate.py	research/archive/strict-layer-proof-research/archive-by-series/70-85/85_phaseII_R6_canonical_height_repair_or_kill_certificate.py	dongxuelian2/strict-layer-proof-research	archived	source-only	Source-only bytes preserved once at the canonical target under the frozen archive boundary; original source path remains an alias. Kind is a navigation label based on file type, path, and title; it does not upgrade evidence.
dongxuelian2/strict-layer-proof-research:archive-by-series/70-85/85_phaseII_R6_canonical_height_repair_or_kill_certificate.txt	research/archive/strict-layer-proof-research/archive-by-series/70-85/85_phaseII_R6_canonical_height_repair_or_kill_certificate.txt	dongxuelian2/strict-layer-proof-research	archived	source-only	Source-only bytes preserved once at the canonical target under the frozen archive boundary; original source path remains an alias. Kind is a navigation label based on file type, path, and title; it does not upgrade evidence.
dongxuelian2/strict-layer-proof-research:archive-by-series/70-85/85_phaseII_R7_source_incidence_reset.md	research/a1/records/source-incidence-reset.md	dongxuelian2/strict-layer-proof-research	canonical	exact-duplicate	Exact byte duplicate of the canonical target; this source path is retained as provenance and no second canonical copy is created. Kind is a navigation label based on file type, path, and title; it does not upgrade evidence.
dongxuelian2/strict-layer-proof-research:archive-by-series/70-85/85_phaseII_R7_source_incidence_reset_certificate.py	research/archive/strict-layer-proof-research/archive-by-series/70-85/85_phaseII_R7_source_incidence_reset_certificate.py	dongxuelian2/strict-layer-proof-research	archived	source-only	Source-only bytes preserved once at the canonical target under the frozen archive boundary; original source path remains an alias. Kind is a navigation label based on file type, path, and title; it does not upgrade evidence.
dongxuelian2/strict-layer-proof-research:archive-by-series/70-85/85_phaseII_R7_source_incidence_reset_certificate.txt	research/archive/strict-layer-proof-research/archive-by-series/70-85/85_phaseII_R7_source_incidence_reset_certificate.txt	dongxuelian2/strict-layer-proof-research	archived	source-only	Source-only bytes preserved once at the canonical target under the frozen archive boundary; original source path remains an alias. Kind is a navigation label based on file type, path, and title; it does not upgrade evidence.
dongxuelian2/strict-layer-proof-research:archive-by-series/70-85/85_phaseII_R8_scaled_common_u_extinction.md	research/a1/records/scaled-common-u-extinction.md	dongxuelian2/strict-layer-proof-research	canonical	exact-duplicate	Exact byte duplicate of the canonical target; this source path is retained as provenance and no second canonical copy is created. Kind is a navigation label based on file type, path, and title; it does not upgrade evidence.
dongxuelian2/strict-layer-proof-research:archive-by-series/70-85/85_phaseII_R8_scaled_common_u_extinction_certificate.py	research/archive/strict-layer-proof-research/archive-by-series/70-85/85_phaseII_R8_scaled_common_u_extinction_certificate.py	dongxuelian2/strict-layer-proof-research	archived	source-only	Source-only bytes preserved once at the canonical target under the frozen archive boundary; original source path remains an alias. Kind is a navigation label based on file type, path, and title; it does not upgrade evidence.
dongxuelian2/strict-layer-proof-research:archive-by-series/70-85/85_phaseII_R8_scaled_common_u_extinction_certificate.txt	research/archive/strict-layer-proof-research/archive-by-series/70-85/85_phaseII_R8_scaled_common_u_extinction_certificate.txt	dongxuelian2/strict-layer-proof-research	archived	source-only	Source-only bytes preserved once at the canonical target under the frozen archive boundary; original source path remains an alias. Kind is a navigation label based on file type, path, and title; it does not upgrade evidence.
dongxuelian2/strict-layer-proof-research:archive-by-series/70-85/85_phaseII_R9_absolute_box_root_incidence.md	research/a1/records/absolute-box-root-incidence.md	dongxuelian2/strict-layer-proof-research	canonical	exact-duplicate	Exact byte duplicate of the canonical target; this source path is retained as provenance and no second canonical copy is created. Kind is a navigation label based on file type, path, and title; it does not upgrade evidence.
dongxuelian2/strict-layer-proof-research:archive-by-series/70-85/85_phaseII_R9_absolute_box_root_incidence_certificate.py	research/archive/strict-layer-proof-research/archive-by-series/70-85/85_phaseII_R9_absolute_box_root_incidence_certificate.py	dongxuelian2/strict-layer-proof-research	archived	source-only	Source-only bytes preserved once at the canonical target under the frozen archive boundary; original source path remains an alias. Kind is a navigation label based on file type, path, and title; it does not upgrade evidence.
dongxuelian2/strict-layer-proof-research:archive-by-series/70-85/85_phaseII_R9_absolute_box_root_incidence_certificate.txt	research/archive/strict-layer-proof-research/archive-by-series/70-85/85_phaseII_R9_absolute_box_root_incidence_certificate.txt	dongxuelian2/strict-layer-proof-research	archived	source-only	Source-only bytes preserved once at the canonical target under the frozen archive boundary; original source path remains an alias. Kind is a navigation label based on file type, path, and title; it does not upgrade evidence.
dongxuelian2/strict-layer-proof-research:archive-by-series/72-Fourth-85/Fourth_85_R1_Fixed_Object_Extraction.md	research/a1/records/fixed-object-extraction.md	dongxuelian2/strict-layer-proof-research	canonical	exact-duplicate	Exact byte duplicate of the canonical target; this source path is retained as provenance and no second canonical copy is created. Kind is a navigation label based on file type, path, and title; it does not upgrade evidence.
dongxuelian2/strict-layer-proof-research:archive-by-series/72-Fourth-85/Fourth_85_R1_Lemmas.md	research/a1/records/lemmas.md	dongxuelian2/strict-layer-proof-research	canonical	exact-duplicate	Exact byte duplicate of the canonical target; this source path is retained as provenance and no second canonical copy is created. Kind is a navigation label based on file type, path, and title; it does not upgrade evidence.
dongxuelian2/strict-layer-proof-research:archive-by-series/72-Fourth-85/Fourth_85_R1_R5_First_Checkpoint.md	research/a1/records/r5-first.md	dongxuelian2/strict-layer-proof-research	canonical	exact-duplicate	Exact byte duplicate of the canonical target; this source path is retained as provenance and no second canonical copy is created. Kind is a navigation label based on file type, path, and title; it does not upgrade evidence.
dongxuelian2/strict-layer-proof-research:archive-by-series/72-Fourth-85/Fourth_85_R1_computation.zip	research/archive/strict-layer-proof-research/archive-by-series/72-Fourth-85/Fourth_85_R1_computation.zip	dongxuelian2/strict-layer-proof-research	archived	source-only	Source-only bytes preserved once at the canonical target under the frozen archive boundary; original source path remains an alias. Kind is a navigation label based on file type, path, and title; it does not upgrade evidence.
dongxuelian2/strict-layer-proof-research:archive-by-series/72-Fourth-85/Fourth_85_R2_Decimal_Core_Factor_Gap.md	research/a1/records/decimal-core-factor-gap.md	dongxuelian2/strict-layer-proof-research	canonical	exact-duplicate	Exact byte duplicate of the canonical target; this source path is retained as provenance and no second canonical copy is created. Kind is a navigation label based on file type, path, and title; it does not upgrade evidence.
dongxuelian2/strict-layer-proof-research:archive-by-series/72-Fourth-85/Fourth_85_R2_Factor_Gap_Lemmas.md	research/a1/records/factor-gap-lemmas.md	dongxuelian2/strict-layer-proof-research	canonical	exact-duplicate	Exact byte duplicate of the canonical target; this source path is retained as provenance and no second canonical copy is created. Kind is a navigation label based on file type, path, and title; it does not upgrade evidence.
dongxuelian2/strict-layer-proof-research:archive-by-series/72-Fourth-85/Fourth_85_R3_Support_Collision_Norm_Orbit.md	research/a1/records/support-collision-norm-orbit.md	dongxuelian2/strict-layer-proof-research	canonical	exact-duplicate	Exact byte duplicate of the canonical target; this source path is retained as provenance and no second canonical copy is created. Kind is a navigation label based on file type, path, and title; it does not upgrade evidence.
dongxuelian2/strict-layer-proof-research:archive-by-series/72-Fourth-85/Fourth_85_R4_Function_Field_Norm_Certificate.md	research/a1/records/function-field-norm-certificate.md	dongxuelian2/strict-layer-proof-research	canonical	exact-duplicate	Exact byte duplicate of the canonical target; this source path is retained as provenance and no second canonical copy is created. Kind is a navigation label based on file type, path, and title; it does not upgrade evidence.
dongxuelian2/strict-layer-proof-research:archive-by-series/72-Fourth-85/Fourth_85_R4_Global_Total_Space.md	research/a1/records/global-total-space.md	dongxuelian2/strict-layer-proof-research	canonical	exact-duplicate	Exact byte duplicate of the canonical target; this source path is retained as provenance and no second canonical copy is created. Kind is a navigation label based on file type, path, and title; it does not upgrade evidence.
dongxuelian2/strict-layer-proof-research:archive-by-series/72-Fourth-85/Fourth_85_R4_K10_q1_Local_Closure_Certificate.md	research/a1/records/k10-q1-local-closure-certificate.md	dongxuelian2/strict-layer-proof-research	canonical	exact-duplicate	Exact byte duplicate of the canonical target; this source path is retained as provenance and no second canonical copy is created. Kind is a navigation label based on file type, path, and title; it does not upgrade evidence.
dongxuelian2/strict-layer-proof-research:archive-by-series/72-Fourth-85/Fourth_85_R4_computation.zip	research/archive/strict-layer-proof-research/archive-by-series/72-Fourth-85/Fourth_85_R4_computation.zip	dongxuelian2/strict-layer-proof-research	archived	source-only	Source-only bytes preserved once at the canonical target under the frozen archive boundary; original source path remains an alias. Kind is a navigation label based on file type, path, and title; it does not upgrade evidence.
dongxuelian2/strict-layer-proof-research:archive-by-series/72-Fourth-85/Fourth_85_R5_Brauer_Gaussian_Reduction_Certificate.md	research/a1/records/brauer-gaussian-reduction-certificate.md	dongxuelian2/strict-layer-proof-research	canonical	exact-duplicate	Exact byte duplicate of the canonical target; this source path is retained as provenance and no second canonical copy is created. Kind is a navigation label based on file type, path, and title; it does not upgrade evidence.
dongxuelian2/strict-layer-proof-research:archive-by-series/72-Fourth-85/Fourth_85_R5_Local_Cover_Autopsy.md	research/a1/records/local-cover-autopsy.md	dongxuelian2/strict-layer-proof-research	canonical	exact-duplicate	Exact byte duplicate of the canonical target; this source path is retained as provenance and no second canonical copy is created. Kind is a navigation label based on file type, path, and title; it does not upgrade evidence.
dongxuelian2/strict-layer-proof-research:archive-by-series/72-Fourth-85/Fourth_85_R5_Norm_Brauer_Exponent_Atlas.md	research/a1/records/norm-brauer-exponent-atlas.md	dongxuelian2/strict-layer-proof-research	canonical	exact-duplicate	Exact byte duplicate of the canonical target; this source path is retained as provenance and no second canonical copy is created. Kind is a navigation label based on file type, path, and title; it does not upgrade evidence.
dongxuelian2/strict-layer-proof-research:archive-by-series/72-Fourth-85/Fourth_85_R5_computation.zip	research/archive/strict-layer-proof-research/archive-by-series/72-Fourth-85/Fourth_85_R5_computation.zip	dongxuelian2/strict-layer-proof-research	archived	source-only	Source-only bytes preserved once at the canonical target under the frozen archive boundary; original source path remains an alias. Kind is a navigation label based on file type, path, and title; it does not upgrade evidence.
dongxuelian2/strict-layer-proof-research:archive-by-series/72-Fourth-85/Fourth_85_R6_Explicit_Extension_Gaussianization_Certificate.md	research/a1/records/explicit-extension-gaussianization-certificate.md	dongxuelian2/strict-layer-proof-research	canonical	exact-duplicate	Exact byte duplicate of the canonical target; this source path is retained as provenance and no second canonical copy is created. Kind is a navigation label based on file type, path, and title; it does not upgrade evidence.
dongxuelian2/strict-layer-proof-research:archive-by-series/72-Fourth-85/Fourth_85_R6_Gaussian_Architecture_Autopsy.md	research/a1/records/gaussian-architecture-autopsy.md	dongxuelian2/strict-layer-proof-research	canonical	exact-duplicate	Exact byte duplicate of the canonical target; this source path is retained as provenance and no second canonical copy is created. Kind is a navigation label based on file type, path, and title; it does not upgrade evidence.
dongxuelian2/strict-layer-proof-research:archive-by-series/72-Fourth-85/Fourth_85_R6_Gaussian_Source_Embedding.md	research/a1/records/gaussian-source-embedding.md	dongxuelian2/strict-layer-proof-research	canonical	exact-duplicate	Exact byte duplicate of the canonical target; this source path is retained as provenance and no second canonical copy is created. Kind is a navigation label based on file type, path, and title; it does not upgrade evidence.
dongxuelian2/strict-layer-proof-research:archive-by-series/72-Fourth-85/Fourth_85_R6_Generated_Artifact_Index.txt	research/archive/strict-layer-proof-research/archive-by-series/72-Fourth-85/Fourth_85_R6_Generated_Artifact_Index.txt	dongxuelian2/strict-layer-proof-research	archived	source-only	Source-only bytes preserved once at the canonical target under the frozen archive boundary; original source path remains an alias. Kind is a navigation label based on file type, path, and title; it does not upgrade evidence.
dongxuelian2/strict-layer-proof-research:archive-by-series/72-Fourth-85/Fourth_85_R6_Source_Lattice_Certificate.md	research/a1/records/source-lattice-certificate.md	dongxuelian2/strict-layer-proof-research	canonical	exact-duplicate	Exact byte duplicate of the canonical target; this source path is retained as provenance and no second canonical copy is created. Kind is a navigation label based on file type, path, and title; it does not upgrade evidence.
dongxuelian2/strict-layer-proof-research:archive-by-series/72-Fourth-85/Fourth_85_R6_Tau39_Source_Closure_Certificate.md	research/a1/records/tau39-source-closure-certificate.md	dongxuelian2/strict-layer-proof-research	canonical	exact-duplicate	Exact byte duplicate of the canonical target; this source path is retained as provenance and no second canonical copy is created. Kind is a navigation label based on file type, path, and title; it does not upgrade evidence.
dongxuelian2/strict-layer-proof-research:archive-by-series/72-Fourth-85/Fourth_85_R6_computation.zip	research/archive/strict-layer-proof-research/archive-by-series/72-Fourth-85/Fourth_85_R6_computation.zip	dongxuelian2/strict-layer-proof-research	archived	source-only	Source-only bytes preserved once at the canonical target under the frozen archive boundary; original source path remains an alias. Kind is a navigation label based on file type, path, and title; it does not upgrade evidence.
dongxuelian2/strict-layer-proof-research:archive-by-series/80-95/95_R10_Second_Architecture_Shock_Checkpoint_and_New_Invariant_Audit.md	research/a1/records/second-architecture-shock-new-invariant-audit.md	dongxuelian2/strict-layer-proof-research	canonical	exact-duplicate	Exact byte duplicate of the canonical target; this source path is retained as provenance and no second canonical copy is created. Kind is a navigation label based on file type, path, and title; it does not upgrade evidence.
dongxuelian2/strict-layer-proof-research:archive-by-series/80-95/95_R1_Full_A1_Historical_Recovery_and_NonJ2_Canonical_Frontier.md	research/a1/records/full-a1-historical-recovery-nonj2-canonical-frontier.md	dongxuelian2/strict-layer-proof-research	canonical	exact-duplicate	Exact byte duplicate of the canonical target; this source path is retained as provenance and no second canonical copy is created. Kind is a navigation label based on file type, path, and title; it does not upgrade evidence.
dongxuelian2/strict-layer-proof-research:archive-by-series/80-95/95_R2_J5_certificate.json	research/archive/strict-layer-proof-research/archive-by-series/80-95/95_R2_J5_certificate.json	dongxuelian2/strict-layer-proof-research	archived	source-only	Source-only bytes preserved once at the canonical target under the frozen archive boundary; original source path remains an alias. Kind is a navigation label based on file type, path, and title; it does not upgrade evidence.
dongxuelian2/strict-layer-proof-research:archive-by-series/80-95/95_R2_J5_certificate_replay.py	research/archive/strict-layer-proof-research/archive-by-series/80-95/95_R2_J5_certificate_replay.py	dongxuelian2/strict-layer-proof-research	archived	source-only	Source-only bytes preserved once at the canonical target under the frozen archive boundary; original source path remains an alias. Kind is a navigation label based on file type, path, and title; it does not upgrade evidence.
dongxuelian2/strict-layer-proof-research:archive-by-series/80-95/95_R2_J5_certificate_verifier.py	research/archive/strict-layer-proof-research/archive-by-series/80-95/95_R2_J5_certificate_verifier.py	dongxuelian2/strict-layer-proof-research	archived	source-only	Source-only bytes preserved once at the canonical target under the frozen archive boundary; original source path remains an alias. Kind is a navigation label based on file type, path, and title; it does not upgrade evidence.
dongxuelian2/strict-layer-proof-research:archive-by-series/80-95/95_R2_J5_verifier_report.json	research/archive/strict-layer-proof-research/archive-by-series/80-95/95_R2_J5_verifier_report.json	dongxuelian2/strict-layer-proof-research	archived	source-only	Source-only bytes preserved once at the canonical target under the frozen archive boundary; original source path remains an alias. Kind is a navigation label based on file type, path, and title; it does not upgrade evidence.
dongxuelian2/strict-layer-proof-research:archive-by-series/80-95/95_R2_NonJ2_Resonant_Cyclotomic_Endpoint_Collision.md	research/a1/records/nonj2-resonant-cyclotomic-endpoint-collision.md	dongxuelian2/strict-layer-proof-research	canonical	exact-duplicate	Exact byte duplicate of the canonical target; this source path is retained as provenance and no second canonical copy is created. Kind is a navigation label based on file type, path, and title; it does not upgrade evidence.
dongxuelian2/strict-layer-proof-research:archive-by-series/80-95/95_R2_SHA256SUMS.txt	research/archive/strict-layer-proof-research/archive-by-series/80-95/95_R2_SHA256SUMS.txt	dongxuelian2/strict-layer-proof-research	archived	source-only	Source-only bytes preserved once at the canonical target under the frozen archive boundary; original source path remains an alias. Kind is a navigation label based on file type, path, and title; it does not upgrade evidence.
dongxuelian2/strict-layer-proof-research:archive-by-series/80-95/95_R3_Finite_Successor_Endpoint_Incidence_and_Signed_RRGS_Test.md	research/a1/records/finite-successor-endpoint-incidence-signed-rrgs-test.md	dongxuelian2/strict-layer-proof-research	canonical	exact-duplicate	Exact byte duplicate of the canonical target; this source path is retained as provenance and no second canonical copy is created. Kind is a navigation label based on file type, path, and title; it does not upgrade evidence.
dongxuelian2/strict-layer-proof-research:archive-by-series/80-95/95_R3_symbolic_audit.py	research/archive/strict-layer-proof-research/archive-by-series/80-95/95_R3_symbolic_audit.py	dongxuelian2/strict-layer-proof-research	archived	source-only	Source-only bytes preserved once at the canonical target under the frozen archive boundary; original source path remains an alias. Kind is a navigation label based on file type, path, and title; it does not upgrade evidence.
dongxuelian2/strict-layer-proof-research:archive-by-series/80-95/95_R4_Successor_Conditioned_Primitive_Root_Gate_and_Negative_Ud2_Capacity.md	research/a1/records/successor-conditioned-primitive-root-gate-negative-ud2-capacity.md	dongxuelian2/strict-layer-proof-research	canonical	exact-duplicate	Exact byte duplicate of the canonical target; this source path is retained as provenance and no second canonical copy is created. Kind is a navigation label based on file type, path, and title; it does not upgrade evidence.
dongxuelian2/strict-layer-proof-research:archive-by-series/80-95/95_R5_First_Architecture_Shock_Checkpoint.md	research/a1/records/first-architecture-shock.md	dongxuelian2/strict-layer-proof-research	canonical	exact-duplicate	Exact byte duplicate of the canonical target; this source path is retained as provenance and no second canonical copy is created. Kind is a navigation label based on file type, path, and title; it does not upgrade evidence.
dongxuelian2/strict-layer-proof-research:archive-by-series/80-95/95_R6_T0_Transition_Finite_Borrow_Affine_Boundary_Margin_Assault.md	research/a1/records/t0-transition-finite-borrow-affine-boundary-margin-assault.md	dongxuelian2/strict-layer-proof-research	canonical	exact-duplicate	Exact byte duplicate of the canonical target; this source path is retained as provenance and no second canonical copy is created. Kind is a navigation label based on file type, path, and title; it does not upgrade evidence.
dongxuelian2/strict-layer-proof-research:archive-by-series/80-95/95_R7_Transition_Source_Boundary_Bridge_Repair_or_Kill.md	research/a1/records/transition-source-boundary-bridge-repair-or-kill.md	dongxuelian2/strict-layer-proof-research	canonical	exact-duplicate	Exact byte duplicate of the canonical target; this source path is retained as provenance and no second canonical copy is created. Kind is a navigation label based on file type, path, and title; it does not upgrade evidence.
dongxuelian2/strict-layer-proof-research:archive-by-series/80-95/95_R8_g0_Smith_Reduced_Common_U_Three_Layer_Assault.md	research/a1/records/g0-smith-reduced-common-u-three-assault.md	dongxuelian2/strict-layer-proof-research	canonical	exact-duplicate	Exact byte duplicate of the canonical target; this source path is retained as provenance and no second canonical copy is created. Kind is a navigation label based on file type, path, and title; it does not upgrade evidence.
dongxuelian2/strict-layer-proof-research:archive-by-series/80-95/95_R8_g0_three_layer_regression.py	research/archive/strict-layer-proof-research/archive-by-series/80-95/95_R8_g0_three_layer_regression.py	dongxuelian2/strict-layer-proof-research	archived	source-only	Source-only bytes preserved once at the canonical target under the frozen archive boundary; original source path remains an alias. Kind is a navigation label based on file type, path, and title; it does not upgrade evidence.
dongxuelian2/strict-layer-proof-research:archive-by-series/80-95/95_R8_g0_three_layer_regression.txt	research/archive/strict-layer-proof-research/archive-by-series/80-95/95_R8_g0_three_layer_regression.txt	dongxuelian2/strict-layer-proof-research	archived	source-only	Source-only bytes preserved once at the canonical target under the frozen archive boundary; original source path remains an alias. Kind is a navigation label based on file type, path, and title; it does not upgrade evidence.
dongxuelian2/strict-layer-proof-research:archive-by-series/80-95/95_R9_Outer_Plus_No_Borrow_Projective_Smallness_Assault.md	research/a1/records/outer-plus-no-borrow-projective-smallness-assault.md	dongxuelian2/strict-layer-proof-research	canonical	exact-duplicate	Exact byte duplicate of the canonical target; this source path is retained as provenance and no second canonical copy is created. Kind is a navigation label based on file type, path, and title; it does not upgrade evidence.
dongxuelian2/strict-layer-proof-research:archive-by-series/80-95/95_R9_outer_plus_projective_cancellation_regression.py	research/archive/strict-layer-proof-research/archive-by-series/80-95/95_R9_outer_plus_projective_cancellation_regression.py	dongxuelian2/strict-layer-proof-research	archived	source-only	Source-only bytes preserved once at the canonical target under the frozen archive boundary; original source path remains an alias. Kind is a navigation label based on file type, path, and title; it does not upgrade evidence.
dongxuelian2/strict-layer-proof-research:archive-by-series/90-105/105-R26-stage-archive.md	research/a1/moving-profile/records/carrier-only-terminal-collapse.md	dongxuelian2/strict-layer-proof-research	canonical	exact-duplicate	Exact byte duplicate of the canonical target; this source path is retained as provenance and no second canonical copy is created. Kind is a navigation label based on file type, path, and title; it does not upgrade evidence.
dongxuelian2/strict-layer-proof-research:archive-by-series/90-105/105-R26-stage-archive.sha256.txt	research/archive/strict-layer-proof-research/archive-by-series/90-105/105-R26-stage-archive.sha256.txt	dongxuelian2/strict-layer-proof-research	archived	source-only	Source-only bytes preserved once at the canonical target under the frozen archive boundary; original source path remains an alias. Kind is a navigation label based on file type, path, and title; it does not upgrade evidence.
dongxuelian2/strict-layer-proof-research:archive-by-series/90-105/105-R27-SHA256-MANIFEST.txt	research/archive/strict-layer-proof-research/archive-by-series/90-105/105-R27-SHA256-MANIFEST.txt	dongxuelian2/strict-layer-proof-research	archived	source-only	Source-only bytes preserved once at the canonical target under the frozen archive boundary; original source path remains an alias. Kind is a navigation label based on file type, path, and title; it does not upgrade evidence.
dongxuelian2/strict-layer-proof-research:archive-by-series/90-105/105-R27-artifact-bundle.zip	research/archive/strict-layer-proof-research/archive-by-series/90-105/105-R27-artifact-bundle.zip	dongxuelian2/strict-layer-proof-research	archived	source-only	Source-only bytes preserved once at the canonical target under the frozen archive boundary; original source path remains an alias. Kind is a navigation label based on file type, path, and title; it does not upgrade evidence.
dongxuelian2/strict-layer-proof-research:archive-by-series/90-105/105-R27-execution.log	research/archive/strict-layer-proof-research/archive-by-series/90-105/105-R27-execution.log	dongxuelian2/strict-layer-proof-research	archived	source-only	Source-only bytes preserved once at the canonical target under the frozen archive boundary; original source path remains an alias. Kind is a navigation label based on file type, path, and title; it does not upgrade evidence.
dongxuelian2/strict-layer-proof-research:archive-by-series/90-105/105-R27-stage-archive.md	research/a1/moving-profile/records/primitive-sphere-exceptional-locus-collapse.md	dongxuelian2/strict-layer-proof-research	canonical	exact-duplicate	Exact byte duplicate of the canonical target; this source path is retained as provenance and no second canonical copy is created. Kind is a navigation label based on file type, path, and title; it does not upgrade evidence.
dongxuelian2/strict-layer-proof-research:archive-by-series/90-105/105-R28-SHA256-MANIFEST.txt	research/archive/strict-layer-proof-research/archive-by-series/90-105/105-R28-SHA256-MANIFEST.txt	dongxuelian2/strict-layer-proof-research	archived	source-only	Source-only bytes preserved once at the canonical target under the frozen archive boundary; original source path remains an alias. Kind is a navigation label based on file type, path, and title; it does not upgrade evidence.
dongxuelian2/strict-layer-proof-research:archive-by-series/90-105/105-R28-TC1-derivation.md	research/a1/moving-profile/records/tc1-derivation.md	dongxuelian2/strict-layer-proof-research	canonical	exact-duplicate	Exact byte duplicate of the canonical target; this source path is retained as provenance and no second canonical copy is created. Kind is a navigation label based on file type, path, and title; it does not upgrade evidence.
dongxuelian2/strict-layer-proof-research:archive-by-series/90-105/105-R28-TC1-normal-form.md	research/a1/moving-profile/records/tc1-normal-form.md	dongxuelian2/strict-layer-proof-research	canonical	exact-duplicate	Exact byte duplicate of the canonical target; this source path is retained as provenance and no second canonical copy is created. Kind is a navigation label based on file type, path, and title; it does not upgrade evidence.
dongxuelian2/strict-layer-proof-research:archive-by-series/90-105/105-R28-execution.log	research/archive/strict-layer-proof-research/archive-by-series/90-105/105-R28-execution.log	dongxuelian2/strict-layer-proof-research	archived	source-only	Source-only bytes preserved once at the canonical target under the frozen archive boundary; original source path remains an alias. Kind is a navigation label based on file type, path, and title; it does not upgrade evidence.
dongxuelian2/strict-layer-proof-research:archive-by-series/90-105/105-R28-frozen-artifacts.zip	research/archive/strict-layer-proof-research/archive-by-series/90-105/105-R28-frozen-artifacts.zip	dongxuelian2/strict-layer-proof-research	archived	source-only	Source-only bytes preserved once at the canonical target under the frozen archive boundary; original source path remains an alias. Kind is a navigation label based on file type, path, and title; it does not upgrade evidence.
dongxuelian2/strict-layer-proof-research:archive-by-series/90-105/105-R28-frozen-artifacts.zip.sha256.txt	research/archive/strict-layer-proof-research/archive-by-series/90-105/105-R28-frozen-artifacts.zip.sha256.txt	dongxuelian2/strict-layer-proof-research	archived	source-only	Source-only bytes preserved once at the canonical target under the frozen archive boundary; original source path remains an alias. Kind is a navigation label based on file type, path, and title; it does not upgrade evidence.
dongxuelian2/strict-layer-proof-research:archive-by-series/90-105/105-R28-stage-archive.md	research/a1/moving-profile/records/moving-tc1-incidence.md	dongxuelian2/strict-layer-proof-research	canonical	exact-duplicate	Exact byte duplicate of the canonical target; this source path is retained as provenance and no second canonical copy is created. Kind is a navigation label based on file type, path, and title; it does not upgrade evidence.
dongxuelian2/strict-layer-proof-research:archive-by-series/90-105/105-R29-POST-RADIAL-SUPPORT-SATURATION-CERTIFICATE.md	research/a1/moving-profile/records/post-radial-support-saturation-certificate.md	dongxuelian2/strict-layer-proof-research	canonical	exact-duplicate	Exact byte duplicate of the canonical target; this source path is retained as provenance and no second canonical copy is created. Kind is a navigation label based on file type, path, and title; it does not upgrade evidence.
dongxuelian2/strict-layer-proof-research:archive-by-series/90-105/105-R29-SHA256-MANIFEST.txt	research/archive/strict-layer-proof-research/archive-by-series/90-105/105-R29-SHA256-MANIFEST.txt	dongxuelian2/strict-layer-proof-research	archived	source-only	Source-only bytes preserved once at the canonical target under the frozen archive boundary; original source path remains an alias. Kind is a navigation label based on file type, path, and title; it does not upgrade evidence.
dongxuelian2/strict-layer-proof-research:archive-by-series/90-105/105-R29-execution.log	research/archive/strict-layer-proof-research/archive-by-series/90-105/105-R29-execution.log	dongxuelian2/strict-layer-proof-research	archived	source-only	Source-only bytes preserved once at the canonical target under the frozen archive boundary; original source path remains an alias. Kind is a navigation label based on file type, path, and title; it does not upgrade evidence.
dongxuelian2/strict-layer-proof-research:archive-by-series/90-105/105-R29-frozen-artifacts.zip	research/archive/strict-layer-proof-research/archive-by-series/90-105/105-R29-frozen-artifacts.zip	dongxuelian2/strict-layer-proof-research	archived	source-only	Source-only bytes preserved once at the canonical target under the frozen archive boundary; original source path remains an alias. Kind is a navigation label based on file type, path, and title; it does not upgrade evidence.
dongxuelian2/strict-layer-proof-research:archive-by-series/90-105/105-R29-mu-core-derivation.md	research/a1/moving-profile/records/mu-core-derivation.md	dongxuelian2/strict-layer-proof-research	canonical	exact-duplicate	Exact byte duplicate of the canonical target; this source path is retained as provenance and no second canonical copy is created. Kind is a navigation label based on file type, path, and title; it does not upgrade evidence.
dongxuelian2/strict-layer-proof-research:archive-by-series/90-105/105-R29-smith-collision-proof.md	research/a1/moving-profile/records/smith-collision-proof.md	dongxuelian2/strict-layer-proof-research	canonical	exact-duplicate	Exact byte duplicate of the canonical target; this source path is retained as provenance and no second canonical copy is created. Kind is a navigation label based on file type, path, and title; it does not upgrade evidence.
dongxuelian2/strict-layer-proof-research:archive-by-series/90-105/105-R29-stage-archive.md	research/a1/moving-profile/records/mu-core-smith-collision.md	dongxuelian2/strict-layer-proof-research	canonical	exact-duplicate	Exact byte duplicate of the canonical target; this source path is retained as provenance and no second canonical copy is created. Kind is a navigation label based on file type, path, and title; it does not upgrade evidence.
dongxuelian2/strict-layer-proof-research:archive-by-series/90-105/105-R29-symbolic-factorization.txt	research/archive/strict-layer-proof-research/archive-by-series/90-105/105-R29-symbolic-factorization.txt	dongxuelian2/strict-layer-proof-research	archived	source-only	Source-only bytes preserved once at the canonical target under the frozen archive boundary; original source path remains an alias. Kind is a navigation label based on file type, path, and title; it does not upgrade evidence.
dongxuelian2/strict-layer-proof-research:archive-by-series/90-105/105-R30-Q-SUCCESSOR-SATURATION-CERTIFICATE.md	research/a1/moving-profile/records/q-successor-saturation-certificate.md	dongxuelian2/strict-layer-proof-research	canonical	exact-duplicate	Exact byte duplicate of the canonical target; this source path is retained as provenance and no second canonical copy is created. Kind is a navigation label based on file type, path, and title; it does not upgrade evidence.
dongxuelian2/strict-layer-proof-research:archive-by-series/90-105/105-R30-SHA256-MANIFEST.txt	research/archive/strict-layer-proof-research/archive-by-series/90-105/105-R30-SHA256-MANIFEST.txt	dongxuelian2/strict-layer-proof-research	archived	source-only	Source-only bytes preserved once at the canonical target under the frozen archive boundary; original source path remains an alias. Kind is a navigation label based on file type, path, and title; it does not upgrade evidence.
dongxuelian2/strict-layer-proof-research:archive-by-series/90-105/105-R30-TC3-TC4-exact-definitions.md	research/a1/moving-profile/records/tc3-tc4-exact-definitions.md	dongxuelian2/strict-layer-proof-research	canonical	exact-duplicate	Exact byte duplicate of the canonical target; this source path is retained as provenance and no second canonical copy is created. Kind is a navigation label based on file type, path, and title; it does not upgrade evidence.
dongxuelian2/strict-layer-proof-research:archive-by-series/90-105/105-R30-bundle.zip	research/archive/strict-layer-proof-research/archive-by-series/90-105/105-R30-bundle.zip	dongxuelian2/strict-layer-proof-research	archived	source-only	Source-only bytes preserved once at the canonical target under the frozen archive boundary; original source path remains an alias. Kind is a navigation label based on file type, path, and title; it does not upgrade evidence.
dongxuelian2/strict-layer-proof-research:archive-by-series/90-105/105-R30-bundle.zip.sha256.txt	research/archive/strict-layer-proof-research/archive-by-series/90-105/105-R30-bundle.zip.sha256.txt	dongxuelian2/strict-layer-proof-research	archived	source-only	Source-only bytes preserved once at the canonical target under the frozen archive boundary; original source path remains an alias. Kind is a navigation label based on file type, path, and title; it does not upgrade evidence.
dongxuelian2/strict-layer-proof-research:archive-by-series/90-105/105-R30-execution.log	research/archive/strict-layer-proof-research/archive-by-series/90-105/105-R30-execution.log	dongxuelian2/strict-layer-proof-research	archived	source-only	Source-only bytes preserved once at the canonical target under the frozen archive boundary; original source path remains an alias. Kind is a navigation label based on file type, path, and title; it does not upgrade evidence.
dongxuelian2/strict-layer-proof-research:archive-by-series/90-105/105-R30-q-elimination-derivation.md	research/a1/moving-profile/records/q-elimination-derivation.md	dongxuelian2/strict-layer-proof-research	canonical	exact-duplicate	Exact byte duplicate of the canonical target; this source path is retained as provenance and no second canonical copy is created. Kind is a navigation label based on file type, path, and title; it does not upgrade evidence.
dongxuelian2/strict-layer-proof-research:archive-by-series/90-105/105-R30-stage-archive.md	research/a1/moving-profile/records/canonical-successor-collision-stage.md	dongxuelian2/strict-layer-proof-research	canonical	exact-duplicate	Exact byte duplicate of the canonical target; this source path is retained as provenance and no second canonical copy is created. Kind is a navigation label based on file type, path, and title; it does not upgrade evidence.
dongxuelian2/strict-layer-proof-research:archive-by-series/90-105/105-R30-stage-archive.sha256.txt	research/archive/strict-layer-proof-research/archive-by-series/90-105/105-R30-stage-archive.sha256.txt	dongxuelian2/strict-layer-proof-research	archived	source-only	Source-only bytes preserved once at the canonical target under the frozen archive boundary; original source path remains an alias. Kind is a navigation label based on file type, path, and title; it does not upgrade evidence.
dongxuelian2/strict-layer-proof-research:archive-by-series/90-105/105-R30-successor-collision-proof.md	research/a1/moving-profile/records/successor-collision-proof.md	dongxuelian2/strict-layer-proof-research	canonical	exact-duplicate	Exact byte duplicate of the canonical target; this source path is retained as provenance and no second canonical copy is created. Kind is a navigation label based on file type, path, and title; it does not upgrade evidence.
dongxuelian2/strict-layer-proof-research:archive-by-series/90-105/105-R31-N30-POSITIVE-SATURATION-CERTIFICATE.md	research/a1/moving-profile/records/n30-positive-saturation-certificate.md	dongxuelian2/strict-layer-proof-research	canonical	exact-duplicate	Exact byte duplicate of the canonical target; this source path is retained as provenance and no second canonical copy is created. Kind is a navigation label based on file type, path, and title; it does not upgrade evidence.
dongxuelian2/strict-layer-proof-research:archive-by-series/90-105/105-R31-N30-positive-analysis.md	research/a1/moving-profile/records/n30-positive-analysis.md	dongxuelian2/strict-layer-proof-research	canonical	exact-duplicate	Exact byte duplicate of the canonical target; this source path is retained as provenance and no second canonical copy is created. Kind is a navigation label based on file type, path, and title; it does not upgrade evidence.
dongxuelian2/strict-layer-proof-research:archive-by-series/90-105/105-R31-SHA256-MANIFEST.txt	research/archive/strict-layer-proof-research/archive-by-series/90-105/105-R31-SHA256-MANIFEST.txt	dongxuelian2/strict-layer-proof-research	archived	source-only	Source-only bytes preserved once at the canonical target under the frozen archive boundary; original source path remains an alias. Kind is a navigation label based on file type, path, and title; it does not upgrade evidence.
dongxuelian2/strict-layer-proof-research:archive-by-series/90-105/105-R31-frozen-artifacts.zip	research/archive/strict-layer-proof-research/archive-by-series/90-105/105-R31-frozen-artifacts.zip	dongxuelian2/strict-layer-proof-research	archived	source-only	Source-only bytes preserved once at the canonical target under the frozen archive boundary; original source path remains an alias. Kind is a navigation label based on file type, path, and title; it does not upgrade evidence.
dongxuelian2/strict-layer-proof-research:archive-by-series/90-105/105-R31-minimal-q-descent.md	research/a1/moving-profile/records/minimal-q-descent.md	dongxuelian2/strict-layer-proof-research	canonical	exact-duplicate	Exact byte duplicate of the canonical target; this source path is retained as provenance and no second canonical copy is created. Kind is a navigation label based on file type, path, and title; it does not upgrade evidence.
dongxuelian2/strict-layer-proof-research:archive-by-series/90-105/105-R31-q1-forced-scale-derivation.md	research/a1/moving-profile/records/q1-forced-scale-derivation.md	dongxuelian2/strict-layer-proof-research	canonical	exact-duplicate	Exact byte duplicate of the canonical target; this source path is retained as provenance and no second canonical copy is created. Kind is a navigation label based on file type, path, and title; it does not upgrade evidence.
dongxuelian2/strict-layer-proof-research:archive-by-series/90-105/105-R31-reconstruction-audit.md	research/a1/moving-profile/records/reconstruction-audit.md	dongxuelian2/strict-layer-proof-research	canonical	exact-duplicate	Exact byte duplicate of the canonical target; this source path is retained as provenance and no second canonical copy is created. Kind is a navigation label based on file type, path, and title; it does not upgrade evidence.
dongxuelian2/strict-layer-proof-research:archive-by-series/90-105/105-R31-stage-archive.md	research/a1/moving-profile/records/forced-scale-and-n30-analysis.md	dongxuelian2/strict-layer-proof-research	canonical	exact-duplicate	Exact byte duplicate of the canonical target; this source path is retained as provenance and no second canonical copy is created. Kind is a navigation label based on file type, path, and title; it does not upgrade evidence.
dongxuelian2/strict-layer-proof-research:archive-by-series/90-105/105-R32-SHA256-MANIFEST.txt	research/archive/strict-layer-proof-research/archive-by-series/90-105/105-R32-SHA256-MANIFEST.txt	dongxuelian2/strict-layer-proof-research	archived	source-only	Source-only bytes preserved once at the canonical target under the frozen archive boundary; original source path remains an alias. Kind is a navigation label based on file type, path, and title; it does not upgrade evidence.
dongxuelian2/strict-layer-proof-research:archive-by-series/90-105/105-R32-UNIT-CHAMBER-SATURATION-CERTIFICATE.md	research/a1/moving-profile/records/unit-chamber-saturation-certificate.md	dongxuelian2/strict-layer-proof-research	canonical	exact-duplicate	Exact byte duplicate of the canonical target; this source path is retained as provenance and no second canonical copy is created. Kind is a navigation label based on file type, path, and title; it does not upgrade evidence.
dongxuelian2/strict-layer-proof-research:archive-by-series/90-105/105-R32-artifacts.zip	research/archive/strict-layer-proof-research/archive-by-series/90-105/105-R32-artifacts.zip	dongxuelian2/strict-layer-proof-research	archived	source-only	Source-only bytes preserved once at the canonical target under the frozen archive boundary; original source path remains an alias. Kind is a navigation label based on file type, path, and title; it does not upgrade evidence.
dongxuelian2/strict-layer-proof-research:archive-by-series/90-105/105-R32-digit-room-collision-derivation.md	research/a1/moving-profile/records/digit-room-collision-derivation.md	dongxuelian2/strict-layer-proof-research	canonical	exact-duplicate	Exact byte duplicate of the canonical target; this source path is retained as provenance and no second canonical copy is created. Kind is a navigation label based on file type, path, and title; it does not upgrade evidence.
dongxuelian2/strict-layer-proof-research:archive-by-series/90-105/105-R32-execution.log	research/archive/strict-layer-proof-research/archive-by-series/90-105/105-R32-execution.log	dongxuelian2/strict-layer-proof-research	archived	source-only	Source-only bytes preserved once at the canonical target under the frozen archive boundary; original source path remains an alias. Kind is a navigation label based on file type, path, and title; it does not upgrade evidence.
dongxuelian2/strict-layer-proof-research:archive-by-series/90-105/105-R32-prime-branch-derivation.md	research/a1/moving-profile/records/prime-branch-derivation.md	dongxuelian2/strict-layer-proof-research	canonical	exact-duplicate	Exact byte duplicate of the canonical target; this source path is retained as provenance and no second canonical copy is created. Kind is a navigation label based on file type, path, and title; it does not upgrade evidence.
dongxuelian2/strict-layer-proof-research:archive-by-series/90-105/105-R32-q1-extinction-proof.md	research/a1/moving-profile/records/q1-extinction-proof.md	dongxuelian2/strict-layer-proof-research	canonical	exact-duplicate	Exact byte duplicate of the canonical target; this source path is retained as provenance and no second canonical copy is created. Kind is a navigation label based on file type, path, and title; it does not upgrade evidence.
dongxuelian2/strict-layer-proof-research:archive-by-series/90-105/105-R32-stage-archive.md	research/a1/moving-profile/records/unit-chamber-terminal-assault.md	dongxuelian2/strict-layer-proof-research	canonical	exact-duplicate	Exact byte duplicate of the canonical target; this source path is retained as provenance and no second canonical copy is created. Kind is a navigation label based on file type, path, and title; it does not upgrade evidence.
dongxuelian2/strict-layer-proof-research:archive-by-series/90-105/105-R32-unit-chamber-exact-system.md	research/a1/moving-profile/records/unit-chamber-exact-system.md	dongxuelian2/strict-layer-proof-research	canonical	exact-duplicate	Exact byte duplicate of the canonical target; this source path is retained as provenance and no second canonical copy is created. Kind is a navigation label based on file type, path, and title; it does not upgrade evidence.
dongxuelian2/strict-layer-proof-research:archive-by-series/90-105/105-R33-MASTER-SOURCE-SATURATION-CERTIFICATE.md	research/a1/moving-profile/records/master-source-saturation-certificate.md	dongxuelian2/strict-layer-proof-research	canonical	exact-duplicate	Exact byte duplicate of the canonical target; this source path is retained as provenance and no second canonical copy is created. Kind is a navigation label based on file type, path, and title; it does not upgrade evidence.
dongxuelian2/strict-layer-proof-research:archive-by-series/90-105/105-R33-SHA256-MANIFEST.txt	research/archive/strict-layer-proof-research/archive-by-series/90-105/105-R33-SHA256-MANIFEST.txt	dongxuelian2/strict-layer-proof-research	archived	source-only	Source-only bytes preserved once at the canonical target under the frozen archive boundary; original source path remains an alias. Kind is a navigation label based on file type, path, and title; it does not upgrade evidence.
dongxuelian2/strict-layer-proof-research:archive-by-series/90-105/105-R33-artifacts.zip	research/archive/strict-layer-proof-research/archive-by-series/90-105/105-R33-artifacts.zip	dongxuelian2/strict-layer-proof-research	archived	source-only	Source-only bytes preserved once at the canonical target under the frozen archive boundary; original source path remains an alias. Kind is a navigation label based on file type, path, and title; it does not upgrade evidence.
dongxuelian2/strict-layer-proof-research:archive-by-series/90-105/105-R33-master-source-room-exact-system.md	research/a1/moving-profile/records/master-source-room-exact-system.md	dongxuelian2/strict-layer-proof-research	canonical	exact-duplicate	Exact byte duplicate of the canonical target; this source path is retained as provenance and no second canonical copy is created. Kind is a navigation label based on file type, path, and title; it does not upgrade evidence.
dongxuelian2/strict-layer-proof-research:archive-by-series/90-105/105-R33-prime-branch-continuation.md	research/a1/moving-profile/records/prime-branch-continuation.md	dongxuelian2/strict-layer-proof-research	canonical	exact-duplicate	Exact byte duplicate of the canonical target; this source path is retained as provenance and no second canonical copy is created. Kind is a navigation label based on file type, path, and title; it does not upgrade evidence.
dongxuelian2/strict-layer-proof-research:archive-by-series/90-105/105-R33-quotient-remainder-analysis.md	research/a1/moving-profile/records/quotient-remainder-analysis.md	dongxuelian2/strict-layer-proof-research	canonical	exact-duplicate	Exact byte duplicate of the canonical target; this source path is retained as provenance and no second canonical copy is created. Kind is a navigation label based on file type, path, and title; it does not upgrade evidence.
dongxuelian2/strict-layer-proof-research:archive-by-series/90-105/105-R33-stage-archive.md	research/a1/moving-profile/records/master-source-room-gap.md	dongxuelian2/strict-layer-proof-research	canonical	exact-duplicate	Exact byte duplicate of the canonical target; this source path is retained as provenance and no second canonical copy is created. Kind is a navigation label based on file type, path, and title; it does not upgrade evidence.
dongxuelian2/strict-layer-proof-research:archive-by-series/90-105/105-R34-SHA256-MANIFEST.txt	research/archive/strict-layer-proof-research/archive-by-series/90-105/105-R34-SHA256-MANIFEST.txt	dongxuelian2/strict-layer-proof-research	archived	source-only	Source-only bytes preserved once at the canonical target under the frozen archive boundary; original source path remains an alias. Kind is a navigation label based on file type, path, and title; it does not upgrade evidence.
dongxuelian2/strict-layer-proof-research:archive-by-series/90-105/105-R34-SOURCE-WORD-SATURATION-CERTIFICATE.md	research/a1/moving-profile/records/source-word-saturation-certificate.md	dongxuelian2/strict-layer-proof-research	canonical	exact-duplicate	Exact byte duplicate of the canonical target; this source path is retained as provenance and no second canonical copy is created. Kind is a navigation label based on file type, path, and title; it does not upgrade evidence.
dongxuelian2/strict-layer-proof-research:archive-by-series/90-105/105-R34-U-elimination-derivation.md	research/a1/moving-profile/records/u-elimination-derivation.md	dongxuelian2/strict-layer-proof-research	canonical	exact-duplicate	Exact byte duplicate of the canonical target; this source path is retained as provenance and no second canonical copy is created. Kind is a navigation label based on file type, path, and title; it does not upgrade evidence.
dongxuelian2/strict-layer-proof-research:archive-by-series/90-105/105-R34-all-q-extension.md	research/a1/moving-profile/records/all-q-extension.md	dongxuelian2/strict-layer-proof-research	canonical	exact-duplicate	Exact byte duplicate of the canonical target; this source path is retained as provenance and no second canonical copy is created. Kind is a navigation label based on file type, path, and title; it does not upgrade evidence.
dongxuelian2/strict-layer-proof-research:archive-by-series/90-105/105-R34-artifacts.zip	research/archive/strict-layer-proof-research/archive-by-series/90-105/105-R34-artifacts.zip	dongxuelian2/strict-layer-proof-research	archived	source-only	Source-only bytes preserved once at the canonical target under the frozen archive boundary; original source path remains an alias. Kind is a navigation label based on file type, path, and title; it does not upgrade evidence.
dongxuelian2/strict-layer-proof-research:archive-by-series/90-105/105-R34-decimal-residue-collision-proof.md	research/a1/moving-profile/records/decimal-residue-collision-proof.md	dongxuelian2/strict-layer-proof-research	canonical	exact-duplicate	Exact byte duplicate of the canonical target; this source path is retained as provenance and no second canonical copy is created. Kind is a navigation label based on file type, path, and title; it does not upgrade evidence.
dongxuelian2/strict-layer-proof-research:archive-by-series/90-105/105-R34-execution.log	research/archive/strict-layer-proof-research/archive-by-series/90-105/105-R34-execution.log	dongxuelian2/strict-layer-proof-research	archived	source-only	Source-only bytes preserved once at the canonical target under the frozen archive boundary; original source path remains an alias. Kind is a navigation label based on file type, path, and title; it does not upgrade evidence.
dongxuelian2/strict-layer-proof-research:archive-by-series/90-105/105-R34-source-word-exact-system.md	research/a1/moving-profile/records/source-word-exact-system.md	dongxuelian2/strict-layer-proof-research	canonical	exact-duplicate	Exact byte duplicate of the canonical target; this source path is retained as provenance and no second canonical copy is created. Kind is a navigation label based on file type, path, and title; it does not upgrade evidence.
dongxuelian2/strict-layer-proof-research:archive-by-series/90-105/105-R34-stage-archive.md	research/a1/moving-profile/records/master-carry-source-word-elimination.md	dongxuelian2/strict-layer-proof-research	canonical	exact-duplicate	Exact byte duplicate of the canonical target; this source path is retained as provenance and no second canonical copy is created. Kind is a navigation label based on file type, path, and title; it does not upgrade evidence.
dongxuelian2/strict-layer-proof-research:archive-by-series/90-105/105-R35-SHA256-MANIFEST.txt	research/archive/strict-layer-proof-research/archive-by-series/90-105/105-R35-SHA256-MANIFEST.txt	dongxuelian2/strict-layer-proof-research	archived	source-only	Source-only bytes preserved once at the canonical target under the frozen archive boundary; original source path remains an alias. Kind is a navigation label based on file type, path, and title; it does not upgrade evidence.
dongxuelian2/strict-layer-proof-research:archive-by-series/90-105/105-R35-TERMINAL-PREDICATE-SATURATION-CERTIFICATE.md	research/a1/moving-profile/records/terminal-predicate-saturation-certificate.md	dongxuelian2/strict-layer-proof-research	canonical	exact-duplicate	Exact byte duplicate of the canonical target; this source path is retained as provenance and no second canonical copy is created. Kind is a navigation label based on file type, path, and title; it does not upgrade evidence.
dongxuelian2/strict-layer-proof-research:archive-by-series/90-105/105-R35-artifacts.zip	research/archive/strict-layer-proof-research/archive-by-series/90-105/105-R35-artifacts.zip	dongxuelian2/strict-layer-proof-research	archived	source-only	Source-only bytes preserved once at the canonical target under the frozen archive boundary; original source path remains an alias. Kind is a navigation label based on file type, path, and title; it does not upgrade evidence.
dongxuelian2/strict-layer-proof-research:archive-by-series/90-105/105-R35-stage-archive.md	research/a1/moving-profile/records/terminal-predicate-cutoff.md	dongxuelian2/strict-layer-proof-research	canonical	exact-duplicate	Exact byte duplicate of the canonical target; this source path is retained as provenance and no second canonical copy is created. Kind is a navigation label based on file type, path, and title; it does not upgrade evidence.
dongxuelian2/strict-layer-proof-research:archive-by-series/90-105/105-R36-SHA256-MANIFEST.txt	research/archive/strict-layer-proof-research/archive-by-series/90-105/105-R36-SHA256-MANIFEST.txt	dongxuelian2/strict-layer-proof-research	archived	source-only	Source-only bytes preserved once at the canonical target under the frozen archive boundary; original source path remains an alias. Kind is a navigation label based on file type, path, and title; it does not upgrade evidence.
dongxuelian2/strict-layer-proof-research:archive-by-series/90-105/105-R36-SIMULTANEOUS-NONEMPTY-SATURATION-CERTIFICATE.md	research/a1/moving-profile/records/simultaneous-nonempty-saturation-certificate.md	dongxuelian2/strict-layer-proof-research	canonical	exact-duplicate	Exact byte duplicate of the canonical target; this source path is retained as provenance and no second canonical copy is created. Kind is a navigation label based on file type, path, and title; it does not upgrade evidence.
dongxuelian2/strict-layer-proof-research:archive-by-series/90-105/105-R36-artifacts.zip	research/archive/strict-layer-proof-research/archive-by-series/90-105/105-R36-artifacts.zip	dongxuelian2/strict-layer-proof-research	archived	source-only	Source-only bytes preserved once at the canonical target under the frozen archive boundary; original source path remains an alias. Kind is a navigation label based on file type, path, and title; it does not upgrade evidence.
dongxuelian2/strict-layer-proof-research:archive-by-series/90-105/105-R36-artifacts.zip.sha256.txt	research/archive/strict-layer-proof-research/archive-by-series/90-105/105-R36-artifacts.zip.sha256.txt	dongxuelian2/strict-layer-proof-research	archived	source-only	Source-only bytes preserved once at the canonical target under the frozen archive boundary; original source path remains an alias. Kind is a navigation label based on file type, path, and title; it does not upgrade evidence.
dongxuelian2/strict-layer-proof-research:archive-by-series/90-105/105-R36-nonunit-source-master-synchronization.md	research/a1/moving-profile/records/nonunit-source-master-synchronization.md	dongxuelian2/strict-layer-proof-research	canonical	exact-duplicate	Exact byte duplicate of the canonical target; this source path is retained as provenance and no second canonical copy is created. Kind is a navigation label based on file type, path, and title; it does not upgrade evidence.
dongxuelian2/strict-layer-proof-research:archive-by-series/90-105/105-R36-simultaneous-nonempty-exact-system.md	research/a1/moving-profile/records/simultaneous-nonempty-exact-system.md	dongxuelian2/strict-layer-proof-research	canonical	exact-duplicate	Exact byte duplicate of the canonical target; this source path is retained as provenance and no second canonical copy is created. Kind is a navigation label based on file type, path, and title; it does not upgrade evidence.
dongxuelian2/strict-layer-proof-research:archive-by-series/90-105/105-R36-stage-archive.md	research/a1/moving-profile/records/unit-successor-synchronization.md	dongxuelian2/strict-layer-proof-research	canonical	exact-duplicate	Exact byte duplicate of the canonical target; this source path is retained as provenance and no second canonical copy is created. Kind is a navigation label based on file type, path, and title; it does not upgrade evidence.
dongxuelian2/strict-layer-proof-research:archive-by-series/90-105/105-R36-unit-canonical-successor-derivation.md	research/a1/moving-profile/records/unit-canonical-successor-derivation.md	dongxuelian2/strict-layer-proof-research	canonical	exact-duplicate	Exact byte duplicate of the canonical target; this source path is retained as provenance and no second canonical copy is created. Kind is a navigation label based on file type, path, and title; it does not upgrade evidence.
dongxuelian2/strict-layer-proof-research:archive-by-series/90-105/105-R37-GCD-NORMALIZED-SATURATION-CERTIFICATE.md	research/a1/moving-profile/records/gcd-normalized-saturation-certificate.md	dongxuelian2/strict-layer-proof-research	canonical	exact-duplicate	Exact byte duplicate of the canonical target; this source path is retained as provenance and no second canonical copy is created. Kind is a navigation label based on file type, path, and title; it does not upgrade evidence.
dongxuelian2/strict-layer-proof-research:archive-by-series/90-105/105-R37-SHA256-MANIFEST.txt	research/archive/strict-layer-proof-research/archive-by-series/90-105/105-R37-SHA256-MANIFEST.txt	dongxuelian2/strict-layer-proof-research	archived	source-only	Source-only bytes preserved once at the canonical target under the frozen archive boundary; original source path remains an alias. Kind is a navigation label based on file type, path, and title; it does not upgrade evidence.
dongxuelian2/strict-layer-proof-research:archive-by-series/90-105/105-R37-artifacts.zip	research/archive/strict-layer-proof-research/archive-by-series/90-105/105-R37-artifacts.zip	dongxuelian2/strict-layer-proof-research	archived	source-only	Source-only bytes preserved once at the canonical target under the frozen archive boundary; original source path remains an alias. Kind is a navigation label based on file type, path, and title; it does not upgrade evidence.
dongxuelian2/strict-layer-proof-research:archive-by-series/90-105/105-R37-artifacts.zip.sha256.txt	research/archive/strict-layer-proof-research/archive-by-series/90-105/105-R37-artifacts.zip.sha256.txt	dongxuelian2/strict-layer-proof-research	archived	source-only	Source-only bytes preserved once at the canonical target under the frozen archive boundary; original source path remains an alias. Kind is a navigation label based on file type, path, and title; it does not upgrade evidence.
dongxuelian2/strict-layer-proof-research:archive-by-series/90-105/105-R37-corrected-source-first-search.md	research/a1/moving-profile/records/corrected-source-first-search.md	dongxuelian2/strict-layer-proof-research	canonical	exact-duplicate	Exact byte duplicate of the canonical target; this source path is retained as provenance and no second canonical copy is created. Kind is a navigation label based on file type, path, and title; it does not upgrade evidence.
dongxuelian2/strict-layer-proof-research:archive-by-series/90-105/105-R37-execution.log	research/archive/strict-layer-proof-research/archive-by-series/90-105/105-R37-execution.log	dongxuelian2/strict-layer-proof-research	archived	source-only	Source-only bytes preserved once at the canonical target under the frozen archive boundary; original source path remains an alias. Kind is a navigation label based on file type, path, and title; it does not upgrade evidence.
dongxuelian2/strict-layer-proof-research:archive-by-series/90-105/105-R37-gcd-normalized-master-sphere-system.md	research/a1/moving-profile/records/gcd-normalized-master-sphere-system.md	dongxuelian2/strict-layer-proof-research	canonical	exact-duplicate	Exact byte duplicate of the canonical target; this source path is retained as provenance and no second canonical copy is created. Kind is a navigation label based on file type, path, and title; it does not upgrade evidence.
dongxuelian2/strict-layer-proof-research:archive-by-series/90-105/105-R37-stage-archive.md	research/a1/moving-profile/records/gcd-normalized-root-audit.md	dongxuelian2/strict-layer-proof-research	canonical	exact-duplicate	Exact byte duplicate of the canonical target; this source path is retained as provenance and no second canonical copy is created. Kind is a navigation label based on file type, path, and title; it does not upgrade evidence.
dongxuelian2/strict-layer-proof-research:archive-by-series/90-105/105-R38-FIRST-GENUINE-SELECTOR-CONSISTENT-ROOT.md	research/a1/moving-profile/records/first-genuine-selector-consistent-root.md	dongxuelian2/strict-layer-proof-research	canonical	exact-duplicate	Exact byte duplicate of the canonical target; this source path is retained as provenance and no second canonical copy is created. Kind is a navigation label based on file type, path, and title; it does not upgrade evidence.
dongxuelian2/strict-layer-proof-research:archive-by-series/90-105/105-R38-NRDG-SATURATION-CERTIFICATE.md	research/a1/moving-profile/records/nrdg-saturation-certificate.md	dongxuelian2/strict-layer-proof-research	canonical	exact-duplicate	Exact byte duplicate of the canonical target; this source path is retained as provenance and no second canonical copy is created. Kind is a navigation label based on file type, path, and title; it does not upgrade evidence.
dongxuelian2/strict-layer-proof-research:archive-by-series/90-105/105-R38-SHA256-MANIFEST.txt	research/archive/strict-layer-proof-research/archive-by-series/90-105/105-R38-SHA256-MANIFEST.txt	dongxuelian2/strict-layer-proof-research	archived	source-only	Source-only bytes preserved once at the canonical target under the frozen archive boundary; original source path remains an alias. Kind is a navigation label based on file type, path, and title; it does not upgrade evidence.
dongxuelian2/strict-layer-proof-research:archive-by-series/90-105/105-R38-artifacts.zip	research/archive/strict-layer-proof-research/archive-by-series/90-105/105-R38-artifacts.zip	dongxuelian2/strict-layer-proof-research	archived	source-only	Source-only bytes preserved once at the canonical target under the frozen archive boundary; original source path remains an alias. Kind is a navigation label based on file type, path, and title; it does not upgrade evidence.
dongxuelian2/strict-layer-proof-research:archive-by-series/90-105/105-R38-factor-allocation-derivation.md	research/a1/moving-profile/records/factor-allocation-derivation.md	dongxuelian2/strict-layer-proof-research	canonical	exact-duplicate	Exact byte duplicate of the canonical target; this source path is retained as provenance and no second canonical copy is created. Kind is a navigation label based on file type, path, and title; it does not upgrade evidence.
dongxuelian2/strict-layer-proof-research:archive-by-series/90-105/105-R38-stage-archive.md	research/a1/moving-profile/records/selector-consistent-root.md	dongxuelian2/strict-layer-proof-research	canonical	exact-duplicate	Exact byte duplicate of the canonical target; this source path is retained as provenance and no second canonical copy is created. Kind is a navigation label based on file type, path, and title; it does not upgrade evidence.
dongxuelian2/strict-layer-proof-research:archive-by-series/90-105/105-R39-FIRST-EXPONENT-SYNCHRONIZED-ROOT.md	research/a1/moving-profile/records/first-exponent-synchronized-root.md	dongxuelian2/strict-layer-proof-research	canonical	exact-duplicate	Exact byte duplicate of the canonical target; this source path is retained as provenance and no second canonical copy is created. Kind is a navigation label based on file type, path, and title; it does not upgrade evidence.
dongxuelian2/strict-layer-proof-research:archive-by-series/90-105/105-R39-SHA256-MANIFEST.txt	research/archive/strict-layer-proof-research/archive-by-series/90-105/105-R39-SHA256-MANIFEST.txt	dongxuelian2/strict-layer-proof-research	archived	source-only	Source-only bytes preserved once at the canonical target under the frozen archive boundary; original source path remains an alias. Kind is a navigation label based on file type, path, and title; it does not upgrade evidence.
dongxuelian2/strict-layer-proof-research:archive-by-series/90-105/105-R39-SOURCE-EXPONENT-IMAGE-SATURATION-CERTIFICATE.md	research/a1/moving-profile/records/source-exponent-image-saturation-certificate.md	dongxuelian2/strict-layer-proof-research	canonical	exact-duplicate	Exact byte duplicate of the canonical target; this source path is retained as provenance and no second canonical copy is created. Kind is a navigation label based on file type, path, and title; it does not upgrade evidence.
dongxuelian2/strict-layer-proof-research:archive-by-series/90-105/105-R39-artifacts.zip	research/archive/strict-layer-proof-research/archive-by-series/90-105/105-R39-artifacts.zip	dongxuelian2/strict-layer-proof-research	archived	source-only	Source-only bytes preserved once at the canonical target under the frozen archive boundary; original source path remains an alias. Kind is a navigation label based on file type, path, and title; it does not upgrade evidence.
dongxuelian2/strict-layer-proof-research:archive-by-series/90-105/105-R39-execution.log	research/archive/strict-layer-proof-research/archive-by-series/90-105/105-R39-execution.log	dongxuelian2/strict-layer-proof-research	archived	source-only	Source-only bytes preserved once at the canonical target under the frozen archive boundary; original source path remains an alias. Kind is a navigation label based on file type, path, and title; it does not upgrade evidence.
dongxuelian2/strict-layer-proof-research:archive-by-series/90-105/105-R39-exponent-synchronization-derivation.md	research/a1/moving-profile/records/exponent-synchronization-derivation.md	dongxuelian2/strict-layer-proof-research	canonical	exact-duplicate	Exact byte duplicate of the canonical target; this source path is retained as provenance and no second canonical copy is created. Kind is a navigation label based on file type, path, and title; it does not upgrade evidence.
dongxuelian2/strict-layer-proof-research:archive-by-series/90-105/105-R39-production-native-root-system.md	research/a1/moving-profile/records/production-native-root-system.md	dongxuelian2/strict-layer-proof-research	canonical	exact-duplicate	Exact byte duplicate of the canonical target; this source path is retained as provenance and no second canonical copy is created. Kind is a navigation label based on file type, path, and title; it does not upgrade evidence.
dongxuelian2/strict-layer-proof-research:archive-by-series/90-105/105-R39-stage-archive.md	research/a1/moving-profile/records/source-exponent-root-reconstruction.md	dongxuelian2/strict-layer-proof-research	canonical	exact-duplicate	Exact byte duplicate of the canonical target; this source path is retained as provenance and no second canonical copy is created. Kind is a navigation label based on file type, path, and title; it does not upgrade evidence.
dongxuelian2/strict-layer-proof-research:archive-by-series/90-105/105-R40-FINAL-FAILURE-REPORT.md	research/a1/moving-profile/records/failure.md	dongxuelian2/strict-layer-proof-research	canonical	exact-duplicate	Exact byte duplicate of the canonical target; this source path is retained as provenance and no second canonical copy is created. Kind is a navigation label based on file type, path, and title; it does not upgrade evidence.
dongxuelian2/strict-layer-proof-research:archive-by-series/90-105/105_R10_DES_Endpoint_Coset_Lift_Index.md	research/a1/moving-profile/records/des-endpoint-coset-lift-index.md	dongxuelian2/strict-layer-proof-research	canonical	exact-duplicate	Exact byte duplicate of the canonical target; this source path is retained as provenance and no second canonical copy is created. Kind is a navigation label based on file type, path, and title; it does not upgrade evidence.
dongxuelian2/strict-layer-proof-research:archive-by-series/90-105/105_R10_bundle.zip	research/archive/strict-layer-proof-research/archive-by-series/90-105/105_R10_bundle.zip	dongxuelian2/strict-layer-proof-research	archived	source-only	Source-only bytes preserved once at the canonical target under the frozen archive boundary; original source path remains an alias. Kind is a navigation label based on file type, path, and title; it does not upgrade evidence.
dongxuelian2/strict-layer-proof-research:archive-by-series/90-105/105_R10_scripts.zip	research/archive/strict-layer-proof-research/archive-by-series/90-105/105_R10_scripts.zip	dongxuelian2/strict-layer-proof-research	archived	source-only	Source-only bytes preserved once at the canonical target under the frozen archive boundary; original source path remains an alias. Kind is a navigation label based on file type, path, and title; it does not upgrade evidence.
dongxuelian2/strict-layer-proof-research:archive-by-series/90-105/105_R11_Archive_Package.zip	research/archive/strict-layer-proof-research/archive-by-series/90-105/105_R11_Archive_Package.zip	dongxuelian2/strict-layer-proof-research	archived	source-only	Source-only bytes preserved once at the canonical target under the frozen archive boundary; original source path remains an alias. Kind is a navigation label based on file type, path, and title; it does not upgrade evidence.
dongxuelian2/strict-layer-proof-research:archive-by-series/90-105/105_R11_Exact_DES_Quotient_Threshold_Membership.md	research/a1/moving-profile/records/exact-des-quotient-threshold-membership.md	dongxuelian2/strict-layer-proof-research	canonical	exact-duplicate	Exact byte duplicate of the canonical target; this source path is retained as provenance and no second canonical copy is created. Kind is a navigation label based on file type, path, and title; it does not upgrade evidence.
dongxuelian2/strict-layer-proof-research:archive-by-series/90-105/105_R12_Archive_Package.zip	research/archive/strict-layer-proof-research/archive-by-series/90-105/105_R12_Archive_Package.zip	dongxuelian2/strict-layer-proof-research	archived	source-only	Source-only bytes preserved once at the canonical target under the frozen archive boundary; original source path remains an alias. Kind is a navigation label based on file type, path, and title; it does not upgrade evidence.
dongxuelian2/strict-layer-proof-research:archive-by-series/90-105/105_R12_Normalized_Local_DES_Numerator_Residue.md	research/a1/moving-profile/records/normalized-local-des-numerator-residue.md	dongxuelian2/strict-layer-proof-research	canonical	exact-duplicate	Exact byte duplicate of the canonical target; this source path is retained as provenance and no second canonical copy is created. Kind is a navigation label based on file type, path, and title; it does not upgrade evidence.
dongxuelian2/strict-layer-proof-research:archive-by-series/90-105/105_R13_Companion_Artifacts.zip	research/archive/strict-layer-proof-research/archive-by-series/90-105/105_R13_Companion_Artifacts.zip	dongxuelian2/strict-layer-proof-research	archived	source-only	Source-only bytes preserved once at the canonical target under the frozen archive boundary; original source path remains an alias. Kind is a navigation label based on file type, path, and title; it does not upgrade evidence.
dongxuelian2/strict-layer-proof-research:archive-by-series/90-105/105_R13_Post_PSDG_Source_Carrier_Image.md	research/a1/moving-profile/records/post-psdg-source-carrier-image.md	dongxuelian2/strict-layer-proof-research	canonical	exact-duplicate	Exact byte duplicate of the canonical target; this source path is retained as provenance and no second canonical copy is created. Kind is a navigation label based on file type, path, and title; it does not upgrade evidence.
dongxuelian2/strict-layer-proof-research:archive-by-series/90-105/105_R13_SHA256SUMS.txt	research/archive/strict-layer-proof-research/archive-by-series/90-105/105_R13_SHA256SUMS.txt	dongxuelian2/strict-layer-proof-research	archived	source-only	Source-only bytes preserved once at the canonical target under the frozen archive boundary; original source path remains an alias. Kind is a navigation label based on file type, path, and title; it does not upgrade evidence.
dongxuelian2/strict-layer-proof-research:archive-by-series/90-105/105_R14_Positive_Radial_Core_Lift_Fibre.md	research/a1/moving-profile/records/positive-radial-core-lift-fibre.md	dongxuelian2/strict-layer-proof-research	canonical	exact-duplicate	Exact byte duplicate of the canonical target; this source path is retained as provenance and no second canonical copy is created. Kind is a navigation label based on file type, path, and title; it does not upgrade evidence.
dongxuelian2/strict-layer-proof-research:archive-by-series/90-105/105_R14_scripts.zip	research/archive/strict-layer-proof-research/archive-by-series/90-105/105_R14_scripts.zip	dongxuelian2/strict-layer-proof-research	archived	source-only	Source-only bytes preserved once at the canonical target under the frozen archive boundary; original source path remains an alias. Kind is a navigation label based on file type, path, and title; it does not upgrade evidence.
dongxuelian2/strict-layer-proof-research:archive-by-series/90-105/105_R15_Archive.zip	research/archive/strict-layer-proof-research/archive-by-series/90-105/105_R15_Archive.zip	dongxuelian2/strict-layer-proof-research	archived	source-only	Source-only bytes preserved once at the canonical target under the frozen archive boundary; original source path remains an alias. Kind is a navigation label based on file type, path, and title; it does not upgrade evidence.
dongxuelian2/strict-layer-proof-research:archive-by-series/90-105/105_R15_Master_G1_Z_Shell_Phase_Offensive.md	research/a1/moving-profile/records/master-g1-z-shell-offensive.md	dongxuelian2/strict-layer-proof-research	canonical	exact-duplicate	Exact byte duplicate of the canonical target; this source path is retained as provenance and no second canonical copy is created. Kind is a navigation label based on file type, path, and title; it does not upgrade evidence.
dongxuelian2/strict-layer-proof-research:archive-by-series/90-105/105_R15_execution.log	research/archive/strict-layer-proof-research/archive-by-series/90-105/105_R15_execution.log	dongxuelian2/strict-layer-proof-research	archived	source-only	Source-only bytes preserved once at the canonical target under the frozen archive boundary; original source path remains an alias. Kind is a navigation label based on file type, path, and title; it does not upgrade evidence.
dongxuelian2/strict-layer-proof-research:archive-by-series/90-105/105_R15_phase_offensive.py	research/archive/strict-layer-proof-research/archive-by-series/90-105/105_R15_phase_offensive.py	dongxuelian2/strict-layer-proof-research	archived	source-only	Source-only bytes preserved once at the canonical target under the frozen archive boundary; original source path remains an alias. Kind is a navigation label based on file type, path, and title; it does not upgrade evidence.
dongxuelian2/strict-layer-proof-research:archive-by-series/90-105/105_R16_Archive.zip	research/archive/strict-layer-proof-research/archive-by-series/90-105/105_R16_Archive.zip	dongxuelian2/strict-layer-proof-research	archived	source-only	Source-only bytes preserved once at the canonical target under the frozen archive boundary; original source path remains an alias. Kind is a navigation label based on file type, path, and title; it does not upgrade evidence.
dongxuelian2/strict-layer-proof-research:archive-by-series/90-105/105_R16_Master_Complement_Divisor_Omega_Corridor.md	research/a1/moving-profile/records/master-complement-divisor-omega-corridor.md	dongxuelian2/strict-layer-proof-research	canonical	exact-duplicate	Exact byte duplicate of the canonical target; this source path is retained as provenance and no second canonical copy is created. Kind is a navigation label based on file type, path, and title; it does not upgrade evidence.
dongxuelian2/strict-layer-proof-research:archive-by-series/90-105/105_R16_execution.log	research/archive/strict-layer-proof-research/archive-by-series/90-105/105_R16_execution.log	dongxuelian2/strict-layer-proof-research	archived	source-only	Source-only bytes preserved once at the canonical target under the frozen archive boundary; original source path remains an alias. Kind is a navigation label based on file type, path, and title; it does not upgrade evidence.
dongxuelian2/strict-layer-proof-research:archive-by-series/90-105/105_R16_master_complement.py	research/archive/strict-layer-proof-research/archive-by-series/90-105/105_R16_master_complement.py	dongxuelian2/strict-layer-proof-research	archived	source-only	Source-only bytes preserved once at the canonical target under the frozen archive boundary; original source path remains an alias. Kind is a navigation label based on file type, path, and title; it does not upgrade evidence.
dongxuelian2/strict-layer-proof-research:archive-by-series/90-105/105_R17_Archive.zip	research/archive/strict-layer-proof-research/archive-by-series/90-105/105_R17_Archive.zip	dongxuelian2/strict-layer-proof-research	archived	source-only	Source-only bytes preserved once at the canonical target under the frozen archive boundary; original source path remains an alias. Kind is a navigation label based on file type, path, and title; it does not upgrade evidence.
dongxuelian2/strict-layer-proof-research:archive-by-series/90-105/105_R17_Post_D_Source_Excess.md	research/a1/moving-profile/records/post-d-source-excess.md	dongxuelian2/strict-layer-proof-research	canonical	exact-duplicate	Exact byte duplicate of the canonical target; this source path is retained as provenance and no second canonical copy is created. Kind is a navigation label based on file type, path, and title; it does not upgrade evidence.
dongxuelian2/strict-layer-proof-research:archive-by-series/90-105/105_R17_post_d_source_excess.py	research/archive/strict-layer-proof-research/archive-by-series/90-105/105_R17_post_d_source_excess.py	dongxuelian2/strict-layer-proof-research	archived	source-only	Source-only bytes preserved once at the canonical target under the frozen archive boundary; original source path remains an alias. Kind is a navigation label based on file type, path, and title; it does not upgrade evidence.
dongxuelian2/strict-layer-proof-research:archive-by-series/90-105/105_R18_Archive.zip	research/archive/strict-layer-proof-research/archive-by-series/90-105/105_R18_Archive.zip	dongxuelian2/strict-layer-proof-research	archived	source-only	Source-only bytes preserved once at the canonical target under the frozen archive boundary; original source path remains an alias. Kind is a navigation label based on file type, path, and title; it does not upgrade evidence.
dongxuelian2/strict-layer-proof-research:archive-by-series/90-105/105_R18_Post_Corridor_Z_Shell_Compatibility.md	research/a1/moving-profile/records/post-corridor-z-shell-compatibility.md	dongxuelian2/strict-layer-proof-research	canonical	exact-duplicate	Exact byte duplicate of the canonical target; this source path is retained as provenance and no second canonical copy is created. Kind is a navigation label based on file type, path, and title; it does not upgrade evidence.
dongxuelian2/strict-layer-proof-research:archive-by-series/90-105/105_R18_scripts.zip	research/archive/strict-layer-proof-research/archive-by-series/90-105/105_R18_scripts.zip	dongxuelian2/strict-layer-proof-research	archived	source-only	Source-only bytes preserved once at the canonical target under the frozen archive boundary; original source path remains an alias. Kind is a navigation label based on file type, path, and title; it does not upgrade evidence.
dongxuelian2/strict-layer-proof-research:archive-by-series/90-105/105_R19_Absorbed_Content_Smith_Saturation.md	research/a1/moving-profile/records/absorbed-content-smith-saturation.md	dongxuelian2/strict-layer-proof-research	canonical	exact-duplicate	Exact byte duplicate of the canonical target; this source path is retained as provenance and no second canonical copy is created. Kind is a navigation label based on file type, path, and title; it does not upgrade evidence.
dongxuelian2/strict-layer-proof-research:archive-by-series/90-105/105_R19_execution.log	research/archive/strict-layer-proof-research/archive-by-series/90-105/105_R19_execution.log	dongxuelian2/strict-layer-proof-research	archived	source-only	Source-only bytes preserved once at the canonical target under the frozen archive boundary; original source path remains an alias. Kind is a navigation label based on file type, path, and title; it does not upgrade evidence.
dongxuelian2/strict-layer-proof-research:archive-by-series/90-105/105_R19_scripts.zip	research/archive/strict-layer-proof-research/archive-by-series/90-105/105_R19_scripts.zip	dongxuelian2/strict-layer-proof-research	archived	source-only	Source-only bytes preserved once at the canonical target under the frozen archive boundary; original source path remains an alias. Kind is a navigation label based on file type, path, and title; it does not upgrade evidence.
dongxuelian2/strict-layer-proof-research:archive-by-series/90-105/105_R1_Common_Obstruction_Reconstruction.md	research/a1/moving-profile/records/common-obstruction-reconstruction.md	dongxuelian2/strict-layer-proof-research	canonical	exact-duplicate	Exact byte duplicate of the canonical target; this source path is retained as provenance and no second canonical copy is created. Kind is a navigation label based on file type, path, and title; it does not upgrade evidence.
dongxuelian2/strict-layer-proof-research:archive-by-series/90-105/105_R1_Master_Object_Schema.json	research/archive/strict-layer-proof-research/archive-by-series/90-105/105_R1_Master_Object_Schema.json	dongxuelian2/strict-layer-proof-research	archived	source-only	Source-only bytes preserved once at the canonical target under the frozen archive boundary; original source path remains an alias. Kind is a navigation label based on file type, path, and title; it does not upgrade evidence.
dongxuelian2/strict-layer-proof-research:archive-by-series/90-105/105_R20_Face2_Decimal_Primary_Absorption_Budget.md	research/a1/moving-profile/records/face2-decimal-primary-absorption-budget.md	dongxuelian2/strict-layer-proof-research	canonical	exact-duplicate	Exact byte duplicate of the canonical target; this source path is retained as provenance and no second canonical copy is created. Kind is a navigation label based on file type, path, and title; it does not upgrade evidence.
dongxuelian2/strict-layer-proof-research:archive-by-series/90-105/105_R20_package.zip	research/archive/strict-layer-proof-research/archive-by-series/90-105/105_R20_package.zip	dongxuelian2/strict-layer-proof-research	archived	source-only	Source-only bytes preserved once at the canonical target under the frozen archive boundary; original source path remains an alias. Kind is a navigation label based on file type, path, and title; it does not upgrade evidence.
dongxuelian2/strict-layer-proof-research:archive-by-series/90-105/105_R20_scripts.zip	research/archive/strict-layer-proof-research/archive-by-series/90-105/105_R20_scripts.zip	dongxuelian2/strict-layer-proof-research	archived	source-only	Source-only bytes preserved once at the canonical target under the frozen archive boundary; original source path remains an alias. Kind is a navigation label based on file type, path, and title; it does not upgrade evidence.
dongxuelian2/strict-layer-proof-research:archive-by-series/90-105/105_R21_Normalized_Denominator_Ratio_Corridor.md	research/a1/moving-profile/records/normalized-denominator-ratio-corridor.md	dongxuelian2/strict-layer-proof-research	canonical	exact-duplicate	Exact byte duplicate of the canonical target; this source path is retained as provenance and no second canonical copy is created. Kind is a navigation label based on file type, path, and title; it does not upgrade evidence.
dongxuelian2/strict-layer-proof-research:archive-by-series/90-105/105_R21_artifacts_bundle.zip	research/archive/strict-layer-proof-research/archive-by-series/90-105/105_R21_artifacts_bundle.zip	dongxuelian2/strict-layer-proof-research	archived	source-only	Source-only bytes preserved once at the canonical target under the frozen archive boundary; original source path remains an alias. Kind is a navigation label based on file type, path, and title; it does not upgrade evidence.
dongxuelian2/strict-layer-proof-research:archive-by-series/90-105/105_R21_terminal.txt	research/archive/strict-layer-proof-research/archive-by-series/90-105/105_R21_terminal.txt	dongxuelian2/strict-layer-proof-research	archived	source-only	Source-only bytes preserved once at the canonical target under the frozen archive boundary; original source path remains an alias. Kind is a navigation label based on file type, path, and title; it does not upgrade evidence.
dongxuelian2/strict-layer-proof-research:archive-by-series/90-105/105_R22_Master_Angular_Archive.zip	research/archive/strict-layer-proof-research/archive-by-series/90-105/105_R22_Master_Angular_Archive.zip	dongxuelian2/strict-layer-proof-research	archived	source-only	Source-only bytes preserved once at the canonical target under the frozen archive boundary; original source path remains an alias. Kind is a navigation label based on file type, path, and title; it does not upgrade evidence.
dongxuelian2/strict-layer-proof-research:archive-by-series/90-105/105_R22_Master_Angular_Elimination.md	research/a1/moving-profile/records/master-angular-elimination.md	dongxuelian2/strict-layer-proof-research	canonical	exact-duplicate	Exact byte duplicate of the canonical target; this source path is retained as provenance and no second canonical copy is created. Kind is a navigation label based on file type, path, and title; it does not upgrade evidence.
dongxuelian2/strict-layer-proof-research:archive-by-series/90-105/105_R22_terminal.txt	research/archive/strict-layer-proof-research/archive-by-series/90-105/105_R22_terminal.txt	dongxuelian2/strict-layer-proof-research	archived	source-only	Source-only bytes preserved once at the canonical target under the frozen archive boundary; original source path remains an alias. Kind is a navigation label based on file type, path, and title; it does not upgrade evidence.
dongxuelian2/strict-layer-proof-research:archive-by-series/90-105/105_R23_Archive.zip	research/archive/strict-layer-proof-research/archive-by-series/90-105/105_R23_Archive.zip	dongxuelian2/strict-layer-proof-research	archived	source-only	Source-only bytes preserved once at the canonical target under the frozen archive boundary; original source path remains an alias. Kind is a navigation label based on file type, path, and title; it does not upgrade evidence.
dongxuelian2/strict-layer-proof-research:archive-by-series/90-105/105_R23_Completed_Positive_Angular_Load_Corridor.md	research/a1/moving-profile/records/completed-positive-angular-load-corridor.md	dongxuelian2/strict-layer-proof-research	canonical	exact-duplicate	Exact byte duplicate of the canonical target; this source path is retained as provenance and no second canonical copy is created. Kind is a navigation label based on file type, path, and title; it does not upgrade evidence.
dongxuelian2/strict-layer-proof-research:archive-by-series/90-105/105_R23_exact_audit_output.txt	research/archive/strict-layer-proof-research/archive-by-series/90-105/105_R23_exact_audit_output.txt	dongxuelian2/strict-layer-proof-research	archived	source-only	Source-only bytes preserved once at the canonical target under the frozen archive boundary; original source path remains an alias. Kind is a navigation label based on file type, path, and title; it does not upgrade evidence.
dongxuelian2/strict-layer-proof-research:archive-by-series/90-105/105_R23_terminal.txt	research/archive/strict-layer-proof-research/archive-by-series/90-105/105_R23_terminal.txt	dongxuelian2/strict-layer-proof-research	archived	source-only	Source-only bytes preserved once at the canonical target under the frozen archive boundary; original source path remains an alias. Kind is a navigation label based on file type, path, and title; it does not upgrade evidence.
dongxuelian2/strict-layer-proof-research:archive-by-series/90-105/105_R24_Post_Support_Source_Carrier_Image.md	research/a1/moving-profile/records/post-support-source-carrier-image.md	dongxuelian2/strict-layer-proof-research	canonical	exact-duplicate	Exact byte duplicate of the canonical target; this source path is retained as provenance and no second canonical copy is created. Kind is a navigation label based on file type, path, and title; it does not upgrade evidence.
dongxuelian2/strict-layer-proof-research:archive-by-series/90-105/105_R24_Post_Support_Source_Carrier_Image_bundle.zip	research/archive/strict-layer-proof-research/archive-by-series/90-105/105_R24_Post_Support_Source_Carrier_Image_bundle.zip	dongxuelian2/strict-layer-proof-research	archived	source-only	Source-only bytes preserved once at the canonical target under the frozen archive boundary; original source path remains an alias. Kind is a navigation label based on file type, path, and title; it does not upgrade evidence.
dongxuelian2/strict-layer-proof-research:archive-by-series/90-105/105_R24_terminal.txt	research/archive/strict-layer-proof-research/archive-by-series/90-105/105_R24_terminal.txt	dongxuelian2/strict-layer-proof-research	archived	source-only	Source-only bytes preserved once at the canonical target under the frozen archive boundary; original source path remains an alias. Kind is a navigation label based on file type, path, and title; it does not upgrade evidence.
dongxuelian2/strict-layer-proof-research:archive-by-series/90-105/105_R25_Positive_Carrier_Excess_Divisor.md	research/a1/moving-profile/records/positive-carrier-excess-divisor.md	dongxuelian2/strict-layer-proof-research	canonical	exact-duplicate	Exact byte duplicate of the canonical target; this source path is retained as provenance and no second canonical copy is created. Kind is a navigation label based on file type, path, and title; it does not upgrade evidence.
dongxuelian2/strict-layer-proof-research:archive-by-series/90-105/105_R25_Positive_Carrier_Excess_Package.zip	research/archive/strict-layer-proof-research/archive-by-series/90-105/105_R25_Positive_Carrier_Excess_Package.zip	dongxuelian2/strict-layer-proof-research	archived	source-only	Source-only bytes preserved once at the canonical target under the frozen archive boundary; original source path remains an alias. Kind is a navigation label based on file type, path, and title; it does not upgrade evidence.
dongxuelian2/strict-layer-proof-research:archive-by-series/90-105/105_R25_terminal.txt	research/archive/strict-layer-proof-research/archive-by-series/90-105/105_R25_terminal.txt	dongxuelian2/strict-layer-proof-research	archived	source-only	Source-only bytes preserved once at the canonical target under the frozen archive boundary; original source path remains an alias. Kind is a navigation label based on file type, path, and title; it does not upgrade evidence.
dongxuelian2/strict-layer-proof-research:archive-by-series/90-105/105_R2_Artifacts.zip	research/archive/strict-layer-proof-research/archive-by-series/90-105/105_R2_Artifacts.zip	dongxuelian2/strict-layer-proof-research	archived	source-only	Source-only bytes preserved once at the canonical target under the frozen archive boundary; original source path remains an alias. Kind is a navigation label based on file type, path, and title; it does not upgrade evidence.
dongxuelian2/strict-layer-proof-research:archive-by-series/90-105/105_R2_KappaSrc_Schema.json	research/archive/strict-layer-proof-research/archive-by-series/90-105/105_R2_KappaSrc_Schema.json	dongxuelian2/strict-layer-proof-research	archived	source-only	Source-only bytes preserved once at the canonical target under the frozen archive boundary; original source path remains an alias. Kind is a navigation label based on file type, path, and title; it does not upgrade evidence.
dongxuelian2/strict-layer-proof-research:archive-by-series/90-105/105_R2_Source_Section_Internalization.md	research/a1/moving-profile/records/source-section-internalization.md	dongxuelian2/strict-layer-proof-research	canonical	exact-duplicate	Exact byte duplicate of the canonical target; this source path is retained as provenance and no second canonical copy is created. Kind is a navigation label based on file type, path, and title; it does not upgrade evidence.
dongxuelian2/strict-layer-proof-research:archive-by-series/90-105/105_R2_q1_transport_certificate.py	research/archive/strict-layer-proof-research/archive-by-series/90-105/105_R2_q1_transport_certificate.py	dongxuelian2/strict-layer-proof-research	archived	source-only	Source-only bytes preserved once at the canonical target under the frozen archive boundary; original source path remains an alias. Kind is a navigation label based on file type, path, and title; it does not upgrade evidence.
dongxuelian2/strict-layer-proof-research:archive-by-series/90-105/105_R2_q1_transport_certificate.txt	research/archive/strict-layer-proof-research/archive-by-series/90-105/105_R2_q1_transport_certificate.txt	dongxuelian2/strict-layer-proof-research	archived	source-only	Source-only bytes preserved once at the canonical target under the frozen archive boundary; original source path remains an alias. Kind is a navigation label based on file type, path, and title; it does not upgrade evidence.
dongxuelian2/strict-layer-proof-research:archive-by-series/90-105/105_R3_Initial_Form_Registry.json	research/archive/strict-layer-proof-research/archive-by-series/90-105/105_R3_Initial_Form_Registry.json	dongxuelian2/strict-layer-proof-research	archived	source-only	Source-only bytes preserved once at the canonical target under the frozen archive boundary; original source path remains an alias. Kind is a navigation label based on file type, path, and title; it does not upgrade evidence.
dongxuelian2/strict-layer-proof-research:archive-by-series/90-105/105_R3_S3_Counterfamily_Verification.log	research/archive/strict-layer-proof-research/archive-by-series/90-105/105_R3_S3_Counterfamily_Verification.log	dongxuelian2/strict-layer-proof-research	archived	source-only	Source-only bytes preserved once at the canonical target under the frozen archive boundary; original source path remains an alias. Kind is a navigation label based on file type, path, and title; it does not upgrade evidence.
dongxuelian2/strict-layer-proof-research:archive-by-series/90-105/105_R3_Source_Completed_Valuation_Atlas.md	research/a1/moving-profile/records/source-completed-valuation-atlas.md	dongxuelian2/strict-layer-proof-research	canonical	exact-duplicate	Exact byte duplicate of the canonical target; this source path is retained as provenance and no second canonical copy is created. Kind is a navigation label based on file type, path, and title; it does not upgrade evidence.
dongxuelian2/strict-layer-proof-research:archive-by-series/90-105/105_R3_Source_Completed_Valuation_Atlas_Artifacts.zip	research/archive/strict-layer-proof-research/archive-by-series/90-105/105_R3_Source_Completed_Valuation_Atlas_Artifacts.zip	dongxuelian2/strict-layer-proof-research	archived	source-only	Source-only bytes preserved once at the canonical target under the frozen archive boundary; original source path remains an alias. Kind is a navigation label based on file type, path, and title; it does not upgrade evidence.
dongxuelian2/strict-layer-proof-research:archive-by-series/90-105/105_R3_Valuation_Carriers.json	research/archive/strict-layer-proof-research/archive-by-series/90-105/105_R3_Valuation_Carriers.json	dongxuelian2/strict-layer-proof-research	archived	source-only	Source-only bytes preserved once at the canonical target under the frozen archive boundary; original source path remains an alias. Kind is a navigation label based on file type, path, and title; it does not upgrade evidence.
dongxuelian2/strict-layer-proof-research:archive-by-series/90-105/105_R4_Elimination_Registry.json	research/archive/strict-layer-proof-research/archive-by-series/90-105/105_R4_Elimination_Registry.json	dongxuelian2/strict-layer-proof-research	archived	source-only	Source-only bytes preserved once at the canonical target under the frozen archive boundary; original source path remains an alias. Kind is a navigation label based on file type, path, and title; it does not upgrade evidence.
dongxuelian2/strict-layer-proof-research:archive-by-series/90-105/105_R4_MANIFEST.json	research/archive/strict-layer-proof-research/archive-by-series/90-105/105_R4_MANIFEST.json	dongxuelian2/strict-layer-proof-research	archived	source-only	Source-only bytes preserved once at the canonical target under the frozen archive boundary; original source path remains an alias. Kind is a navigation label based on file type, path, and title; it does not upgrade evidence.
dongxuelian2/strict-layer-proof-research:archive-by-series/90-105/105_R4_Source_Completed_Fixed_Incidence_Extraction.md	research/a1/moving-profile/records/source-completed-fixed-incidence-extraction.md	dongxuelian2/strict-layer-proof-research	canonical	exact-duplicate	Exact byte duplicate of the canonical target; this source path is retained as provenance and no second canonical copy is created. Kind is a navigation label based on file type, path, and title; it does not upgrade evidence.
dongxuelian2/strict-layer-proof-research:archive-by-series/90-105/105_R4_package.zip	research/archive/strict-layer-proof-research/archive-by-series/90-105/105_R4_package.zip	dongxuelian2/strict-layer-proof-research	archived	source-only	Source-only bytes preserved once at the canonical target under the frozen archive boundary; original source path remains an alias. Kind is a navigation label based on file type, path, and title; it does not upgrade evidence.
dongxuelian2/strict-layer-proof-research:archive-by-series/90-105/105_R5C_Moving_Base_Full_Source_Decision.md	research/a1/moving-profile/records/moving-base-full-source-decision.md	dongxuelian2/strict-layer-proof-research	canonical	exact-duplicate	Exact byte duplicate of the canonical target; this source path is retained as provenance and no second canonical copy is created. Kind is a navigation label based on file type, path, and title; it does not upgrade evidence.
dongxuelian2/strict-layer-proof-research:archive-by-series/90-105/105_R5C_artifacts.zip	research/archive/strict-layer-proof-research/archive-by-series/90-105/105_R5C_artifacts.zip	dongxuelian2/strict-layer-proof-research	archived	source-only	Source-only bytes preserved once at the canonical target under the frozen archive boundary; original source path remains an alias. Kind is a navigation label based on file type, path, and title; it does not upgrade evidence.
dongxuelian2/strict-layer-proof-research:archive-by-series/90-105/105_R5_Outer_Depth_Source_Selector_Fixedness.md	research/a1/moving-profile/records/outer-depth-source-selector-fixedness.md	dongxuelian2/strict-layer-proof-research	canonical	exact-duplicate	Exact byte duplicate of the canonical target; this source path is retained as provenance and no second canonical copy is created. Kind is a navigation label based on file type, path, and title; it does not upgrade evidence.
dongxuelian2/strict-layer-proof-research:archive-by-series/90-105/105_R6_General_Moving_Profile_Sphere_Master_Lift.md	research/a1/moving-profile/records/general-moving-profile-sphere-master-lift.md	dongxuelian2/strict-layer-proof-research	canonical	exact-duplicate	Exact byte duplicate of the canonical target; this source path is retained as provenance and no second canonical copy is created. Kind is a navigation label based on file type, path, and title; it does not upgrade evidence.
dongxuelian2/strict-layer-proof-research:archive-by-series/90-105/105_R6_SHA256.txt	research/archive/strict-layer-proof-research/archive-by-series/90-105/105_R6_SHA256.txt	dongxuelian2/strict-layer-proof-research	archived	source-only	Source-only bytes preserved once at the canonical target under the frozen archive boundary; original source path remains an alias. Kind is a navigation label based on file type, path, and title; it does not upgrade evidence.
dongxuelian2/strict-layer-proof-research:archive-by-series/90-105/105_R6_Square_Locus.json	research/archive/strict-layer-proof-research/archive-by-series/90-105/105_R6_Square_Locus.json	dongxuelian2/strict-layer-proof-research	archived	source-only	Source-only bytes preserved once at the canonical target under the frozen archive boundary; original source path remains an alias. Kind is a navigation label based on file type, path, and title; it does not upgrade evidence.
dongxuelian2/strict-layer-proof-research:archive-by-series/90-105/105_R6_scripts.zip	research/archive/strict-layer-proof-research/archive-by-series/90-105/105_R6_scripts.zip	dongxuelian2/strict-layer-proof-research	archived	source-only	Source-only bytes preserved once at the canonical target under the frozen archive boundary; original source path remains an alias. Kind is a navigation label based on file type, path, and title; it does not upgrade evidence.
dongxuelian2/strict-layer-proof-research:archive-by-series/90-105/105_R7B_Oriented_Root_Divisibility.md	research/a1/moving-profile/records/oriented-root-divisibility.md	dongxuelian2/strict-layer-proof-research	canonical	exact-duplicate	Exact byte duplicate of the canonical target; this source path is retained as provenance and no second canonical copy is created. Kind is a navigation label based on file type, path, and title; it does not upgrade evidence.
dongxuelian2/strict-layer-proof-research:archive-by-series/90-105/105_R7B_Verification.log	research/archive/strict-layer-proof-research/archive-by-series/90-105/105_R7B_Verification.log	dongxuelian2/strict-layer-proof-research	archived	source-only	Source-only bytes preserved once at the canonical target under the frozen archive boundary; original source path remains an alias. Kind is a navigation label based on file type, path, and title; it does not upgrade evidence.
dongxuelian2/strict-layer-proof-research:archive-by-series/90-105/105_R7B_package.zip	research/archive/strict-layer-proof-research/archive-by-series/90-105/105_R7B_package.zip	dongxuelian2/strict-layer-proof-research	archived	source-only	Source-only bytes preserved once at the canonical target under the frozen archive boundary; original source path remains an alias. Kind is a navigation label based on file type, path, and title; it does not upgrade evidence.
dongxuelian2/strict-layer-proof-research:archive-by-series/90-105/105_R7C_Prescribed_Source_Divisor_Gate.md	research/a1/moving-profile/records/prescribed-source-divisor-gate.md	dongxuelian2/strict-layer-proof-research	canonical	exact-duplicate	Exact byte duplicate of the canonical target; this source path is retained as provenance and no second canonical copy is created. Kind is a navigation label based on file type, path, and title; it does not upgrade evidence.
dongxuelian2/strict-layer-proof-research:archive-by-series/90-105/105_R7C_companion_artifacts.zip	research/archive/strict-layer-proof-research/archive-by-series/90-105/105_R7C_companion_artifacts.zip	dongxuelian2/strict-layer-proof-research	archived	source-only	Source-only bytes preserved once at the canonical target under the frozen archive boundary; original source path remains an alias. Kind is a navigation label based on file type, path, and title; it does not upgrade evidence.
dongxuelian2/strict-layer-proof-research:archive-by-series/90-105/105_R7D_Archive_Bundle.zip	research/archive/strict-layer-proof-research/archive-by-series/90-105/105_R7D_Archive_Bundle.zip	dongxuelian2/strict-layer-proof-research	archived	source-only	Source-only bytes preserved once at the canonical target under the frozen archive boundary; original source path remains an alias. Kind is a navigation label based on file type, path, and title; it does not upgrade evidence.
dongxuelian2/strict-layer-proof-research:archive-by-series/90-105/105_R7D_Determinant_Packet_Source_GCD_Firewall.md	research/a1/moving-profile/records/determinant-packet-source-gcd-firewall.md	dongxuelian2/strict-layer-proof-research	canonical	exact-duplicate	Exact byte duplicate of the canonical target; this source path is retained as provenance and no second canonical copy is created. Kind is a navigation label based on file type, path, and title; it does not upgrade evidence.
dongxuelian2/strict-layer-proof-research:archive-by-series/90-105/105_R7_Exceptional_Square_Locus_Source_Intersection.md	research/a1/moving-profile/records/exceptional-square-locus-source-intersection.md	dongxuelian2/strict-layer-proof-research	canonical	exact-duplicate	Exact byte duplicate of the canonical target; this source path is retained as provenance and no second canonical copy is created. Kind is a navigation label based on file type, path, and title; it does not upgrade evidence.
dongxuelian2/strict-layer-proof-research:archive-by-series/90-105/105_R7_artifacts.zip	research/archive/strict-layer-proof-research/archive-by-series/90-105/105_R7_artifacts.zip	dongxuelian2/strict-layer-proof-research	archived	source-only	Source-only bytes preserved once at the canonical target under the frozen archive boundary; original source path remains an alias. Kind is a navigation label based on file type, path, and title; it does not upgrade evidence.
dongxuelian2/strict-layer-proof-research:archive-by-series/90-105/105_R8_Common_U_Integer_Source_Fibre.md	research/a1/moving-profile/records/common-u-integer-source-fibre.md	dongxuelian2/strict-layer-proof-research	canonical	exact-duplicate	Exact byte duplicate of the canonical target; this source path is retained as provenance and no second canonical copy is created. Kind is a navigation label based on file type, path, and title; it does not upgrade evidence.
dongxuelian2/strict-layer-proof-research:archive-by-series/90-105/105_R8_Common_U_Integer_Source_Fibre_bundle.zip	research/archive/strict-layer-proof-research/archive-by-series/90-105/105_R8_Common_U_Integer_Source_Fibre_bundle.zip	dongxuelian2/strict-layer-proof-research	archived	source-only	Source-only bytes preserved once at the canonical target under the frozen archive boundary; original source path remains an alias. Kind is a navigation label based on file type, path, and title; it does not upgrade evidence.
dongxuelian2/strict-layer-proof-research:archive-by-series/90-105/105_R9_Endpoint_Quotient_Source_Successor.md	research/a1/moving-profile/records/endpoint-quotient-source-successor.md	dongxuelian2/strict-layer-proof-research	canonical	exact-duplicate	Exact byte duplicate of the canonical target; this source path is retained as provenance and no second canonical copy is created. Kind is a navigation label based on file type, path, and title; it does not upgrade evidence.
dongxuelian2/strict-layer-proof-research:archive-by-series/90-105/105_R9_artifacts.zip	research/archive/strict-layer-proof-research/archive-by-series/90-105/105_R9_artifacts.zip	dongxuelian2/strict-layer-proof-research	archived	source-only	Source-only bytes preserved once at the canonical target under the frozen archive boundary; original source path remains an alias. Kind is a navigation label based on file type, path, and title; it does not upgrade evidence.
dongxuelian2/strict-layer-proof-research:archive-by-series/90-105/r27_recon.py	research/archive/strict-layer-proof-research/archive-by-series/90-105/r27_recon.py	dongxuelian2/strict-layer-proof-research	archived	source-only	Source-only bytes preserved once at the canonical target under the frozen archive boundary; original source path remains an alias. Kind is a navigation label based on file type, path, and title; it does not upgrade evidence.
dongxuelian2/strict-layer-proof-research:archive-by-series/90-105/r29_support_core.py	research/archive/strict-layer-proof-research/archive-by-series/90-105/r29_support_core.py	dongxuelian2/strict-layer-proof-research	archived	source-only	Source-only bytes preserved once at the canonical target under the frozen archive boundary; original source path remains an alias. Kind is a navigation label based on file type, path, and title; it does not upgrade evidence.
dongxuelian2/strict-layer-proof-research:archive-by-series/90-105/r32_unit_digit.py	research/archive/strict-layer-proof-research/archive-by-series/90-105/r32_unit_digit.py	dongxuelian2/strict-layer-proof-research	archived	source-only	Source-only bytes preserved once at the canonical target under the frozen archive boundary; original source path remains an alias. Kind is a navigation label based on file type, path, and title; it does not upgrade evidence.
dongxuelian2/strict-layer-proof-research:archive-by-series/90-105/r36_sourcefirst_unit_shell.py	research/archive/strict-layer-proof-research/archive-by-series/90-105/r36_sourcefirst_unit_shell.py	dongxuelian2/strict-layer-proof-research	archived	source-only	Source-only bytes preserved once at the canonical target under the frozen archive boundary; original source path remains an alias. Kind is a navigation label based on file type, path, and title; it does not upgrade evidence.
dongxuelian2/strict-layer-proof-research:archive-by-series/90-105/r39_verify.py	research/archive/strict-layer-proof-research/archive-by-series/90-105/r39_verify.py	dongxuelian2/strict-layer-proof-research	archived	source-only	Source-only bytes preserved once at the canonical target under the frozen archive boundary; original source path remains an alias. Kind is a navigation label based on file type, path, and title; it does not upgrade evidence.
dongxuelian2/strict-layer-proof-research:archive-by-series/90-105/verification_output.txt	research/archive/strict-layer-proof-research/archive-by-series/90-105/verification_output.txt	dongxuelian2/strict-layer-proof-research	archived	source-only	Source-only bytes preserved once at the canonical target under the frozen archive boundary; original source path remains an alias. Kind is a navigation label based on file type, path, and title; it does not upgrade evidence.
dongxuelian2/strict-layer-proof-research:archive-by-series/90-105/verify_r11_quotient.py	research/archive/strict-layer-proof-research/archive-by-series/90-105/verify_r11_quotient.py	dongxuelian2/strict-layer-proof-research	archived	source-only	Source-only bytes preserved once at the canonical target under the frozen archive boundary; original source path remains an alias. Kind is a navigation label based on file type, path, and title; it does not upgrade evidence.
dongxuelian2/strict-layer-proof-research:archive-by-series/90-105/verify_r13_carrier_image.py	research/archive/strict-layer-proof-research/archive-by-series/90-105/verify_r13_carrier_image.py	dongxuelian2/strict-layer-proof-research	archived	source-only	Source-only bytes preserved once at the canonical target under the frozen archive boundary; original source path remains an alias. Kind is a navigation label based on file type, path, and title; it does not upgrade evidence.
dongxuelian2/strict-layer-proof-research:archive-by-series/90-105/verify_transfer_first_failure.py	research/archive/strict-layer-proof-research/archive-by-series/90-105/verify_transfer_first_failure.py	dongxuelian2/strict-layer-proof-research	archived	source-only	Source-only bytes preserved once at the canonical target under the frozen archive boundary; original source path remains an alias. Kind is a navigation label based on file type, path, and title; it does not upgrade evidence.
