source_repository	source_repository_url	source_branch	source_head	source_path	source_commit	source_blob_oid	source_hash	normalized_source_hash	destination_existing_path	destination_hash	canonical_path	canonical_hash	normalized_canonical_hash	disposition	aliases	relationship	artifact_kind	notes
dongxuelian2/strict-layer-proof-research	https://github.com/dongxuelian2/strict-layer-proof-research	main	912fb4b67419d69c8c7d805b7fd2fcadd26e9a7a	.github/workflows/import-strict-layer.yml	54aba05	f5faa40da1ae9807774589eec6ef93bec9560df4	700b12d2eeaf3140a9c34bbbb84fb7aa372f758b89d2fac8be1fd8e425cc306b	700b12d2eeaf3140a9c34bbbb84fb7aa372f758b89d2fac8be1fd8e425cc306b			research/archive/strict-layer-proof-research/history-only/.github/workflows/import-strict-layer.yml	700b12d2eeaf3140a9c34bbbb84fb7aa372f758b89d2fac8be1fd8e425cc306b	700b12d2eeaf3140a9c34bbbb84fb7aa372f758b89d2fac8be1fd8e425cc306b	generated-obsolete	.github/workflows/import-strict-layer.yml	history-only	overview	Deleted from source main before migration; byte-preserved under history-only archive and reachable from the imported source commit graph. Kind is a navigation label based on file type, path, and title; it does not upgrade evidence.
dongxuelian2/strict-layer-proof-research	https://github.com/dongxuelian2/strict-layer-proof-research	main	912fb4b67419d69c8c7d805b7fd2fcadd26e9a7a	00-foundation/archive/strict_layer_unified_exact_lift_campaign_initial.md	912fb4b67419d69c8c7d805b7fd2fcadd26e9a7a	0d15898e983cb405354e5d11b4e23ae7c5b33e0a	7c2441534e71d72e010631bd6053f42bd34d3b0d21d3ee1ec4c8e1f33747697e	f7924acf9aa0bef97026deb55708ccc7c08ca36f0e54d056f8469869a7873dd0	research/strict/foundation/archive/strict_layer_unified_exact_lift_campaign_initial.md	f7924acf9aa0bef97026deb55708ccc7c08ca36f0e54d056f8469869a7873dd0	research/foundations/archive/unified-exact-lift-initial.md	7c2441534e71d72e010631bd6053f42bd34d3b0d21d3ee1ec4c8e1f33747697e	f7924acf9aa0bef97026deb55708ccc7c08ca36f0e54d056f8469869a7873dd0	canonical	00-foundation/archive/strict_layer_unified_exact_lift_campaign_initial.md;archive-by-series/10-strict-layer-core/strict_layer_unified_exact_lift_campaign.md	exact-duplicate	attempt	Exact byte duplicate of the canonical target; this source path is retained as provenance and no second canonical copy is created. Kind is a navigation label based on file type, path, and title; it does not upgrade evidence.
dongxuelian2/strict-layer-proof-research	https://github.com/dongxuelian2/strict-layer-proof-research	main	912fb4b67419d69c8c7d805b7fd2fcadd26e9a7a	00-foundation/audit_response.md	912fb4b67419d69c8c7d805b7fd2fcadd26e9a7a	4ad31a766689457fd487ea0eed2c3efd24410e7e	4b58320d5a0adcdb4e78f8c6b19e7dc18e25198a9b7d2357cbbb1786f5da783d	e518ae81d04751dddcc14af232a1ce9f88af4e2dd04947f832b4f6667e7e35f5	research/strict/foundation/audit_response.md	e518ae81d04751dddcc14af232a1ce9f88af4e2dd04947f832b4f6667e7e35f5	research/exact-lift/audit-response.md	4b58320d5a0adcdb4e78f8c6b19e7dc18e25198a9b7d2357cbbb1786f5da783d	e518ae81d04751dddcc14af232a1ce9f88af4e2dd04947f832b4f6667e7e35f5	canonical	00-foundation/audit_response.md	exact-duplicate	attempt	Exact byte duplicate of the canonical target; this source path is retained as provenance and no second canonical copy is created. Kind is a navigation label based on file type, path, and title; it does not upgrade evidence.
dongxuelian2/strict-layer-proof-research	https://github.com/dongxuelian2/strict-layer-proof-research	main	912fb4b67419d69c8c7d805b7fd2fcadd26e9a7a	00-foundation/current_research_status_v3.md	912fb4b67419d69c8c7d805b7fd2fcadd26e9a7a	8471bbecef38f281daf7a30773f069e8c7730d76	c043eb4fd099bd51706c1846d5b51d2187e0dcc0577bef645e7755590186dfd0	20099705089442b7cee87e2340ed23fe86d0046f7cca1b53aa94b57fb8e41528	reports/strict/current_research_status_v3.md	20099705089442b7cee87e2340ed23fe86d0046f7cca1b53aa94b57fb8e41528	research/exact-lift/status.md	c043eb4fd099bd51706c1846d5b51d2187e0dcc0577bef645e7755590186dfd0	20099705089442b7cee87e2340ed23fe86d0046f7cca1b53aa94b57fb8e41528	canonical	00-foundation/current_research_status_v3.md	exact-duplicate	attempt	Exact byte duplicate of the canonical target; this source path is retained as provenance and no second canonical copy is created. Kind is a navigation label based on file type, path, and title; it does not upgrade evidence.
dongxuelian2/strict-layer-proof-research	https://github.com/dongxuelian2/strict-layer-proof-research	main	912fb4b67419d69c8c7d805b7fd2fcadd26e9a7a	00-foundation/exact_lift_research_synthesis_2026-08-10.md	912fb4b67419d69c8c7d805b7fd2fcadd26e9a7a	f62ad919fe8672bb4fc7559ab02e33276ba3c952	9191730368c30e62f8d2afba0e727e9266d6aed2f84fd83d917ccadffb98e608	165bf9db32d39cf3841de3fec1c0413cd8097701a520cd7fc7b4098ad50748a1	research/strict/foundation/exact_lift_research_synthesis_2026-08-10.md	165bf9db32d39cf3841de3fec1c0413cd8097701a520cd7fc7b4098ad50748a1	research/exact-lift/exact-lift-research-synthesis-2026-08-10.md	9191730368c30e62f8d2afba0e727e9266d6aed2f84fd83d917ccadffb98e608	165bf9db32d39cf3841de3fec1c0413cd8097701a520cd7fc7b4098ad50748a1	canonical	00-foundation/exact_lift_research_synthesis_2026-08-10.md	exact-duplicate	attempt	Exact byte duplicate of the canonical target; this source path is retained as provenance and no second canonical copy is created. Kind is a navigation label based on file type, path, and title; it does not upgrade evidence.
dongxuelian2/strict-layer-proof-research	https://github.com/dongxuelian2/strict-layer-proof-research	main	912fb4b67419d69c8c7d805b7fd2fcadd26e9a7a	00-foundation/proved_results_index_v2.md	912fb4b67419d69c8c7d805b7fd2fcadd26e9a7a	168193b100ae8d4e0b14b96dd6c507b362685163	fff157e9a04c8bd0a5e7b062e3e1fae659e56c84b3a69a28ed4fd7891487dc98	a103aa10d65ce6ef326f770f477a59317a7f772f9fc4752c795dea0dd1c66f4f	reports/strict/proved_results_index_v2.md	a103aa10d65ce6ef326f770f477a59317a7f772f9fc4752c795dea0dd1c66f4f	research/foundations/archive/theorem-index-legacy.md	fff157e9a04c8bd0a5e7b062e3e1fae659e56c84b3a69a28ed4fd7891487dc98	a103aa10d65ce6ef326f770f477a59317a7f772f9fc4752c795dea0dd1c66f4f	canonical	00-foundation/proved_results_index_v2.md	exact-duplicate	attempt	Exact byte duplicate of the canonical target; this source path is retained as provenance and no second canonical copy is created. Kind is a navigation label based on file type, path, and title; it does not upgrade evidence.
dongxuelian2/strict-layer-proof-research	https://github.com/dongxuelian2/strict-layer-proof-research	main	912fb4b67419d69c8c7d805b7fd2fcadd26e9a7a	00-foundation/proved_results_index_v3.md	912fb4b67419d69c8c7d805b7fd2fcadd26e9a7a	3926e08fa0e21306a596e4c1909964a9442e34da	c1eb0aa2fb8fe3db25ac3ffa4a589793ecb13d89f44031793261e63873c8f9ec	e2fa484d558e61808118475b6d2572369f066aa96f75c2983df3144c0251161e	reports/global/proved_results_index_v3.md	e2fa484d558e61808118475b6d2572369f066aa96f75c2983df3144c0251161e	research/foundations/results/theorem-index.md	c1eb0aa2fb8fe3db25ac3ffa4a589793ecb13d89f44031793261e63873c8f9ec	e2fa484d558e61808118475b6d2572369f066aa96f75c2983df3144c0251161e	canonical	00-foundation/proved_results_index_v3.md	exact-duplicate	attempt	Exact byte duplicate of the canonical target; this source path is retained as provenance and no second canonical copy is created. Kind is a navigation label based on file type, path, and title; it does not upgrade evidence.
dongxuelian2/strict-layer-proof-research	https://github.com/dongxuelian2/strict-layer-proof-research	main	912fb4b67419d69c8c7d805b7fd2fcadd26e9a7a	00-foundation/proved_results_report_v2.md	912fb4b67419d69c8c7d805b7fd2fcadd26e9a7a	7fdee0b7733ea545c8c1c35d761fb6a9058f4f2f	8c7e9b4b6c458ba4379999c9b729eb4cbdd6afe620c3ec1299130d4b11b05c39	68dbd892a59f28c7a86d2d561f3595f8d52d14672ce20359095a9b7689c16929	reports/strict/proved_results_report_v2.md	68dbd892a59f28c7a86d2d561f3595f8d52d14672ce20359095a9b7689c16929	research/foundations/archive/proved-results-legacy.md	8c7e9b4b6c458ba4379999c9b729eb4cbdd6afe620c3ec1299130d4b11b05c39	68dbd892a59f28c7a86d2d561f3595f8d52d14672ce20359095a9b7689c16929	canonical	00-foundation/proved_results_report_v2.md	exact-duplicate	attempt	Exact byte duplicate of the canonical target; this source path is retained as provenance and no second canonical copy is created. Kind is a navigation label based on file type, path, and title; it does not upgrade evidence.
dongxuelian2/strict-layer-proof-research	https://github.com/dongxuelian2/strict-layer-proof-research	main	912fb4b67419d69c8c7d805b7fd2fcadd26e9a7a	00-foundation/proved_results_report_v3.md	912fb4b67419d69c8c7d805b7fd2fcadd26e9a7a	408ee052831fdf81ce8aa028d8229a819c6e64d7	d3dc278b86488a3dfd70c3756e60ef4cde3c3e052622f149843a0fc0be4f5fb8	d37c0d1cc0bff23d43ee5301a04046745ce5e0ee2fb671791868ddcdee5388a6	reports/global/proved_results_report_v3.md	d37c0d1cc0bff23d43ee5301a04046745ce5e0ee2fb671791868ddcdee5388a6	research/foundations/results/proved-results.md	d3dc278b86488a3dfd70c3756e60ef4cde3c3e052622f149843a0fc0be4f5fb8	d37c0d1cc0bff23d43ee5301a04046745ce5e0ee2fb671791868ddcdee5388a6	canonical	00-foundation/proved_results_report_v3.md	exact-duplicate	attempt	Exact byte duplicate of the canonical target; this source path is retained as provenance and no second canonical copy is created. Kind is a navigation label based on file type, path, and title; it does not upgrade evidence.
dongxuelian2/strict-layer-proof-research	https://github.com/dongxuelian2/strict-layer-proof-research	main	912fb4b67419d69c8c7d805b7fd2fcadd26e9a7a	00-foundation/provenance/MISSING_ARTIFACTS_2026-08-16.md	912fb4b67419d69c8c7d805b7fd2fcadd26e9a7a	31deb1800bf3833bb5e50f8d99fa68a6657e9466	1f6cad1181c6881450f0652bb28500e2688c2fd70693af47b63b01ec71afd58d	561757e837b359b8ab81f190bfcf2b903edd6366ce885026b07c05fe172e6ac4			research/archive/strict-layer-proof-research/00-foundation/provenance/MISSING_ARTIFACTS_2026-08-16.md	1f6cad1181c6881450f0652bb28500e2688c2fd70693af47b63b01ec71afd58d	561757e837b359b8ab81f190bfcf2b903edd6366ce885026b07c05fe172e6ac4	archived	00-foundation/provenance/MISSING_ARTIFACTS_2026-08-16.md;MISSING_ARTIFACTS.md	source-only	overview	Source-only bytes preserved once at the canonical target under the frozen archive boundary; original source path remains an alias. Kind is a navigation label based on file type, path, and title; it does not upgrade evidence.
dongxuelian2/strict-layer-proof-research	https://github.com/dongxuelian2/strict-layer-proof-research	main	912fb4b67419d69c8c7d805b7fd2fcadd26e9a7a	00-foundation/strict_layer_final_campaign.md	912fb4b67419d69c8c7d805b7fd2fcadd26e9a7a	5b31d3c31c5ad8c70d64372e65942c4dc00d2301	ab6dcbb7e9563535480efcb7684efd6f45ebb4c911b9d39f858d0e7b0295829b	cd717933898505fdeecc7cd664cb357d63b2cd0eb3db15498831cf50af31d834	research/strict/foundation/strict_layer_final_campaign.md	cd717933898505fdeecc7cd664cb357d63b2cd0eb3db15498831cf50af31d834	research/exact-lift/final-state.md	ab6dcbb7e9563535480efcb7684efd6f45ebb4c911b9d39f858d0e7b0295829b	cd717933898505fdeecc7cd664cb357d63b2cd0eb3db15498831cf50af31d834	canonical	00-foundation/strict_layer_final_campaign.md	exact-duplicate	attempt	Exact byte duplicate of the canonical target; this source path is retained as provenance and no second canonical copy is created. Kind is a navigation label based on file type, path, and title; it does not upgrade evidence.
dongxuelian2/strict-layer-proof-research	https://github.com/dongxuelian2/strict-layer-proof-research	main	912fb4b67419d69c8c7d805b7fd2fcadd26e9a7a	00-foundation/strict_layer_round1.md	912fb4b67419d69c8c7d805b7fd2fcadd26e9a7a	307960b750128eb638dcbd2786502896bfddff64	331aaf0a95c1ef31774f246089f03755e8e7d94b3460e9ab104fe657ec01f721	83a05718618e224c951c3c16493bb5a1ad7f3d6dce2c7a47e30b4c4501e21f17	research/strict/foundation/strict_layer_round1.md	83a05718618e224c951c3c16493bb5a1ad7f3d6dce2c7a47e30b4c4501e21f17	research/exact-lift/initial-route.md	331aaf0a95c1ef31774f246089f03755e8e7d94b3460e9ab104fe657ec01f721	83a05718618e224c951c3c16493bb5a1ad7f3d6dce2c7a47e30b4c4501e21f17	canonical	00-foundation/strict_layer_round1.md	exact-duplicate	attempt	Exact byte duplicate of the canonical target; this source path is retained as provenance and no second canonical copy is created. Kind is a navigation label based on file type, path, and title; it does not upgrade evidence.
dongxuelian2/strict-layer-proof-research	https://github.com/dongxuelian2/strict-layer-proof-research	main	912fb4b67419d69c8c7d805b7fd2fcadd26e9a7a	00-foundation/strict_layer_unified_exact_lift_campaign.md	912fb4b67419d69c8c7d805b7fd2fcadd26e9a7a	4df55726dbc34413547df4373c70f5ff2336feaa	0e0fdbf8848c3674410c195139e563633727d43d5e9b4a65e08c99036c34a41b	f0d26023631a72116037e9d12ccd6568a58a831a5672e6329d3128793225594e	research/strict/foundation/strict_layer_unified_exact_lift_campaign.md	f0d26023631a72116037e9d12ccd6568a58a831a5672e6329d3128793225594e	research/exact-lift/unified-exact-lift.md	0e0fdbf8848c3674410c195139e563633727d43d5e9b4a65e08c99036c34a41b	f0d26023631a72116037e9d12ccd6568a58a831a5672e6329d3128793225594e	canonical	00-foundation/strict_layer_unified_exact_lift_campaign.md;archive-by-series/10-strict-layer-core/strict_layer_unified_exact_lift_campaign(1).md	exact-duplicate	attempt	Exact byte duplicate of the canonical target; this source path is retained as provenance and no second canonical copy is created. Kind is a navigation label based on file type, path, and title; it does not upgrade evidence.
dongxuelian2/strict-layer-proof-research	https://github.com/dongxuelian2/strict-layer-proof-research	main	912fb4b67419d69c8c7d805b7fd2fcadd26e9a7a	10-backward-global/strict_layer_backward_algebraic_denominator_interface.md	912fb4b67419d69c8c7d805b7fd2fcadd26e9a7a	d27f01175cb6d2433f08881ed04aee5bce0a09d4	f76a3d8ff8115c30546b78b05f123060ef9bcf89be0540f078f635cfdee6d1fd	c913dc1dbf8dae32c17b2a176a76f9dca1869bd41bd6cba9c60917cd5322650b	research/strict/backward-global/strict_layer_backward_algebraic_denominator_interface.md	c913dc1dbf8dae32c17b2a176a76f9dca1869bd41bd6cba9c60917cd5322650b	research/exact-lift/backward/backward-algebraic-denominator-interface.md	f76a3d8ff8115c30546b78b05f123060ef9bcf89be0540f078f635cfdee6d1fd	c913dc1dbf8dae32c17b2a176a76f9dca1869bd41bd6cba9c60917cd5322650b	canonical	10-backward-global/strict_layer_backward_algebraic_denominator_interface.md;archive-by-series/10-strict-layer-core/strict_layer_backward_algebraic_denominator_interface.md	exact-duplicate	attempt	Exact byte duplicate of the canonical target; this source path is retained as provenance and no second canonical copy is created. Kind is a navigation label based on file type, path, and title; it does not upgrade evidence.
dongxuelian2/strict-layer-proof-research	https://github.com/dongxuelian2/strict-layer-proof-research	main	912fb4b67419d69c8c7d805b7fd2fcadd26e9a7a	10-backward-global/strict_layer_backward_canonical_dependency_skeleton.md	912fb4b67419d69c8c7d805b7fd2fcadd26e9a7a	a1c28cc32b6ba09cb69b6248b40f67c11b53592a	112f625fc895b57b7a0d8bc04125feee78f9c341d7ad5acffe36f596bd8a6413	db57e6f9aafefcca8ae3ca9c7cb43517cc601e5d23a4648edf4d8bf7f2345769	research/strict/backward-global/strict_layer_backward_canonical_dependency_skeleton.md	db57e6f9aafefcca8ae3ca9c7cb43517cc601e5d23a4648edf4d8bf7f2345769	research/exact-lift/backward/backward-canonical-dependency-skeleton.md	112f625fc895b57b7a0d8bc04125feee78f9c341d7ad5acffe36f596bd8a6413	db57e6f9aafefcca8ae3ca9c7cb43517cc601e5d23a4648edf4d8bf7f2345769	canonical	10-backward-global/strict_layer_backward_canonical_dependency_skeleton.md;archive-by-series/10-strict-layer-core/strict_layer_backward_canonical_dependency_skeleton.md	exact-duplicate	attempt	Exact byte duplicate of the canonical target; this source path is retained as provenance and no second canonical copy is created. Kind is a navigation label based on file type, path, and title; it does not upgrade evidence.
dongxuelian2/strict-layer-proof-research	https://github.com/dongxuelian2/strict-layer-proof-research	main	912fb4b67419d69c8c7d805b7fd2fcadd26e9a7a	10-backward-global/strict_layer_backward_canonical_synchronization_quotient.md	912fb4b67419d69c8c7d805b7fd2fcadd26e9a7a	242d688909107b54cecd4e773d88a0a52cb8c776	6ea8621a9413311f4d4b00beb945519120271a202d8b33a9c903dd7560f17727	69f5c887331636d0883f1e5b33e4e9082521089c9fd5711a045f5d745f3396ed	research/strict/backward-global/strict_layer_backward_canonical_synchronization_quotient.md	69f5c887331636d0883f1e5b33e4e9082521089c9fd5711a045f5d745f3396ed	research/exact-lift/backward/backward-canonical-synchronization-quotient.md	6ea8621a9413311f4d4b00beb945519120271a202d8b33a9c903dd7560f17727	69f5c887331636d0883f1e5b33e4e9082521089c9fd5711a045f5d745f3396ed	canonical	10-backward-global/strict_layer_backward_canonical_synchronization_quotient.md;archive-by-series/10-strict-layer-core/strict_layer_backward_canonical_synchronization_quotient.md	exact-duplicate	attempt	Exact byte duplicate of the canonical target; this source path is retained as provenance and no second canonical copy is created. Kind is a navigation label based on file type, path, and title; it does not upgrade evidence.
dongxuelian2/strict-layer-proof-research	https://github.com/dongxuelian2/strict-layer-proof-research	main	912fb4b67419d69c8c7d805b7fd2fcadd26e9a7a	10-backward-global/strict_layer_backward_denominator_decimal_interface.md	912fb4b67419d69c8c7d805b7fd2fcadd26e9a7a	eadc14058586c28968d1e128c7fb1d5cf40b25e4	fa37a278e33f285aa740db5c089fd211312df6fcca40baf74be0464280cded22	0158316ac9dde17937aa475b7a6eab28e931eb3d6ac3008238b59f1d2ffae199	research/strict/backward-global/strict_layer_backward_denominator_decimal_interface.md	0158316ac9dde17937aa475b7a6eab28e931eb3d6ac3008238b59f1d2ffae199	research/exact-lift/backward/backward-denominator-decimal-interface.md	fa37a278e33f285aa740db5c089fd211312df6fcca40baf74be0464280cded22	0158316ac9dde17937aa475b7a6eab28e931eb3d6ac3008238b59f1d2ffae199	canonical	10-backward-global/strict_layer_backward_denominator_decimal_interface.md	exact-duplicate	attempt	Exact byte duplicate of the canonical target; this source path is retained as provenance and no second canonical copy is created. Kind is a navigation label based on file type, path, and title; it does not upgrade evidence.
dongxuelian2/strict-layer-proof-research	https://github.com/dongxuelian2/strict-layer-proof-research	main	912fb4b67419d69c8c7d805b7fd2fcadd26e9a7a	10-backward-global/strict_layer_backward_global_obstruction_campaign.md	912fb4b67419d69c8c7d805b7fd2fcadd26e9a7a	2aee3046ee9dc1e9ee4ec96eee76b26507668b84	7ddd6c94eadd3cd0631af21886fe82e59d311a5d7b4f9ce361a717115a38fc8d	004ee89165d035d8c7ecbb0207224dca3fa7e6b32471e6dc0399007fe94590ee	research/strict/backward-global/strict_layer_backward_global_obstruction_campaign.md	004ee89165d035d8c7ecbb0207224dca3fa7e6b32471e6dc0399007fe94590ee	research/exact-lift/backward/backward-global-obstruction.md	7ddd6c94eadd3cd0631af21886fe82e59d311a5d7b4f9ce361a717115a38fc8d	004ee89165d035d8c7ecbb0207224dca3fa7e6b32471e6dc0399007fe94590ee	canonical	10-backward-global/strict_layer_backward_global_obstruction_campaign.md;archive-by-series/10-strict-layer-core/strict_layer_backward_global_obstruction_campaign.md	exact-duplicate	attempt	Exact byte duplicate of the canonical target; this source path is retained as provenance and no second canonical copy is created. Kind is a navigation label based on file type, path, and title; it does not upgrade evidence.
dongxuelian2/strict-layer-proof-research	https://github.com/dongxuelian2/strict-layer-proof-research	main	912fb4b67419d69c8c7d805b7fd2fcadd26e9a7a	10-backward-global/strict_layer_backward_global_witness_gluing_campaign.md	912fb4b67419d69c8c7d805b7fd2fcadd26e9a7a	cf740fb2989cfad96f09f05a599df9b275d90377	e9358bdb17584574ddb859f5a6e21773726ebaeb6f2e48c8b236ab0be02d3d9d	ba5932a58278688a455a090bec1c02db9c8d9bbc92589b8760b97df628b7dbdd	research/strict/backward-global/strict_layer_backward_global_witness_gluing_campaign.md	ba5932a58278688a455a090bec1c02db9c8d9bbc92589b8760b97df628b7dbdd	research/exact-lift/backward/backward-global-witness-gluing.md	e9358bdb17584574ddb859f5a6e21773726ebaeb6f2e48c8b236ab0be02d3d9d	ba5932a58278688a455a090bec1c02db9c8d9bbc92589b8760b97df628b7dbdd	canonical	10-backward-global/strict_layer_backward_global_witness_gluing_campaign.md;archive-by-series/10-strict-layer-core/strict_layer_backward_global_witness_gluing_campaign.md	exact-duplicate	attempt	Exact byte duplicate of the canonical target; this source path is retained as provenance and no second canonical copy is created. Kind is a navigation label based on file type, path, and title; it does not upgrade evidence.
dongxuelian2/strict-layer-proof-research	https://github.com/dongxuelian2/strict-layer-proof-research	main	912fb4b67419d69c8c7d805b7fd2fcadd26e9a7a	20-DD/strict_layer_DD_error_closure_campaign.md	912fb4b67419d69c8c7d805b7fd2fcadd26e9a7a	3f40c731649d98f76a121a807f44f2acbc2d5d2c	fe80268ea8a667e03254f2ab2a819fe68d38976b7ef0eb045787fdd5d4427a10	e286c080f9b4292d95e90fa98ba820f0af047c38990514b1ba61043a52d99c50	research/strict/DD/strict_layer_DD_error_closure_campaign.md	e286c080f9b4292d95e90fa98ba820f0af047c38990514b1ba61043a52d99c50	research/denominator-structure/dd-error-closure.md	fe80268ea8a667e03254f2ab2a819fe68d38976b7ef0eb045787fdd5d4427a10	e286c080f9b4292d95e90fa98ba820f0af047c38990514b1ba61043a52d99c50	canonical	20-DD/strict_layer_DD_error_closure_campaign.md;archive-by-series/20-DD-complete/strict_layer_DD_error_closure_campaign.md	exact-duplicate	result	Exact byte duplicate of the canonical target; this source path is retained as provenance and no second canonical copy is created. Kind is a navigation label based on file type, path, and title; it does not upgrade evidence.
dongxuelian2/strict-layer-proof-research	https://github.com/dongxuelian2/strict-layer-proof-research	main	912fb4b67419d69c8c7d805b7fd2fcadd26e9a7a	20-DD/strict_layer_DD_independence_audit.md	912fb4b67419d69c8c7d805b7fd2fcadd26e9a7a	fde05c1c41b09b77bb29ec577adc16d166513d1b	64ea459926679982b7c6be4b98b29348c5d8b658db26302ad171700e2c703f1b	fa64c7d84f20660113672ebb9a521b2fb50f0c92cce3e446a6f97957457681d1	research/strict/DD/strict_layer_DD_independence_audit.md	fa64c7d84f20660113672ebb9a521b2fb50f0c92cce3e446a6f97957457681d1	research/denominator-structure/dd-independence-audit.md	64ea459926679982b7c6be4b98b29348c5d8b658db26302ad171700e2c703f1b	fa64c7d84f20660113672ebb9a521b2fb50f0c92cce3e446a6f97957457681d1	canonical	20-DD/strict_layer_DD_independence_audit.md;archive-by-series/20-DD-complete/strict_layer_DD_independence_audit.md	exact-duplicate	attempt	Exact byte duplicate of the canonical target; this source path is retained as provenance and no second canonical copy is created. Kind is a navigation label based on file type, path, and title; it does not upgrade evidence.
dongxuelian2/strict-layer-proof-research	https://github.com/dongxuelian2/strict-layer-proof-research	main	912fb4b67419d69c8c7d805b7fd2fcadd26e9a7a	20-DD/strict_layer_DD_orientation_recovery_campaign.md	912fb4b67419d69c8c7d805b7fd2fcadd26e9a7a	e1a15e4edef651dac01f681167667a2c333d69e3	c2fd45420a503ce1fc4caefbb38894b739953368f8190ed44fb41edfb9c6b629	eb3fbc26709ed1fc50a21fc24e73b9041e4be28a4ad5013c9267f602f9bac179	research/strict/DD/strict_layer_DD_orientation_recovery_campaign.md	eb3fbc26709ed1fc50a21fc24e73b9041e4be28a4ad5013c9267f602f9bac179	research/denominator-structure/dd-orientation-recovery.md	c2fd45420a503ce1fc4caefbb38894b739953368f8190ed44fb41edfb9c6b629	eb3fbc26709ed1fc50a21fc24e73b9041e4be28a4ad5013c9267f602f9bac179	canonical	20-DD/strict_layer_DD_orientation_recovery_campaign.md;archive-by-series/20-DD-complete/strict_layer_DD_orientation_recovery_campaign.md	exact-duplicate	attempt	Exact byte duplicate of the canonical target; this source path is retained as provenance and no second canonical copy is created. Kind is a navigation label based on file type, path, and title; it does not upgrade evidence.
dongxuelian2/strict-layer-proof-research	https://github.com/dongxuelian2/strict-layer-proof-research	main	912fb4b67419d69c8c7d805b7fd2fcadd26e9a7a	20-DD/strict_layer_DD_oriented_tail_window_campaign.md	912fb4b67419d69c8c7d805b7fd2fcadd26e9a7a	1c9d5f59a1c05116f9665c54a95accc9d55b4f98	79bde44cd366f8f337242ccb16a891416d4d3eadaf98426fe09b6947ef13c510	94a1b378f1c411628eaf790759373038138700b0ce0255a20ae1754030232489	research/strict/DD/strict_layer_DD_oriented_tail_window_campaign.md	94a1b378f1c411628eaf790759373038138700b0ce0255a20ae1754030232489	research/denominator-structure/dd-oriented-tail-window.md	79bde44cd366f8f337242ccb16a891416d4d3eadaf98426fe09b6947ef13c510	94a1b378f1c411628eaf790759373038138700b0ce0255a20ae1754030232489	canonical	20-DD/strict_layer_DD_oriented_tail_window_campaign.md;archive-by-series/20-DD-complete/strict_layer_DD_oriented_tail_window_campaign.md	exact-duplicate	attempt	Exact byte duplicate of the canonical target; this source path is retained as provenance and no second canonical copy is created. Kind is a navigation label based on file type, path, and title; it does not upgrade evidence.
dongxuelian2/strict-layer-proof-research	https://github.com/dongxuelian2/strict-layer-proof-research	main	912fb4b67419d69c8c7d805b7fd2fcadd26e9a7a	20-DD/strict_layer_DD_post_deflation_campaign.md	912fb4b67419d69c8c7d805b7fd2fcadd26e9a7a	ca3c0cfda6ce78941a6e43630e77141b46be0259	8e7a760372081385b45a7101807b5438ac49d8ff93def870905f1f960b59132b	2ad8160f1757b2a4354eae8ec5b3f45ce80d2a552d8c3e72309f00a65b0ec2ba	research/strict/DD/strict_layer_DD_post_deflation_campaign.md	2ad8160f1757b2a4354eae8ec5b3f45ce80d2a552d8c3e72309f00a65b0ec2ba	research/denominator-structure/dd-post-deflation.md	8e7a760372081385b45a7101807b5438ac49d8ff93def870905f1f960b59132b	2ad8160f1757b2a4354eae8ec5b3f45ce80d2a552d8c3e72309f00a65b0ec2ba	canonical	20-DD/strict_layer_DD_post_deflation_campaign.md;archive-by-series/20-DD-complete/strict_layer_DD_post_deflation_campaign.md	exact-duplicate	attempt	Exact byte duplicate of the canonical target; this source path is retained as provenance and no second canonical copy is created. Kind is a navigation label based on file type, path, and title; it does not upgrade evidence.
dongxuelian2/strict-layer-proof-research	https://github.com/dongxuelian2/strict-layer-proof-research	main	912fb4b67419d69c8c7d805b7fd2fcadd26e9a7a	20-DD/strict_layer_DD_source_phase_information_audit.md	912fb4b67419d69c8c7d805b7fd2fcadd26e9a7a	18e09657c1c181f8fdfb834c21363bdbb6535c11	a1177cd474e92c9df5d92cf4bc7d5f053b1d8c08c7bdcbe3ba114851ba860c9d	7241f6be198977aa474df9eb7939ef0e0b9bbff800edc8f42a1fc2cd3d0ec4d5	research/strict/DD/strict_layer_DD_source_phase_information_audit.md	7241f6be198977aa474df9eb7939ef0e0b9bbff800edc8f42a1fc2cd3d0ec4d5	research/denominator-structure/dd-source-information-audit.md	a1177cd474e92c9df5d92cf4bc7d5f053b1d8c08c7bdcbe3ba114851ba860c9d	7241f6be198977aa474df9eb7939ef0e0b9bbff800edc8f42a1fc2cd3d0ec4d5	canonical	20-DD/strict_layer_DD_source_phase_information_audit.md;archive-by-series/20-DD-complete/strict_layer_DD_source_phase_information_audit.md	exact-duplicate	attempt	Exact byte duplicate of the canonical target; this source path is retained as provenance and no second canonical copy is created. Kind is a navigation label based on file type, path, and title; it does not upgrade evidence.
dongxuelian2/strict-layer-proof-research	https://github.com/dongxuelian2/strict-layer-proof-research	main	912fb4b67419d69c8c7d805b7fd2fcadd26e9a7a	20-DD/strict_layer_DD_supply_phase_synchronization_campaign.md	912fb4b67419d69c8c7d805b7fd2fcadd26e9a7a	9c6a7a2ff43d09dbae3acc14bab707b7225b518e	17d5b25c2c3492d6574c6b995ff6d7d815db9bb07c11435310d4a6a8c2744fd2	6dbd5fdd7224f9d7c9c92e4eb8722a0b6f62191a1f8837cdf1810a0f5cab573f	research/strict/DD/strict_layer_DD_supply_phase_synchronization_campaign.md	6dbd5fdd7224f9d7c9c92e4eb8722a0b6f62191a1f8837cdf1810a0f5cab573f	research/denominator-structure/dd-supply-synchronization.md	17d5b25c2c3492d6574c6b995ff6d7d815db9bb07c11435310d4a6a8c2744fd2	6dbd5fdd7224f9d7c9c92e4eb8722a0b6f62191a1f8837cdf1810a0f5cab573f	canonical	20-DD/strict_layer_DD_supply_phase_synchronization_campaign.md;archive-by-series/20-DD-complete/strict_layer_DD_supply_phase_synchronization_campaign.md	exact-duplicate	attempt	Exact byte duplicate of the canonical target; this source path is retained as provenance and no second canonical copy is created. Kind is a navigation label based on file type, path, and title; it does not upgrade evidence.
dongxuelian2/strict-layer-proof-research	https://github.com/dongxuelian2/strict-layer-proof-research	main	912fb4b67419d69c8c7d805b7fd2fcadd26e9a7a	20-DD/strict_layer_moving_core_square_spacing_campaign.md	912fb4b67419d69c8c7d805b7fd2fcadd26e9a7a	e8bc9a7711162832b5319766dbe99883058940ca	b46ea4efcda67c29999d2b0acac02befdb281fcba209e518c80d608e19f43b4c	45d1aeaa678f0de9e619e1ead9950bc12892959a72ebfa87bf2c3f3cd5a67242	research/strict/DD/strict_layer_moving_core_square_spacing_campaign.md	45d1aeaa678f0de9e619e1ead9950bc12892959a72ebfa87bf2c3f3cd5a67242	research/denominator-structure/moving-core-square-spacing.md	b46ea4efcda67c29999d2b0acac02befdb281fcba209e518c80d608e19f43b4c	45d1aeaa678f0de9e619e1ead9950bc12892959a72ebfa87bf2c3f3cd5a67242	canonical	20-DD/strict_layer_moving_core_square_spacing_campaign.md;archive-by-series/10-strict-layer-core/strict_layer_moving_core_square_spacing_campaign.md	exact-duplicate	attempt	Exact byte duplicate of the canonical target; this source path is retained as provenance and no second canonical copy is created. Kind is a navigation label based on file type, path, and title; it does not upgrade evidence.
dongxuelian2/strict-layer-proof-research	https://github.com/dongxuelian2/strict-layer-proof-research	main	912fb4b67419d69c8c7d805b7fd2fcadd26e9a7a	20-DD/strict_layer_post_DD_consolidation_A1_frontier.md	912fb4b67419d69c8c7d805b7fd2fcadd26e9a7a	b6141021734843c83d213ea441c3b17f4dcdcdff	f0ef4ec810e9d0e32d52699f01072a5174efe37f07f45077cd30bc02c389e229	243b69d20fc2c0a4059d1da9f82513596e638d1436612452e520b3a56bb620e6	research/strict/DD/strict_layer_post_DD_consolidation_A1_frontier.md	243b69d20fc2c0a4059d1da9f82513596e638d1436612452e520b3a56bb620e6	research/denominator-structure/post-dd-consolidation-a1-frontier.md	f0ef4ec810e9d0e32d52699f01072a5174efe37f07f45077cd30bc02c389e229	243b69d20fc2c0a4059d1da9f82513596e638d1436612452e520b3a56bb620e6	canonical	20-DD/strict_layer_post_DD_consolidation_A1_frontier.md;archive-by-series/10-strict-layer-core/strict_layer_post_DD_consolidation_A1_frontier.md	exact-duplicate	attempt	Exact byte duplicate of the canonical target; this source path is retained as provenance and no second canonical copy is created. Kind is a navigation label based on file type, path, and title; it does not upgrade evidence.
dongxuelian2/strict-layer-proof-research	https://github.com/dongxuelian2/strict-layer-proof-research	main	912fb4b67419d69c8c7d805b7fd2fcadd26e9a7a	30-A1-forward/strict_layer_A1_double_euclidean_smith_gcd_terminal_campaign.md	912fb4b67419d69c8c7d805b7fd2fcadd26e9a7a	f9ec8c87a3f1054a1a5ac95d6f5073e195012d42	b193cdd29cd14f70290a08dfe1ae0e3c93ef91c8a41e20d83c7f25422acbabe3	f90ab827fe157876aea20c335a576254cf0c3eb663051c11c1a671c12eeed370	research/strict/A1-forward/strict_layer_A1_double_euclidean_smith_gcd_terminal_campaign.md	f90ab827fe157876aea20c335a576254cf0c3eb663051c11c1a671c12eeed370	research/a1/forward/a1-double-euclidean-smith-gcd-terminal.md	b193cdd29cd14f70290a08dfe1ae0e3c93ef91c8a41e20d83c7f25422acbabe3	f90ab827fe157876aea20c335a576254cf0c3eb663051c11c1a671c12eeed370	canonical	30-A1-forward/strict_layer_A1_double_euclidean_smith_gcd_terminal_campaign.md;archive-by-series/30-A1-pre-J2/strict_layer_A1_double_euclidean_smith_gcd_terminal_campaign.md	exact-duplicate	attempt	Exact byte duplicate of the canonical target; this source path is retained as provenance and no second canonical copy is created. Kind is a navigation label based on file type, path, and title; it does not upgrade evidence.
dongxuelian2/strict-layer-proof-research	https://github.com/dongxuelian2/strict-layer-proof-research	main	912fb4b67419d69c8c7d805b7fd2fcadd26e9a7a	30-A1-forward/strict_layer_A1_double_euclidean_word_smith_terminal_campaign.md	912fb4b67419d69c8c7d805b7fd2fcadd26e9a7a	fe41c1dc0fd9868e31a0752c238d12594164fdee	501362cf314848b73d3446bd7ce5af77238c56e7d6ed7f60101ef80f90ed3169	2e72adca88e837afd1f1503daa3135a1ca7393f6717167648d1e034d5cb08d3c	research/strict/A1-forward/strict_layer_A1_double_euclidean_word_smith_terminal_campaign.md	2e72adca88e837afd1f1503daa3135a1ca7393f6717167648d1e034d5cb08d3c	research/a1/forward/a1-double-euclidean-word-smith-terminal.md	501362cf314848b73d3446bd7ce5af77238c56e7d6ed7f60101ef80f90ed3169	2e72adca88e837afd1f1503daa3135a1ca7393f6717167648d1e034d5cb08d3c	canonical	30-A1-forward/strict_layer_A1_double_euclidean_word_smith_terminal_campaign.md;archive-by-series/30-A1-pre-J2/strict_layer_A1_double_euclidean_word_smith_terminal_campaign.md	exact-duplicate	result	Exact byte duplicate of the canonical target; this source path is retained as provenance and no second canonical copy is created. Kind is a navigation label based on file type, path, and title; it does not upgrade evidence.
dongxuelian2/strict-layer-proof-research	https://github.com/dongxuelian2/strict-layer-proof-research	main	912fb4b67419d69c8c7d805b7fd2fcadd26e9a7a	30-A1-forward/strict_layer_A1_exact_mantissa_defect_quotient_campaign.md	912fb4b67419d69c8c7d805b7fd2fcadd26e9a7a	dbe489163c77e95a5b7444e628d04a2e050015b2	532234eff08a1792355917caa291ea97f272c81d14a8395010e62025ed6db27b	f5881416c13195ca1e72862b126c7f87fb92dd2e970fa9803c8548e2c05102dd	research/strict/A1-forward/strict_layer_A1_exact_mantissa_defect_quotient_campaign.md	f5881416c13195ca1e72862b126c7f87fb92dd2e970fa9803c8548e2c05102dd	research/a1/forward/a1-exact-mantissa-defect-quotient.md	532234eff08a1792355917caa291ea97f272c81d14a8395010e62025ed6db27b	f5881416c13195ca1e72862b126c7f87fb92dd2e970fa9803c8548e2c05102dd	canonical	30-A1-forward/strict_layer_A1_exact_mantissa_defect_quotient_campaign.md;archive-by-series/30-A1-pre-J2/strict_layer_A1_exact_mantissa_defect_quotient_campaign.md	exact-duplicate	attempt	Exact byte duplicate of the canonical target; this source path is retained as provenance and no second canonical copy is created. Kind is a navigation label based on file type, path, and title; it does not upgrade evidence.
dongxuelian2/strict-layer-proof-research	https://github.com/dongxuelian2/strict-layer-proof-research	main	912fb4b67419d69c8c7d805b7fd2fcadd26e9a7a	30-A1-forward/strict_layer_A1_flat_locus_structural_elimination_campaign.md	912fb4b67419d69c8c7d805b7fd2fcadd26e9a7a	9ce4e5e31301093d75f6bcbad76e02eb403691c8	2f70de6f2d79ff5b9e5c2a23575d87d2667b3e1eb76ab784c62241303b896cc9	870de827e5bdcdf438d82d81da5ab25d42ce271d62c665c59a16a82f28694ca8	research/strict/A1-forward/strict_layer_A1_flat_locus_structural_elimination_campaign.md	870de827e5bdcdf438d82d81da5ab25d42ce271d62c665c59a16a82f28694ca8	research/a1/forward/a1-flat-locus-structural-elimination.md	2f70de6f2d79ff5b9e5c2a23575d87d2667b3e1eb76ab784c62241303b896cc9	870de827e5bdcdf438d82d81da5ab25d42ce271d62c665c59a16a82f28694ca8	canonical	30-A1-forward/strict_layer_A1_flat_locus_structural_elimination_campaign.md;archive-by-series/30-A1-pre-J2/strict_layer_A1_flat_locus_structural_elimination_campaign.md	exact-duplicate	attempt	Exact byte duplicate of the canonical target; this source path is retained as provenance and no second canonical copy is created. Kind is a navigation label based on file type, path, and title; it does not upgrade evidence.
dongxuelian2/strict-layer-proof-research	https://github.com/dongxuelian2/strict-layer-proof-research	main	912fb4b67419d69c8c7d805b7fd2fcadd26e9a7a	30-A1-forward/strict_layer_A1_generic_primitive_defect_synchronization_campaign.md	912fb4b67419d69c8c7d805b7fd2fcadd26e9a7a	d489ee20246860006627d3b09b6445283029d9b9	7f149c8d3213473162132ec3a10197f881d880e002f2bffc6196e46ecd8394fd	41d961fa7a243d91b6346c4f8b406922278fddb3d89ebdc36393054ebf9f9f5d	research/strict/A1-forward/strict_layer_A1_generic_primitive_defect_synchronization_campaign.md	41d961fa7a243d91b6346c4f8b406922278fddb3d89ebdc36393054ebf9f9f5d	research/a1/forward/a1-generic-primitive-defect-synchronization.md	7f149c8d3213473162132ec3a10197f881d880e002f2bffc6196e46ecd8394fd	41d961fa7a243d91b6346c4f8b406922278fddb3d89ebdc36393054ebf9f9f5d	canonical	30-A1-forward/strict_layer_A1_generic_primitive_defect_synchronization_campaign.md;archive-by-series/30-A1-pre-J2/strict_layer_A1_generic_primitive_defect_synchronization_campaign.md	exact-duplicate	attempt	Exact byte duplicate of the canonical target; this source path is retained as provenance and no second canonical copy is created. Kind is a navigation label based on file type, path, and title; it does not upgrade evidence.
dongxuelian2/strict-layer-proof-research	https://github.com/dongxuelian2/strict-layer-proof-research	main	912fb4b67419d69c8c7d805b7fd2fcadd26e9a7a	30-A1-forward/strict_layer_A1_iterated_smith_coprime_radial_exclusion_campaign.md	912fb4b67419d69c8c7d805b7fd2fcadd26e9a7a	b2e307dc73aaafde95fd4b709482b7ba10a3362b	c459c3ca65624c112a96895c34d8fa01e500606c6fe441fc2b30baf3f146698e	7f8ba8746b3a0f3812401ca7dacb79a91a7ae96708d285a2696822258f893ffd	research/strict/A1-forward/strict_layer_A1_iterated_smith_coprime_radial_exclusion_campaign.md	7f8ba8746b3a0f3812401ca7dacb79a91a7ae96708d285a2696822258f893ffd	research/a1/forward/a1-iterated-smith-coprime-radial-exclusion.md	c459c3ca65624c112a96895c34d8fa01e500606c6fe441fc2b30baf3f146698e	7f8ba8746b3a0f3812401ca7dacb79a91a7ae96708d285a2696822258f893ffd	canonical	30-A1-forward/strict_layer_A1_iterated_smith_coprime_radial_exclusion_campaign.md;archive-by-series/30-A1-pre-J2/strict_layer_A1_iterated_smith_coprime_radial_exclusion_campaign.md	exact-duplicate	attempt	Exact byte duplicate of the canonical target; this source path is retained as provenance and no second canonical copy is created. Kind is a navigation label based on file type, path, and title; it does not upgrade evidence.
dongxuelian2/strict-layer-proof-research	https://github.com/dongxuelian2/strict-layer-proof-research	main	912fb4b67419d69c8c7d805b7fd2fcadd26e9a7a	30-A1-forward/strict_layer_A1_moving_core_decimal_translation_global_campaign.md	912fb4b67419d69c8c7d805b7fd2fcadd26e9a7a	ae8b647c3e81062780c5dfb9e8d0ae525f2f7b8a	e5d27c7278115854222c6d61341c70dfb63143c5e0d9d4c161f808a13deceba5	71f00a8d8427a0ac753c07f725600e74068c23fe409ba09ad1fa2f851464c37f	research/strict/A1-forward/strict_layer_A1_moving_core_decimal_translation_global_campaign.md	71f00a8d8427a0ac753c07f725600e74068c23fe409ba09ad1fa2f851464c37f	research/a1/forward/a1-moving-core-decimal-translation-global.md	e5d27c7278115854222c6d61341c70dfb63143c5e0d9d4c161f808a13deceba5	71f00a8d8427a0ac753c07f725600e74068c23fe409ba09ad1fa2f851464c37f	canonical	30-A1-forward/strict_layer_A1_moving_core_decimal_translation_global_campaign.md;archive-by-series/30-A1-pre-J2/strict_layer_A1_moving_core_decimal_translation_global_campaign.md	exact-duplicate	attempt	Exact byte duplicate of the canonical target; this source path is retained as provenance and no second canonical copy is created. Kind is a navigation label based on file type, path, and title; it does not upgrade evidence.
dongxuelian2/strict-layer-proof-research	https://github.com/dongxuelian2/strict-layer-proof-research	main	912fb4b67419d69c8c7d805b7fd2fcadd26e9a7a	30-A1-forward/strict_layer_A1_moving_profile_coprime_integer_scale_campaign.md	912fb4b67419d69c8c7d805b7fd2fcadd26e9a7a	653e274b4ab2911aaa832b92363fd3950c88ca5c	08793d3ee0760fb11e8b9192cd1e0190792098b10849dfcfb0f0ab94eadc9398	07975f7f3d51f5ccfea92b362ef613b9817ad0e6643699a68acc23099a40696d	research/strict/A1-forward/strict_layer_A1_moving_profile_coprime_integer_scale_campaign.md	07975f7f3d51f5ccfea92b362ef613b9817ad0e6643699a68acc23099a40696d	research/a1/forward/a1-moving-profile-coprime-integer-scale.md	08793d3ee0760fb11e8b9192cd1e0190792098b10849dfcfb0f0ab94eadc9398	07975f7f3d51f5ccfea92b362ef613b9817ad0e6643699a68acc23099a40696d	canonical	30-A1-forward/strict_layer_A1_moving_profile_coprime_integer_scale_campaign.md;archive-by-series/30-A1-pre-J2/strict_layer_A1_moving_profile_coprime_integer_scale_campaign.md	exact-duplicate	attempt	Exact byte duplicate of the canonical target; this source path is retained as provenance and no second canonical copy is created. Kind is a navigation label based on file type, path, and title; it does not upgrade evidence.
dongxuelian2/strict-layer-proof-research	https://github.com/dongxuelian2/strict-layer-proof-research	main	912fb4b67419d69c8c7d805b7fd2fcadd26e9a7a	30-A1-forward/strict_layer_A1_primitive_conic_common_U_digit_window_campaign.md	912fb4b67419d69c8c7d805b7fd2fcadd26e9a7a	af08b29e38e6f951c4df6e18397d6ae15d776f90	7fecbe35d539abf605ea27acc6fd2800cadb46ac46b81b8433d54f8a6fad2ef5	2d48c2158ab4121b04b0b89bcf481e4f31a70da1759c264fdf78c6e043bc5451	research/strict/A1-forward/strict_layer_A1_primitive_conic_common_U_digit_window_campaign.md	2d48c2158ab4121b04b0b89bcf481e4f31a70da1759c264fdf78c6e043bc5451	research/a1/forward/a1-primitive-conic-common-u-digit-window.md	7fecbe35d539abf605ea27acc6fd2800cadb46ac46b81b8433d54f8a6fad2ef5	2d48c2158ab4121b04b0b89bcf481e4f31a70da1759c264fdf78c6e043bc5451	canonical	30-A1-forward/strict_layer_A1_primitive_conic_common_U_digit_window_campaign.md;archive-by-series/30-A1-pre-J2/strict_layer_A1_primitive_conic_common_U_digit_window_campaign.md	exact-duplicate	attempt	Exact byte duplicate of the canonical target; this source path is retained as provenance and no second canonical copy is created. Kind is a navigation label based on file type, path, and title; it does not upgrade evidence.
dongxuelian2/strict-layer-proof-research	https://github.com/dongxuelian2/strict-layer-proof-research	main	912fb4b67419d69c8c7d805b7fd2fcadd26e9a7a	30-A1-forward/strict_layer_A1_smith_reduced_common_U_exclusion_campaign.md	912fb4b67419d69c8c7d805b7fd2fcadd26e9a7a	dffa29714dc29dc184eaae74169eb70fe32de945	c644e33a782887f76629cf05ab42232f30922faae6ef0cfe1a94d2c39b215601	55cbbcc921123c8dd7096c95dd9d7946930f7b96a27bf33c2fe5c74b09c12e00	research/strict/A1-forward/strict_layer_A1_smith_reduced_common_U_exclusion_campaign.md	55cbbcc921123c8dd7096c95dd9d7946930f7b96a27bf33c2fe5c74b09c12e00	research/a1/forward/a1-smith-reduced-common-u-exclusion.md	c644e33a782887f76629cf05ab42232f30922faae6ef0cfe1a94d2c39b215601	55cbbcc921123c8dd7096c95dd9d7946930f7b96a27bf33c2fe5c74b09c12e00	canonical	30-A1-forward/strict_layer_A1_smith_reduced_common_U_exclusion_campaign.md;archive-by-series/30-A1-pre-J2/strict_layer_A1_smith_reduced_common_U_exclusion_campaign.md	exact-duplicate	attempt	Exact byte duplicate of the canonical target; this source path is retained as provenance and no second canonical copy is created. Kind is a navigation label based on file type, path, and title; it does not upgrade evidence.
dongxuelian2/strict-layer-proof-research	https://github.com/dongxuelian2/strict-layer-proof-research	main	912fb4b67419d69c8c7d805b7fd2fcadd26e9a7a	30-A1-forward/strict_layer_A1_unified_moving_profile_terminal_campaign.md	912fb4b67419d69c8c7d805b7fd2fcadd26e9a7a	591f28c0dd48209f1b138410238a4bd5d5e5a365	2e8a23f96548782eaaff4dda5f1edcd253423f7e67cbd2250c0b725456fe6965	e9c4542e7ccf3bf168f3a7f2b1d53c93c1530ac98e55a5c5f137afafa2d78b47	research/strict/A1-forward/strict_layer_A1_unified_moving_profile_terminal_campaign.md	e9c4542e7ccf3bf168f3a7f2b1d53c93c1530ac98e55a5c5f137afafa2d78b47	research/a1/forward/a1-unified-moving-profile-terminal.md	2e8a23f96548782eaaff4dda5f1edcd253423f7e67cbd2250c0b725456fe6965	e9c4542e7ccf3bf168f3a7f2b1d53c93c1530ac98e55a5c5f137afafa2d78b47	canonical	30-A1-forward/strict_layer_A1_unified_moving_profile_terminal_campaign.md;archive-by-series/30-A1-pre-J2/strict_layer_A1_unified_moving_profile_terminal_campaign.md	exact-duplicate	attempt	Exact byte duplicate of the canonical target; this source path is retained as provenance and no second canonical copy is created. Kind is a navigation label based on file type, path, and title; it does not upgrade evidence.
dongxuelian2/strict-layer-proof-research	https://github.com/dongxuelian2/strict-layer-proof-research	main	912fb4b67419d69c8c7d805b7fd2fcadd26e9a7a	40-A1-backward/strict_layer_backward_A1_2x5_decimal_synchronization_campaign.md	912fb4b67419d69c8c7d805b7fd2fcadd26e9a7a	4dc6c10053be4d3a082f6c2a1d46b43d52e148b1	61ee6ff2b956d2de5cbbba0f557a50f902a07f460dd63a60e67cf1c56a6add68	a460a1427aa4fad487410f0b81735319eceff1ca87026a5b4161c44f49a047c8	research/strict/A1-backward/strict_layer_backward_A1_2x5_decimal_synchronization_campaign.md	a460a1427aa4fad487410f0b81735319eceff1ca87026a5b4161c44f49a047c8	research/a1/backward/backward-a1-2x5-decimal-synchronization.md	61ee6ff2b956d2de5cbbba0f557a50f902a07f460dd63a60e67cf1c56a6add68	a460a1427aa4fad487410f0b81735319eceff1ca87026a5b4161c44f49a047c8	canonical	40-A1-backward/strict_layer_backward_A1_2x5_decimal_synchronization_campaign.md;archive-by-series/30-A1-pre-J2/strict_layer_backward_A1_2x5_decimal_synchronization_campaign.md	exact-duplicate	attempt	Exact byte duplicate of the canonical target; this source path is retained as provenance and no second canonical copy is created. Kind is a navigation label based on file type, path, and title; it does not upgrade evidence.
dongxuelian2/strict-layer-proof-research	https://github.com/dongxuelian2/strict-layer-proof-research	main	912fb4b67419d69c8c7d805b7fd2fcadd26e9a7a	40-A1-backward/strict_layer_backward_A1_5phase_cut_synchronization_campaign.md	912fb4b67419d69c8c7d805b7fd2fcadd26e9a7a	81bc3349ce4fcb9e3360c1779b6c47fd47a779b0	2ce8bf751baf83349226683f033bf52268e9f5cdca4dd62468ab40678bad851f	34d8764df0d99e505939e9ffd2c4e99e563e2349b8428e91481ff71ff92323b2	research/strict/A1-backward/strict_layer_backward_A1_5phase_cut_synchronization_campaign.md	34d8764df0d99e505939e9ffd2c4e99e563e2349b8428e91481ff71ff92323b2	research/a1/backward/backward-a1-5phase-cut-synchronization.md	2ce8bf751baf83349226683f033bf52268e9f5cdca4dd62468ab40678bad851f	34d8764df0d99e505939e9ffd2c4e99e563e2349b8428e91481ff71ff92323b2	canonical	40-A1-backward/strict_layer_backward_A1_5phase_cut_synchronization_campaign.md;archive-by-series/30-A1-pre-J2/strict_layer_backward_A1_5phase_cut_synchronization_campaign.md	exact-duplicate	attempt	Exact byte duplicate of the canonical target; this source path is retained as provenance and no second canonical copy is created. Kind is a navigation label based on file type, path, and title; it does not upgrade evidence.
dongxuelian2/strict-layer-proof-research	https://github.com/dongxuelian2/strict-layer-proof-research	main	912fb4b67419d69c8c7d805b7fd2fcadd26e9a7a	40-A1-backward/strict_layer_backward_A1_common_U_pullback_primitive_radial_gluing_campaign.md	912fb4b67419d69c8c7d805b7fd2fcadd26e9a7a	3e23daa4c1c970b35e06d86734e12f7127eee0b8	6af5ee9f4182ddf286586925c2b6e3224f591190d1460b121394d2c0c67d550f	b27f0dec82b9ca669e98771335698b602f77d5c437737542bb34b3d60ad1f6e9	research/strict/A1-backward/strict_layer_backward_A1_common_U_pullback_primitive_radial_gluing_campaign.md	b27f0dec82b9ca669e98771335698b602f77d5c437737542bb34b3d60ad1f6e9	research/a1/backward/backward-a1-common-u-pullback-primitive-radial-gluing.md	6af5ee9f4182ddf286586925c2b6e3224f591190d1460b121394d2c0c67d550f	b27f0dec82b9ca669e98771335698b602f77d5c437737542bb34b3d60ad1f6e9	canonical	40-A1-backward/strict_layer_backward_A1_common_U_pullback_primitive_radial_gluing_campaign.md;archive-by-series/30-A1-pre-J2/strict_layer_backward_A1_common_U_pullback_primitive_radial_gluing_campaign.md	exact-duplicate	attempt	Exact byte duplicate of the canonical target; this source path is retained as provenance and no second canonical copy is created. Kind is a navigation label based on file type, path, and title; it does not upgrade evidence.
dongxuelian2/strict-layer-proof-research	https://github.com/dongxuelian2/strict-layer-proof-research	main	912fb4b67419d69c8c7d805b7fd2fcadd26e9a7a	40-A1-backward/strict_layer_backward_A1_same_cut_norm_excess_campaign.md	912fb4b67419d69c8c7d805b7fd2fcadd26e9a7a	a7da7deabe4e1d02fa66ae9d01a6921077faa0ae	0d99f8fb86aa0bc8ac5de6283925e555c7cfffac80d0019ffece20780888a50d	c558bfd531bb0680ed0762d50c18a16ec7f2d7367213ef83935e9d8ce0a62280	research/strict/A1-backward/strict_layer_backward_A1_same_cut_norm_excess_campaign.md	c558bfd531bb0680ed0762d50c18a16ec7f2d7367213ef83935e9d8ce0a62280	research/a1/backward/backward-a1-same-cut-norm-excess.md	0d99f8fb86aa0bc8ac5de6283925e555c7cfffac80d0019ffece20780888a50d	c558bfd531bb0680ed0762d50c18a16ec7f2d7367213ef83935e9d8ce0a62280	canonical	40-A1-backward/strict_layer_backward_A1_same_cut_norm_excess_campaign.md;archive-by-series/30-A1-pre-J2/strict_layer_backward_A1_same_cut_norm_excess_campaign.md	exact-duplicate	attempt	Exact byte duplicate of the canonical target; this source path is retained as provenance and no second canonical copy is created. Kind is a navigation label based on file type, path, and title; it does not upgrade evidence.
dongxuelian2/strict-layer-proof-research	https://github.com/dongxuelian2/strict-layer-proof-research	main	912fb4b67419d69c8c7d805b7fd2fcadd26e9a7a	40-A1-backward/strict_layer_backward_A1_word_recovery_architecture_campaign.md	912fb4b67419d69c8c7d805b7fd2fcadd26e9a7a	1ca4d0fd898ae3f1fc6e65f5e3f578eac60b2114	748dc49340e470ea63b4be820673c00ad7527e99f88bb9eb4afec6a06b41fc81	d48e4073da7fd65dae0c1828804cbff4717a96081ba126247477bf757a47fc6a	research/strict/A1-backward/strict_layer_backward_A1_word_recovery_architecture_campaign.md	d48e4073da7fd65dae0c1828804cbff4717a96081ba126247477bf757a47fc6a	research/a1/backward/backward-a1-word-recovery-architecture.md	748dc49340e470ea63b4be820673c00ad7527e99f88bb9eb4afec6a06b41fc81	d48e4073da7fd65dae0c1828804cbff4717a96081ba126247477bf757a47fc6a	canonical	40-A1-backward/strict_layer_backward_A1_word_recovery_architecture_campaign.md;archive-by-series/30-A1-pre-J2/strict_layer_backward_A1_word_recovery_architecture_campaign.md	exact-duplicate	attempt	Exact byte duplicate of the canonical target; this source path is retained as provenance and no second canonical copy is created. Kind is a navigation label based on file type, path, and title; it does not upgrade evidence.
dongxuelian2/strict-layer-proof-research	https://github.com/dongxuelian2/strict-layer-proof-research	main	912fb4b67419d69c8c7d805b7fd2fcadd26e9a7a	50-state-and-computation/strict_layer_A1_SRCU_state_after_campaign.md	912fb4b67419d69c8c7d805b7fd2fcadd26e9a7a	a22076881e7ae9e54d8c798214f9ba4eb3059dbe	ba63a4e56fe834703a8b0f0e20e7a3f0f575944efb2fc694c0f6225777996a8a	3443b40f4efc15322e221027a34be8103563885d8790830077c1bf1ac46adc0b	reports/strict/state/strict_layer_A1_SRCU_state_after_campaign.md	3443b40f4efc15322e221027a34be8103563885d8790830077c1bf1ac46adc0b	research/a1/state/a1-srcu-state-after.md	ba63a4e56fe834703a8b0f0e20e7a3f0f575944efb2fc694c0f6225777996a8a	3443b40f4efc15322e221027a34be8103563885d8790830077c1bf1ac46adc0b	canonical	50-state-and-computation/strict_layer_A1_SRCU_state_after_campaign.md;archive-by-series/30-A1-pre-J2/strict_layer_A1_SRCU_state_after_campaign.md	exact-duplicate	attempt	Exact byte duplicate of the canonical target; this source path is retained as provenance and no second canonical copy is created. Kind is a navigation label based on file type, path, and title; it does not upgrade evidence.
dongxuelian2/strict-layer-proof-research	https://github.com/dongxuelian2/strict-layer-proof-research	main	912fb4b67419d69c8c7d805b7fd2fcadd26e9a7a	50-state-and-computation/strict_layer_A1_exact_word_state_after_double_euclidean_campaign.md	912fb4b67419d69c8c7d805b7fd2fcadd26e9a7a	47b6e4a60781996385a5c0648465a5cc186b8425	0ac9c1032ecabb5812dbf3c630b253c192515c331c8355c0c78aa3832b5ae332	7d9f2a8e35b2615ca83be7cc2acbd31d4f90586b7dd759736f9262ce69401c7c	reports/strict/state/strict_layer_A1_exact_word_state_after_double_euclidean_campaign.md	7d9f2a8e35b2615ca83be7cc2acbd31d4f90586b7dd759736f9262ce69401c7c	research/a1/state/a1-exact-word-state-after-double-euclidean.md	0ac9c1032ecabb5812dbf3c630b253c192515c331c8355c0c78aa3832b5ae332	7d9f2a8e35b2615ca83be7cc2acbd31d4f90586b7dd759736f9262ce69401c7c	canonical	50-state-and-computation/strict_layer_A1_exact_word_state_after_double_euclidean_campaign.md;archive-by-series/30-A1-pre-J2/strict_layer_A1_exact_word_state_after_double_euclidean_campaign.md	exact-duplicate	attempt	Exact byte duplicate of the canonical target; this source path is retained as provenance and no second canonical copy is created. Kind is a navigation label based on file type, path, and title; it does not upgrade evidence.
dongxuelian2/strict-layer-proof-research	https://github.com/dongxuelian2/strict-layer-proof-research	main	912fb4b67419d69c8c7d805b7fd2fcadd26e9a7a	50-state-and-computation/strict_layer_A1_radial_gate_scan_output.txt	912fb4b67419d69c8c7d805b7fd2fcadd26e9a7a	53968419fbdd67696b4648b1f19d8aac01803db8	ed97a0fc74f879bcf42756547f1a86a708ef738b74827c51c9f7f3ac068c11a2	0dc76dfbb197e4e72336334572f04876812cb89d14a1c1de9aa0328cafcea2d1			research/a1/forward/computations/radial-gate-scan-output.txt	ed97a0fc74f879bcf42756547f1a86a708ef738b74827c51c9f7f3ac068c11a2	0dc76dfbb197e4e72336334572f04876812cb89d14a1c1de9aa0328cafcea2d1	canonical	50-state-and-computation/strict_layer_A1_radial_gate_scan_output.txt;archive-by-series/30-A1-pre-J2/strict_layer_A1_radial_gate_scan_output.txt	source-only	computation	Source-only bytes preserved once at the canonical target under the frozen archive boundary; original source path remains an alias. Kind is a navigation label based on file type, path, and title; it does not upgrade evidence.
dongxuelian2/strict-layer-proof-research	https://github.com/dongxuelian2/strict-layer-proof-research	main	912fb4b67419d69c8c7d805b7fd2fcadd26e9a7a	50-state-and-computation/strict_layer_A1_unified_state_after_long_campaign.md	912fb4b67419d69c8c7d805b7fd2fcadd26e9a7a	b3451dc245040146abf72f1226b670241eb6063e	219881b9944111ce769a503bc272b7efb2f3ae4f4db7ca5db05bc0f4c7bf6e3c	94cb7334b1625fc8634a388c83e361cd08e10027cb57d6ec256082712f15bbcb	reports/strict/state/strict_layer_A1_unified_state_after_long_campaign.md	94cb7334b1625fc8634a388c83e361cd08e10027cb57d6ec256082712f15bbcb	research/a1/state/a1-unified-state-after-long.md	219881b9944111ce769a503bc272b7efb2f3ae4f4db7ca5db05bc0f4c7bf6e3c	94cb7334b1625fc8634a388c83e361cd08e10027cb57d6ec256082712f15bbcb	canonical	50-state-and-computation/strict_layer_A1_unified_state_after_long_campaign.md;archive-by-series/30-A1-pre-J2/strict_layer_A1_unified_state_after_long_campaign.md	exact-duplicate	attempt	Exact byte duplicate of the canonical target; this source path is retained as provenance and no second canonical copy is created. Kind is a navigation label based on file type, path, and title; it does not upgrade evidence.
dongxuelian2/strict-layer-proof-research	https://github.com/dongxuelian2/strict-layer-proof-research	main	912fb4b67419d69c8c7d805b7fd2fcadd26e9a7a	ARCHIVE_INDEX.tsv	912fb4b67419d69c8c7d805b7fd2fcadd26e9a7a	a5d011ad6fdbb58f1bf56b4e295fe85ae96755a0	c9c2ab1f91e7bb0ee932291898dd7db3f5be6616039d03fb81b83a3fb3a9770f	055ca6eadfd67246166ca468adb2a3629f98d81e4dcb64de03731084c7cd5b75			research/archive/strict-layer-proof-research/ARCHIVE_INDEX.tsv	c9c2ab1f91e7bb0ee932291898dd7db3f5be6616039d03fb81b83a3fb3a9770f	055ca6eadfd67246166ca468adb2a3629f98d81e4dcb64de03731084c7cd5b75	generated-obsolete	ARCHIVE_INDEX.tsv	source-only	overview	Source-only bytes preserved once at the canonical target under the frozen archive boundary; original source path remains an alias. Kind is a navigation label based on file type, path, and title; it does not upgrade evidence.
dongxuelian2/strict-layer-proof-research	https://github.com/dongxuelian2/strict-layer-proof-research	main	912fb4b67419d69c8c7d805b7fd2fcadd26e9a7a	EXPORT_NOTES.md	912fb4b67419d69c8c7d805b7fd2fcadd26e9a7a	2ad53a7c669d191d80a94ca8ada654651444f5af	3afd29accfcc7881c0e2cdba7f2e8debe9ca3a7d5443fd2c36b4d7d97af418e8	f6e0786b34feb1b5963ff6c75ef2afac08fb98238270e17f9d5dca8f5f0354d2			research/archive/strict-layer-proof-research/EXPORT_NOTES.md	3afd29accfcc7881c0e2cdba7f2e8debe9ca3a7d5443fd2c36b4d7d97af418e8	f6e0786b34feb1b5963ff6c75ef2afac08fb98238270e17f9d5dca8f5f0354d2	archived	EXPORT_NOTES.md	source-only	overview	Source-only bytes preserved once at the canonical target under the frozen archive boundary; original source path remains an alias. Kind is a navigation label based on file type, path, and title; it does not upgrade evidence.
dongxuelian2/strict-layer-proof-research	https://github.com/dongxuelian2/strict-layer-proof-research	main	912fb4b67419d69c8c7d805b7fd2fcadd26e9a7a	MANIFEST.tsv	912fb4b67419d69c8c7d805b7fd2fcadd26e9a7a	3ad9ac9d724a0694a4bb55f51598783bfb48905d	4ed223741433e28cbb38f6a0dd1587b7159edc2d024c504a1136b6a56dca321e	0aa8840259cf3091e119bb559126cc8445ad9efaf611a11705c8a8f3db4c5f76			research/archive/strict-layer-proof-research/MANIFEST.tsv	4ed223741433e28cbb38f6a0dd1587b7159edc2d024c504a1136b6a56dca321e	0aa8840259cf3091e119bb559126cc8445ad9efaf611a11705c8a8f3db4c5f76	generated-obsolete	MANIFEST.tsv	source-only	overview	Source-only bytes preserved once at the canonical target under the frozen archive boundary; original source path remains an alias. Kind is a navigation label based on file type, path, and title; it does not upgrade evidence.
dongxuelian2/strict-layer-proof-research	https://github.com/dongxuelian2/strict-layer-proof-research	main	912fb4b67419d69c8c7d805b7fd2fcadd26e9a7a	MISSING_ARTIFACTS.md	912fb4b67419d69c8c7d805b7fd2fcadd26e9a7a	31deb1800bf3833bb5e50f8d99fa68a6657e9466	1f6cad1181c6881450f0652bb28500e2688c2fd70693af47b63b01ec71afd58d	561757e837b359b8ab81f190bfcf2b903edd6366ce885026b07c05fe172e6ac4			research/archive/strict-layer-proof-research/00-foundation/provenance/MISSING_ARTIFACTS_2026-08-16.md	1f6cad1181c6881450f0652bb28500e2688c2fd70693af47b63b01ec71afd58d	561757e837b359b8ab81f190bfcf2b903edd6366ce885026b07c05fe172e6ac4	deduplicated	00-foundation/provenance/MISSING_ARTIFACTS_2026-08-16.md;MISSING_ARTIFACTS.md	exact-duplicate	overview	Exact byte duplicate of the canonical target; this source path is retained as provenance and no second canonical copy is created. Kind is a navigation label based on file type, path, and title; it does not upgrade evidence.
dongxuelian2/strict-layer-proof-research	https://github.com/dongxuelian2/strict-layer-proof-research	main	912fb4b67419d69c8c7d805b7fd2fcadd26e9a7a	README.md	912fb4b67419d69c8c7d805b7fd2fcadd26e9a7a	2dc78c1e64765da964c8291eba9efdf3d9eb2fd9	47da5a38adbab0f63256dca4a6a07c73a0f522bcbc4a64cb1279eb731b7f994d	172d594fd8a1e305e496d3b569145cb96d24bfe05586e8f2cc4e2d28d7dd74b4			research/archive/strict-layer-proof-research/README.md	47da5a38adbab0f63256dca4a6a07c73a0f522bcbc4a64cb1279eb731b7f994d	172d594fd8a1e305e496d3b569145cb96d24bfe05586e8f2cc4e2d28d7dd74b4	archived	README.md	source-only	overview	Source-only bytes preserved once at the canonical target under the frozen archive boundary; original source path remains an alias. Kind is a navigation label based on file type, path, and title; it does not upgrade evidence.
dongxuelian2/strict-layer-proof-research	https://github.com/dongxuelian2/strict-layer-proof-research	main	912fb4b67419d69c8c7d805b7fd2fcadd26e9a7a	archive-by-series/10-strict-layer-core/strict_layer_backward_algebraic_denominator_interface.md	912fb4b67419d69c8c7d805b7fd2fcadd26e9a7a	d27f01175cb6d2433f08881ed04aee5bce0a09d4	f76a3d8ff8115c30546b78b05f123060ef9bcf89be0540f078f635cfdee6d1fd	c913dc1dbf8dae32c17b2a176a76f9dca1869bd41bd6cba9c60917cd5322650b	research/strict/backward-global/strict_layer_backward_algebraic_denominator_interface.md	c913dc1dbf8dae32c17b2a176a76f9dca1869bd41bd6cba9c60917cd5322650b	research/exact-lift/backward/backward-algebraic-denominator-interface.md	f76a3d8ff8115c30546b78b05f123060ef9bcf89be0540f078f635cfdee6d1fd	c913dc1dbf8dae32c17b2a176a76f9dca1869bd41bd6cba9c60917cd5322650b	deduplicated	10-backward-global/strict_layer_backward_algebraic_denominator_interface.md;archive-by-series/10-strict-layer-core/strict_layer_backward_algebraic_denominator_interface.md	exact-duplicate	attempt	Exact byte duplicate of the canonical target; this source path is retained as provenance and no second canonical copy is created. Kind is a navigation label based on file type, path, and title; it does not upgrade evidence.
dongxuelian2/strict-layer-proof-research	https://github.com/dongxuelian2/strict-layer-proof-research	main	912fb4b67419d69c8c7d805b7fd2fcadd26e9a7a	archive-by-series/10-strict-layer-core/strict_layer_backward_canonical_dependency_skeleton.md	912fb4b67419d69c8c7d805b7fd2fcadd26e9a7a	a1c28cc32b6ba09cb69b6248b40f67c11b53592a	112f625fc895b57b7a0d8bc04125feee78f9c341d7ad5acffe36f596bd8a6413	db57e6f9aafefcca8ae3ca9c7cb43517cc601e5d23a4648edf4d8bf7f2345769	research/strict/backward-global/strict_layer_backward_canonical_dependency_skeleton.md	db57e6f9aafefcca8ae3ca9c7cb43517cc601e5d23a4648edf4d8bf7f2345769	research/exact-lift/backward/backward-canonical-dependency-skeleton.md	112f625fc895b57b7a0d8bc04125feee78f9c341d7ad5acffe36f596bd8a6413	db57e6f9aafefcca8ae3ca9c7cb43517cc601e5d23a4648edf4d8bf7f2345769	deduplicated	10-backward-global/strict_layer_backward_canonical_dependency_skeleton.md;archive-by-series/10-strict-layer-core/strict_layer_backward_canonical_dependency_skeleton.md	exact-duplicate	attempt	Exact byte duplicate of the canonical target; this source path is retained as provenance and no second canonical copy is created. Kind is a navigation label based on file type, path, and title; it does not upgrade evidence.
dongxuelian2/strict-layer-proof-research	https://github.com/dongxuelian2/strict-layer-proof-research	main	912fb4b67419d69c8c7d805b7fd2fcadd26e9a7a	archive-by-series/10-strict-layer-core/strict_layer_backward_canonical_synchronization_quotient.md	912fb4b67419d69c8c7d805b7fd2fcadd26e9a7a	242d688909107b54cecd4e773d88a0a52cb8c776	6ea8621a9413311f4d4b00beb945519120271a202d8b33a9c903dd7560f17727	69f5c887331636d0883f1e5b33e4e9082521089c9fd5711a045f5d745f3396ed	research/strict/backward-global/strict_layer_backward_canonical_synchronization_quotient.md	69f5c887331636d0883f1e5b33e4e9082521089c9fd5711a045f5d745f3396ed	research/exact-lift/backward/backward-canonical-synchronization-quotient.md	6ea8621a9413311f4d4b00beb945519120271a202d8b33a9c903dd7560f17727	69f5c887331636d0883f1e5b33e4e9082521089c9fd5711a045f5d745f3396ed	deduplicated	10-backward-global/strict_layer_backward_canonical_synchronization_quotient.md;archive-by-series/10-strict-layer-core/strict_layer_backward_canonical_synchronization_quotient.md	exact-duplicate	attempt	Exact byte duplicate of the canonical target; this source path is retained as provenance and no second canonical copy is created. Kind is a navigation label based on file type, path, and title; it does not upgrade evidence.
dongxuelian2/strict-layer-proof-research	https://github.com/dongxuelian2/strict-layer-proof-research	main	912fb4b67419d69c8c7d805b7fd2fcadd26e9a7a	archive-by-series/10-strict-layer-core/strict_layer_backward_exact_root_pair_fibre_campaign.md	912fb4b67419d69c8c7d805b7fd2fcadd26e9a7a	dcd5ccf2e1970c6418520b991ef0495c866c32f9	5166641a9f26c735431e977276cf40b0fb8adf49f808d21a0d516af04d43d53d	788f412bd2bd293fa5df4b72afe9e579da866174ac819fdc13d0f7c8657cff9e	research/strict/foundation/archive/10-strict-layer-core/strict_layer_backward_exact_root_pair_fibre_campaign.md	788f412bd2bd293fa5df4b72afe9e579da866174ac819fdc13d0f7c8657cff9e	research/foundations/archive/backward-exact-root-pair-fibre.md	5166641a9f26c735431e977276cf40b0fb8adf49f808d21a0d516af04d43d53d	788f412bd2bd293fa5df4b72afe9e579da866174ac819fdc13d0f7c8657cff9e	canonical	archive-by-series/10-strict-layer-core/strict_layer_backward_exact_root_pair_fibre_campaign.md	exact-duplicate	attempt	Exact byte duplicate of the canonical target; this source path is retained as provenance and no second canonical copy is created. Kind is a navigation label based on file type, path, and title; it does not upgrade evidence.
dongxuelian2/strict-layer-proof-research	https://github.com/dongxuelian2/strict-layer-proof-research	main	912fb4b67419d69c8c7d805b7fd2fcadd26e9a7a	archive-by-series/10-strict-layer-core/strict_layer_backward_global_obstruction_campaign.md	912fb4b67419d69c8c7d805b7fd2fcadd26e9a7a	2aee3046ee9dc1e9ee4ec96eee76b26507668b84	7ddd6c94eadd3cd0631af21886fe82e59d311a5d7b4f9ce361a717115a38fc8d	004ee89165d035d8c7ecbb0207224dca3fa7e6b32471e6dc0399007fe94590ee	research/strict/backward-global/strict_layer_backward_global_obstruction_campaign.md	004ee89165d035d8c7ecbb0207224dca3fa7e6b32471e6dc0399007fe94590ee	research/exact-lift/backward/backward-global-obstruction.md	7ddd6c94eadd3cd0631af21886fe82e59d311a5d7b4f9ce361a717115a38fc8d	004ee89165d035d8c7ecbb0207224dca3fa7e6b32471e6dc0399007fe94590ee	deduplicated	10-backward-global/strict_layer_backward_global_obstruction_campaign.md;archive-by-series/10-strict-layer-core/strict_layer_backward_global_obstruction_campaign.md	exact-duplicate	attempt	Exact byte duplicate of the canonical target; this source path is retained as provenance and no second canonical copy is created. Kind is a navigation label based on file type, path, and title; it does not upgrade evidence.
dongxuelian2/strict-layer-proof-research	https://github.com/dongxuelian2/strict-layer-proof-research	main	912fb4b67419d69c8c7d805b7fd2fcadd26e9a7a	archive-by-series/10-strict-layer-core/strict_layer_backward_global_witness_gluing_campaign.md	912fb4b67419d69c8c7d805b7fd2fcadd26e9a7a	cf740fb2989cfad96f09f05a599df9b275d90377	e9358bdb17584574ddb859f5a6e21773726ebaeb6f2e48c8b236ab0be02d3d9d	ba5932a58278688a455a090bec1c02db9c8d9bbc92589b8760b97df628b7dbdd	research/strict/backward-global/strict_layer_backward_global_witness_gluing_campaign.md	ba5932a58278688a455a090bec1c02db9c8d9bbc92589b8760b97df628b7dbdd	research/exact-lift/backward/backward-global-witness-gluing.md	e9358bdb17584574ddb859f5a6e21773726ebaeb6f2e48c8b236ab0be02d3d9d	ba5932a58278688a455a090bec1c02db9c8d9bbc92589b8760b97df628b7dbdd	deduplicated	10-backward-global/strict_layer_backward_global_witness_gluing_campaign.md;archive-by-series/10-strict-layer-core/strict_layer_backward_global_witness_gluing_campaign.md	exact-duplicate	attempt	Exact byte duplicate of the canonical target; this source path is retained as provenance and no second canonical copy is created. Kind is a navigation label based on file type, path, and title; it does not upgrade evidence.
dongxuelian2/strict-layer-proof-research	https://github.com/dongxuelian2/strict-layer-proof-research	main	912fb4b67419d69c8c7d805b7fd2fcadd26e9a7a	archive-by-series/10-strict-layer-core/strict_layer_moving_core_square_spacing_campaign.md	912fb4b67419d69c8c7d805b7fd2fcadd26e9a7a	e8bc9a7711162832b5319766dbe99883058940ca	b46ea4efcda67c29999d2b0acac02befdb281fcba209e518c80d608e19f43b4c	45d1aeaa678f0de9e619e1ead9950bc12892959a72ebfa87bf2c3f3cd5a67242	research/strict/DD/strict_layer_moving_core_square_spacing_campaign.md	45d1aeaa678f0de9e619e1ead9950bc12892959a72ebfa87bf2c3f3cd5a67242	research/denominator-structure/moving-core-square-spacing.md	b46ea4efcda67c29999d2b0acac02befdb281fcba209e518c80d608e19f43b4c	45d1aeaa678f0de9e619e1ead9950bc12892959a72ebfa87bf2c3f3cd5a67242	deduplicated	20-DD/strict_layer_moving_core_square_spacing_campaign.md;archive-by-series/10-strict-layer-core/strict_layer_moving_core_square_spacing_campaign.md	exact-duplicate	attempt	Exact byte duplicate of the canonical target; this source path is retained as provenance and no second canonical copy is created. Kind is a navigation label based on file type, path, and title; it does not upgrade evidence.
dongxuelian2/strict-layer-proof-research	https://github.com/dongxuelian2/strict-layer-proof-research	main	912fb4b67419d69c8c7d805b7fd2fcadd26e9a7a	archive-by-series/10-strict-layer-core/strict_layer_post_DD_consolidation_A1_frontier.md	912fb4b67419d69c8c7d805b7fd2fcadd26e9a7a	b6141021734843c83d213ea441c3b17f4dcdcdff	f0ef4ec810e9d0e32d52699f01072a5174efe37f07f45077cd30bc02c389e229	243b69d20fc2c0a4059d1da9f82513596e638d1436612452e520b3a56bb620e6	research/strict/DD/strict_layer_post_DD_consolidation_A1_frontier.md	243b69d20fc2c0a4059d1da9f82513596e638d1436612452e520b3a56bb620e6	research/denominator-structure/post-dd-consolidation-a1-frontier.md	f0ef4ec810e9d0e32d52699f01072a5174efe37f07f45077cd30bc02c389e229	243b69d20fc2c0a4059d1da9f82513596e638d1436612452e520b3a56bb620e6	deduplicated	20-DD/strict_layer_post_DD_consolidation_A1_frontier.md;archive-by-series/10-strict-layer-core/strict_layer_post_DD_consolidation_A1_frontier.md	exact-duplicate	attempt	Exact byte duplicate of the canonical target; this source path is retained as provenance and no second canonical copy is created. Kind is a navigation label based on file type, path, and title; it does not upgrade evidence.
dongxuelian2/strict-layer-proof-research	https://github.com/dongxuelian2/strict-layer-proof-research	main	912fb4b67419d69c8c7d805b7fd2fcadd26e9a7a	archive-by-series/10-strict-layer-core/strict_layer_unified_exact_lift_campaign(1).md	912fb4b67419d69c8c7d805b7fd2fcadd26e9a7a	4df55726dbc34413547df4373c70f5ff2336feaa	0e0fdbf8848c3674410c195139e563633727d43d5e9b4a65e08c99036c34a41b	f0d26023631a72116037e9d12ccd6568a58a831a5672e6329d3128793225594e	research/strict/foundation/strict_layer_unified_exact_lift_campaign.md	f0d26023631a72116037e9d12ccd6568a58a831a5672e6329d3128793225594e	research/exact-lift/unified-exact-lift.md	0e0fdbf8848c3674410c195139e563633727d43d5e9b4a65e08c99036c34a41b	f0d26023631a72116037e9d12ccd6568a58a831a5672e6329d3128793225594e	deduplicated	00-foundation/strict_layer_unified_exact_lift_campaign.md;archive-by-series/10-strict-layer-core/strict_layer_unified_exact_lift_campaign(1).md	exact-duplicate	attempt	Exact byte duplicate of the canonical target; this source path is retained as provenance and no second canonical copy is created. Kind is a navigation label based on file type, path, and title; it does not upgrade evidence.
dongxuelian2/strict-layer-proof-research	https://github.com/dongxuelian2/strict-layer-proof-research	main	912fb4b67419d69c8c7d805b7fd2fcadd26e9a7a	archive-by-series/10-strict-layer-core/strict_layer_unified_exact_lift_campaign.md	912fb4b67419d69c8c7d805b7fd2fcadd26e9a7a	0d15898e983cb405354e5d11b4e23ae7c5b33e0a	7c2441534e71d72e010631bd6053f42bd34d3b0d21d3ee1ec4c8e1f33747697e	f7924acf9aa0bef97026deb55708ccc7c08ca36f0e54d056f8469869a7873dd0	research/strict/foundation/archive/strict_layer_unified_exact_lift_campaign_initial.md	f7924acf9aa0bef97026deb55708ccc7c08ca36f0e54d056f8469869a7873dd0	research/foundations/archive/unified-exact-lift-initial.md	7c2441534e71d72e010631bd6053f42bd34d3b0d21d3ee1ec4c8e1f33747697e	f7924acf9aa0bef97026deb55708ccc7c08ca36f0e54d056f8469869a7873dd0	deduplicated	00-foundation/archive/strict_layer_unified_exact_lift_campaign_initial.md;archive-by-series/10-strict-layer-core/strict_layer_unified_exact_lift_campaign.md	exact-duplicate	attempt	Exact byte duplicate of the canonical target; this source path is retained as provenance and no second canonical copy is created. Kind is a navigation label based on file type, path, and title; it does not upgrade evidence.
dongxuelian2/strict-layer-proof-research	https://github.com/dongxuelian2/strict-layer-proof-research	main	912fb4b67419d69c8c7d805b7fd2fcadd26e9a7a	archive-by-series/20-DD-complete/DD-SA_A0-Inert_Coverage_Audit.md	912fb4b67419d69c8c7d805b7fd2fcadd26e9a7a	6c6c3e46a2c2e58c948d225ec942cb67ea02973a	20917a25b712f29b091aa3b71429779fa2bbd56eda2b1ba9245a2246547e5fcc	12b74be02e644c0132edc92c3ee388d15208248a65cc7c88ccf53c8221f03fe6	research/strict/DD/archive/20-DD-complete/DD-SA_A0-Inert_Coverage_Audit.md	12b74be02e644c0132edc92c3ee388d15208248a65cc7c88ccf53c8221f03fe6	research/denominator-structure/archive/dd-sa-a0-inert-coverage-audit.md	20917a25b712f29b091aa3b71429779fa2bbd56eda2b1ba9245a2246547e5fcc	12b74be02e644c0132edc92c3ee388d15208248a65cc7c88ccf53c8221f03fe6	canonical	archive-by-series/20-DD-complete/DD-SA_A0-Inert_Coverage_Audit.md	exact-duplicate	attempt	Exact byte duplicate of the canonical target; this source path is retained as provenance and no second canonical copy is created. Kind is a navigation label based on file type, path, and title; it does not upgrade evidence.
dongxuelian2/strict-layer-proof-research	https://github.com/dongxuelian2/strict-layer-proof-research	main	912fb4b67419d69c8c7d805b7fd2fcadd26e9a7a	archive-by-series/20-DD-complete/DD-SA_R11-R20_十轮证明归档.md	912fb4b67419d69c8c7d805b7fd2fcadd26e9a7a	a209f5b46586260b609e65fa3c217da59873ed75	84c070babc5991b34e9c29646894078d699f58201ed3908ca685325b19527177	16735d463313b4ead2df29ff7d420ebfba0ce5b86ab669d5f04f2fe90e05f3a6	research/strict/DD/archive/20-DD-complete/DD-SA_R11-R20_十轮证明归档.md	16735d463313b4ead2df29ff7d420ebfba0ce5b86ab669d5f04f2fe90e05f3a6	research/denominator-structure/archive/d-prime-equal-load-firewall.md	84c070babc5991b34e9c29646894078d699f58201ed3908ca685325b19527177	16735d463313b4ead2df29ff7d420ebfba0ce5b86ab669d5f04f2fe90e05f3a6	canonical	archive-by-series/20-DD-complete/DD-SA_R11-R20_十轮证明归档.md	exact-duplicate	attempt	Exact byte duplicate of the canonical target; this source path is retained as provenance and no second canonical copy is created. Kind is a navigation label based on file type, path, and title; it does not upgrade evidence.
dongxuelian2/strict-layer-proof-research	https://github.com/dongxuelian2/strict-layer-proof-research	main	912fb4b67419d69c8c7d805b7fd2fcadd26e9a7a	archive-by-series/20-DD-complete/DD-SA_R20_residual_tail_D_split_firewall.md	912fb4b67419d69c8c7d805b7fd2fcadd26e9a7a	457588a4752da1d2976903a7e376019d66785bf9	62bfb1e36a1759f360376ee12be9450ac4337173f0aeb09171f6ad927f19a5f1	8add9579aeb1f801e87a081ed09f59089042aa751a50ca4c162d433e1f61de20	research/strict/DD/archive/20-DD-complete/DD-SA_R20_residual_tail_D_split_firewall.md	8add9579aeb1f801e87a081ed09f59089042aa751a50ca4c162d433e1f61de20	research/denominator-structure/archive/dd-sa-r20-residual-tail-d-split-firewall.md	62bfb1e36a1759f360376ee12be9450ac4337173f0aeb09171f6ad927f19a5f1	8add9579aeb1f801e87a081ed09f59089042aa751a50ca4c162d433e1f61de20	canonical	archive-by-series/20-DD-complete/DD-SA_R20_residual_tail_D_split_firewall.md	exact-duplicate	attempt	Exact byte duplicate of the canonical target; this source path is retained as provenance and no second canonical copy is created. Kind is a navigation label based on file type, path, and title; it does not upgrade evidence.
dongxuelian2/strict-layer-proof-research	https://github.com/dongxuelian2/strict-layer-proof-research	main	912fb4b67419d69c8c7d805b7fd2fcadd26e9a7a	archive-by-series/20-DD-complete/DD-SA_stage_report_R1-R10.md	912fb4b67419d69c8c7d805b7fd2fcadd26e9a7a	1282d64f1c3236883ba13a43d22979dc0d9b11a2	fe5b937e714dc300a9b912f154bfcff571a5665ed1956443700974a284ffb566	72f8dcdfe409db54df1245dd4b2d0558f0e7400e344e780b6bcfbb5d7ee8aab7	research/strict/DD/archive/20-DD-complete/DD-SA_stage_report_R1-R10.md	72f8dcdfe409db54df1245dd4b2d0558f0e7400e344e780b6bcfbb5d7ee8aab7	research/denominator-structure/archive/dd-sa-r1-r10.md	fe5b937e714dc300a9b912f154bfcff571a5665ed1956443700974a284ffb566	72f8dcdfe409db54df1245dd4b2d0558f0e7400e344e780b6bcfbb5d7ee8aab7	canonical	archive-by-series/20-DD-complete/DD-SA_stage_report_R1-R10.md	exact-duplicate	attempt	Exact byte duplicate of the canonical target; this source path is retained as provenance and no second canonical copy is created. Kind is a navigation label based on file type, path, and title; it does not upgrade evidence.
dongxuelian2/strict-layer-proof-research	https://github.com/dongxuelian2/strict-layer-proof-research	main	912fb4b67419d69c8c7d805b7fd2fcadd26e9a7a	archive-by-series/20-DD-complete/strict_layer_DD_error_closure_campaign.md	912fb4b67419d69c8c7d805b7fd2fcadd26e9a7a	3f40c731649d98f76a121a807f44f2acbc2d5d2c	fe80268ea8a667e03254f2ab2a819fe68d38976b7ef0eb045787fdd5d4427a10	e286c080f9b4292d95e90fa98ba820f0af047c38990514b1ba61043a52d99c50	research/strict/DD/strict_layer_DD_error_closure_campaign.md	e286c080f9b4292d95e90fa98ba820f0af047c38990514b1ba61043a52d99c50	research/denominator-structure/dd-error-closure.md	fe80268ea8a667e03254f2ab2a819fe68d38976b7ef0eb045787fdd5d4427a10	e286c080f9b4292d95e90fa98ba820f0af047c38990514b1ba61043a52d99c50	deduplicated	20-DD/strict_layer_DD_error_closure_campaign.md;archive-by-series/20-DD-complete/strict_layer_DD_error_closure_campaign.md	exact-duplicate	result	Exact byte duplicate of the canonical target; this source path is retained as provenance and no second canonical copy is created. Kind is a navigation label based on file type, path, and title; it does not upgrade evidence.
dongxuelian2/strict-layer-proof-research	https://github.com/dongxuelian2/strict-layer-proof-research	main	912fb4b67419d69c8c7d805b7fd2fcadd26e9a7a	archive-by-series/20-DD-complete/strict_layer_DD_independence_audit.md	912fb4b67419d69c8c7d805b7fd2fcadd26e9a7a	fde05c1c41b09b77bb29ec577adc16d166513d1b	64ea459926679982b7c6be4b98b29348c5d8b658db26302ad171700e2c703f1b	fa64c7d84f20660113672ebb9a521b2fb50f0c92cce3e446a6f97957457681d1	research/strict/DD/strict_layer_DD_independence_audit.md	fa64c7d84f20660113672ebb9a521b2fb50f0c92cce3e446a6f97957457681d1	research/denominator-structure/dd-independence-audit.md	64ea459926679982b7c6be4b98b29348c5d8b658db26302ad171700e2c703f1b	fa64c7d84f20660113672ebb9a521b2fb50f0c92cce3e446a6f97957457681d1	deduplicated	20-DD/strict_layer_DD_independence_audit.md;archive-by-series/20-DD-complete/strict_layer_DD_independence_audit.md	exact-duplicate	attempt	Exact byte duplicate of the canonical target; this source path is retained as provenance and no second canonical copy is created. Kind is a navigation label based on file type, path, and title; it does not upgrade evidence.
dongxuelian2/strict-layer-proof-research	https://github.com/dongxuelian2/strict-layer-proof-research	main	912fb4b67419d69c8c7d805b7fd2fcadd26e9a7a	archive-by-series/20-DD-complete/strict_layer_DD_orientation_recovery_campaign.md	912fb4b67419d69c8c7d805b7fd2fcadd26e9a7a	e1a15e4edef651dac01f681167667a2c333d69e3	c2fd45420a503ce1fc4caefbb38894b739953368f8190ed44fb41edfb9c6b629	eb3fbc26709ed1fc50a21fc24e73b9041e4be28a4ad5013c9267f602f9bac179	research/strict/DD/strict_layer_DD_orientation_recovery_campaign.md	eb3fbc26709ed1fc50a21fc24e73b9041e4be28a4ad5013c9267f602f9bac179	research/denominator-structure/dd-orientation-recovery.md	c2fd45420a503ce1fc4caefbb38894b739953368f8190ed44fb41edfb9c6b629	eb3fbc26709ed1fc50a21fc24e73b9041e4be28a4ad5013c9267f602f9bac179	deduplicated	20-DD/strict_layer_DD_orientation_recovery_campaign.md;archive-by-series/20-DD-complete/strict_layer_DD_orientation_recovery_campaign.md	exact-duplicate	attempt	Exact byte duplicate of the canonical target; this source path is retained as provenance and no second canonical copy is created. Kind is a navigation label based on file type, path, and title; it does not upgrade evidence.
dongxuelian2/strict-layer-proof-research	https://github.com/dongxuelian2/strict-layer-proof-research	main	912fb4b67419d69c8c7d805b7fd2fcadd26e9a7a	archive-by-series/20-DD-complete/strict_layer_DD_oriented_tail_window_campaign.md	912fb4b67419d69c8c7d805b7fd2fcadd26e9a7a	1c9d5f59a1c05116f9665c54a95accc9d55b4f98	79bde44cd366f8f337242ccb16a891416d4d3eadaf98426fe09b6947ef13c510	94a1b378f1c411628eaf790759373038138700b0ce0255a20ae1754030232489	research/strict/DD/strict_layer_DD_oriented_tail_window_campaign.md	94a1b378f1c411628eaf790759373038138700b0ce0255a20ae1754030232489	research/denominator-structure/dd-oriented-tail-window.md	79bde44cd366f8f337242ccb16a891416d4d3eadaf98426fe09b6947ef13c510	94a1b378f1c411628eaf790759373038138700b0ce0255a20ae1754030232489	deduplicated	20-DD/strict_layer_DD_oriented_tail_window_campaign.md;archive-by-series/20-DD-complete/strict_layer_DD_oriented_tail_window_campaign.md	exact-duplicate	attempt	Exact byte duplicate of the canonical target; this source path is retained as provenance and no second canonical copy is created. Kind is a navigation label based on file type, path, and title; it does not upgrade evidence.
dongxuelian2/strict-layer-proof-research	https://github.com/dongxuelian2/strict-layer-proof-research	main	912fb4b67419d69c8c7d805b7fd2fcadd26e9a7a	archive-by-series/20-DD-complete/strict_layer_DD_post_deflation_campaign.md	912fb4b67419d69c8c7d805b7fd2fcadd26e9a7a	ca3c0cfda6ce78941a6e43630e77141b46be0259	8e7a760372081385b45a7101807b5438ac49d8ff93def870905f1f960b59132b	2ad8160f1757b2a4354eae8ec5b3f45ce80d2a552d8c3e72309f00a65b0ec2ba	research/strict/DD/strict_layer_DD_post_deflation_campaign.md	2ad8160f1757b2a4354eae8ec5b3f45ce80d2a552d8c3e72309f00a65b0ec2ba	research/denominator-structure/dd-post-deflation.md	8e7a760372081385b45a7101807b5438ac49d8ff93def870905f1f960b59132b	2ad8160f1757b2a4354eae8ec5b3f45ce80d2a552d8c3e72309f00a65b0ec2ba	deduplicated	20-DD/strict_layer_DD_post_deflation_campaign.md;archive-by-series/20-DD-complete/strict_layer_DD_post_deflation_campaign.md	exact-duplicate	attempt	Exact byte duplicate of the canonical target; this source path is retained as provenance and no second canonical copy is created. Kind is a navigation label based on file type, path, and title; it does not upgrade evidence.
dongxuelian2/strict-layer-proof-research	https://github.com/dongxuelian2/strict-layer-proof-research	main	912fb4b67419d69c8c7d805b7fd2fcadd26e9a7a	archive-by-series/20-DD-complete/strict_layer_DD_source_phase_information_audit.md	912fb4b67419d69c8c7d805b7fd2fcadd26e9a7a	18e09657c1c181f8fdfb834c21363bdbb6535c11	a1177cd474e92c9df5d92cf4bc7d5f053b1d8c08c7bdcbe3ba114851ba860c9d	7241f6be198977aa474df9eb7939ef0e0b9bbff800edc8f42a1fc2cd3d0ec4d5	research/strict/DD/strict_layer_DD_source_phase_information_audit.md	7241f6be198977aa474df9eb7939ef0e0b9bbff800edc8f42a1fc2cd3d0ec4d5	research/denominator-structure/dd-source-information-audit.md	a1177cd474e92c9df5d92cf4bc7d5f053b1d8c08c7bdcbe3ba114851ba860c9d	7241f6be198977aa474df9eb7939ef0e0b9bbff800edc8f42a1fc2cd3d0ec4d5	deduplicated	20-DD/strict_layer_DD_source_phase_information_audit.md;archive-by-series/20-DD-complete/strict_layer_DD_source_phase_information_audit.md	exact-duplicate	attempt	Exact byte duplicate of the canonical target; this source path is retained as provenance and no second canonical copy is created. Kind is a navigation label based on file type, path, and title; it does not upgrade evidence.
dongxuelian2/strict-layer-proof-research	https://github.com/dongxuelian2/strict-layer-proof-research	main	912fb4b67419d69c8c7d805b7fd2fcadd26e9a7a	archive-by-series/20-DD-complete/strict_layer_DD_supply_phase_synchronization_campaign.md	912fb4b67419d69c8c7d805b7fd2fcadd26e9a7a	9c6a7a2ff43d09dbae3acc14bab707b7225b518e	17d5b25c2c3492d6574c6b995ff6d7d815db9bb07c11435310d4a6a8c2744fd2	6dbd5fdd7224f9d7c9c92e4eb8722a0b6f62191a1f8837cdf1810a0f5cab573f	research/strict/DD/strict_layer_DD_supply_phase_synchronization_campaign.md	6dbd5fdd7224f9d7c9c92e4eb8722a0b6f62191a1f8837cdf1810a0f5cab573f	research/denominator-structure/dd-supply-synchronization.md	17d5b25c2c3492d6574c6b995ff6d7d815db9bb07c11435310d4a6a8c2744fd2	6dbd5fdd7224f9d7c9c92e4eb8722a0b6f62191a1f8837cdf1810a0f5cab573f	deduplicated	20-DD/strict_layer_DD_supply_phase_synchronization_campaign.md;archive-by-series/20-DD-complete/strict_layer_DD_supply_phase_synchronization_campaign.md	exact-duplicate	attempt	Exact byte duplicate of the canonical target; this source path is retained as provenance and no second canonical copy is created. Kind is a navigation label based on file type, path, and title; it does not upgrade evidence.
dongxuelian2/strict-layer-proof-research	https://github.com/dongxuelian2/strict-layer-proof-research	main	912fb4b67419d69c8c7d805b7fd2fcadd26e9a7a	archive-by-series/30-A1-pre-J2/strict_layer_A1_RU_H_first_candidate_excess_campaign.md	912fb4b67419d69c8c7d805b7fd2fcadd26e9a7a	6e250ab59c4f0d746fb5e8778f87c82279e6e382	b8ade15130fc3b3e3455bf711eddee5652d11db23d40f0492330f2d5f8c22dea	94e78612f54728b65ebb3612b722b21bea43942aa2edc4cfa374b5642e582a4f	research/strict/A1-forward/archive/30-A1-pre-J2/strict_layer_A1_RU_H_first_candidate_excess_campaign.md	94e78612f54728b65ebb3612b722b21bea43942aa2edc4cfa374b5642e582a4f	research/a1/forward/archive/a1-ru-h-first-candidate-excess.md	b8ade15130fc3b3e3455bf711eddee5652d11db23d40f0492330f2d5f8c22dea	94e78612f54728b65ebb3612b722b21bea43942aa2edc4cfa374b5642e582a4f	canonical	archive-by-series/30-A1-pre-J2/strict_layer_A1_RU_H_first_candidate_excess_campaign.md	exact-duplicate	attempt	Exact byte duplicate of the canonical target; this source path is retained as provenance and no second canonical copy is created. Kind is a navigation label based on file type, path, and title; it does not upgrade evidence.
dongxuelian2/strict-layer-proof-research	https://github.com/dongxuelian2/strict-layer-proof-research	main	912fb4b67419d69c8c7d805b7fd2fcadd26e9a7a	archive-by-series/30-A1-pre-J2/strict_layer_A1_SRCU_regression.py	912fb4b67419d69c8c7d805b7fd2fcadd26e9a7a	13ef3073e1f4a7be323c1e2c6295457421cb44dc	3ca12f9e23d2b3d50493bbdafab9ac79579f5d031dbf8b128a10ce27fedfb4b5	818e045c963b3f6d45e20fbe3d17d427342d01764f3a01c43e7fcd2b58623c9e			research/archive/strict-layer-proof-research/archive-by-series/30-A1-pre-J2/strict_layer_A1_SRCU_regression.py	3ca12f9e23d2b3d50493bbdafab9ac79579f5d031dbf8b128a10ce27fedfb4b5	818e045c963b3f6d45e20fbe3d17d427342d01764f3a01c43e7fcd2b58623c9e	archived	archive-by-series/30-A1-pre-J2/strict_layer_A1_SRCU_regression.py	source-only	computation	Source-only bytes preserved once at the canonical target under the frozen archive boundary; original source path remains an alias. Kind is a navigation label based on file type, path, and title; it does not upgrade evidence.
dongxuelian2/strict-layer-proof-research	https://github.com/dongxuelian2/strict-layer-proof-research	main	912fb4b67419d69c8c7d805b7fd2fcadd26e9a7a	archive-by-series/30-A1-pre-J2/strict_layer_A1_SRCU_state_after_campaign.md	912fb4b67419d69c8c7d805b7fd2fcadd26e9a7a	a22076881e7ae9e54d8c798214f9ba4eb3059dbe	ba63a4e56fe834703a8b0f0e20e7a3f0f575944efb2fc694c0f6225777996a8a	3443b40f4efc15322e221027a34be8103563885d8790830077c1bf1ac46adc0b	reports/strict/state/strict_layer_A1_SRCU_state_after_campaign.md	3443b40f4efc15322e221027a34be8103563885d8790830077c1bf1ac46adc0b	research/a1/state/a1-srcu-state-after.md	ba63a4e56fe834703a8b0f0e20e7a3f0f575944efb2fc694c0f6225777996a8a	3443b40f4efc15322e221027a34be8103563885d8790830077c1bf1ac46adc0b	deduplicated	50-state-and-computation/strict_layer_A1_SRCU_state_after_campaign.md;archive-by-series/30-A1-pre-J2/strict_layer_A1_SRCU_state_after_campaign.md	exact-duplicate	attempt	Exact byte duplicate of the canonical target; this source path is retained as provenance and no second canonical copy is created. Kind is a navigation label based on file type, path, and title; it does not upgrade evidence.
dongxuelian2/strict-layer-proof-research	https://github.com/dongxuelian2/strict-layer-proof-research	main	912fb4b67419d69c8c7d805b7fd2fcadd26e9a7a	archive-by-series/30-A1-pre-J2/strict_layer_A1_SRUS_state_after_resonance_transition_campaign.md	912fb4b67419d69c8c7d805b7fd2fcadd26e9a7a	9c2fc905905ce46a7396b2d1177b160472047622	92cb2375b579a3230a6032f18836bc8bcd66e3d1a31319ea0a65284aa5490827	47f64f92ec254d305d4f8ce796f0934db36f91c37dbeccb3e16a30f16a074b19	research/strict/A1-forward/archive/30-A1-pre-J2/strict_layer_A1_SRUS_state_after_resonance_transition_campaign.md	47f64f92ec254d305d4f8ce796f0934db36f91c37dbeccb3e16a30f16a074b19	research/a1/forward/archive/a1-srus-state-after-resonance-transition.md	92cb2375b579a3230a6032f18836bc8bcd66e3d1a31319ea0a65284aa5490827	47f64f92ec254d305d4f8ce796f0934db36f91c37dbeccb3e16a30f16a074b19	canonical	archive-by-series/30-A1-pre-J2/strict_layer_A1_SRUS_state_after_resonance_transition_campaign.md	exact-duplicate	attempt	Exact byte duplicate of the canonical target; this source path is retained as provenance and no second canonical copy is created. Kind is a navigation label based on file type, path, and title; it does not upgrade evidence.
dongxuelian2/strict-layer-proof-research	https://github.com/dongxuelian2/strict-layer-proof-research	main	912fb4b67419d69c8c7d805b7fd2fcadd26e9a7a	archive-by-series/30-A1-pre-J2/strict_layer_A1_double_euclidean_smith_gcd_terminal_campaign.md	912fb4b67419d69c8c7d805b7fd2fcadd26e9a7a	f9ec8c87a3f1054a1a5ac95d6f5073e195012d42	b193cdd29cd14f70290a08dfe1ae0e3c93ef91c8a41e20d83c7f25422acbabe3	f90ab827fe157876aea20c335a576254cf0c3eb663051c11c1a671c12eeed370	research/strict/A1-forward/strict_layer_A1_double_euclidean_smith_gcd_terminal_campaign.md	f90ab827fe157876aea20c335a576254cf0c3eb663051c11c1a671c12eeed370	research/a1/forward/a1-double-euclidean-smith-gcd-terminal.md	b193cdd29cd14f70290a08dfe1ae0e3c93ef91c8a41e20d83c7f25422acbabe3	f90ab827fe157876aea20c335a576254cf0c3eb663051c11c1a671c12eeed370	deduplicated	30-A1-forward/strict_layer_A1_double_euclidean_smith_gcd_terminal_campaign.md;archive-by-series/30-A1-pre-J2/strict_layer_A1_double_euclidean_smith_gcd_terminal_campaign.md	exact-duplicate	attempt	Exact byte duplicate of the canonical target; this source path is retained as provenance and no second canonical copy is created. Kind is a navigation label based on file type, path, and title; it does not upgrade evidence.
dongxuelian2/strict-layer-proof-research	https://github.com/dongxuelian2/strict-layer-proof-research	main	912fb4b67419d69c8c7d805b7fd2fcadd26e9a7a	archive-by-series/30-A1-pre-J2/strict_layer_A1_double_euclidean_word_smith_terminal_campaign.md	912fb4b67419d69c8c7d805b7fd2fcadd26e9a7a	fe41c1dc0fd9868e31a0752c238d12594164fdee	501362cf314848b73d3446bd7ce5af77238c56e7d6ed7f60101ef80f90ed3169	2e72adca88e837afd1f1503daa3135a1ca7393f6717167648d1e034d5cb08d3c	research/strict/A1-forward/strict_layer_A1_double_euclidean_word_smith_terminal_campaign.md	2e72adca88e837afd1f1503daa3135a1ca7393f6717167648d1e034d5cb08d3c	research/a1/forward/a1-double-euclidean-word-smith-terminal.md	501362cf314848b73d3446bd7ce5af77238c56e7d6ed7f60101ef80f90ed3169	2e72adca88e837afd1f1503daa3135a1ca7393f6717167648d1e034d5cb08d3c	deduplicated	30-A1-forward/strict_layer_A1_double_euclidean_word_smith_terminal_campaign.md;archive-by-series/30-A1-pre-J2/strict_layer_A1_double_euclidean_word_smith_terminal_campaign.md	exact-duplicate	result	Exact byte duplicate of the canonical target; this source path is retained as provenance and no second canonical copy is created. Kind is a navigation label based on file type, path, and title; it does not upgrade evidence.
dongxuelian2/strict-layer-proof-research	https://github.com/dongxuelian2/strict-layer-proof-research	main	912fb4b67419d69c8c7d805b7fd2fcadd26e9a7a	archive-by-series/30-A1-pre-J2/strict_layer_A1_endpoint_quotient_integer_alignment_campaign.md	912fb4b67419d69c8c7d805b7fd2fcadd26e9a7a	b2a4b32ed06b3e6312fa59ebab1c333ce37d9a29	b57946cbf410b2372fa620a13d8ba0788ec4eb8be09f77f41c52cd5a2af8ff1e	32547a6e84ab1fc083c4f2ab08c913bef82850da4daafae4928edb015aaaff49	research/strict/A1-forward/archive/30-A1-pre-J2/strict_layer_A1_endpoint_quotient_integer_alignment_campaign.md	32547a6e84ab1fc083c4f2ab08c913bef82850da4daafae4928edb015aaaff49	research/a1/forward/archive/a1-endpoint-quotient-integer-alignment.md	b57946cbf410b2372fa620a13d8ba0788ec4eb8be09f77f41c52cd5a2af8ff1e	32547a6e84ab1fc083c4f2ab08c913bef82850da4daafae4928edb015aaaff49	canonical	archive-by-series/30-A1-pre-J2/strict_layer_A1_endpoint_quotient_integer_alignment_campaign.md	exact-duplicate	failure	Exact byte duplicate of the canonical target; this source path is retained as provenance and no second canonical copy is created. Kind is a navigation label based on file type, path, and title; it does not upgrade evidence.
dongxuelian2/strict-layer-proof-research	https://github.com/dongxuelian2/strict-layer-proof-research	main	912fb4b67419d69c8c7d805b7fd2fcadd26e9a7a	archive-by-series/30-A1-pre-J2/strict_layer_A1_exact_mantissa_defect_quotient_campaign.md	912fb4b67419d69c8c7d805b7fd2fcadd26e9a7a	dbe489163c77e95a5b7444e628d04a2e050015b2	532234eff08a1792355917caa291ea97f272c81d14a8395010e62025ed6db27b	f5881416c13195ca1e72862b126c7f87fb92dd2e970fa9803c8548e2c05102dd	research/strict/A1-forward/strict_layer_A1_exact_mantissa_defect_quotient_campaign.md	f5881416c13195ca1e72862b126c7f87fb92dd2e970fa9803c8548e2c05102dd	research/a1/forward/a1-exact-mantissa-defect-quotient.md	532234eff08a1792355917caa291ea97f272c81d14a8395010e62025ed6db27b	f5881416c13195ca1e72862b126c7f87fb92dd2e970fa9803c8548e2c05102dd	deduplicated	30-A1-forward/strict_layer_A1_exact_mantissa_defect_quotient_campaign.md;archive-by-series/30-A1-pre-J2/strict_layer_A1_exact_mantissa_defect_quotient_campaign.md	exact-duplicate	attempt	Exact byte duplicate of the canonical target; this source path is retained as provenance and no second canonical copy is created. Kind is a navigation label based on file type, path, and title; it does not upgrade evidence.
dongxuelian2/strict-layer-proof-research	https://github.com/dongxuelian2/strict-layer-proof-research	main	912fb4b67419d69c8c7d805b7fd2fcadd26e9a7a	archive-by-series/30-A1-pre-J2/strict_layer_A1_exact_word_state_after_double_euclidean_campaign.md	912fb4b67419d69c8c7d805b7fd2fcadd26e9a7a	47b6e4a60781996385a5c0648465a5cc186b8425	0ac9c1032ecabb5812dbf3c630b253c192515c331c8355c0c78aa3832b5ae332	7d9f2a8e35b2615ca83be7cc2acbd31d4f90586b7dd759736f9262ce69401c7c	reports/strict/state/strict_layer_A1_exact_word_state_after_double_euclidean_campaign.md	7d9f2a8e35b2615ca83be7cc2acbd31d4f90586b7dd759736f9262ce69401c7c	research/a1/state/a1-exact-word-state-after-double-euclidean.md	0ac9c1032ecabb5812dbf3c630b253c192515c331c8355c0c78aa3832b5ae332	7d9f2a8e35b2615ca83be7cc2acbd31d4f90586b7dd759736f9262ce69401c7c	deduplicated	50-state-and-computation/strict_layer_A1_exact_word_state_after_double_euclidean_campaign.md;archive-by-series/30-A1-pre-J2/strict_layer_A1_exact_word_state_after_double_euclidean_campaign.md	exact-duplicate	attempt	Exact byte duplicate of the canonical target; this source path is retained as provenance and no second canonical copy is created. Kind is a navigation label based on file type, path, and title; it does not upgrade evidence.
dongxuelian2/strict-layer-proof-research	https://github.com/dongxuelian2/strict-layer-proof-research	main	912fb4b67419d69c8c7d805b7fd2fcadd26e9a7a	archive-by-series/30-A1-pre-J2/strict_layer_A1_flat_locus_structural_elimination_campaign.md	912fb4b67419d69c8c7d805b7fd2fcadd26e9a7a	9ce4e5e31301093d75f6bcbad76e02eb403691c8	2f70de6f2d79ff5b9e5c2a23575d87d2667b3e1eb76ab784c62241303b896cc9	870de827e5bdcdf438d82d81da5ab25d42ce271d62c665c59a16a82f28694ca8	research/strict/A1-forward/strict_layer_A1_flat_locus_structural_elimination_campaign.md	870de827e5bdcdf438d82d81da5ab25d42ce271d62c665c59a16a82f28694ca8	research/a1/forward/a1-flat-locus-structural-elimination.md	2f70de6f2d79ff5b9e5c2a23575d87d2667b3e1eb76ab784c62241303b896cc9	870de827e5bdcdf438d82d81da5ab25d42ce271d62c665c59a16a82f28694ca8	deduplicated	30-A1-forward/strict_layer_A1_flat_locus_structural_elimination_campaign.md;archive-by-series/30-A1-pre-J2/strict_layer_A1_flat_locus_structural_elimination_campaign.md	exact-duplicate	attempt	Exact byte duplicate of the canonical target; this source path is retained as provenance and no second canonical copy is created. Kind is a navigation label based on file type, path, and title; it does not upgrade evidence.
dongxuelian2/strict-layer-proof-research	https://github.com/dongxuelian2/strict-layer-proof-research	main	912fb4b67419d69c8c7d805b7fd2fcadd26e9a7a	archive-by-series/30-A1-pre-J2/strict_layer_A1_generic_primitive_defect_synchronization_campaign.md	912fb4b67419d69c8c7d805b7fd2fcadd26e9a7a	d489ee20246860006627d3b09b6445283029d9b9	7f149c8d3213473162132ec3a10197f881d880e002f2bffc6196e46ecd8394fd	41d961fa7a243d91b6346c4f8b406922278fddb3d89ebdc36393054ebf9f9f5d	research/strict/A1-forward/strict_layer_A1_generic_primitive_defect_synchronization_campaign.md	41d961fa7a243d91b6346c4f8b406922278fddb3d89ebdc36393054ebf9f9f5d	research/a1/forward/a1-generic-primitive-defect-synchronization.md	7f149c8d3213473162132ec3a10197f881d880e002f2bffc6196e46ecd8394fd	41d961fa7a243d91b6346c4f8b406922278fddb3d89ebdc36393054ebf9f9f5d	deduplicated	30-A1-forward/strict_layer_A1_generic_primitive_defect_synchronization_campaign.md;archive-by-series/30-A1-pre-J2/strict_layer_A1_generic_primitive_defect_synchronization_campaign.md	exact-duplicate	attempt	Exact byte duplicate of the canonical target; this source path is retained as provenance and no second canonical copy is created. Kind is a navigation label based on file type, path, and title; it does not upgrade evidence.
dongxuelian2/strict-layer-proof-research	https://github.com/dongxuelian2/strict-layer-proof-research	main	912fb4b67419d69c8c7d805b7fd2fcadd26e9a7a	archive-by-series/30-A1-pre-J2/strict_layer_A1_iterated_smith_coprime_radial_exclusion_campaign.md	912fb4b67419d69c8c7d805b7fd2fcadd26e9a7a	b2e307dc73aaafde95fd4b709482b7ba10a3362b	c459c3ca65624c112a96895c34d8fa01e500606c6fe441fc2b30baf3f146698e	7f8ba8746b3a0f3812401ca7dacb79a91a7ae96708d285a2696822258f893ffd	research/strict/A1-forward/strict_layer_A1_iterated_smith_coprime_radial_exclusion_campaign.md	7f8ba8746b3a0f3812401ca7dacb79a91a7ae96708d285a2696822258f893ffd	research/a1/forward/a1-iterated-smith-coprime-radial-exclusion.md	c459c3ca65624c112a96895c34d8fa01e500606c6fe441fc2b30baf3f146698e	7f8ba8746b3a0f3812401ca7dacb79a91a7ae96708d285a2696822258f893ffd	deduplicated	30-A1-forward/strict_layer_A1_iterated_smith_coprime_radial_exclusion_campaign.md;archive-by-series/30-A1-pre-J2/strict_layer_A1_iterated_smith_coprime_radial_exclusion_campaign.md	exact-duplicate	attempt	Exact byte duplicate of the canonical target; this source path is retained as provenance and no second canonical copy is created. Kind is a navigation label based on file type, path, and title; it does not upgrade evidence.
dongxuelian2/strict-layer-proof-research	https://github.com/dongxuelian2/strict-layer-proof-research	main	912fb4b67419d69c8c7d805b7fd2fcadd26e9a7a	archive-by-series/30-A1-pre-J2/strict_layer_A1_moving_core_decimal_translation_global_campaign.md	912fb4b67419d69c8c7d805b7fd2fcadd26e9a7a	ae8b647c3e81062780c5dfb9e8d0ae525f2f7b8a	e5d27c7278115854222c6d61341c70dfb63143c5e0d9d4c161f808a13deceba5	71f00a8d8427a0ac753c07f725600e74068c23fe409ba09ad1fa2f851464c37f	research/strict/A1-forward/strict_layer_A1_moving_core_decimal_translation_global_campaign.md	71f00a8d8427a0ac753c07f725600e74068c23fe409ba09ad1fa2f851464c37f	research/a1/forward/a1-moving-core-decimal-translation-global.md	e5d27c7278115854222c6d61341c70dfb63143c5e0d9d4c161f808a13deceba5	71f00a8d8427a0ac753c07f725600e74068c23fe409ba09ad1fa2f851464c37f	deduplicated	30-A1-forward/strict_layer_A1_moving_core_decimal_translation_global_campaign.md;archive-by-series/30-A1-pre-J2/strict_layer_A1_moving_core_decimal_translation_global_campaign.md	exact-duplicate	attempt	Exact byte duplicate of the canonical target; this source path is retained as provenance and no second canonical copy is created. Kind is a navigation label based on file type, path, and title; it does not upgrade evidence.
dongxuelian2/strict-layer-proof-research	https://github.com/dongxuelian2/strict-layer-proof-research	main	912fb4b67419d69c8c7d805b7fd2fcadd26e9a7a	archive-by-series/30-A1-pre-J2/strict_layer_A1_moving_profile_coprime_integer_scale_campaign.md	912fb4b67419d69c8c7d805b7fd2fcadd26e9a7a	653e274b4ab2911aaa832b92363fd3950c88ca5c	08793d3ee0760fb11e8b9192cd1e0190792098b10849dfcfb0f0ab94eadc9398	07975f7f3d51f5ccfea92b362ef613b9817ad0e6643699a68acc23099a40696d	research/strict/A1-forward/strict_layer_A1_moving_profile_coprime_integer_scale_campaign.md	07975f7f3d51f5ccfea92b362ef613b9817ad0e6643699a68acc23099a40696d	research/a1/forward/a1-moving-profile-coprime-integer-scale.md	08793d3ee0760fb11e8b9192cd1e0190792098b10849dfcfb0f0ab94eadc9398	07975f7f3d51f5ccfea92b362ef613b9817ad0e6643699a68acc23099a40696d	deduplicated	30-A1-forward/strict_layer_A1_moving_profile_coprime_integer_scale_campaign.md;archive-by-series/30-A1-pre-J2/strict_layer_A1_moving_profile_coprime_integer_scale_campaign.md	exact-duplicate	attempt	Exact byte duplicate of the canonical target; this source path is retained as provenance and no second canonical copy is created. Kind is a navigation label based on file type, path, and title; it does not upgrade evidence.
dongxuelian2/strict-layer-proof-research	https://github.com/dongxuelian2/strict-layer-proof-research	main	912fb4b67419d69c8c7d805b7fd2fcadd26e9a7a	archive-by-series/30-A1-pre-J2/strict_layer_A1_primitive_conic_common_U_digit_window_campaign.md	912fb4b67419d69c8c7d805b7fd2fcadd26e9a7a	af08b29e38e6f951c4df6e18397d6ae15d776f90	7fecbe35d539abf605ea27acc6fd2800cadb46ac46b81b8433d54f8a6fad2ef5	2d48c2158ab4121b04b0b89bcf481e4f31a70da1759c264fdf78c6e043bc5451	research/strict/A1-forward/strict_layer_A1_primitive_conic_common_U_digit_window_campaign.md	2d48c2158ab4121b04b0b89bcf481e4f31a70da1759c264fdf78c6e043bc5451	research/a1/forward/a1-primitive-conic-common-u-digit-window.md	7fecbe35d539abf605ea27acc6fd2800cadb46ac46b81b8433d54f8a6fad2ef5	2d48c2158ab4121b04b0b89bcf481e4f31a70da1759c264fdf78c6e043bc5451	deduplicated	30-A1-forward/strict_layer_A1_primitive_conic_common_U_digit_window_campaign.md;archive-by-series/30-A1-pre-J2/strict_layer_A1_primitive_conic_common_U_digit_window_campaign.md	exact-duplicate	attempt	Exact byte duplicate of the canonical target; this source path is retained as provenance and no second canonical copy is created. Kind is a navigation label based on file type, path, and title; it does not upgrade evidence.
dongxuelian2/strict-layer-proof-research	https://github.com/dongxuelian2/strict-layer-proof-research	main	912fb4b67419d69c8c7d805b7fd2fcadd26e9a7a	archive-by-series/30-A1-pre-J2/strict_layer_A1_radial_gate_scan.py	912fb4b67419d69c8c7d805b7fd2fcadd26e9a7a	ca6e769f07bca79187f61270082f9ed155249a6f	3175d6fa9821e814e013556aebb4e0e0d19f29ba679002b112ae1ad3d9e82d4d	3079cc7e7cb8a646bb2add47579c6146ee9948e75a55c9990963db2dc5f8bd00			research/archive/strict-layer-proof-research/archive-by-series/30-A1-pre-J2/strict_layer_A1_radial_gate_scan.py	3175d6fa9821e814e013556aebb4e0e0d19f29ba679002b112ae1ad3d9e82d4d	3079cc7e7cb8a646bb2add47579c6146ee9948e75a55c9990963db2dc5f8bd00	archived	archive-by-series/30-A1-pre-J2/strict_layer_A1_radial_gate_scan.py	source-only	computation	Source-only bytes preserved once at the canonical target under the frozen archive boundary; original source path remains an alias. Kind is a navigation label based on file type, path, and title; it does not upgrade evidence.
dongxuelian2/strict-layer-proof-research	https://github.com/dongxuelian2/strict-layer-proof-research	main	912fb4b67419d69c8c7d805b7fd2fcadd26e9a7a	archive-by-series/30-A1-pre-J2/strict_layer_A1_radial_gate_scan_output.txt	912fb4b67419d69c8c7d805b7fd2fcadd26e9a7a	53968419fbdd67696b4648b1f19d8aac01803db8	ed97a0fc74f879bcf42756547f1a86a708ef738b74827c51c9f7f3ac068c11a2	0dc76dfbb197e4e72336334572f04876812cb89d14a1c1de9aa0328cafcea2d1			research/a1/forward/computations/radial-gate-scan-output.txt	ed97a0fc74f879bcf42756547f1a86a708ef738b74827c51c9f7f3ac068c11a2	0dc76dfbb197e4e72336334572f04876812cb89d14a1c1de9aa0328cafcea2d1	deduplicated	50-state-and-computation/strict_layer_A1_radial_gate_scan_output.txt;archive-by-series/30-A1-pre-J2/strict_layer_A1_radial_gate_scan_output.txt	exact-duplicate	computation	Exact byte duplicate of the canonical target; this source path is retained as provenance and no second canonical copy is created. Kind is a navigation label based on file type, path, and title; it does not upgrade evidence.
dongxuelian2/strict-layer-proof-research	https://github.com/dongxuelian2/strict-layer-proof-research	main	912fb4b67419d69c8c7d805b7fd2fcadd26e9a7a	archive-by-series/30-A1-pre-J2/strict_layer_A1_resonance_RGCD_overload_extinction_campaign.md	912fb4b67419d69c8c7d805b7fd2fcadd26e9a7a	2af7bef5f03ab041f18debdb68fe857be6a87cd8	8ffce65a173370586b026806c71cad73c553263ae5cc3d19d12d94cd77553de7	2a1ca0f5e7d394f018d49e22af5c25422ce09f348e3f0ced28d64df5bf1355e0	research/strict/A1-forward/archive/30-A1-pre-J2/strict_layer_A1_resonance_RGCD_overload_extinction_campaign.md	2a1ca0f5e7d394f018d49e22af5c25422ce09f348e3f0ced28d64df5bf1355e0	research/a1/forward/archive/a1-resonance-rgcd-overload-extinction.md	8ffce65a173370586b026806c71cad73c553263ae5cc3d19d12d94cd77553de7	2a1ca0f5e7d394f018d49e22af5c25422ce09f348e3f0ced28d64df5bf1355e0	canonical	archive-by-series/30-A1-pre-J2/strict_layer_A1_resonance_RGCD_overload_extinction_campaign.md	exact-duplicate	failure	Exact byte duplicate of the canonical target; this source path is retained as provenance and no second canonical copy is created. Kind is a navigation label based on file type, path, and title; it does not upgrade evidence.
dongxuelian2/strict-layer-proof-research	https://github.com/dongxuelian2/strict-layer-proof-research	main	912fb4b67419d69c8c7d805b7fd2fcadd26e9a7a	archive-by-series/30-A1-pre-J2/strict_layer_A1_resonance_state_after_RGCD_campaign.md	912fb4b67419d69c8c7d805b7fd2fcadd26e9a7a	1d68e049c45f4a0b0ffe22eebcb1b95fa505b34c	ce9ae08344d0d5cdd43cdcf0fc0f5e1e660875e7d9c151240616fdbf86aacf54	441cbc6c0f9abf5b15e946a500f85ffbb3b61257e89d341e8cb0171bf02b234e	research/strict/A1-forward/archive/30-A1-pre-J2/strict_layer_A1_resonance_state_after_RGCD_campaign.md	441cbc6c0f9abf5b15e946a500f85ffbb3b61257e89d341e8cb0171bf02b234e	research/a1/forward/archive/a1-resonance-state-after-rgcd.md	ce9ae08344d0d5cdd43cdcf0fc0f5e1e660875e7d9c151240616fdbf86aacf54	441cbc6c0f9abf5b15e946a500f85ffbb3b61257e89d341e8cb0171bf02b234e	canonical	archive-by-series/30-A1-pre-J2/strict_layer_A1_resonance_state_after_RGCD_campaign.md	exact-duplicate	attempt	Exact byte duplicate of the canonical target; this source path is retained as provenance and no second canonical copy is created. Kind is a navigation label based on file type, path, and title; it does not upgrade evidence.
dongxuelian2/strict-layer-proof-research	https://github.com/dongxuelian2/strict-layer-proof-research	main	912fb4b67419d69c8c7d805b7fd2fcadd26e9a7a	archive-by-series/30-A1-pre-J2/strict_layer_A1_resonant_transition_reduced_fraction_unit_exclusion_campaign.md	912fb4b67419d69c8c7d805b7fd2fcadd26e9a7a	b4aaeb50aee9006be0e8ed8b3530a28c55180da3	1c2185aea25456c66bb8dbaeae5b3d5d19f00cb3ed2ad43775e565b1581d28c4	c988d48b69dc213f6bb92565d1bb8788dc5e1ff201cfc81518411bac24d9d201	research/strict/A1-forward/archive/30-A1-pre-J2/strict_layer_A1_resonant_transition_reduced_fraction_unit_exclusion_campaign.md	c988d48b69dc213f6bb92565d1bb8788dc5e1ff201cfc81518411bac24d9d201	research/a1/forward/archive/a1-resonant-transition-reduced-fraction-unit-exclusion.md	1c2185aea25456c66bb8dbaeae5b3d5d19f00cb3ed2ad43775e565b1581d28c4	c988d48b69dc213f6bb92565d1bb8788dc5e1ff201cfc81518411bac24d9d201	canonical	archive-by-series/30-A1-pre-J2/strict_layer_A1_resonant_transition_reduced_fraction_unit_exclusion_campaign.md	exact-duplicate	attempt	Exact byte duplicate of the canonical target; this source path is retained as provenance and no second canonical copy is created. Kind is a navigation label based on file type, path, and title; it does not upgrade evidence.
dongxuelian2/strict-layer-proof-research	https://github.com/dongxuelian2/strict-layer-proof-research	main	912fb4b67419d69c8c7d805b7fd2fcadd26e9a7a	archive-by-series/30-A1-pre-J2/strict_layer_A1_smith_reduced_common_U_exclusion_campaign.md	912fb4b67419d69c8c7d805b7fd2fcadd26e9a7a	dffa29714dc29dc184eaae74169eb70fe32de945	c644e33a782887f76629cf05ab42232f30922faae6ef0cfe1a94d2c39b215601	55cbbcc921123c8dd7096c95dd9d7946930f7b96a27bf33c2fe5c74b09c12e00	research/strict/A1-forward/strict_layer_A1_smith_reduced_common_U_exclusion_campaign.md	55cbbcc921123c8dd7096c95dd9d7946930f7b96a27bf33c2fe5c74b09c12e00	research/a1/forward/a1-smith-reduced-common-u-exclusion.md	c644e33a782887f76629cf05ab42232f30922faae6ef0cfe1a94d2c39b215601	55cbbcc921123c8dd7096c95dd9d7946930f7b96a27bf33c2fe5c74b09c12e00	deduplicated	30-A1-forward/strict_layer_A1_smith_reduced_common_U_exclusion_campaign.md;archive-by-series/30-A1-pre-J2/strict_layer_A1_smith_reduced_common_U_exclusion_campaign.md	exact-duplicate	attempt	Exact byte duplicate of the canonical target; this source path is retained as provenance and no second canonical copy is created. Kind is a navigation label based on file type, path, and title; it does not upgrade evidence.
dongxuelian2/strict-layer-proof-research	https://github.com/dongxuelian2/strict-layer-proof-research	main	912fb4b67419d69c8c7d805b7fd2fcadd26e9a7a	archive-by-series/30-A1-pre-J2/strict_layer_A1_unified_moving_profile_terminal_campaign.md	912fb4b67419d69c8c7d805b7fd2fcadd26e9a7a	591f28c0dd48209f1b138410238a4bd5d5e5a365	2e8a23f96548782eaaff4dda5f1edcd253423f7e67cbd2250c0b725456fe6965	e9c4542e7ccf3bf168f3a7f2b1d53c93c1530ac98e55a5c5f137afafa2d78b47	research/strict/A1-forward/strict_layer_A1_unified_moving_profile_terminal_campaign.md	e9c4542e7ccf3bf168f3a7f2b1d53c93c1530ac98e55a5c5f137afafa2d78b47	research/a1/forward/a1-unified-moving-profile-terminal.md	2e8a23f96548782eaaff4dda5f1edcd253423f7e67cbd2250c0b725456fe6965	e9c4542e7ccf3bf168f3a7f2b1d53c93c1530ac98e55a5c5f137afafa2d78b47	deduplicated	30-A1-forward/strict_layer_A1_unified_moving_profile_terminal_campaign.md;archive-by-series/30-A1-pre-J2/strict_layer_A1_unified_moving_profile_terminal_campaign.md	exact-duplicate	attempt	Exact byte duplicate of the canonical target; this source path is retained as provenance and no second canonical copy is created. Kind is a navigation label based on file type, path, and title; it does not upgrade evidence.
dongxuelian2/strict-layer-proof-research	https://github.com/dongxuelian2/strict-layer-proof-research	main	912fb4b67419d69c8c7d805b7fd2fcadd26e9a7a	archive-by-series/30-A1-pre-J2/strict_layer_A1_unified_state_after_long_campaign.md	912fb4b67419d69c8c7d805b7fd2fcadd26e9a7a	b3451dc245040146abf72f1226b670241eb6063e	219881b9944111ce769a503bc272b7efb2f3ae4f4db7ca5db05bc0f4c7bf6e3c	94cb7334b1625fc8634a388c83e361cd08e10027cb57d6ec256082712f15bbcb	reports/strict/state/strict_layer_A1_unified_state_after_long_campaign.md	94cb7334b1625fc8634a388c83e361cd08e10027cb57d6ec256082712f15bbcb	research/a1/state/a1-unified-state-after-long.md	219881b9944111ce769a503bc272b7efb2f3ae4f4db7ca5db05bc0f4c7bf6e3c	94cb7334b1625fc8634a388c83e361cd08e10027cb57d6ec256082712f15bbcb	deduplicated	50-state-and-computation/strict_layer_A1_unified_state_after_long_campaign.md;archive-by-series/30-A1-pre-J2/strict_layer_A1_unified_state_after_long_campaign.md	exact-duplicate	attempt	Exact byte duplicate of the canonical target; this source path is retained as provenance and no second canonical copy is created. Kind is a navigation label based on file type, path, and title; it does not upgrade evidence.
dongxuelian2/strict-layer-proof-research	https://github.com/dongxuelian2/strict-layer-proof-research	main	912fb4b67419d69c8c7d805b7fd2fcadd26e9a7a	archive-by-series/30-A1-pre-J2/strict_layer_A1_unified_terminal_checks.py	912fb4b67419d69c8c7d805b7fd2fcadd26e9a7a	d00512ed8d0d554ba14b5865151dbcfd71249bfe	8ecaabd03d5a3ff248f5cf5cacfa7e7a13c942fbcae43ecf6dc413053bd7fa92	55466467baf584d69db12b01b545dfd26a4c1f562fc400cf85b1e971d61113af			research/archive/strict-layer-proof-research/archive-by-series/30-A1-pre-J2/strict_layer_A1_unified_terminal_checks.py	8ecaabd03d5a3ff248f5cf5cacfa7e7a13c942fbcae43ecf6dc413053bd7fa92	55466467baf584d69db12b01b545dfd26a4c1f562fc400cf85b1e971d61113af	archived	archive-by-series/30-A1-pre-J2/strict_layer_A1_unified_terminal_checks.py	source-only	computation	Source-only bytes preserved once at the canonical target under the frozen archive boundary; original source path remains an alias. Kind is a navigation label based on file type, path, and title; it does not upgrade evidence.
dongxuelian2/strict-layer-proof-research	https://github.com/dongxuelian2/strict-layer-proof-research	main	912fb4b67419d69c8c7d805b7fd2fcadd26e9a7a	archive-by-series/30-A1-pre-J2/strict_layer_backward_A1_2x5_decimal_synchronization_campaign.md	912fb4b67419d69c8c7d805b7fd2fcadd26e9a7a	4dc6c10053be4d3a082f6c2a1d46b43d52e148b1	61ee6ff2b956d2de5cbbba0f557a50f902a07f460dd63a60e67cf1c56a6add68	a460a1427aa4fad487410f0b81735319eceff1ca87026a5b4161c44f49a047c8	research/strict/A1-backward/strict_layer_backward_A1_2x5_decimal_synchronization_campaign.md	a460a1427aa4fad487410f0b81735319eceff1ca87026a5b4161c44f49a047c8	research/a1/backward/backward-a1-2x5-decimal-synchronization.md	61ee6ff2b956d2de5cbbba0f557a50f902a07f460dd63a60e67cf1c56a6add68	a460a1427aa4fad487410f0b81735319eceff1ca87026a5b4161c44f49a047c8	deduplicated	40-A1-backward/strict_layer_backward_A1_2x5_decimal_synchronization_campaign.md;archive-by-series/30-A1-pre-J2/strict_layer_backward_A1_2x5_decimal_synchronization_campaign.md	exact-duplicate	attempt	Exact byte duplicate of the canonical target; this source path is retained as provenance and no second canonical copy is created. Kind is a navigation label based on file type, path, and title; it does not upgrade evidence.
dongxuelian2/strict-layer-proof-research	https://github.com/dongxuelian2/strict-layer-proof-research	main	912fb4b67419d69c8c7d805b7fd2fcadd26e9a7a	archive-by-series/30-A1-pre-J2/strict_layer_backward_A1_5phase_cut_synchronization_campaign.md	912fb4b67419d69c8c7d805b7fd2fcadd26e9a7a	81bc3349ce4fcb9e3360c1779b6c47fd47a779b0	2ce8bf751baf83349226683f033bf52268e9f5cdca4dd62468ab40678bad851f	34d8764df0d99e505939e9ffd2c4e99e563e2349b8428e91481ff71ff92323b2	research/strict/A1-backward/strict_layer_backward_A1_5phase_cut_synchronization_campaign.md	34d8764df0d99e505939e9ffd2c4e99e563e2349b8428e91481ff71ff92323b2	research/a1/backward/backward-a1-5phase-cut-synchronization.md	2ce8bf751baf83349226683f033bf52268e9f5cdca4dd62468ab40678bad851f	34d8764df0d99e505939e9ffd2c4e99e563e2349b8428e91481ff71ff92323b2	deduplicated	40-A1-backward/strict_layer_backward_A1_5phase_cut_synchronization_campaign.md;archive-by-series/30-A1-pre-J2/strict_layer_backward_A1_5phase_cut_synchronization_campaign.md	exact-duplicate	attempt	Exact byte duplicate of the canonical target; this source path is retained as provenance and no second canonical copy is created. Kind is a navigation label based on file type, path, and title; it does not upgrade evidence.
dongxuelian2/strict-layer-proof-research	https://github.com/dongxuelian2/strict-layer-proof-research	main	912fb4b67419d69c8c7d805b7fd2fcadd26e9a7a	archive-by-series/30-A1-pre-J2/strict_layer_backward_A1_common_U_pullback_primitive_radial_gluing_campaign.md	912fb4b67419d69c8c7d805b7fd2fcadd26e9a7a	3e23daa4c1c970b35e06d86734e12f7127eee0b8	6af5ee9f4182ddf286586925c2b6e3224f591190d1460b121394d2c0c67d550f	b27f0dec82b9ca669e98771335698b602f77d5c437737542bb34b3d60ad1f6e9	research/strict/A1-backward/strict_layer_backward_A1_common_U_pullback_primitive_radial_gluing_campaign.md	b27f0dec82b9ca669e98771335698b602f77d5c437737542bb34b3d60ad1f6e9	research/a1/backward/backward-a1-common-u-pullback-primitive-radial-gluing.md	6af5ee9f4182ddf286586925c2b6e3224f591190d1460b121394d2c0c67d550f	b27f0dec82b9ca669e98771335698b602f77d5c437737542bb34b3d60ad1f6e9	deduplicated	40-A1-backward/strict_layer_backward_A1_common_U_pullback_primitive_radial_gluing_campaign.md;archive-by-series/30-A1-pre-J2/strict_layer_backward_A1_common_U_pullback_primitive_radial_gluing_campaign.md	exact-duplicate	attempt	Exact byte duplicate of the canonical target; this source path is retained as provenance and no second canonical copy is created. Kind is a navigation label based on file type, path, and title; it does not upgrade evidence.
dongxuelian2/strict-layer-proof-research	https://github.com/dongxuelian2/strict-layer-proof-research	main	912fb4b67419d69c8c7d805b7fd2fcadd26e9a7a	archive-by-series/30-A1-pre-J2/strict_layer_backward_A1_same_cut_norm_excess_campaign.md	912fb4b67419d69c8c7d805b7fd2fcadd26e9a7a	a7da7deabe4e1d02fa66ae9d01a6921077faa0ae	0d99f8fb86aa0bc8ac5de6283925e555c7cfffac80d0019ffece20780888a50d	c558bfd531bb0680ed0762d50c18a16ec7f2d7367213ef83935e9d8ce0a62280	research/strict/A1-backward/strict_layer_backward_A1_same_cut_norm_excess_campaign.md	c558bfd531bb0680ed0762d50c18a16ec7f2d7367213ef83935e9d8ce0a62280	research/a1/backward/backward-a1-same-cut-norm-excess.md	0d99f8fb86aa0bc8ac5de6283925e555c7cfffac80d0019ffece20780888a50d	c558bfd531bb0680ed0762d50c18a16ec7f2d7367213ef83935e9d8ce0a62280	deduplicated	40-A1-backward/strict_layer_backward_A1_same_cut_norm_excess_campaign.md;archive-by-series/30-A1-pre-J2/strict_layer_backward_A1_same_cut_norm_excess_campaign.md	exact-duplicate	attempt	Exact byte duplicate of the canonical target; this source path is retained as provenance and no second canonical copy is created. Kind is a navigation label based on file type, path, and title; it does not upgrade evidence.
dongxuelian2/strict-layer-proof-research	https://github.com/dongxuelian2/strict-layer-proof-research	main	912fb4b67419d69c8c7d805b7fd2fcadd26e9a7a	archive-by-series/30-A1-pre-J2/strict_layer_backward_A1_word_recovery_architecture_campaign.md	912fb4b67419d69c8c7d805b7fd2fcadd26e9a7a	1ca4d0fd898ae3f1fc6e65f5e3f578eac60b2114	748dc49340e470ea63b4be820673c00ad7527e99f88bb9eb4afec6a06b41fc81	d48e4073da7fd65dae0c1828804cbff4717a96081ba126247477bf757a47fc6a	research/strict/A1-backward/strict_layer_backward_A1_word_recovery_architecture_campaign.md	d48e4073da7fd65dae0c1828804cbff4717a96081ba126247477bf757a47fc6a	research/a1/backward/backward-a1-word-recovery-architecture.md	748dc49340e470ea63b4be820673c00ad7527e99f88bb9eb4afec6a06b41fc81	d48e4073da7fd65dae0c1828804cbff4717a96081ba126247477bf757a47fc6a	deduplicated	40-A1-backward/strict_layer_backward_A1_word_recovery_architecture_campaign.md;archive-by-series/30-A1-pre-J2/strict_layer_backward_A1_word_recovery_architecture_campaign.md	exact-duplicate	attempt	Exact byte duplicate of the canonical target; this source path is retained as provenance and no second canonical copy is created. Kind is a navigation label based on file type, path, and title; it does not upgrade evidence.
dongxuelian2/strict-layer-proof-research	https://github.com/dongxuelian2/strict-layer-proof-research	main	912fb4b67419d69c8c7d805b7fd2fcadd26e9a7a	archive-by-series/40-A1-J2-plans-01-10/A1_J2_CQLRC8_Report.md	912fb4b67419d69c8c7d805b7fd2fcadd26e9a7a	ed95c6408a885e111f984bbbd546cd5083b7f79a	bbfc5e140dd7c267bee3795b2491b95af3b18dfdb8d6f694695f18db714761eb	7de985443ba2192b488f96048f21d6843df2abd082b0f900dd848bf0dd19ef05	research/strict/campaigns/J2-55/pre-J2-plans-01-10/A1_J2_CQLRC8_Report.md	7de985443ba2192b488f96048f21d6843df2abd082b0f900dd848bf0dd19ef05	research/a1/j2/records/cqlrc8.md	bbfc5e140dd7c267bee3795b2491b95af3b18dfdb8d6f694695f18db714761eb	7de985443ba2192b488f96048f21d6843df2abd082b0f900dd848bf0dd19ef05	canonical	archive-by-series/40-A1-J2-plans-01-10/A1_J2_CQLRC8_Report.md	exact-duplicate	attempt	Exact byte duplicate of the canonical target; this source path is retained as provenance and no second canonical copy is created. Kind is a navigation label based on file type, path, and title; it does not upgrade evidence.
dongxuelian2/strict-layer-proof-research	https://github.com/dongxuelian2/strict-layer-proof-research	main	912fb4b67419d69c8c7d805b7fd2fcadd26e9a7a	archive-by-series/40-A1-J2-plans-01-10/A1_J2_CQLRC8_certificate.txt	912fb4b67419d69c8c7d805b7fd2fcadd26e9a7a	a65b3268458f22cc52ececf1dc381f85b21fa091	567b27422541a4711c295232e182ad7d144ad6ce113e31767998144151adf64c	d05b6f37e744db9b528fd0f747a7beb393f77d8b44ca7a74d8a30f264dd6e410			research/archive/strict-layer-proof-research/archive-by-series/40-A1-J2-plans-01-10/A1_J2_CQLRC8_certificate.txt	567b27422541a4711c295232e182ad7d144ad6ce113e31767998144151adf64c	d05b6f37e744db9b528fd0f747a7beb393f77d8b44ca7a74d8a30f264dd6e410	archived	archive-by-series/40-A1-J2-plans-01-10/A1_J2_CQLRC8_certificate.txt	source-only	computation	Source-only bytes preserved once at the canonical target under the frozen archive boundary; original source path remains an alias. Kind is a navigation label based on file type, path, and title; it does not upgrade evidence.
dongxuelian2/strict-layer-proof-research	https://github.com/dongxuelian2/strict-layer-proof-research	main	912fb4b67419d69c8c7d805b7fd2fcadd26e9a7a	archive-by-series/40-A1-J2-plans-01-10/A1_J2_CQLRC8_quotient.py	912fb4b67419d69c8c7d805b7fd2fcadd26e9a7a	0fbf045cb5cb05c424a09da4d23b593d6302c54c	5ca6dfa2295def6e09c4bd5c2a52d4c9fa62f9939ffc4b361220f3cba9851c1d	b593d4b7c56b8cb526e6b6c68f105103ce821f4d8b385927816d98944bffdd21			research/archive/strict-layer-proof-research/archive-by-series/40-A1-J2-plans-01-10/A1_J2_CQLRC8_quotient.py	5ca6dfa2295def6e09c4bd5c2a52d4c9fa62f9939ffc4b361220f3cba9851c1d	b593d4b7c56b8cb526e6b6c68f105103ce821f4d8b385927816d98944bffdd21	archived	archive-by-series/40-A1-J2-plans-01-10/A1_J2_CQLRC8_quotient.py	source-only	computation	Source-only bytes preserved once at the canonical target under the frozen archive boundary; original source path remains an alias. Kind is a navigation label based on file type, path, and title; it does not upgrade evidence.
dongxuelian2/strict-layer-proof-research	https://github.com/dongxuelian2/strict-layer-proof-research	main	912fb4b67419d69c8c7d805b7fd2fcadd26e9a7a	archive-by-series/40-A1-J2-plans-01-10/A1_J2_CQLRC8_root.py	912fb4b67419d69c8c7d805b7fd2fcadd26e9a7a	69c53d74dbc5ef347c3f481b9ab7e3156f525175	89af4893b3b845e22d4f0f23659c0e83c0d3e585ddf8625ec72118642bd8648e	928eb59ea560609edb56a005bfb3e160c56fe2df9dd8366aa6f5a6f00d48b10a			research/archive/strict-layer-proof-research/archive-by-series/40-A1-J2-plans-01-10/A1_J2_CQLRC8_root.py	89af4893b3b845e22d4f0f23659c0e83c0d3e585ddf8625ec72118642bd8648e	928eb59ea560609edb56a005bfb3e160c56fe2df9dd8366aa6f5a6f00d48b10a	archived	archive-by-series/40-A1-J2-plans-01-10/A1_J2_CQLRC8_root.py	source-only	computation	Source-only bytes preserved once at the canonical target under the frozen archive boundary; original source path remains an alias. Kind is a navigation label based on file type, path, and title; it does not upgrade evidence.
dongxuelian2/strict-layer-proof-research	https://github.com/dongxuelian2/strict-layer-proof-research	main	912fb4b67419d69c8c7d805b7fd2fcadd26e9a7a	archive-by-series/40-A1-J2-plans-01-10/A1_J2_CQLRC8_search.py	912fb4b67419d69c8c7d805b7fd2fcadd26e9a7a	15beaacd54a19f28b32bb56da28f00c82107416f	6a23275ff959848d2d4414cc502b332cd5c9118c3e0c0aaf00eb2443a0c9a288	a7bd71000cbf7301463c1cb0f212c413a99b32101244c155b7c3e7606e4b0a7b			research/archive/strict-layer-proof-research/archive-by-series/40-A1-J2-plans-01-10/A1_J2_CQLRC8_search.py	6a23275ff959848d2d4414cc502b332cd5c9118c3e0c0aaf00eb2443a0c9a288	a7bd71000cbf7301463c1cb0f212c413a99b32101244c155b7c3e7606e4b0a7b	archived	archive-by-series/40-A1-J2-plans-01-10/A1_J2_CQLRC8_search.py	source-only	computation	Source-only bytes preserved once at the canonical target under the frozen archive boundary; original source path remains an alias. Kind is a navigation label based on file type, path, and title; it does not upgrade evidence.
dongxuelian2/strict-layer-proof-research	https://github.com/dongxuelian2/strict-layer-proof-research	main	912fb4b67419d69c8c7d805b7fd2fcadd26e9a7a	archive-by-series/40-A1-J2-plans-01-10/A1_J2_CQLRC8_search_certificate.txt	912fb4b67419d69c8c7d805b7fd2fcadd26e9a7a	766ba0a8dcd4f9e1013ecb5d29a41e636aa19e3e	75f59af9f48444ef452bf8dd87c803f1ff12a14aed0f5474aca37287e8a1c22b	e02dac52183e75b997194ca24fee1e4d3f276454c89bc76984776feff20c854e			research/archive/strict-layer-proof-research/archive-by-series/40-A1-J2-plans-01-10/A1_J2_CQLRC8_search_certificate.txt	75f59af9f48444ef452bf8dd87c803f1ff12a14aed0f5474aca37287e8a1c22b	e02dac52183e75b997194ca24fee1e4d3f276454c89bc76984776feff20c854e	archived	archive-by-series/40-A1-J2-plans-01-10/A1_J2_CQLRC8_search_certificate.txt	source-only	computation	Source-only bytes preserved once at the canonical target under the frozen archive boundary; original source path remains an alias. Kind is a navigation label based on file type, path, and title; it does not upgrade evidence.
dongxuelian2/strict-layer-proof-research	https://github.com/dongxuelian2/strict-layer-proof-research	main	912fb4b67419d69c8c7d805b7fd2fcadd26e9a7a	archive-by-series/40-A1-J2-plans-01-10/A1_J2_CZDR_Report.md	912fb4b67419d69c8c7d805b7fd2fcadd26e9a7a	c13bf9fd157dff9cd3484d28ee402b8b52e7fc9b	2631a3b44fec528fff92abae721b4458548e06c20bac40b5feb0c7cb080e6601	b7bbd897a56fff7cbb091e0016d5aa11c000bad4c1b4d3ba930f70c01ae6df6c	research/strict/campaigns/J2-55/pre-J2-plans-01-10/A1_J2_CZDR_Report.md	b7bbd897a56fff7cbb091e0016d5aa11c000bad4c1b4d3ba930f70c01ae6df6c	research/a1/j2/records/czdr.md	2631a3b44fec528fff92abae721b4458548e06c20bac40b5feb0c7cb080e6601	b7bbd897a56fff7cbb091e0016d5aa11c000bad4c1b4d3ba930f70c01ae6df6c	canonical	archive-by-series/40-A1-J2-plans-01-10/A1_J2_CZDR_Report.md	exact-duplicate	attempt	Exact byte duplicate of the canonical target; this source path is retained as provenance and no second canonical copy is created. Kind is a navigation label based on file type, path, and title; it does not upgrade evidence.
dongxuelian2/strict-layer-proof-research	https://github.com/dongxuelian2/strict-layer-proof-research	main	912fb4b67419d69c8c7d805b7fd2fcadd26e9a7a	archive-by-series/40-A1-J2-plans-01-10/A1_J2_CZDR_certificate.txt	912fb4b67419d69c8c7d805b7fd2fcadd26e9a7a	eb6c1ba760084c388786b996bb193df031d268dd	6d685b04acfc02ebe2b101c2fad73137bcf8a4ce75fb29218cd4853b40c75cd4	e70f0a7fbb2ea5403900a030b34b0ea760563e20bf08ab5d96f51fd6aaf19ec7			research/archive/strict-layer-proof-research/archive-by-series/40-A1-J2-plans-01-10/A1_J2_CZDR_certificate.txt	6d685b04acfc02ebe2b101c2fad73137bcf8a4ce75fb29218cd4853b40c75cd4	e70f0a7fbb2ea5403900a030b34b0ea760563e20bf08ab5d96f51fd6aaf19ec7	archived	archive-by-series/40-A1-J2-plans-01-10/A1_J2_CZDR_certificate.txt	source-only	computation	Source-only bytes preserved once at the canonical target under the frozen archive boundary; original source path remains an alias. Kind is a navigation label based on file type, path, and title; it does not upgrade evidence.
dongxuelian2/strict-layer-proof-research	https://github.com/dongxuelian2/strict-layer-proof-research	main	912fb4b67419d69c8c7d805b7fd2fcadd26e9a7a	archive-by-series/40-A1-J2-plans-01-10/A1_J2_CZDR_search.py	912fb4b67419d69c8c7d805b7fd2fcadd26e9a7a	1206d46ede92c29852fcfcbcafac6a64b8910a7b	620bae5f816d17e0f6a9a4b1c936d93e105c8944fdb0567ae2721603d9b7a9c0	92c89122a79bcf47c1f3a8820b0de1cbaafd0e9a43e9ecede7586f229df604b6			research/archive/strict-layer-proof-research/archive-by-series/40-A1-J2-plans-01-10/A1_J2_CZDR_search.py	620bae5f816d17e0f6a9a4b1c936d93e105c8944fdb0567ae2721603d9b7a9c0	92c89122a79bcf47c1f3a8820b0de1cbaafd0e9a43e9ecede7586f229df604b6	archived	archive-by-series/40-A1-J2-plans-01-10/A1_J2_CZDR_search.py	source-only	computation	Source-only bytes preserved once at the canonical target under the frozen archive boundary; original source path remains an alias. Kind is a navigation label based on file type, path, and title; it does not upgrade evidence.
dongxuelian2/strict-layer-proof-research	https://github.com/dongxuelian2/strict-layer-proof-research	main	912fb4b67419d69c8c7d805b7fd2fcadd26e9a7a	archive-by-series/40-A1-J2-plans-01-10/A1_J2_DCDC5_Report.md	912fb4b67419d69c8c7d805b7fd2fcadd26e9a7a	432eb20be10e782ee7b570a9366451da288014c1	7eac5d42560142a09e805147ad07ee2b4a22e0f1e9159b3356d070003c803f45	c50f115640e5be1bbff9cd787410a4ea506402bdf21f38bfc6f5db154e53be2c	research/strict/campaigns/J2-55/pre-J2-plans-01-10/A1_J2_DCDC5_Report.md	c50f115640e5be1bbff9cd787410a4ea506402bdf21f38bfc6f5db154e53be2c	research/a1/j2/records/dcdc5.md	7eac5d42560142a09e805147ad07ee2b4a22e0f1e9159b3356d070003c803f45	c50f115640e5be1bbff9cd787410a4ea506402bdf21f38bfc6f5db154e53be2c	canonical	archive-by-series/40-A1-J2-plans-01-10/A1_J2_DCDC5_Report.md	exact-duplicate	attempt	Exact byte duplicate of the canonical target; this source path is retained as provenance and no second canonical copy is created. Kind is a navigation label based on file type, path, and title; it does not upgrade evidence.
dongxuelian2/strict-layer-proof-research	https://github.com/dongxuelian2/strict-layer-proof-research	main	912fb4b67419d69c8c7d805b7fd2fcadd26e9a7a	archive-by-series/40-A1-J2-plans-01-10/A1_J2_DCDC5_certificate.txt	912fb4b67419d69c8c7d805b7fd2fcadd26e9a7a	138f284ee0fc61780cad65566111ffdb9905c620	fa8b0d58fe345930345fe9069aba556396664fad9f6a1a9d52197d9875a1dd1b	e0dba95f28010c8b625486b98abc3f1a5ca693b4bfa0873c10305d6a59913008			research/archive/strict-layer-proof-research/archive-by-series/40-A1-J2-plans-01-10/A1_J2_DCDC5_certificate.txt	fa8b0d58fe345930345fe9069aba556396664fad9f6a1a9d52197d9875a1dd1b	e0dba95f28010c8b625486b98abc3f1a5ca693b4bfa0873c10305d6a59913008	archived	archive-by-series/40-A1-J2-plans-01-10/A1_J2_DCDC5_certificate.txt	source-only	computation	Source-only bytes preserved once at the canonical target under the frozen archive boundary; original source path remains an alias. Kind is a navigation label based on file type, path, and title; it does not upgrade evidence.
dongxuelian2/strict-layer-proof-research	https://github.com/dongxuelian2/strict-layer-proof-research	main	912fb4b67419d69c8c7d805b7fd2fcadd26e9a7a	archive-by-series/40-A1-J2-plans-01-10/A1_J2_DCDC5_search.py	912fb4b67419d69c8c7d805b7fd2fcadd26e9a7a	735179fb1a19339a44a1f196b0db0101d8dd3571	ea99213d59843232df9df42d2e3c4bf2c7715e0c3954a996ec25a57c707f7410	b76c034c8ea7d3c9376b4a428f2e18994c76103674e4e7b1a2b51df66dc0a727			research/archive/strict-layer-proof-research/archive-by-series/40-A1-J2-plans-01-10/A1_J2_DCDC5_search.py	ea99213d59843232df9df42d2e3c4bf2c7715e0c3954a996ec25a57c707f7410	b76c034c8ea7d3c9376b4a428f2e18994c76103674e4e7b1a2b51df66dc0a727	archived	archive-by-series/40-A1-J2-plans-01-10/A1_J2_DCDC5_search.py	source-only	computation	Source-only bytes preserved once at the canonical target under the frozen archive boundary; original source path remains an alias. Kind is a navigation label based on file type, path, and title; it does not upgrade evidence.
dongxuelian2/strict-layer-proof-research	https://github.com/dongxuelian2/strict-layer-proof-research	main	912fb4b67419d69c8c7d805b7fd2fcadd26e9a7a	archive-by-series/40-A1-J2-plans-01-10/A1_J2_FQTR6_L5_certificate.txt	912fb4b67419d69c8c7d805b7fd2fcadd26e9a7a	6fad4df5f77ee15c28a9ff9c51a906624d5d34a9	dbb1b152e1f94ff2e2285f8e033d23db66f63bc1414ddd77d5b2d68e530a4ba3	37e6645766c6c64a7c2f5b3df54413957be8b4e037e5e1cd9dffe429b0506a90			research/archive/strict-layer-proof-research/archive-by-series/40-A1-J2-plans-01-10/A1_J2_FQTR6_L5_certificate.txt	dbb1b152e1f94ff2e2285f8e033d23db66f63bc1414ddd77d5b2d68e530a4ba3	37e6645766c6c64a7c2f5b3df54413957be8b4e037e5e1cd9dffe429b0506a90	archived	archive-by-series/40-A1-J2-plans-01-10/A1_J2_FQTR6_L5_certificate.txt	source-only	computation	Source-only bytes preserved once at the canonical target under the frozen archive boundary; original source path remains an alias. Kind is a navigation label based on file type, path, and title; it does not upgrade evidence.
dongxuelian2/strict-layer-proof-research	https://github.com/dongxuelian2/strict-layer-proof-research	main	912fb4b67419d69c8c7d805b7fd2fcadd26e9a7a	archive-by-series/40-A1-J2-plans-01-10/A1_J2_FQTR6_Report.md	912fb4b67419d69c8c7d805b7fd2fcadd26e9a7a	644bd0452c13e946aa4349a8c052d1be09efc431	cd8aebbfed5831a1f6dda35af907b809e2650786ca6f949bba691d0610d9f4bf	bb6785a30b0f210f693ddc78c8952a8af7ea485e0b27c9d24cacfdc51bc21536	research/strict/campaigns/J2-55/pre-J2-plans-01-10/A1_J2_FQTR6_Report.md	bb6785a30b0f210f693ddc78c8952a8af7ea485e0b27c9d24cacfdc51bc21536	research/a1/j2/records/fqtr6.md	cd8aebbfed5831a1f6dda35af907b809e2650786ca6f949bba691d0610d9f4bf	bb6785a30b0f210f693ddc78c8952a8af7ea485e0b27c9d24cacfdc51bc21536	canonical	archive-by-series/40-A1-J2-plans-01-10/A1_J2_FQTR6_Report.md	exact-duplicate	attempt	Exact byte duplicate of the canonical target; this source path is retained as provenance and no second canonical copy is created. Kind is a navigation label based on file type, path, and title; it does not upgrade evidence.
dongxuelian2/strict-layer-proof-research	https://github.com/dongxuelian2/strict-layer-proof-research	main	912fb4b67419d69c8c7d805b7fd2fcadd26e9a7a	archive-by-series/40-A1-J2-plans-01-10/A1_J2_FQTR6_certificate.txt	912fb4b67419d69c8c7d805b7fd2fcadd26e9a7a	1943809df964b4d6dd7dbf2642916c9807587e90	99aac35103e0aee794947c16615a181fe02a98ab9297249369e21e85dc918abb	024b4fd5163b28773c7267ff8153a093785f9205beb7ebf8abf4ea5de5ea76d0			research/archive/strict-layer-proof-research/archive-by-series/40-A1-J2-plans-01-10/A1_J2_FQTR6_certificate.txt	99aac35103e0aee794947c16615a181fe02a98ab9297249369e21e85dc918abb	024b4fd5163b28773c7267ff8153a093785f9205beb7ebf8abf4ea5de5ea76d0	archived	archive-by-series/40-A1-J2-plans-01-10/A1_J2_FQTR6_certificate.txt	source-only	computation	Source-only bytes preserved once at the canonical target under the frozen archive boundary; original source path remains an alias. Kind is a navigation label based on file type, path, and title; it does not upgrade evidence.
dongxuelian2/strict-layer-proof-research	https://github.com/dongxuelian2/strict-layer-proof-research	main	912fb4b67419d69c8c7d805b7fd2fcadd26e9a7a	archive-by-series/40-A1-J2-plans-01-10/A1_J2_FQTR6_search.py	912fb4b67419d69c8c7d805b7fd2fcadd26e9a7a	fb84a5472a25cfe1ebf9a74e3c0a4f5bebf5bd4f	74b2173f692d8b6f79be12472f22011020c165cc4eeb70cb09f64c32a85ac493	a5703d915821b5b283d92f36922f07020221c80d30ef15ff88bfa4a0d26259f8			research/archive/strict-layer-proof-research/archive-by-series/40-A1-J2-plans-01-10/A1_J2_FQTR6_search.py	74b2173f692d8b6f79be12472f22011020c165cc4eeb70cb09f64c32a85ac493	a5703d915821b5b283d92f36922f07020221c80d30ef15ff88bfa4a0d26259f8	archived	archive-by-series/40-A1-J2-plans-01-10/A1_J2_FQTR6_search.py	source-only	computation	Source-only bytes preserved once at the canonical target under the frozen archive boundary; original source path remains an alias. Kind is a navigation label based on file type, path, and title; it does not upgrade evidence.
dongxuelian2/strict-layer-proof-research	https://github.com/dongxuelian2/strict-layer-proof-research	main	912fb4b67419d69c8c7d805b7fd2fcadd26e9a7a	archive-by-series/40-A1-J2-plans-01-10/A1_J2_FQTR6_symbolic.py	912fb4b67419d69c8c7d805b7fd2fcadd26e9a7a	1c229b1cf406c23923dbc272336f9eefc6430345	696d52f5fd6995d292ab8738acfcd2bc10f6c5c323b3e8d5a72f7f773aad5a55	bc9ed9a8c3e0a58965dd7fef599363ac4021ce497847808f288eee0522a48811			research/archive/strict-layer-proof-research/archive-by-series/40-A1-J2-plans-01-10/A1_J2_FQTR6_symbolic.py	696d52f5fd6995d292ab8738acfcd2bc10f6c5c323b3e8d5a72f7f773aad5a55	bc9ed9a8c3e0a58965dd7fef599363ac4021ce497847808f288eee0522a48811	archived	archive-by-series/40-A1-J2-plans-01-10/A1_J2_FQTR6_symbolic.py	source-only	computation	Source-only bytes preserved once at the canonical target under the frozen archive boundary; original source path remains an alias. Kind is a navigation label based on file type, path, and title; it does not upgrade evidence.
dongxuelian2/strict-layer-proof-research	https://github.com/dongxuelian2/strict-layer-proof-research	main	912fb4b67419d69c8c7d805b7fd2fcadd26e9a7a	archive-by-series/40-A1-J2-plans-01-10/A1_J2_GRFC9_Report.md	912fb4b67419d69c8c7d805b7fd2fcadd26e9a7a	6cd633295860d83023110199775e24704ae83457	c74efd8bdc733092bbb3ced79e6d1f0d2771e34799106898b633301e7cf2ee2d	ea1da922b5708ec8e79ffb4a2fdab1191f2382c2056e1843d33a94f834439b9a	research/strict/campaigns/J2-55/pre-J2-plans-01-10/A1_J2_GRFC9_Report.md	ea1da922b5708ec8e79ffb4a2fdab1191f2382c2056e1843d33a94f834439b9a	research/a1/j2/records/grfc9.md	c74efd8bdc733092bbb3ced79e6d1f0d2771e34799106898b633301e7cf2ee2d	ea1da922b5708ec8e79ffb4a2fdab1191f2382c2056e1843d33a94f834439b9a	canonical	archive-by-series/40-A1-J2-plans-01-10/A1_J2_GRFC9_Report.md	exact-duplicate	attempt	Exact byte duplicate of the canonical target; this source path is retained as provenance and no second canonical copy is created. Kind is a navigation label based on file type, path, and title; it does not upgrade evidence.
dongxuelian2/strict-layer-proof-research	https://github.com/dongxuelian2/strict-layer-proof-research	main	912fb4b67419d69c8c7d805b7fd2fcadd26e9a7a	archive-by-series/40-A1-J2-plans-01-10/A1_J2_GRFC9_certificate.txt	912fb4b67419d69c8c7d805b7fd2fcadd26e9a7a	3adba998e54a0cd78e1fdd0a05c79aa6c111a2ca	6bd2a975280162692a91e1a329e65a8da4b690f7d94c94c905e8d96707e009bf	ca624a46dc0898472e3b2177661b6b5f3806e15aa86d6d5ef961fd730acee54f			research/archive/strict-layer-proof-research/archive-by-series/40-A1-J2-plans-01-10/A1_J2_GRFC9_certificate.txt	6bd2a975280162692a91e1a329e65a8da4b690f7d94c94c905e8d96707e009bf	ca624a46dc0898472e3b2177661b6b5f3806e15aa86d6d5ef961fd730acee54f	archived	archive-by-series/40-A1-J2-plans-01-10/A1_J2_GRFC9_certificate.txt	source-only	computation	Source-only bytes preserved once at the canonical target under the frozen archive boundary; original source path remains an alias. Kind is a navigation label based on file type, path, and title; it does not upgrade evidence.
dongxuelian2/strict-layer-proof-research	https://github.com/dongxuelian2/strict-layer-proof-research	main	912fb4b67419d69c8c7d805b7fd2fcadd26e9a7a	archive-by-series/40-A1-J2-plans-01-10/A1_J2_GRFC9_dependency.py	912fb4b67419d69c8c7d805b7fd2fcadd26e9a7a	31471d2d89d1f5e2434d88b7ff0e11a739c14d2f	6d9c45bbd2482604ad6be7fc43372bb0dc92047ccfe63dd762b46d1282ded57e	f8e0a08c70b0ce37c8ae594e3d14cd924e14f0147a69378ebb2625c54895d542			research/archive/strict-layer-proof-research/archive-by-series/40-A1-J2-plans-01-10/A1_J2_GRFC9_dependency.py	6d9c45bbd2482604ad6be7fc43372bb0dc92047ccfe63dd762b46d1282ded57e	f8e0a08c70b0ce37c8ae594e3d14cd924e14f0147a69378ebb2625c54895d542	archived	archive-by-series/40-A1-J2-plans-01-10/A1_J2_GRFC9_dependency.py	source-only	computation	Source-only bytes preserved once at the canonical target under the frozen archive boundary; original source path remains an alias. Kind is a navigation label based on file type, path, and title; it does not upgrade evidence.
dongxuelian2/strict-layer-proof-research	https://github.com/dongxuelian2/strict-layer-proof-research	main	912fb4b67419d69c8c7d805b7fd2fcadd26e9a7a	archive-by-series/40-A1-J2-plans-01-10/A1_J2_GRFC9_equivalence_certificate.txt	912fb4b67419d69c8c7d805b7fd2fcadd26e9a7a	484eaac99424e9b9130dece40a76ced8fd9d5567	24277593cd8037b2e0056672251cb508a81b039ced9dd25aeb58e1d23241682b	2d945160dae2d296764f933d6155d5b940a729d18e7a4edaa5350155cc6bf421			research/archive/strict-layer-proof-research/archive-by-series/40-A1-J2-plans-01-10/A1_J2_GRFC9_equivalence_certificate.txt	24277593cd8037b2e0056672251cb508a81b039ced9dd25aeb58e1d23241682b	2d945160dae2d296764f933d6155d5b940a729d18e7a4edaa5350155cc6bf421	archived	archive-by-series/40-A1-J2-plans-01-10/A1_J2_GRFC9_equivalence_certificate.txt	source-only	computation	Source-only bytes preserved once at the canonical target under the frozen archive boundary; original source path remains an alias. Kind is a navigation label based on file type, path, and title; it does not upgrade evidence.
dongxuelian2/strict-layer-proof-research	https://github.com/dongxuelian2/strict-layer-proof-research	main	912fb4b67419d69c8c7d805b7fd2fcadd26e9a7a	archive-by-series/40-A1-J2-plans-01-10/A1_J2_GRFC9_factor.py	912fb4b67419d69c8c7d805b7fd2fcadd26e9a7a	d2a0ebdcd30771e91b10ad1f6fb76ec189a77a0e	835f699e42e3183c9443efe7fce82928a4ecf2ff7b466e10b80b6c7bd2e1bfd2	ef2642c83a579ea59564be3280a24da341f29826b7c7baf9b2ee78367f0597e6			research/archive/strict-layer-proof-research/archive-by-series/40-A1-J2-plans-01-10/A1_J2_GRFC9_factor.py	835f699e42e3183c9443efe7fce82928a4ecf2ff7b466e10b80b6c7bd2e1bfd2	ef2642c83a579ea59564be3280a24da341f29826b7c7baf9b2ee78367f0597e6	archived	archive-by-series/40-A1-J2-plans-01-10/A1_J2_GRFC9_factor.py	source-only	computation	Source-only bytes preserved once at the canonical target under the frozen archive boundary; original source path remains an alias. Kind is a navigation label based on file type, path, and title; it does not upgrade evidence.
dongxuelian2/strict-layer-proof-research	https://github.com/dongxuelian2/strict-layer-proof-research	main	912fb4b67419d69c8c7d805b7fd2fcadd26e9a7a	archive-by-series/40-A1-J2-plans-01-10/A1_J2_GRFC9_search.py	912fb4b67419d69c8c7d805b7fd2fcadd26e9a7a	83951f75bd474c0ec0a435fa730e2d8677503734	160bd940ea0d644776a9fe89a0b11efc08c1165c9ed88255db79270e90242884	a33b342b594aac2dcbb95f71a0a4cee09d56a80c446776a60ca54e6d756e7487			research/archive/strict-layer-proof-research/archive-by-series/40-A1-J2-plans-01-10/A1_J2_GRFC9_search.py	160bd940ea0d644776a9fe89a0b11efc08c1165c9ed88255db79270e90242884	a33b342b594aac2dcbb95f71a0a4cee09d56a80c446776a60ca54e6d756e7487	archived	archive-by-series/40-A1-J2-plans-01-10/A1_J2_GRFC9_search.py	source-only	computation	Source-only bytes preserved once at the canonical target under the frozen archive boundary; original source path remains an alias. Kind is a navigation label based on file type, path, and title; it does not upgrade evidence.
dongxuelian2/strict-layer-proof-research	https://github.com/dongxuelian2/strict-layer-proof-research	main	912fb4b67419d69c8c7d805b7fd2fcadd26e9a7a	archive-by-series/40-A1-J2-plans-01-10/A1_J2_L2_certificate.txt	912fb4b67419d69c8c7d805b7fd2fcadd26e9a7a	588e536d450c65e3346afb853d1b3e27ccfd2565	0e2610e74a3a37a9241455bf75eb767ade28ce741c6cf36e53feafef4e3936b9	88f5201a68e41925a36da94aa05f29325d72f7c7400bd6c7bcdc0af92bbaf4ed			research/archive/strict-layer-proof-research/archive-by-series/40-A1-J2-plans-01-10/A1_J2_L2_certificate.txt	0e2610e74a3a37a9241455bf75eb767ade28ce741c6cf36e53feafef4e3936b9	88f5201a68e41925a36da94aa05f29325d72f7c7400bd6c7bcdc0af92bbaf4ed	archived	archive-by-series/40-A1-J2-plans-01-10/A1_J2_L2_certificate.txt	source-only	computation	Source-only bytes preserved once at the canonical target under the frozen archive boundary; original source path remains an alias. Kind is a navigation label based on file type, path, and title; it does not upgrade evidence.
dongxuelian2/strict-layer-proof-research	https://github.com/dongxuelian2/strict-layer-proof-research	main	912fb4b67419d69c8c7d805b7fd2fcadd26e9a7a	archive-by-series/40-A1-J2-plans-01-10/A1_J2_NRSEC_Report.md	912fb4b67419d69c8c7d805b7fd2fcadd26e9a7a	90bc7f2c9633e9b4939a637d81fd548d8d9cc5e1	ba72c527d81ac90f6f66d40b6544e26db23bfe81048308a071fb6bc0dda6447a	f5f8ac7dfc396cc0a148ce6f8c3ef3ce066f7596ba9452417d3ded887bb49cd3	research/strict/campaigns/J2-55/pre-J2-plans-01-10/A1_J2_NRSEC_Report.md	f5f8ac7dfc396cc0a148ce6f8c3ef3ce066f7596ba9452417d3ded887bb49cd3	research/a1/j2/records/nrsec.md	ba72c527d81ac90f6f66d40b6544e26db23bfe81048308a071fb6bc0dda6447a	f5f8ac7dfc396cc0a148ce6f8c3ef3ce066f7596ba9452417d3ded887bb49cd3	canonical	archive-by-series/40-A1-J2-plans-01-10/A1_J2_NRSEC_Report.md	exact-duplicate	attempt	Exact byte duplicate of the canonical target; this source path is retained as provenance and no second canonical copy is created. Kind is a navigation label based on file type, path, and title; it does not upgrade evidence.
dongxuelian2/strict-layer-proof-research	https://github.com/dongxuelian2/strict-layer-proof-research	main	912fb4b67419d69c8c7d805b7fd2fcadd26e9a7a	archive-by-series/40-A1-J2-plans-01-10/A1_J2_NRSEC_certificate.txt	912fb4b67419d69c8c7d805b7fd2fcadd26e9a7a	b5a0b1054f748b554c2ea89554a940af89136ae4	dbddd7b070384b0b59c68a78add02bede64566518146ec641275289580f32860	fa501f870f51efd21b5ac0501288bccd17482166a28e6ec52ffa7b176c1d18e5			research/archive/strict-layer-proof-research/archive-by-series/40-A1-J2-plans-01-10/A1_J2_NRSEC_certificate.txt	dbddd7b070384b0b59c68a78add02bede64566518146ec641275289580f32860	fa501f870f51efd21b5ac0501288bccd17482166a28e6ec52ffa7b176c1d18e5	archived	archive-by-series/40-A1-J2-plans-01-10/A1_J2_NRSEC_certificate.txt	source-only	computation	Source-only bytes preserved once at the canonical target under the frozen archive boundary; original source path remains an alias. Kind is a navigation label based on file type, path, and title; it does not upgrade evidence.
dongxuelian2/strict-layer-proof-research	https://github.com/dongxuelian2/strict-layer-proof-research	main	912fb4b67419d69c8c7d805b7fd2fcadd26e9a7a	archive-by-series/40-A1-J2-plans-01-10/A1_J2_NRSEC_search.py	912fb4b67419d69c8c7d805b7fd2fcadd26e9a7a	5c0b2721a4810dabfe892ea38017bbd8d1a55dec	db91d1c36579422c529ff7f951938d76e13da0bd987e2f4853a043c636be1c95	1bf1f1ce0751e092216aa1a3490970225e51cbe54b036909c989dd9ebee9edde			research/archive/strict-layer-proof-research/archive-by-series/40-A1-J2-plans-01-10/A1_J2_NRSEC_search.py	db91d1c36579422c529ff7f951938d76e13da0bd987e2f4853a043c636be1c95	1bf1f1ce0751e092216aa1a3490970225e51cbe54b036909c989dd9ebee9edde	archived	archive-by-series/40-A1-J2-plans-01-10/A1_J2_NRSEC_search.py	source-only	computation	Source-only bytes preserved once at the canonical target under the frozen archive boundary; original source path remains an alias. Kind is a navigation label based on file type, path, and title; it does not upgrade evidence.
dongxuelian2/strict-layer-proof-research	https://github.com/dongxuelian2/strict-layer-proof-research	main	912fb4b67419d69c8c7d805b7fd2fcadd26e9a7a	archive-by-series/40-A1-J2-plans-01-10/A1_J2_PRCC10_Aroot.py	912fb4b67419d69c8c7d805b7fd2fcadd26e9a7a	91994f67eea48a98fc81f62c5597a317a868aff6	a0c17bb4db3650fb266e01ca3d139fab7e4aec7db25c09da2b1f2fe5ee7c701a	a483c100255e01b95fc4bd6fed56eea024a47ac95f3970d1a626f6ac6d391bde			research/archive/strict-layer-proof-research/archive-by-series/40-A1-J2-plans-01-10/A1_J2_PRCC10_Aroot.py	a0c17bb4db3650fb266e01ca3d139fab7e4aec7db25c09da2b1f2fe5ee7c701a	a483c100255e01b95fc4bd6fed56eea024a47ac95f3970d1a626f6ac6d391bde	archived	archive-by-series/40-A1-J2-plans-01-10/A1_J2_PRCC10_Aroot.py	source-only	computation	Source-only bytes preserved once at the canonical target under the frozen archive boundary; original source path remains an alias. Kind is a navigation label based on file type, path, and title; it does not upgrade evidence.
dongxuelian2/strict-layer-proof-research	https://github.com/dongxuelian2/strict-layer-proof-research	main	912fb4b67419d69c8c7d805b7fd2fcadd26e9a7a	archive-by-series/40-A1-J2-plans-01-10/A1_J2_PRCC10_CRT.py	912fb4b67419d69c8c7d805b7fd2fcadd26e9a7a	01fe948263c650f486653f550a4e689023e1700c	104b94a0d05c90040724057adc866757e8fd8300b7ee97a1b679c7aa6c76721b	b870cc7e7c6ca589eb27e04adc22c9e9abaa22552421b25886608b111fb0c240			research/archive/strict-layer-proof-research/archive-by-series/40-A1-J2-plans-01-10/A1_J2_PRCC10_CRT.py	104b94a0d05c90040724057adc866757e8fd8300b7ee97a1b679c7aa6c76721b	b870cc7e7c6ca589eb27e04adc22c9e9abaa22552421b25886608b111fb0c240	archived	archive-by-series/40-A1-J2-plans-01-10/A1_J2_PRCC10_CRT.py	source-only	computation	Source-only bytes preserved once at the canonical target under the frozen archive boundary; original source path remains an alias. Kind is a navigation label based on file type, path, and title; it does not upgrade evidence.
dongxuelian2/strict-layer-proof-research	https://github.com/dongxuelian2/strict-layer-proof-research	main	912fb4b67419d69c8c7d805b7fd2fcadd26e9a7a	archive-by-series/40-A1-J2-plans-01-10/A1_J2_PRCC10_Report.md	912fb4b67419d69c8c7d805b7fd2fcadd26e9a7a	2cbe22ad7045002f5dbc635dffddaa1b101ed5d4	f5eb5e2e2b2f1bf8f1e80412011870d020d39e66f81102e8bb631e90baa4c036	eaf407dc7c821474ca522b588d480fa0c7b7f528e5fae281c88c34b950738d21	research/strict/campaigns/J2-55/pre-J2-plans-01-10/A1_J2_PRCC10_Report.md	eaf407dc7c821474ca522b588d480fa0c7b7f528e5fae281c88c34b950738d21	research/a1/j2/records/prcc10.md	f5eb5e2e2b2f1bf8f1e80412011870d020d39e66f81102e8bb631e90baa4c036	eaf407dc7c821474ca522b588d480fa0c7b7f528e5fae281c88c34b950738d21	canonical	archive-by-series/40-A1-J2-plans-01-10/A1_J2_PRCC10_Report.md	exact-duplicate	attempt	Exact byte duplicate of the canonical target; this source path is retained as provenance and no second canonical copy is created. Kind is a navigation label based on file type, path, and title; it does not upgrade evidence.
dongxuelian2/strict-layer-proof-research	https://github.com/dongxuelian2/strict-layer-proof-research	main	912fb4b67419d69c8c7d805b7fd2fcadd26e9a7a	archive-by-series/40-A1-J2-plans-01-10/A1_J2_PRCC10_certificate.txt	912fb4b67419d69c8c7d805b7fd2fcadd26e9a7a	27aa9fa786ee2bc6b733d607f0dc806be2066156	da032d2bff8d54b3c2b1e0ee9c78f21914eca108cd42377c1d197f3c781d3b40	8bda2ae4e576d05feb2afc87f77b4d5dbad8fa5f4afd42f2ef6fa75d0cdf1cbf			research/archive/strict-layer-proof-research/archive-by-series/40-A1-J2-plans-01-10/A1_J2_PRCC10_certificate.txt	da032d2bff8d54b3c2b1e0ee9c78f21914eca108cd42377c1d197f3c781d3b40	8bda2ae4e576d05feb2afc87f77b4d5dbad8fa5f4afd42f2ef6fa75d0cdf1cbf	archived	archive-by-series/40-A1-J2-plans-01-10/A1_J2_PRCC10_certificate.txt	source-only	computation	Source-only bytes preserved once at the canonical target under the frozen archive boundary; original source path remains an alias. Kind is a navigation label based on file type, path, and title; it does not upgrade evidence.
dongxuelian2/strict-layer-proof-research	https://github.com/dongxuelian2/strict-layer-proof-research	main	912fb4b67419d69c8c7d805b7fd2fcadd26e9a7a	archive-by-series/40-A1-J2-plans-01-10/A1_J2_PRCC10_dependency.py	912fb4b67419d69c8c7d805b7fd2fcadd26e9a7a	291f5d825468f1f139b13a939a7f63af016b3ccd	dbb821843e7f07bb990589b7b339b067e8f554b4c8ed8ce233816d5e3f375346	2f84b657c55150eca9d6dde4c192e2063dbe41af04d96156c49251ae01239574			research/archive/strict-layer-proof-research/archive-by-series/40-A1-J2-plans-01-10/A1_J2_PRCC10_dependency.py	dbb821843e7f07bb990589b7b339b067e8f554b4c8ed8ce233816d5e3f375346	2f84b657c55150eca9d6dde4c192e2063dbe41af04d96156c49251ae01239574	archived	archive-by-series/40-A1-J2-plans-01-10/A1_J2_PRCC10_dependency.py	source-only	computation	Source-only bytes preserved once at the canonical target under the frozen archive boundary; original source path remains an alias. Kind is a navigation label based on file type, path, and title; it does not upgrade evidence.
dongxuelian2/strict-layer-proof-research	https://github.com/dongxuelian2/strict-layer-proof-research	main	912fb4b67419d69c8c7d805b7fd2fcadd26e9a7a	archive-by-series/40-A1-J2-plans-01-10/A1_J2_PRCC10_dependency_certificate.txt	912fb4b67419d69c8c7d805b7fd2fcadd26e9a7a	edc17fc1080d4040fc40a8543b056a2290030153	a09dab92111fa16a6897802f783546f83fce2b7edb710f27860244c9d8c23172	3a4fbd37eb0d182b6eb4d38ac55e2ac90512586405e7deee6fdf59c81a8aa0ea			research/archive/strict-layer-proof-research/archive-by-series/40-A1-J2-plans-01-10/A1_J2_PRCC10_dependency_certificate.txt	a09dab92111fa16a6897802f783546f83fce2b7edb710f27860244c9d8c23172	3a4fbd37eb0d182b6eb4d38ac55e2ac90512586405e7deee6fdf59c81a8aa0ea	archived	archive-by-series/40-A1-J2-plans-01-10/A1_J2_PRCC10_dependency_certificate.txt	source-only	computation	Source-only bytes preserved once at the canonical target under the frozen archive boundary; original source path remains an alias. Kind is a navigation label based on file type, path, and title; it does not upgrade evidence.
dongxuelian2/strict-layer-proof-research	https://github.com/dongxuelian2/strict-layer-proof-research	main	912fb4b67419d69c8c7d805b7fd2fcadd26e9a7a	archive-by-series/40-A1-J2-plans-01-10/A1_J2_PRCC10_search.py	912fb4b67419d69c8c7d805b7fd2fcadd26e9a7a	821bb54082d5b21a533c15a70dad137f9469db4a	2f7e57c770e49e97844b4fe83e9f1f5d986fb5419da5d63be494fa3097092ccd	f62a34f19bd2c65c7d8b9195966f1badc95dbcffb86e4cf521cdc5bf884e8d81			research/archive/strict-layer-proof-research/archive-by-series/40-A1-J2-plans-01-10/A1_J2_PRCC10_search.py	2f7e57c770e49e97844b4fe83e9f1f5d986fb5419da5d63be494fa3097092ccd	f62a34f19bd2c65c7d8b9195966f1badc95dbcffb86e4cf521cdc5bf884e8d81	archived	archive-by-series/40-A1-J2-plans-01-10/A1_J2_PRCC10_search.py	source-only	computation	Source-only bytes preserved once at the canonical target under the frozen archive boundary; original source path remains an alias. Kind is a navigation label based on file type, path, and title; it does not upgrade evidence.
dongxuelian2/strict-layer-proof-research	https://github.com/dongxuelian2/strict-layer-proof-research	main	912fb4b67419d69c8c7d805b7fd2fcadd26e9a7a	archive-by-series/40-A1-J2-plans-01-10/A1_J2_PRCC10_search_certificate.txt	912fb4b67419d69c8c7d805b7fd2fcadd26e9a7a	297a6c0568206b7310d931bd1c3481d6dac314a9	b4a6dc3b7d76ec1a4ce05387498545d9303e3b35ac7ed964c4fe4340ca45f8c2	f21cd025d75ea5e5a32a94e3b300020df4bad6fab4094dd97b0b37d3f95a59a9			research/archive/strict-layer-proof-research/archive-by-series/40-A1-J2-plans-01-10/A1_J2_PRCC10_search_certificate.txt	b4a6dc3b7d76ec1a4ce05387498545d9303e3b35ac7ed964c4fe4340ca45f8c2	f21cd025d75ea5e5a32a94e3b300020df4bad6fab4094dd97b0b37d3f95a59a9	archived	archive-by-series/40-A1-J2-plans-01-10/A1_J2_PRCC10_search_certificate.txt	source-only	computation	Source-only bytes preserved once at the canonical target under the frozen archive boundary; original source path remains an alias. Kind is a navigation label based on file type, path, and title; it does not upgrade evidence.
dongxuelian2/strict-layer-proof-research	https://github.com/dongxuelian2/strict-layer-proof-research	main	912fb4b67419d69c8c7d805b7fd2fcadd26e9a7a	archive-by-series/40-A1-J2-plans-01-10/A1_J2_RCRF4_Report.md	912fb4b67419d69c8c7d805b7fd2fcadd26e9a7a	e28feb605d823f18550be2358dd67d9ca8ef728e	cd7b29649f44f75f19a4c0458aa5202844844ff86a336cd6f57653e83403afaf	466ee1abafa72fdfd5c2db797ff4df63552b7631df7e727724cf6e04a2471582	research/strict/campaigns/J2-55/pre-J2-plans-01-10/A1_J2_RCRF4_Report.md	466ee1abafa72fdfd5c2db797ff4df63552b7631df7e727724cf6e04a2471582	research/a1/j2/records/rcrf4.md	cd7b29649f44f75f19a4c0458aa5202844844ff86a336cd6f57653e83403afaf	466ee1abafa72fdfd5c2db797ff4df63552b7631df7e727724cf6e04a2471582	canonical	archive-by-series/40-A1-J2-plans-01-10/A1_J2_RCRF4_Report.md	exact-duplicate	attempt	Exact byte duplicate of the canonical target; this source path is retained as provenance and no second canonical copy is created. Kind is a navigation label based on file type, path, and title; it does not upgrade evidence.
dongxuelian2/strict-layer-proof-research	https://github.com/dongxuelian2/strict-layer-proof-research	main	912fb4b67419d69c8c7d805b7fd2fcadd26e9a7a	archive-by-series/40-A1-J2-plans-01-10/A1_J2_RCRF4_certificate.txt	912fb4b67419d69c8c7d805b7fd2fcadd26e9a7a	8051be3e980ee937f809d858dd648fba95dea481	b896237d59571a4a4348d28cbe873f877738092a6bc22a3048333e8640516c29	08bf3f1c98200812370f359ce2a7f0c0d2b1c4f28ee4b225ffa72aa530575b76			research/archive/strict-layer-proof-research/archive-by-series/40-A1-J2-plans-01-10/A1_J2_RCRF4_certificate.txt	b896237d59571a4a4348d28cbe873f877738092a6bc22a3048333e8640516c29	08bf3f1c98200812370f359ce2a7f0c0d2b1c4f28ee4b225ffa72aa530575b76	archived	archive-by-series/40-A1-J2-plans-01-10/A1_J2_RCRF4_certificate.txt	source-only	computation	Source-only bytes preserved once at the canonical target under the frozen archive boundary; original source path remains an alias. Kind is a navigation label based on file type, path, and title; it does not upgrade evidence.
dongxuelian2/strict-layer-proof-research	https://github.com/dongxuelian2/strict-layer-proof-research	main	912fb4b67419d69c8c7d805b7fd2fcadd26e9a7a	archive-by-series/40-A1-J2-plans-01-10/A1_J2_RCRF4_search.py	912fb4b67419d69c8c7d805b7fd2fcadd26e9a7a	30fa8b2e079915fbfbf0b053b643201fafa1fb8a	df19c25fd13058f6232155ea212f600d61eca8bf2c077c6c66ed7c52f6378c6f	37d02e1968fe08de1d7e81a7f07ae488039fe2ebbbd987ae37fcb17c0a381bfb			research/archive/strict-layer-proof-research/archive-by-series/40-A1-J2-plans-01-10/A1_J2_RCRF4_search.py	df19c25fd13058f6232155ea212f600d61eca8bf2c077c6c66ed7c52f6378c6f	37d02e1968fe08de1d7e81a7f07ae488039fe2ebbbd987ae37fcb17c0a381bfb	archived	archive-by-series/40-A1-J2-plans-01-10/A1_J2_RCRF4_search.py	source-only	computation	Source-only bytes preserved once at the canonical target under the frozen archive boundary; original source path remains an alias. Kind is a navigation label based on file type, path, and title; it does not upgrade evidence.
dongxuelian2/strict-layer-proof-research	https://github.com/dongxuelian2/strict-layer-proof-research	main	912fb4b67419d69c8c7d805b7fd2fcadd26e9a7a	archive-by-series/40-A1-J2-plans-01-10/A1_J2_TLRC7_Report.md	912fb4b67419d69c8c7d805b7fd2fcadd26e9a7a	4cc51254922576ed5bba0a9087373e2087ea096f	d8574b962512629a9a400e12e943d7c848dccd6b07110627a8432d80b807214f	e48026dc246969d3781f315529aad13e151d3d77ec92439e15d6c0603bba4b39	research/strict/campaigns/J2-55/pre-J2-plans-01-10/A1_J2_TLRC7_Report.md	e48026dc246969d3781f315529aad13e151d3d77ec92439e15d6c0603bba4b39	research/a1/j2/records/tlrc7.md	d8574b962512629a9a400e12e943d7c848dccd6b07110627a8432d80b807214f	e48026dc246969d3781f315529aad13e151d3d77ec92439e15d6c0603bba4b39	canonical	archive-by-series/40-A1-J2-plans-01-10/A1_J2_TLRC7_Report.md	exact-duplicate	attempt	Exact byte duplicate of the canonical target; this source path is retained as provenance and no second canonical copy is created. Kind is a navigation label based on file type, path, and title; it does not upgrade evidence.
dongxuelian2/strict-layer-proof-research	https://github.com/dongxuelian2/strict-layer-proof-research	main	912fb4b67419d69c8c7d805b7fd2fcadd26e9a7a	archive-by-series/40-A1-J2-plans-01-10/A1_J2_TLRC7_certificate.txt	912fb4b67419d69c8c7d805b7fd2fcadd26e9a7a	3a8fadd18b4c4870a0ed27e6f53c4daf2bdcea4f	532f8e9b10d05b11ea0b3a076f759eec993ddfae9509efa2cc5583e7fd1debae	4863e0c849df6e653cf54c4ce4f12ed97a09021fc153eb202cce778dca0cccb0			research/archive/strict-layer-proof-research/archive-by-series/40-A1-J2-plans-01-10/A1_J2_TLRC7_certificate.txt	532f8e9b10d05b11ea0b3a076f759eec993ddfae9509efa2cc5583e7fd1debae	4863e0c849df6e653cf54c4ce4f12ed97a09021fc153eb202cce778dca0cccb0	archived	archive-by-series/40-A1-J2-plans-01-10/A1_J2_TLRC7_certificate.txt	source-only	computation	Source-only bytes preserved once at the canonical target under the frozen archive boundary; original source path remains an alias. Kind is a navigation label based on file type, path, and title; it does not upgrade evidence.
dongxuelian2/strict-layer-proof-research	https://github.com/dongxuelian2/strict-layer-proof-research	main	912fb4b67419d69c8c7d805b7fd2fcadd26e9a7a	archive-by-series/40-A1-J2-plans-01-10/A1_J2_TLRC7_local.py	912fb4b67419d69c8c7d805b7fd2fcadd26e9a7a	41b0ab40661d9692e606f9349005f0f1aada8691	f55756b22001b1e163a8888bdfcd7ce85e24fbb23772f475a813f4e19d0ae391	89c0ee2473d7182ae13a42b11d789d82ae76a927c6f3686b4dff82442275142f			research/archive/strict-layer-proof-research/archive-by-series/40-A1-J2-plans-01-10/A1_J2_TLRC7_local.py	f55756b22001b1e163a8888bdfcd7ce85e24fbb23772f475a813f4e19d0ae391	89c0ee2473d7182ae13a42b11d789d82ae76a927c6f3686b4dff82442275142f	archived	archive-by-series/40-A1-J2-plans-01-10/A1_J2_TLRC7_local.py	source-only	computation	Source-only bytes preserved once at the canonical target under the frozen archive boundary; original source path remains an alias. Kind is a navigation label based on file type, path, and title; it does not upgrade evidence.
dongxuelian2/strict-layer-proof-research	https://github.com/dongxuelian2/strict-layer-proof-research	main	912fb4b67419d69c8c7d805b7fd2fcadd26e9a7a	archive-by-series/40-A1-J2-plans-01-10/A1_J2_TLRC7_search.py	912fb4b67419d69c8c7d805b7fd2fcadd26e9a7a	e112bc10fc7de4bc290e456b91f0c6592070f8c9	722aa0d6cdb7dae42c92c60d2a2662134f925f6f66d42a3f3f48d0125e04cfdc	44bb50440ced8c231eb5e4b1d08f2507e622e48bda15b372950f8be50052d0a8			research/archive/strict-layer-proof-research/archive-by-series/40-A1-J2-plans-01-10/A1_J2_TLRC7_search.py	722aa0d6cdb7dae42c92c60d2a2662134f925f6f66d42a3f3f48d0125e04cfdc	44bb50440ced8c231eb5e4b1d08f2507e622e48bda15b372950f8be50052d0a8	archived	archive-by-series/40-A1-J2-plans-01-10/A1_J2_TLRC7_search.py	source-only	computation	Source-only bytes preserved once at the canonical target under the frozen archive boundary; original source path remains an alias. Kind is a navigation label based on file type, path, and title; it does not upgrade evidence.
dongxuelian2/strict-layer-proof-research	https://github.com/dongxuelian2/strict-layer-proof-research	main	912fb4b67419d69c8c7d805b7fd2fcadd26e9a7a	archive-by-series/40-A1-J2-plans-01-10/A1_J2_TLRC7_search_certificate.txt	912fb4b67419d69c8c7d805b7fd2fcadd26e9a7a	b87492a883b9bdb987081fd2d2d014d4eaf37df3	834b740403664a10a2b57a3d3f3dbc54c2f8257a8dc3ddb3652391da071081dd	0850eb39e3fb6dfbc5a7a8e80adb169b055b856f08861421c25860a5ea40c6e2			research/archive/strict-layer-proof-research/archive-by-series/40-A1-J2-plans-01-10/A1_J2_TLRC7_search_certificate.txt	834b740403664a10a2b57a3d3f3dbc54c2f8257a8dc3ddb3652391da071081dd	0850eb39e3fb6dfbc5a7a8e80adb169b055b856f08861421c25860a5ea40c6e2	archived	archive-by-series/40-A1-J2-plans-01-10/A1_J2_TLRC7_search_certificate.txt	source-only	computation	Source-only bytes preserved once at the canonical target under the frozen archive boundary; original source path remains an alias. Kind is a navigation label based on file type, path, and title; it does not upgrade evidence.
dongxuelian2/strict-layer-proof-research	https://github.com/dongxuelian2/strict-layer-proof-research	main	912fb4b67419d69c8c7d805b7fd2fcadd26e9a7a	archive-by-series/40-A1-J2-plans-01-10/A1_J2_TLRC7_symbolic.py	912fb4b67419d69c8c7d805b7fd2fcadd26e9a7a	5e976b5b1465cfb68348455d3f123d6968c2c9bb	655a4868e6be89c82919cd7ed1c30ec391ea6b62717895919f5f397ed477f5a7	d9bda168828e273969c504b84fb57bc710435bfdf8db05b626bf10370d93dceb			research/archive/strict-layer-proof-research/archive-by-series/40-A1-J2-plans-01-10/A1_J2_TLRC7_symbolic.py	655a4868e6be89c82919cd7ed1c30ec391ea6b62717895919f5f397ed477f5a7	d9bda168828e273969c504b84fb57bc710435bfdf8db05b626bf10370d93dceb	archived	archive-by-series/40-A1-J2-plans-01-10/A1_J2_TLRC7_symbolic.py	source-only	computation	Source-only bytes preserved once at the canonical target under the frozen archive boundary; original source path remains an alias. Kind is a navigation label based on file type, path, and title; it does not upgrade evidence.
dongxuelian2/strict-layer-proof-research	https://github.com/dongxuelian2/strict-layer-proof-research	main	912fb4b67419d69c8c7d805b7fd2fcadd26e9a7a	archive-by-series/50-J2-55/J2-55-R1-A-Root-Lift-Report.md	912fb4b67419d69c8c7d805b7fd2fcadd26e9a7a	b18740ec424ae2043707c4da3937a51c85783fb6	32d263c5bc34f69b803cecd1639df3f67c42070507fcae9cb3d7767d458ee32c	ee074c4b046f3045da36a177922855485e8bf974c325f024ae09124d41d1539d	research/strict/campaigns/J2-55/J2-55-R1-A-Root-Lift-Report.md	ee074c4b046f3045da36a177922855485e8bf974c325f024ae09124d41d1539d	research/a1/j2/records/a-root-lift.md	32d263c5bc34f69b803cecd1639df3f67c42070507fcae9cb3d7767d458ee32c	ee074c4b046f3045da36a177922855485e8bf974c325f024ae09124d41d1539d	canonical	archive-by-series/50-J2-55/J2-55-R1-A-Root-Lift-Report.md	exact-duplicate	attempt	Exact byte duplicate of the canonical target; this source path is retained as provenance and no second canonical copy is created. Kind is a navigation label based on file type, path, and title; it does not upgrade evidence.
dongxuelian2/strict-layer-proof-research	https://github.com/dongxuelian2/strict-layer-proof-research	main	912fb4b67419d69c8c7d805b7fd2fcadd26e9a7a	archive-by-series/50-J2-55/J2-55-R1-A-Root-Lift-SHA256.txt	912fb4b67419d69c8c7d805b7fd2fcadd26e9a7a	b6f21a48fcd435bcc39e0bb263bb4ea31cac842e	57059ee5cb7417257754d35f47f09d29d77d40dcd8d1c05515ba28361362b3e4	8ebf03b11e367ca066fd027c3871be27ba4ceebeb82e44cdad1a11360a42c0b9			research/archive/strict-layer-proof-research/archive-by-series/50-J2-55/J2-55-R1-A-Root-Lift-SHA256.txt	57059ee5cb7417257754d35f47f09d29d77d40dcd8d1c05515ba28361362b3e4	8ebf03b11e367ca066fd027c3871be27ba4ceebeb82e44cdad1a11360a42c0b9	archived	archive-by-series/50-J2-55/J2-55-R1-A-Root-Lift-SHA256.txt	source-only	computation	Source-only bytes preserved once at the canonical target under the frozen archive boundary; original source path remains an alias. Kind is a navigation label based on file type, path, and title; it does not upgrade evidence.
dongxuelian2/strict-layer-proof-research	https://github.com/dongxuelian2/strict-layer-proof-research	main	912fb4b67419d69c8c7d805b7fd2fcadd26e9a7a	archive-by-series/50-J2-55/J2-55-R1-A-Root-Lift-certificate.txt	912fb4b67419d69c8c7d805b7fd2fcadd26e9a7a	56d321b1c7bf76a5c8bcb7cc95e9ae76edf593a6	724ff9972b83559a6b24d836ea3ce9ae586446ea5811ea5a41c1bc92a705d3a6	92e84769c278463989ada6a354bb70b91e3151aec94acdbf55692fce5e9af3e3			research/archive/strict-layer-proof-research/archive-by-series/50-J2-55/J2-55-R1-A-Root-Lift-certificate.txt	724ff9972b83559a6b24d836ea3ce9ae586446ea5811ea5a41c1bc92a705d3a6	92e84769c278463989ada6a354bb70b91e3151aec94acdbf55692fce5e9af3e3	archived	archive-by-series/50-J2-55/J2-55-R1-A-Root-Lift-certificate.txt	source-only	computation	Source-only bytes preserved once at the canonical target under the frozen archive boundary; original source path remains an alias. Kind is a navigation label based on file type, path, and title; it does not upgrade evidence.
dongxuelian2/strict-layer-proof-research	https://github.com/dongxuelian2/strict-layer-proof-research	main	912fb4b67419d69c8c7d805b7fd2fcadd26e9a7a	archive-by-series/50-J2-55/J2-55-R1-A-Root-Lift-symbolic.py	912fb4b67419d69c8c7d805b7fd2fcadd26e9a7a	1f8344127dc628d365478a521ff3ec0b94abe3f6	f520388fae4904210c4615c45bf38040a96623870c5957e55428b37f4c1fb637	5373d3e116d27c2f518c2e9a39fa12e55fb154faf7a7a8be1f42ed54154cd709			research/archive/strict-layer-proof-research/archive-by-series/50-J2-55/J2-55-R1-A-Root-Lift-symbolic.py	f520388fae4904210c4615c45bf38040a96623870c5957e55428b37f4c1fb637	5373d3e116d27c2f518c2e9a39fa12e55fb154faf7a7a8be1f42ed54154cd709	archived	archive-by-series/50-J2-55/J2-55-R1-A-Root-Lift-symbolic.py	source-only	computation	Source-only bytes preserved once at the canonical target under the frozen archive boundary; original source path remains an alias. Kind is a navigation label based on file type, path, and title; it does not upgrade evidence.
dongxuelian2/strict-layer-proof-research	https://github.com/dongxuelian2/strict-layer-proof-research	main	912fb4b67419d69c8c7d805b7fd2fcadd26e9a7a	archive-by-series/50-J2-55/J2-55-R10-HenselEdge.py	912fb4b67419d69c8c7d805b7fd2fcadd26e9a7a	21b6c2068a473702f52759ae5572711a73b8beb3	f9f825f1de30046c6c05341e6339e23d65e795476085bc500ce58d3c15fa74d7	f6774b4f3f08e20716d3a724bb5a0ce85f17c6ed005edc5c0d4aea32d4f95ddf			research/archive/strict-layer-proof-research/archive-by-series/50-J2-55/J2-55-R10-HenselEdge.py	f9f825f1de30046c6c05341e6339e23d65e795476085bc500ce58d3c15fa74d7	f6774b4f3f08e20716d3a724bb5a0ce85f17c6ed005edc5c0d4aea32d4f95ddf	archived	archive-by-series/50-J2-55/J2-55-R10-HenselEdge.py	source-only	computation	Source-only bytes preserved once at the canonical target under the frozen archive boundary; original source path remains an alias. Kind is a navigation label based on file type, path, and title; it does not upgrade evidence.
dongxuelian2/strict-layer-proof-research	https://github.com/dongxuelian2/strict-layer-proof-research	main	912fb4b67419d69c8c7d805b7fd2fcadd26e9a7a	archive-by-series/50-J2-55/J2-55-R10-Tail-Reintegration-Third-Residual-Report.md	912fb4b67419d69c8c7d805b7fd2fcadd26e9a7a	b66b3b73f3e9a620070af05ed45033ad7ffac5a4	d3cdb6c8e4617ac3ba6c33a4d9977f43aa23b3e6dab94393ace5eca0a38acc0d	62f6320d214c70c565855f41f52f7fd6095a3dae2925ddea3a279263d629c1e5	research/strict/campaigns/J2-55/J2-55-R10-Tail-Reintegration-Third-Residual-Report.md	62f6320d214c70c565855f41f52f7fd6095a3dae2925ddea3a279263d629c1e5	research/a1/j2/records/tail-reintegration-third-residual.md	d3cdb6c8e4617ac3ba6c33a4d9977f43aa23b3e6dab94393ace5eca0a38acc0d	62f6320d214c70c565855f41f52f7fd6095a3dae2925ddea3a279263d629c1e5	canonical	archive-by-series/50-J2-55/J2-55-R10-Tail-Reintegration-Third-Residual-Report.md	exact-duplicate	attempt	Exact byte duplicate of the canonical target; this source path is retained as provenance and no second canonical copy is created. Kind is a navigation label based on file type, path, and title; it does not upgrade evidence.
dongxuelian2/strict-layer-proof-research	https://github.com/dongxuelian2/strict-layer-proof-research	main	912fb4b67419d69c8c7d805b7fd2fcadd26e9a7a	archive-by-series/50-J2-55/J2-55-R10-TailReintegration-symbolic.py	912fb4b67419d69c8c7d805b7fd2fcadd26e9a7a	1e6d5e30abae6fd353183476d7be8d60e0c79718	a4143a8e3935a08ce916b8f90e1476115984b5cad8e1658efe919addb9a24cce	22a2be29742fe2bff8c67d16f105c8cd46b5b873bcdb9f40bd81f0c0e436b465			research/archive/strict-layer-proof-research/archive-by-series/50-J2-55/J2-55-R10-TailReintegration-symbolic.py	a4143a8e3935a08ce916b8f90e1476115984b5cad8e1658efe919addb9a24cce	22a2be29742fe2bff8c67d16f105c8cd46b5b873bcdb9f40bd81f0c0e436b465	archived	archive-by-series/50-J2-55/J2-55-R10-TailReintegration-symbolic.py	source-only	computation	Source-only bytes preserved once at the canonical target under the frozen archive boundary; original source path remains an alias. Kind is a navigation label based on file type, path, and title; it does not upgrade evidence.
dongxuelian2/strict-layer-proof-research	https://github.com/dongxuelian2/strict-layer-proof-research	main	912fb4b67419d69c8c7d805b7fd2fcadd26e9a7a	archive-by-series/50-J2-55/J2-55-R10-ThirdCore-height.py	912fb4b67419d69c8c7d805b7fd2fcadd26e9a7a	a4fbb47d8e32b307c5702cd1165f4025bd7f1c50	14fdc69aec5f2f864e9c12601e29bd7096835d92a71cec1c9dccbc32950c8a95	dea84c68c5255691f31744d3bcf5c8adf516c17186ebcc694a6d7be09dbddb0c			research/archive/strict-layer-proof-research/archive-by-series/50-J2-55/J2-55-R10-ThirdCore-height.py	14fdc69aec5f2f864e9c12601e29bd7096835d92a71cec1c9dccbc32950c8a95	dea84c68c5255691f31744d3bcf5c8adf516c17186ebcc694a6d7be09dbddb0c	archived	archive-by-series/50-J2-55/J2-55-R10-ThirdCore-height.py	source-only	computation	Source-only bytes preserved once at the canonical target under the frozen archive boundary; original source path remains an alias. Kind is a navigation label based on file type, path, and title; it does not upgrade evidence.
dongxuelian2/strict-layer-proof-research	https://github.com/dongxuelian2/strict-layer-proof-research	main	912fb4b67419d69c8c7d805b7fd2fcadd26e9a7a	archive-by-series/50-J2-55/J2-55-R10-ThirdResidual-search.py	912fb4b67419d69c8c7d805b7fd2fcadd26e9a7a	2a67ca00de43f0eddf09d765c69c7e135e0254c8	9961b08bf6510b9cfd35ea85e989afa25f64fac72b4cb7f7774e8dfbf9c0ee60	fa18bf4f3ff301baa51e9c16d468644ada1bf45f0f17882b327311f612b853ac			research/archive/strict-layer-proof-research/archive-by-series/50-J2-55/J2-55-R10-ThirdResidual-search.py	9961b08bf6510b9cfd35ea85e989afa25f64fac72b4cb7f7774e8dfbf9c0ee60	fa18bf4f3ff301baa51e9c16d468644ada1bf45f0f17882b327311f612b853ac	archived	archive-by-series/50-J2-55/J2-55-R10-ThirdResidual-search.py	source-only	computation	Source-only bytes preserved once at the canonical target under the frozen archive boundary; original source path remains an alias. Kind is a navigation label based on file type, path, and title; it does not upgrade evidence.
dongxuelian2/strict-layer-proof-research	https://github.com/dongxuelian2/strict-layer-proof-research	main	912fb4b67419d69c8c7d805b7fd2fcadd26e9a7a	archive-by-series/50-J2-55/J2-55-R10-certificate.txt	912fb4b67419d69c8c7d805b7fd2fcadd26e9a7a	38ee41fe7dac1fca89d4af4bff14b9ef414ffe93	43753313fc51a9b2543d1259706bccd1f6425a6444a030ddd9da6c975613cd4a	8b08b237d4bf678fd0029232e70dea32916bae677faf624f8dbb6fbb50c99147			research/archive/strict-layer-proof-research/archive-by-series/50-J2-55/J2-55-R10-certificate.txt	43753313fc51a9b2543d1259706bccd1f6425a6444a030ddd9da6c975613cd4a	8b08b237d4bf678fd0029232e70dea32916bae677faf624f8dbb6fbb50c99147	archived	archive-by-series/50-J2-55/J2-55-R10-certificate.txt	source-only	computation	Source-only bytes preserved once at the canonical target under the frozen archive boundary; original source path remains an alias. Kind is a navigation label based on file type, path, and title; it does not upgrade evidence.
dongxuelian2/strict-layer-proof-research	https://github.com/dongxuelian2/strict-layer-proof-research	main	912fb4b67419d69c8c7d805b7fd2fcadd26e9a7a	archive-by-series/50-J2-55/J2-55-R10-lowk-closure.py	912fb4b67419d69c8c7d805b7fd2fcadd26e9a7a	3f241683a7fa55c52929ab90c73dfb01fcae759c	431b10058f7389b747e56d75e9fdfe6f3eb4e6d6bf83803297830be027e131c0	4cbfbc7f4c9828dab1b264281a8fb2c463614ee61690315986c37951f95dd01a			research/archive/strict-layer-proof-research/archive-by-series/50-J2-55/J2-55-R10-lowk-closure.py	431b10058f7389b747e56d75e9fdfe6f3eb4e6d6bf83803297830be027e131c0	4cbfbc7f4c9828dab1b264281a8fb2c463614ee61690315986c37951f95dd01a	archived	archive-by-series/50-J2-55/J2-55-R10-lowk-closure.py	source-only	computation	Source-only bytes preserved once at the canonical target under the frozen archive boundary; original source path remains an alias. Kind is a navigation label based on file type, path, and title; it does not upgrade evidence.
dongxuelian2/strict-layer-proof-research	https://github.com/dongxuelian2/strict-layer-proof-research	main	912fb4b67419d69c8c7d805b7fd2fcadd26e9a7a	archive-by-series/50-J2-55/J2-55-R10-q1-reverse-closure.py	912fb4b67419d69c8c7d805b7fd2fcadd26e9a7a	3adaaa2ce2392b6c42e0762a4d5ef5f096ac94f2	c32c51ffada90ecb425532be99dab6768add2eb1528ce4e6c05bacaa38fefaa5	f16469b85e60b3253fdeefd015d0dd84f2cbd17ef30675caf4fd2bfbb4304f41			research/archive/strict-layer-proof-research/archive-by-series/50-J2-55/J2-55-R10-q1-reverse-closure.py	c32c51ffada90ecb425532be99dab6768add2eb1528ce4e6c05bacaa38fefaa5	f16469b85e60b3253fdeefd015d0dd84f2cbd17ef30675caf4fd2bfbb4304f41	archived	archive-by-series/50-J2-55/J2-55-R10-q1-reverse-closure.py	source-only	computation	Source-only bytes preserved once at the canonical target under the frozen archive boundary; original source path remains an alias. Kind is a navigation label based on file type, path, and title; it does not upgrade evidence.
dongxuelian2/strict-layer-proof-research	https://github.com/dongxuelian2/strict-layer-proof-research	main	912fb4b67419d69c8c7d805b7fd2fcadd26e9a7a	archive-by-series/50-J2-55/J2-55-R10-q1-root-conic.txt	912fb4b67419d69c8c7d805b7fd2fcadd26e9a7a	1b0ed95f7e7db6c21ac1c54830fb08554f103c53	a8d6b1dcc17de739ed016f348be11184a4725f55702f7781053316e5b40204ff	a287976cb8b2d28d5e0fe2e7d8c8099911c6bdd5fce47ff518e5c2c6d4530c0d			research/archive/strict-layer-proof-research/archive-by-series/50-J2-55/J2-55-R10-q1-root-conic.txt	a8d6b1dcc17de739ed016f348be11184a4725f55702f7781053316e5b40204ff	a287976cb8b2d28d5e0fe2e7d8c8099911c6bdd5fce47ff518e5c2c6d4530c0d	archived	archive-by-series/50-J2-55/J2-55-R10-q1-root-conic.txt	source-only	computation	Source-only bytes preserved once at the canonical target under the frozen archive boundary; original source path remains an alias. Kind is a navigation label based on file type, path, and title; it does not upgrade evidence.
dongxuelian2/strict-layer-proof-research	https://github.com/dongxuelian2/strict-layer-proof-research	main	912fb4b67419d69c8c7d805b7fd2fcadd26e9a7a	archive-by-series/50-J2-55/J2-55-R11-ConstantTerm-symbolic.py	912fb4b67419d69c8c7d805b7fd2fcadd26e9a7a	02b1a03c781e060baef00181409854709c095753	d0126ebd7592992616e524408b684bcd0f7118c02847f288590f48897336895f	e1fd5518ad405491185df88b1ebc17d12894b2254c5f14940bee49d40fed9fe3			research/archive/strict-layer-proof-research/archive-by-series/50-J2-55/J2-55-R11-ConstantTerm-symbolic.py	d0126ebd7592992616e524408b684bcd0f7118c02847f288590f48897336895f	e1fd5518ad405491185df88b1ebc17d12894b2254c5f14940bee49d40fed9fe3	archived	archive-by-series/50-J2-55/J2-55-R11-ConstantTerm-symbolic.py	source-only	computation	Source-only bytes preserved once at the canonical target under the frozen archive boundary; original source path remains an alias. Kind is a navigation label based on file type, path, and title; it does not upgrade evidence.
dongxuelian2/strict-layer-proof-research	https://github.com/dongxuelian2/strict-layer-proof-research	main	912fb4b67419d69c8c7d805b7fd2fcadd26e9a7a	archive-by-series/50-J2-55/J2-55-R11-Deterministic-u-Decimal-Cofactor-Report.md	912fb4b67419d69c8c7d805b7fd2fcadd26e9a7a	450e4c5c76287c29a350c7d6cde20ca09aa5ba7a	02dfbab56326c32d094da2d95e1126d06f221a64046f1cfb7e293ea7e9b59f58	3862b9d8d72830de4875e80ec195c02c8fbbf5efdde035fc966e034343d2a791	research/strict/campaigns/J2-55/J2-55-R11-Deterministic-u-Decimal-Cofactor-Report.md	3862b9d8d72830de4875e80ec195c02c8fbbf5efdde035fc966e034343d2a791	research/a1/j2/records/deterministic-u-decimal-cofactor.md	02dfbab56326c32d094da2d95e1126d06f221a64046f1cfb7e293ea7e9b59f58	3862b9d8d72830de4875e80ec195c02c8fbbf5efdde035fc966e034343d2a791	canonical	archive-by-series/50-J2-55/J2-55-R11-Deterministic-u-Decimal-Cofactor-Report.md	exact-duplicate	attempt	Exact byte duplicate of the canonical target; this source path is retained as provenance and no second canonical copy is created. Kind is a navigation label based on file type, path, and title; it does not upgrade evidence.
dongxuelian2/strict-layer-proof-research	https://github.com/dongxuelian2/strict-layer-proof-research	main	912fb4b67419d69c8c7d805b7fd2fcadd26e9a7a	archive-by-series/50-J2-55/J2-55-R11-GConstant-search.py	912fb4b67419d69c8c7d805b7fd2fcadd26e9a7a	ce95ad641a70ad623b0b267ae74fdd7c18b8738e	f70ea4bd0b517f905727c98f4c03eaf932a6340f18f60d913eba3f861dbff4ca	cdc46a540f6ecd8f5be397585bd31fc48f0a9ccb5b2f62a4bb9f30b6f34f6309			research/archive/strict-layer-proof-research/archive-by-series/50-J2-55/J2-55-R11-GConstant-search.py	f70ea4bd0b517f905727c98f4c03eaf932a6340f18f60d913eba3f861dbff4ca	cdc46a540f6ecd8f5be397585bd31fc48f0a9ccb5b2f62a4bb9f30b6f34f6309	archived	archive-by-series/50-J2-55/J2-55-R11-GConstant-search.py	source-only	computation	Source-only bytes preserved once at the canonical target under the frozen archive boundary; original source path remains an alias. Kind is a navigation label based on file type, path, and title; it does not upgrade evidence.
dongxuelian2/strict-layer-proof-research	https://github.com/dongxuelian2/strict-layer-proof-research	main	912fb4b67419d69c8c7d805b7fd2fcadd26e9a7a	archive-by-series/50-J2-55/J2-55-R11-HenselCyclotomic.py	912fb4b67419d69c8c7d805b7fd2fcadd26e9a7a	e909d79788105e42cc36c84348bcb44135ba80c0	136dc7cc87b3aca9831fdf3a89aaef4b1abd5569c559a6f65d01b9f33cca5d5e	3291c276ea91e273aa9f635272f8fbf7d37690d7a9b691cff52eacad0544f161			research/archive/strict-layer-proof-research/archive-by-series/50-J2-55/J2-55-R11-HenselCyclotomic.py	136dc7cc87b3aca9831fdf3a89aaef4b1abd5569c559a6f65d01b9f33cca5d5e	3291c276ea91e273aa9f635272f8fbf7d37690d7a9b691cff52eacad0544f161	archived	archive-by-series/50-J2-55/J2-55-R11-HenselCyclotomic.py	source-only	computation	Source-only bytes preserved once at the canonical target under the frozen archive boundary; original source path remains an alias. Kind is a navigation label based on file type, path, and title; it does not upgrade evidence.
dongxuelian2/strict-layer-proof-research	https://github.com/dongxuelian2/strict-layer-proof-research	main	912fb4b67419d69c8c7d805b7fd2fcadd26e9a7a	archive-by-series/50-J2-55/J2-55-R11-ReverseRDescent.py	912fb4b67419d69c8c7d805b7fd2fcadd26e9a7a	a125fc4eb275f50b3fb4f01b7385c2e10d044b05	080f2eeca7487b1696e88e984b0c429abf8235fa12edd660ec2b2104def8e18b	2df6f59df547bbbf2f7a493b466bd9a267eb3582e0f5b13f5a1787185721966a			research/archive/strict-layer-proof-research/archive-by-series/50-J2-55/J2-55-R11-ReverseRDescent.py	080f2eeca7487b1696e88e984b0c429abf8235fa12edd660ec2b2104def8e18b	2df6f59df547bbbf2f7a493b466bd9a267eb3582e0f5b13f5a1787185721966a	archived	archive-by-series/50-J2-55/J2-55-R11-ReverseRDescent.py	source-only	computation	Source-only bytes preserved once at the canonical target under the frozen archive boundary; original source path remains an alias. Kind is a navigation label based on file type, path, and title; it does not upgrade evidence.
dongxuelian2/strict-layer-proof-research	https://github.com/dongxuelian2/strict-layer-proof-research	main	912fb4b67419d69c8c7d805b7fd2fcadd26e9a7a	archive-by-series/50-J2-55/J2-55-R11-SHA256SUMS.txt	912fb4b67419d69c8c7d805b7fd2fcadd26e9a7a	1324e1a8ebe915944ac353ebd7f5ae52e418ff81	a49e2e4b100250a682513823019044108d6caa8a73be0d0375da3934b4048d79	d1ad1b4dcc534f276b7fac00a656f8390eef3b042cdea106ec22ced4aa63c0f5			research/archive/strict-layer-proof-research/archive-by-series/50-J2-55/J2-55-R11-SHA256SUMS.txt	a49e2e4b100250a682513823019044108d6caa8a73be0d0375da3934b4048d79	d1ad1b4dcc534f276b7fac00a656f8390eef3b042cdea106ec22ced4aa63c0f5	archived	archive-by-series/50-J2-55/J2-55-R11-SHA256SUMS.txt	source-only	computation	Source-only bytes preserved once at the canonical target under the frozen archive boundary; original source path remains an alias. Kind is a navigation label based on file type, path, and title; it does not upgrade evidence.
dongxuelian2/strict-layer-proof-research	https://github.com/dongxuelian2/strict-layer-proof-research	main	912fb4b67419d69c8c7d805b7fd2fcadd26e9a7a	archive-by-series/50-J2-55/J2-55-R11-certificate.txt	912fb4b67419d69c8c7d805b7fd2fcadd26e9a7a	d18051b30a4de21e630e55452e5ba27c54c57b5b	95e7cc946be20e2a9f7aaf174f3075f3a2cbf597eb822a2474cb436ee65a5872	e980c217ed8dfd60f0036582af2dcf50fd236b40999eba523cb2a304e7262837			research/archive/strict-layer-proof-research/archive-by-series/50-J2-55/J2-55-R11-certificate.txt	95e7cc946be20e2a9f7aaf174f3075f3a2cbf597eb822a2474cb436ee65a5872	e980c217ed8dfd60f0036582af2dcf50fd236b40999eba523cb2a304e7262837	archived	archive-by-series/50-J2-55/J2-55-R11-certificate.txt	source-only	computation	Source-only bytes preserved once at the canonical target under the frozen archive boundary; original source path remains an alias. Kind is a navigation label based on file type, path, and title; it does not upgrade evidence.
dongxuelian2/strict-layer-proof-research	https://github.com/dongxuelian2/strict-layer-proof-research	main	912fb4b67419d69c8c7d805b7fd2fcadd26e9a7a	archive-by-series/50-J2-55/J2-55-R11-execution.log	912fb4b67419d69c8c7d805b7fd2fcadd26e9a7a	9b5c4e993b9ad220f18dce9ef34ec69823ed377a	49bbd5fa55d6ba8056c1887aea104d5cda16f098ae2a726137d3dce89220dd79	862dad3ed71594b7bac2836c96fc3b691b0b63bec11b846c18bb180cdafa86d1			research/archive/strict-layer-proof-research/archive-by-series/50-J2-55/J2-55-R11-execution.log	49bbd5fa55d6ba8056c1887aea104d5cda16f098ae2a726137d3dce89220dd79	862dad3ed71594b7bac2836c96fc3b691b0b63bec11b846c18bb180cdafa86d1	archived	archive-by-series/50-J2-55/J2-55-R11-execution.log	source-only	computation	Source-only bytes preserved once at the canonical target under the frozen archive boundary; original source path remains an alias. Kind is a navigation label based on file type, path, and title; it does not upgrade evidence.
dongxuelian2/strict-layer-proof-research	https://github.com/dongxuelian2/strict-layer-proof-research	main	912fb4b67419d69c8c7d805b7fd2fcadd26e9a7a	archive-by-series/50-J2-55/J2-55-R11-q1-PrimitiveConic.py	912fb4b67419d69c8c7d805b7fd2fcadd26e9a7a	8994bbce50712e818ebdfc2b49e3b5b2ebb13e7c	5b7202e6eefa49d86771a2b2e7ff1591f60891722627eb1d0895562d43b1023a	9d2e299e7520db648e945c0a37f3131e615588f2cb74236be7670e1ea12692f2			research/archive/strict-layer-proof-research/archive-by-series/50-J2-55/J2-55-R11-q1-PrimitiveConic.py	5b7202e6eefa49d86771a2b2e7ff1591f60891722627eb1d0895562d43b1023a	9d2e299e7520db648e945c0a37f3131e615588f2cb74236be7670e1ea12692f2	archived	archive-by-series/50-J2-55/J2-55-R11-q1-PrimitiveConic.py	source-only	computation	Source-only bytes preserved once at the canonical target under the frozen archive boundary; original source path remains an alias. Kind is a navigation label based on file type, path, and title; it does not upgrade evidence.
dongxuelian2/strict-layer-proof-research	https://github.com/dongxuelian2/strict-layer-proof-research	main	912fb4b67419d69c8c7d805b7fd2fcadd26e9a7a	archive-by-series/50-J2-55/J2-55-R11-q1-norm.txt	912fb4b67419d69c8c7d805b7fd2fcadd26e9a7a	4434ec931719493627eb894eb239bc18c3be9fc3	dc3a2a8c9c443e5d4ffeba0acb38017fd79593aad31c5e689988e3b2a526d24d	08498ee05438dd7f32627fa9abeeca655af77d926e40472ebc8c35da3151b820			research/archive/strict-layer-proof-research/archive-by-series/50-J2-55/J2-55-R11-q1-norm.txt	dc3a2a8c9c443e5d4ffeba0acb38017fd79593aad31c5e689988e3b2a526d24d	08498ee05438dd7f32627fa9abeeca655af77d926e40472ebc8c35da3151b820	archived	archive-by-series/50-J2-55/J2-55-R11-q1-norm.txt	source-only	computation	Source-only bytes preserved once at the canonical target under the frozen archive boundary; original source path remains an alias. Kind is a navigation label based on file type, path, and title; it does not upgrade evidence.
dongxuelian2/strict-layer-proof-research	https://github.com/dongxuelian2/strict-layer-proof-research	main	912fb4b67419d69c8c7d805b7fd2fcadd26e9a7a	archive-by-series/50-J2-55/J2-55-R12-Carry-Saturated-Root-Gaussian-Report.md	912fb4b67419d69c8c7d805b7fd2fcadd26e9a7a	6ba37a142637bbeef4684a50ebc9d60ee0ca1ace	6182897862d3753bcdefd45ba405f654e527a1882649908d88eddb509af5615c	03e0f3a1b4f763d6cfec6ef10f25dddad5e743de2b3a80c6acae672780dae7e5	research/strict/campaigns/J2-55/J2-55-R12-Carry-Saturated-Root-Gaussian-Report.md	03e0f3a1b4f763d6cfec6ef10f25dddad5e743de2b3a80c6acae672780dae7e5	research/a1/j2/records/carry-saturated-root-gaussian.md	6182897862d3753bcdefd45ba405f654e527a1882649908d88eddb509af5615c	03e0f3a1b4f763d6cfec6ef10f25dddad5e743de2b3a80c6acae672780dae7e5	canonical	archive-by-series/50-J2-55/J2-55-R12-Carry-Saturated-Root-Gaussian-Report.md	exact-duplicate	attempt	Exact byte duplicate of the canonical target; this source path is retained as provenance and no second canonical copy is created. Kind is a navigation label based on file type, path, and title; it does not upgrade evidence.
dongxuelian2/strict-layer-proof-research	https://github.com/dongxuelian2/strict-layer-proof-research	main	912fb4b67419d69c8c7d805b7fd2fcadd26e9a7a	archive-by-series/50-J2-55/J2-55-R12-Dependency-certificate.txt	912fb4b67419d69c8c7d805b7fd2fcadd26e9a7a	c51beaabc8916fe1ae00d3cccf215f84c3cebf23	bc8a4f7bd19812c653ac8507e7d64ceb1b1c97a83099ccad67ec4d4305db22ee	3d20347b02e3dbee9bba04676c7088f298abc7c2b724004c1c5bf7b5898f7a4f			research/archive/strict-layer-proof-research/archive-by-series/50-J2-55/J2-55-R12-Dependency-certificate.txt	bc8a4f7bd19812c653ac8507e7d64ceb1b1c97a83099ccad67ec4d4305db22ee	3d20347b02e3dbee9bba04676c7088f298abc7c2b724004c1c5bf7b5898f7a4f	archived	archive-by-series/50-J2-55/J2-55-R12-Dependency-certificate.txt	source-only	computation	Source-only bytes preserved once at the canonical target under the frozen archive boundary; original source path remains an alias. Kind is a navigation label based on file type, path, and title; it does not upgrade evidence.
dongxuelian2/strict-layer-proof-research	https://github.com/dongxuelian2/strict-layer-proof-research	main	912fb4b67419d69c8c7d805b7fd2fcadd26e9a7a	archive-by-series/50-J2-55/J2-55-R12-HenselRootSplice.py	912fb4b67419d69c8c7d805b7fd2fcadd26e9a7a	591672e5cc5ea5cf76349aec440921d2a0a2a1ff	0e0ca9f01e472f09d11f8611f08048c0f937c5a7ae5a2f6ee975f382d55d82f3	b70a7aadb9883a968d205efada57f3767e2112f73b374c23d3de794ffa5e0381			research/archive/strict-layer-proof-research/archive-by-series/50-J2-55/J2-55-R12-HenselRootSplice.py	0e0ca9f01e472f09d11f8611f08048c0f937c5a7ae5a2f6ee975f382d55d82f3	b70a7aadb9883a968d205efada57f3767e2112f73b374c23d3de794ffa5e0381	archived	archive-by-series/50-J2-55/J2-55-R12-HenselRootSplice.py	source-only	computation	Source-only bytes preserved once at the canonical target under the frozen archive boundary; original source path remains an alias. Kind is a navigation label based on file type, path, and title; it does not upgrade evidence.
dongxuelian2/strict-layer-proof-research	https://github.com/dongxuelian2/strict-layer-proof-research	main	912fb4b67419d69c8c7d805b7fd2fcadd26e9a7a	archive-by-series/50-J2-55/J2-55-R12-PowerTenRoot.py	912fb4b67419d69c8c7d805b7fd2fcadd26e9a7a	a880d34c4b56eeea2d7ef4887232ea07634ee729	f88acb8a743719d22df3cf51471f47281f958401f0e40a73a6a41c87352bb9bb	813fd06d02a20949f0586f427b7df09aafbb575f0703f94be87fb01f95680697			research/archive/strict-layer-proof-research/archive-by-series/50-J2-55/J2-55-R12-PowerTenRoot.py	f88acb8a743719d22df3cf51471f47281f958401f0e40a73a6a41c87352bb9bb	813fd06d02a20949f0586f427b7df09aafbb575f0703f94be87fb01f95680697	archived	archive-by-series/50-J2-55/J2-55-R12-PowerTenRoot.py	source-only	computation	Source-only bytes preserved once at the canonical target under the frozen archive boundary; original source path remains an alias. Kind is a navigation label based on file type, path, and title; it does not upgrade evidence.
dongxuelian2/strict-layer-proof-research	https://github.com/dongxuelian2/strict-layer-proof-research	main	912fb4b67419d69c8c7d805b7fd2fcadd26e9a7a	archive-by-series/50-J2-55/J2-55-R12-PrimitiveSupport.py	912fb4b67419d69c8c7d805b7fd2fcadd26e9a7a	96d947788a5d41a65a5caf6242067453c04be471	12c213857d8f1022e2984688f99546b3e30cf762628b029fcb12871d6f3d3618	6c5250ba665c2cf297a90d82e146fc9e7a0e8332adb7dc031b44a5ef35b55ded			research/archive/strict-layer-proof-research/archive-by-series/50-J2-55/J2-55-R12-PrimitiveSupport.py	12c213857d8f1022e2984688f99546b3e30cf762628b029fcb12871d6f3d3618	6c5250ba665c2cf297a90d82e146fc9e7a0e8332adb7dc031b44a5ef35b55ded	archived	archive-by-series/50-J2-55/J2-55-R12-PrimitiveSupport.py	source-only	computation	Source-only bytes preserved once at the canonical target under the frozen archive boundary; original source path remains an alias. Kind is a navigation label based on file type, path, and title; it does not upgrade evidence.
dongxuelian2/strict-layer-proof-research	https://github.com/dongxuelian2/strict-layer-proof-research	main	912fb4b67419d69c8c7d805b7fd2fcadd26e9a7a	archive-by-series/50-J2-55/J2-55-R12-ReverseRootPolynomial.py	912fb4b67419d69c8c7d805b7fd2fcadd26e9a7a	d728aec332dad03b17108005b0aa31d9d78d4285	bb0eba2aa043cebb1b8c941c002d6c3460aead95a9389d6f0c527b25a7129a99	770f16f70f52ae349dbd1acbb8b369ddc4be7eb70eab9f45faa0a88d3667d250			research/archive/strict-layer-proof-research/archive-by-series/50-J2-55/J2-55-R12-ReverseRootPolynomial.py	bb0eba2aa043cebb1b8c941c002d6c3460aead95a9389d6f0c527b25a7129a99	770f16f70f52ae349dbd1acbb8b369ddc4be7eb70eab9f45faa0a88d3667d250	archived	archive-by-series/50-J2-55/J2-55-R12-ReverseRootPolynomial.py	source-only	computation	Source-only bytes preserved once at the canonical target under the frozen archive boundary; original source path remains an alias. Kind is a navigation label based on file type, path, and title; it does not upgrade evidence.
dongxuelian2/strict-layer-proof-research	https://github.com/dongxuelian2/strict-layer-proof-research	main	912fb4b67419d69c8c7d805b7fd2fcadd26e9a7a	archive-by-series/50-J2-55/J2-55-R12-RootSaturation-full-derivation.py	912fb4b67419d69c8c7d805b7fd2fcadd26e9a7a	99379b41e73b9201d222be9c705a3b88412b1f6d	bee56c3a1a5c4009ee6424d6ae48a28be6df9f418e0737a87d17f0fbe1e7cdf8	6371d3d74e9acf843f5256d13f362469a7f9e7cfec22cb70c99051e5bbdf4965			research/archive/strict-layer-proof-research/archive-by-series/50-J2-55/J2-55-R12-RootSaturation-full-derivation.py	bee56c3a1a5c4009ee6424d6ae48a28be6df9f418e0737a87d17f0fbe1e7cdf8	6371d3d74e9acf843f5256d13f362469a7f9e7cfec22cb70c99051e5bbdf4965	archived	archive-by-series/50-J2-55/J2-55-R12-RootSaturation-full-derivation.py	source-only	computation	Source-only bytes preserved once at the canonical target under the frozen archive boundary; original source path remains an alias. Kind is a navigation label based on file type, path, and title; it does not upgrade evidence.
dongxuelian2/strict-layer-proof-research	https://github.com/dongxuelian2/strict-layer-proof-research	main	912fb4b67419d69c8c7d805b7fd2fcadd26e9a7a	archive-by-series/50-J2-55/J2-55-R12-RootSaturation-symbolic.py	912fb4b67419d69c8c7d805b7fd2fcadd26e9a7a	cf85a9ba510d48fbe3628e8d6b4d6bb351a05eb5	c15abbc4e61ea085282542dd6af3ab60ea3e2ecfa8b602d4f1d21f3de1fb1122	ef38bd6d76230f7d09d4c4d29af0829f20944c95b4fbe96b2d6339098f86ecb6			research/archive/strict-layer-proof-research/archive-by-series/50-J2-55/J2-55-R12-RootSaturation-symbolic.py	c15abbc4e61ea085282542dd6af3ab60ea3e2ecfa8b602d4f1d21f3de1fb1122	ef38bd6d76230f7d09d4c4d29af0829f20944c95b4fbe96b2d6339098f86ecb6	archived	archive-by-series/50-J2-55/J2-55-R12-RootSaturation-symbolic.py	source-only	computation	Source-only bytes preserved once at the canonical target under the frozen archive boundary; original source path remains an alias. Kind is a navigation label based on file type, path, and title; it does not upgrade evidence.
dongxuelian2/strict-layer-proof-research	https://github.com/dongxuelian2/strict-layer-proof-research	main	912fb4b67419d69c8c7d805b7fd2fcadd26e9a7a	archive-by-series/50-J2-55/J2-55-R12-artifacts.zip	912fb4b67419d69c8c7d805b7fd2fcadd26e9a7a	7cd1f9694cf5dcfcaf24ba9b9746afb1c8be8e94	b883a1e550ed0bef8c0af4d1893dd1a51218df63fc031a7e57f940ee1b3e272c	c41e15e845aaf9d13fac60813543080c13e1abb958f15facbe3216bda3e81ac1			research/archive/strict-layer-proof-research/archive-by-series/50-J2-55/J2-55-R12-artifacts.zip	b883a1e550ed0bef8c0af4d1893dd1a51218df63fc031a7e57f940ee1b3e272c	c41e15e845aaf9d13fac60813543080c13e1abb958f15facbe3216bda3e81ac1	archived	archive-by-series/50-J2-55/J2-55-R12-artifacts.zip	source-only	archive	Source-only bytes preserved once at the canonical target under the frozen archive boundary; original source path remains an alias. Kind is a navigation label based on file type, path, and title; it does not upgrade evidence.
dongxuelian2/strict-layer-proof-research	https://github.com/dongxuelian2/strict-layer-proof-research	main	912fb4b67419d69c8c7d805b7fd2fcadd26e9a7a	archive-by-series/50-J2-55/J2-55-R12-certificate.txt	912fb4b67419d69c8c7d805b7fd2fcadd26e9a7a	5f7bccdf5ba898b30f7a452d6462aeaf7f63fa66	3657437fe55fbd5d052564da06cc3b7080cd3efcb83a4d36aa5ee2706a8eeac3	3975b7542c611e0a17690f42fbbff41c9c3ee45ee0a0e225b52b39efc502aca9			research/archive/strict-layer-proof-research/archive-by-series/50-J2-55/J2-55-R12-certificate.txt	3657437fe55fbd5d052564da06cc3b7080cd3efcb83a4d36aa5ee2706a8eeac3	3975b7542c611e0a17690f42fbbff41c9c3ee45ee0a0e225b52b39efc502aca9	archived	archive-by-series/50-J2-55/J2-55-R12-certificate.txt	source-only	computation	Source-only bytes preserved once at the canonical target under the frozen archive boundary; original source path remains an alias. Kind is a navigation label based on file type, path, and title; it does not upgrade evidence.
dongxuelian2/strict-layer-proof-research	https://github.com/dongxuelian2/strict-layer-proof-research	main	912fb4b67419d69c8c7d805b7fd2fcadd26e9a7a	archive-by-series/50-J2-55/J2-55-R12-execution.log	912fb4b67419d69c8c7d805b7fd2fcadd26e9a7a	79e782b593de342a6fa47da77362388ccc187d54	cdd2f32e0e9366fbe554b6200e8563fa50540189260ca4a8d22e4f2dd49f4e76	98f59bffd9823e6e2ef4dc1dd3592d923bc0c568038b9452c33d3c8e4096155e			research/archive/strict-layer-proof-research/archive-by-series/50-J2-55/J2-55-R12-execution.log	cdd2f32e0e9366fbe554b6200e8563fa50540189260ca4a8d22e4f2dd49f4e76	98f59bffd9823e6e2ef4dc1dd3592d923bc0c568038b9452c33d3c8e4096155e	archived	archive-by-series/50-J2-55/J2-55-R12-execution.log	source-only	computation	Source-only bytes preserved once at the canonical target under the frozen archive boundary; original source path remains an alias. Kind is a navigation label based on file type, path, and title; it does not upgrade evidence.
dongxuelian2/strict-layer-proof-research	https://github.com/dongxuelian2/strict-layer-proof-research	main	912fb4b67419d69c8c7d805b7fd2fcadd26e9a7a	archive-by-series/50-J2-55/J2-55-R12-q1-GaussianSupport.py	912fb4b67419d69c8c7d805b7fd2fcadd26e9a7a	9e04267c451db95b2e6c28983c51fe3f5b605c16	c6f1a2219b14654dd3b9f92bfa6499dc21a17ea33628b69f26c4098eb8295dd2	e9a8e30072abd9582d7c5a2165269507934d6a03ecd019ec139ed3c447717c95			research/archive/strict-layer-proof-research/archive-by-series/50-J2-55/J2-55-R12-q1-GaussianSupport.py	c6f1a2219b14654dd3b9f92bfa6499dc21a17ea33628b69f26c4098eb8295dd2	e9a8e30072abd9582d7c5a2165269507934d6a03ecd019ec139ed3c447717c95	archived	archive-by-series/50-J2-55/J2-55-R12-q1-GaussianSupport.py	source-only	computation	Source-only bytes preserved once at the canonical target under the frozen archive boundary; original source path remains an alias. Kind is a navigation label based on file type, path, and title; it does not upgrade evidence.
dongxuelian2/strict-layer-proof-research	https://github.com/dongxuelian2/strict-layer-proof-research	main	912fb4b67419d69c8c7d805b7fd2fcadd26e9a7a	archive-by-series/50-J2-55/J2-55-R13-GammaValuation.py	912fb4b67419d69c8c7d805b7fd2fcadd26e9a7a	96da702048d6bd5048c68e766ca30820f380ce4d	ab3171c036a268020cbc00cbd0fe3911207aeeddd92c664c8554270424a27255	d7bf8ed4a516df9f307bcfa0a3d41244dc58b827d4bbc67cd080b5b0743873b4			research/archive/strict-layer-proof-research/archive-by-series/50-J2-55/J2-55-R13-GammaValuation.py	ab3171c036a268020cbc00cbd0fe3911207aeeddd92c664c8554270424a27255	d7bf8ed4a516df9f307bcfa0a3d41244dc58b827d4bbc67cd080b5b0743873b4	archived	archive-by-series/50-J2-55/J2-55-R13-GammaValuation.py	source-only	computation	Source-only bytes preserved once at the canonical target under the frozen archive boundary; original source path remains an alias. Kind is a navigation label based on file type, path, and title; it does not upgrade evidence.
dongxuelian2/strict-layer-proof-research	https://github.com/dongxuelian2/strict-layer-proof-research	main	912fb4b67419d69c8c7d805b7fd2fcadd26e9a7a	archive-by-series/50-J2-55/J2-55-R13-Independent-Root-Coefficient-Gaussian-Report.md	912fb4b67419d69c8c7d805b7fd2fcadd26e9a7a	68ee32048b70ccb1196e07283fb4084a4d243965	dcb1eb49961f0ce319d0f7d4feb509d9719a54d8868e4431e48e571980dc9f84	74b49876e3055be415a015bb11cb95970b5af0a3ed48c7e4713de41254cfbe36	research/strict/campaigns/J2-55/J2-55-R13-Independent-Root-Coefficient-Gaussian-Report.md	74b49876e3055be415a015bb11cb95970b5af0a3ed48c7e4713de41254cfbe36	research/a1/j2/records/independent-root-coefficient-gaussian.md	dcb1eb49961f0ce319d0f7d4feb509d9719a54d8868e4431e48e571980dc9f84	74b49876e3055be415a015bb11cb95970b5af0a3ed48c7e4713de41254cfbe36	canonical	archive-by-series/50-J2-55/J2-55-R13-Independent-Root-Coefficient-Gaussian-Report.md	exact-duplicate	attempt	Exact byte duplicate of the canonical target; this source path is retained as provenance and no second canonical copy is created. Kind is a navigation label based on file type, path, and title; it does not upgrade evidence.
dongxuelian2/strict-layer-proof-research	https://github.com/dongxuelian2/strict-layer-proof-research	main	912fb4b67419d69c8c7d805b7fd2fcadd26e9a7a	archive-by-series/50-J2-55/J2-55-R13-NewtonRoot.py	912fb4b67419d69c8c7d805b7fd2fcadd26e9a7a	6969bc4c2997c3ec15b025a24d121a57569e0b1f	f0531c6f61998fa54dd9b2f728262405b4dc7b6454176ef5a25dd82f84a77567	07677d0f169dec4c3b55af9b5f54262e5e04c1089a05fa5ac8728197484368d0			research/archive/strict-layer-proof-research/archive-by-series/50-J2-55/J2-55-R13-NewtonRoot.py	f0531c6f61998fa54dd9b2f728262405b4dc7b6454176ef5a25dd82f84a77567	07677d0f169dec4c3b55af9b5f54262e5e04c1089a05fa5ac8728197484368d0	archived	archive-by-series/50-J2-55/J2-55-R13-NewtonRoot.py	source-only	computation	Source-only bytes preserved once at the canonical target under the frozen archive boundary; original source path remains an alias. Kind is a navigation label based on file type, path, and title; it does not upgrade evidence.
dongxuelian2/strict-layer-proof-research	https://github.com/dongxuelian2/strict-layer-proof-research	main	912fb4b67419d69c8c7d805b7fd2fcadd26e9a7a	archive-by-series/50-J2-55/J2-55-R13-RootCoefficient-symbolic.py	912fb4b67419d69c8c7d805b7fd2fcadd26e9a7a	2cc8c9d034fba345587ff973286c765465af9753	a6f642ef8da154c00970ae5fdcf79b85385865a7ef8316888cdfbe4ed3de4bf0	ee4bd041d4d15b05b0ce35324ca32ef707a9061d804ae7687cba501cb67341f9			research/archive/strict-layer-proof-research/archive-by-series/50-J2-55/J2-55-R13-RootCoefficient-symbolic.py	a6f642ef8da154c00970ae5fdcf79b85385865a7ef8316888cdfbe4ed3de4bf0	ee4bd041d4d15b05b0ce35324ca32ef707a9061d804ae7687cba501cb67341f9	archived	archive-by-series/50-J2-55/J2-55-R13-RootCoefficient-symbolic.py	source-only	computation	Source-only bytes preserved once at the canonical target under the frozen archive boundary; original source path remains an alias. Kind is a navigation label based on file type, path, and title; it does not upgrade evidence.
dongxuelian2/strict-layer-proof-research	https://github.com/dongxuelian2/strict-layer-proof-research	main	912fb4b67419d69c8c7d805b7fd2fcadd26e9a7a	archive-by-series/50-J2-55/J2-55-R13-artifacts.zip	912fb4b67419d69c8c7d805b7fd2fcadd26e9a7a	eecf9c826b2c911ed08800bbe981fdb7e1f7b94b	f20b0ae2632c59aec80a7195afbe14ef5ca00fdf9f8a82d8610598453795784d	b314cadbe761f077a6c735cf6a3f5eb4c851a8ebb845c16148dfd6b5018b8e09			research/archive/strict-layer-proof-research/archive-by-series/50-J2-55/J2-55-R13-artifacts.zip	f20b0ae2632c59aec80a7195afbe14ef5ca00fdf9f8a82d8610598453795784d	b314cadbe761f077a6c735cf6a3f5eb4c851a8ebb845c16148dfd6b5018b8e09	archived	archive-by-series/50-J2-55/J2-55-R13-artifacts.zip	source-only	archive	Source-only bytes preserved once at the canonical target under the frozen archive boundary; original source path remains an alias. Kind is a navigation label based on file type, path, and title; it does not upgrade evidence.
dongxuelian2/strict-layer-proof-research	https://github.com/dongxuelian2/strict-layer-proof-research	main	912fb4b67419d69c8c7d805b7fd2fcadd26e9a7a	archive-by-series/50-J2-55/J2-55-R13-certificate.txt	912fb4b67419d69c8c7d805b7fd2fcadd26e9a7a	c41a38d07dc58951e3672b3ace05cdeda5dd5186	73c268784859b29302d129d18ebe0fa88b58afdde2579c8961373faa540d39d8	9d8de6974d5028f8d4d65435544625766b7fc6356852ae727bca4d92389fb3d9			research/archive/strict-layer-proof-research/archive-by-series/50-J2-55/J2-55-R13-certificate.txt	73c268784859b29302d129d18ebe0fa88b58afdde2579c8961373faa540d39d8	9d8de6974d5028f8d4d65435544625766b7fc6356852ae727bca4d92389fb3d9	archived	archive-by-series/50-J2-55/J2-55-R13-certificate.txt	source-only	computation	Source-only bytes preserved once at the canonical target under the frozen archive boundary; original source path remains an alias. Kind is a navigation label based on file type, path, and title; it does not upgrade evidence.
dongxuelian2/strict-layer-proof-research	https://github.com/dongxuelian2/strict-layer-proof-research	main	912fb4b67419d69c8c7d805b7fd2fcadd26e9a7a	archive-by-series/50-J2-55/J2-55-R13-q1-GaussianRadical.py	912fb4b67419d69c8c7d805b7fd2fcadd26e9a7a	72e27216c0ebdb89691155fe9917ba102ff3eeae	0612c8de408200d50513c68cda13959d8c499c7f641a741eb7ef8896f629c550	2c0774347766b8c39b5b1a1a2e2808347587e578bbdab74557e2991be91ada11			research/archive/strict-layer-proof-research/archive-by-series/50-J2-55/J2-55-R13-q1-GaussianRadical.py	0612c8de408200d50513c68cda13959d8c499c7f641a741eb7ef8896f629c550	2c0774347766b8c39b5b1a1a2e2808347587e578bbdab74557e2991be91ada11	archived	archive-by-series/50-J2-55/J2-55-R13-q1-GaussianRadical.py	source-only	computation	Source-only bytes preserved once at the canonical target under the frozen archive boundary; original source path remains an alias. Kind is a navigation label based on file type, path, and title; it does not upgrade evidence.
dongxuelian2/strict-layer-proof-research	https://github.com/dongxuelian2/strict-layer-proof-research	main	912fb4b67419d69c8c7d805b7fd2fcadd26e9a7a	archive-by-series/50-J2-55/J2-55-R14-Carry-NextBit-Gaussian-SecondLift-Report.md	912fb4b67419d69c8c7d805b7fd2fcadd26e9a7a	b258db6462e9a91ff9681d18795404e496072204	b23c2dd63e43265f4d782b6a23badc272470513eb6995490a178e104bbe14895	d192ff185f59e5e71c8b669cf709f382eeed676d752d80cc280765f7debb0831	research/strict/campaigns/J2-55/J2-55-R14-Carry-NextBit-Gaussian-SecondLift-Report.md	d192ff185f59e5e71c8b669cf709f382eeed676d752d80cc280765f7debb0831	research/a1/j2/records/carry-nextbit-gaussian-secondlift.md	b23c2dd63e43265f4d782b6a23badc272470513eb6995490a178e104bbe14895	d192ff185f59e5e71c8b669cf709f382eeed676d752d80cc280765f7debb0831	canonical	archive-by-series/50-J2-55/J2-55-R14-Carry-NextBit-Gaussian-SecondLift-Report.md	exact-duplicate	attempt	Exact byte duplicate of the canonical target; this source path is retained as provenance and no second canonical copy is created. Kind is a navigation label based on file type, path, and title; it does not upgrade evidence.
dongxuelian2/strict-layer-proof-research	https://github.com/dongxuelian2/strict-layer-proof-research	main	912fb4b67419d69c8c7d805b7fd2fcadd26e9a7a	archive-by-series/50-J2-55/J2-55-R14-FrozenRootPolynomials.py	912fb4b67419d69c8c7d805b7fd2fcadd26e9a7a	d7de2845fda872ebdc529c043cb6f3fc3cb1f8fb	6f0dab933f105b6e8082a2676e45b101b47212032cfd2f3363611a606e057a10	b11df1bec91f0aa012f55d1b47b0a739723fb54af58f67d0b09c08ae7bb10c97			research/archive/strict-layer-proof-research/archive-by-series/50-J2-55/J2-55-R14-FrozenRootPolynomials.py	6f0dab933f105b6e8082a2676e45b101b47212032cfd2f3363611a606e057a10	b11df1bec91f0aa012f55d1b47b0a739723fb54af58f67d0b09c08ae7bb10c97	archived	archive-by-series/50-J2-55/J2-55-R14-FrozenRootPolynomials.py	source-only	computation	Source-only bytes preserved once at the canonical target under the frozen archive boundary; original source path remains an alias. Kind is a navigation label based on file type, path, and title; it does not upgrade evidence.
dongxuelian2/strict-layer-proof-research	https://github.com/dongxuelian2/strict-layer-proof-research	main	912fb4b67419d69c8c7d805b7fd2fcadd26e9a7a	archive-by-series/50-J2-55/J2-55-R14-GammaNextBit.py	912fb4b67419d69c8c7d805b7fd2fcadd26e9a7a	b67cf6ed74ce7a195cb5d984efc33a141027ff12	32fd9b89b2728f630e64dc94613f6e8cbafc804f927a06bc6b353d02c9cae7a7	15a5b95337aa291362854e9446a9bdbcf856bf2f66b9c97d44b0c310b8d6d3d0			research/archive/strict-layer-proof-research/archive-by-series/50-J2-55/J2-55-R14-GammaNextBit.py	32fd9b89b2728f630e64dc94613f6e8cbafc804f927a06bc6b353d02c9cae7a7	15a5b95337aa291362854e9446a9bdbcf856bf2f66b9c97d44b0c310b8d6d3d0	archived	archive-by-series/50-J2-55/J2-55-R14-GammaNextBit.py	source-only	computation	Source-only bytes preserved once at the canonical target under the frozen archive boundary; original source path remains an alias. Kind is a navigation label based on file type, path, and title; it does not upgrade evidence.
dongxuelian2/strict-layer-proof-research	https://github.com/dongxuelian2/strict-layer-proof-research	main	912fb4b67419d69c8c7d805b7fd2fcadd26e9a7a	archive-by-series/50-J2-55/J2-55-R14-ReverseBitClosure.py	912fb4b67419d69c8c7d805b7fd2fcadd26e9a7a	99e50dd7b1e3e2d220c40a209cda48e099d3030b	ee614fd7c70a9ff0f79ca23179cc30bea01dd1a7f6bc6d077a78dc83765f542a	66282a3f6f61375e42f105741b109b1fd039a440b151d8b20663a2e77a5d72af			research/archive/strict-layer-proof-research/archive-by-series/50-J2-55/J2-55-R14-ReverseBitClosure.py	ee614fd7c70a9ff0f79ca23179cc30bea01dd1a7f6bc6d077a78dc83765f542a	66282a3f6f61375e42f105741b109b1fd039a440b151d8b20663a2e77a5d72af	archived	archive-by-series/50-J2-55/J2-55-R14-ReverseBitClosure.py	source-only	computation	Source-only bytes preserved once at the canonical target under the frozen archive boundary; original source path remains an alias. Kind is a navigation label based on file type, path, and title; it does not upgrade evidence.
dongxuelian2/strict-layer-proof-research	https://github.com/dongxuelian2/strict-layer-proof-research	main	912fb4b67419d69c8c7d805b7fd2fcadd26e9a7a	archive-by-series/50-J2-55/J2-55-R14-certificate.txt	912fb4b67419d69c8c7d805b7fd2fcadd26e9a7a	af83e3ceaded5a5424f97960c7c4cfc9e9ea1d76	a2a66a7506d1e518c6e0bee9884493e881792370d42f334b64c7c1e0873b8525	4785c2d2e099bf229f0426157f55bf7e1cc3045a6ed826157da00ba05013aa26			research/archive/strict-layer-proof-research/archive-by-series/50-J2-55/J2-55-R14-certificate.txt	a2a66a7506d1e518c6e0bee9884493e881792370d42f334b64c7c1e0873b8525	4785c2d2e099bf229f0426157f55bf7e1cc3045a6ed826157da00ba05013aa26	archived	archive-by-series/50-J2-55/J2-55-R14-certificate.txt	source-only	computation	Source-only bytes preserved once at the canonical target under the frozen archive boundary; original source path remains an alias. Kind is a navigation label based on file type, path, and title; it does not upgrade evidence.
dongxuelian2/strict-layer-proof-research	https://github.com/dongxuelian2/strict-layer-proof-research	main	912fb4b67419d69c8c7d805b7fd2fcadd26e9a7a	archive-by-series/50-J2-55/J2-55-R14-q1-NegativeBranch.py	912fb4b67419d69c8c7d805b7fd2fcadd26e9a7a	c05a25c0e5e5c1e4c7a77b725b10c000b018f9e4	2336f09483be0bb9049738331a0c51205919d102a8fd92fc73621ed2eb2d3ae0	a851f58d0df318deab6dce34bc09bbfd6662ad3b5b6f95f02c43f66c4669e497			research/archive/strict-layer-proof-research/archive-by-series/50-J2-55/J2-55-R14-q1-NegativeBranch.py	2336f09483be0bb9049738331a0c51205919d102a8fd92fc73621ed2eb2d3ae0	a851f58d0df318deab6dce34bc09bbfd6662ad3b5b6f95f02c43f66c4669e497	archived	archive-by-series/50-J2-55/J2-55-R14-q1-NegativeBranch.py	source-only	computation	Source-only bytes preserved once at the canonical target under the frozen archive boundary; original source path remains an alias. Kind is a navigation label based on file type, path, and title; it does not upgrade evidence.
dongxuelian2/strict-layer-proof-research	https://github.com/dongxuelian2/strict-layer-proof-research	main	912fb4b67419d69c8c7d805b7fd2fcadd26e9a7a	archive-by-series/50-J2-55/J2-55-R14-q1-SecondSupportLift.py	912fb4b67419d69c8c7d805b7fd2fcadd26e9a7a	0064a0e6fbc8a7d33ce4c0c9fe693ec3270fb92a	61ebeec0843d070a0bafb8addc180dcfa04c7b3690806c042e672cc7aed5c38d	8f794f59cce6557cbde5cb5719eb1a3684dba627654ad035abc315a8701ff4c7			research/archive/strict-layer-proof-research/archive-by-series/50-J2-55/J2-55-R14-q1-SecondSupportLift.py	61ebeec0843d070a0bafb8addc180dcfa04c7b3690806c042e672cc7aed5c38d	8f794f59cce6557cbde5cb5719eb1a3684dba627654ad035abc315a8701ff4c7	archived	archive-by-series/50-J2-55/J2-55-R14-q1-SecondSupportLift.py	source-only	computation	Source-only bytes preserved once at the canonical target under the frozen archive boundary; original source path remains an alias. Kind is a navigation label based on file type, path, and title; it does not upgrade evidence.
dongxuelian2/strict-layer-proof-research	https://github.com/dongxuelian2/strict-layer-proof-research	main	912fb4b67419d69c8c7d805b7fd2fcadd26e9a7a	archive-by-series/50-J2-55/J2-55-R15-Spliced-Factor-2Adic-NegativeConic-Report.md	912fb4b67419d69c8c7d805b7fd2fcadd26e9a7a	885d92cc4c9921de43ca669f752a112d3f710424	1829463805b2ac25d9aa975d7ec6b7ad908f0a1de428eb68cfecf2e06d59525a	25fddcf907ff749ae1754fd7f389b69268deed2c0bb963a26a79245bd39346ab	research/strict/campaigns/J2-55/J2-55-R15-Spliced-Factor-2Adic-NegativeConic-Report.md	25fddcf907ff749ae1754fd7f389b69268deed2c0bb963a26a79245bd39346ab	research/a1/j2/records/spliced-factor-2adic-negativeconic.md	1829463805b2ac25d9aa975d7ec6b7ad908f0a1de428eb68cfecf2e06d59525a	25fddcf907ff749ae1754fd7f389b69268deed2c0bb963a26a79245bd39346ab	canonical	archive-by-series/50-J2-55/J2-55-R15-Spliced-Factor-2Adic-NegativeConic-Report.md	exact-duplicate	attempt	Exact byte duplicate of the canonical target; this source path is retained as provenance and no second canonical copy is created. Kind is a navigation label based on file type, path, and title; it does not upgrade evidence.
dongxuelian2/strict-layer-proof-research	https://github.com/dongxuelian2/strict-layer-proof-research	main	912fb4b67419d69c8c7d805b7fd2fcadd26e9a7a	archive-by-series/50-J2-55/J2-55-R15-artifacts.zip	912fb4b67419d69c8c7d805b7fd2fcadd26e9a7a	9bb14d969627213e31084d03d5dcd88a5ee15f83	17cecd855f00a14fef44470786890ed6386a64e88465068e0f005c1b4c81aa98	1e0376edba31e1f8278b9925c3aba8930447a52ec81bab0586dbb238deb3a5fa			research/archive/strict-layer-proof-research/archive-by-series/50-J2-55/J2-55-R15-artifacts.zip	17cecd855f00a14fef44470786890ed6386a64e88465068e0f005c1b4c81aa98	1e0376edba31e1f8278b9925c3aba8930447a52ec81bab0586dbb238deb3a5fa	archived	archive-by-series/50-J2-55/J2-55-R15-artifacts.zip	source-only	archive	Source-only bytes preserved once at the canonical target under the frozen archive boundary; original source path remains an alias. Kind is a navigation label based on file type, path, and title; it does not upgrade evidence.
dongxuelian2/strict-layer-proof-research	https://github.com/dongxuelian2/strict-layer-proof-research	main	912fb4b67419d69c8c7d805b7fd2fcadd26e9a7a	archive-by-series/50-J2-55/J2-55-R15-certificate.txt	912fb4b67419d69c8c7d805b7fd2fcadd26e9a7a	8109bbf87de90627102613f3fbdeac025cc8875d	e548f3fd415b8e749e21ac2d9a0224b7a20400c13a3c5a31fd1600a39a2f8412	a69d678926393c651dae11866c4205a1e208ed5966e4957a9f3a8d356301f7aa			research/archive/strict-layer-proof-research/archive-by-series/50-J2-55/J2-55-R15-certificate.txt	e548f3fd415b8e749e21ac2d9a0224b7a20400c13a3c5a31fd1600a39a2f8412	a69d678926393c651dae11866c4205a1e208ed5966e4957a9f3a8d356301f7aa	archived	archive-by-series/50-J2-55/J2-55-R15-certificate.txt	source-only	computation	Source-only bytes preserved once at the canonical target under the frozen archive boundary; original source path remains an alias. Kind is a navigation label based on file type, path, and title; it does not upgrade evidence.
dongxuelian2/strict-layer-proof-research	https://github.com/dongxuelian2/strict-layer-proof-research	main	912fb4b67419d69c8c7d805b7fd2fcadd26e9a7a	archive-by-series/50-J2-55/J2-55-R2-USquare-Carry-Collision-Report.md	912fb4b67419d69c8c7d805b7fd2fcadd26e9a7a	b40df079b124d643d4088cc7792120ad7cb3323b	a33c6c4e40d576abd8038f779c7a01d898847da981231b896086d0c9c1478b13	6daacae44318f0eddf99901a1c858e3f98a2ff8a6fb9400f408e2ce6509ca8b9	research/strict/campaigns/J2-55/J2-55-R2-USquare-Carry-Collision-Report.md	6daacae44318f0eddf99901a1c858e3f98a2ff8a6fb9400f408e2ce6509ca8b9	research/a1/j2/records/usquare-carry-collision.md	a33c6c4e40d576abd8038f779c7a01d898847da981231b896086d0c9c1478b13	6daacae44318f0eddf99901a1c858e3f98a2ff8a6fb9400f408e2ce6509ca8b9	canonical	archive-by-series/50-J2-55/J2-55-R2-USquare-Carry-Collision-Report.md	exact-duplicate	attempt	Exact byte duplicate of the canonical target; this source path is retained as provenance and no second canonical copy is created. Kind is a navigation label based on file type, path, and title; it does not upgrade evidence.
dongxuelian2/strict-layer-proof-research	https://github.com/dongxuelian2/strict-layer-proof-research	main	912fb4b67419d69c8c7d805b7fd2fcadd26e9a7a	archive-by-series/50-J2-55/J2-55-R2-USquare-certificate.txt	912fb4b67419d69c8c7d805b7fd2fcadd26e9a7a	a6e19150c99c53d6f04176dc856bc09f512e3a75	a2949f5544a3fa0743cf97111a2936394d52f5513859d51d23099090ba119a7e	567994a09a3aa884e0d7d95b2c9f0effe2517b24efb20586e229cc92574fcb01			research/archive/strict-layer-proof-research/archive-by-series/50-J2-55/J2-55-R2-USquare-certificate.txt	a2949f5544a3fa0743cf97111a2936394d52f5513859d51d23099090ba119a7e	567994a09a3aa884e0d7d95b2c9f0effe2517b24efb20586e229cc92574fcb01	archived	archive-by-series/50-J2-55/J2-55-R2-USquare-certificate.txt	source-only	computation	Source-only bytes preserved once at the canonical target under the frozen archive boundary; original source path remains an alias. Kind is a navigation label based on file type, path, and title; it does not upgrade evidence.
dongxuelian2/strict-layer-proof-research	https://github.com/dongxuelian2/strict-layer-proof-research	main	912fb4b67419d69c8c7d805b7fd2fcadd26e9a7a	archive-by-series/50-J2-55/J2-55-R2-USquare-search-certificate.txt	912fb4b67419d69c8c7d805b7fd2fcadd26e9a7a	e6de39dbe0a1d611800f635de7f47d2989ec4e73	d83e8f36bee4fa3aab864706c8cc5232da742d1bf24c7180c2f0f849b711d125	35dd0e3f862ecb912a1d14e7645a23e11dd74f1954df5db2ab04e8ccc154f3a0			research/archive/strict-layer-proof-research/archive-by-series/50-J2-55/J2-55-R2-USquare-search-certificate.txt	d83e8f36bee4fa3aab864706c8cc5232da742d1bf24c7180c2f0f849b711d125	35dd0e3f862ecb912a1d14e7645a23e11dd74f1954df5db2ab04e8ccc154f3a0	archived	archive-by-series/50-J2-55/J2-55-R2-USquare-search-certificate.txt	source-only	computation	Source-only bytes preserved once at the canonical target under the frozen archive boundary; original source path remains an alias. Kind is a navigation label based on file type, path, and title; it does not upgrade evidence.
dongxuelian2/strict-layer-proof-research	https://github.com/dongxuelian2/strict-layer-proof-research	main	912fb4b67419d69c8c7d805b7fd2fcadd26e9a7a	archive-by-series/50-J2-55/J2-55-R2-USquare-search.py	912fb4b67419d69c8c7d805b7fd2fcadd26e9a7a	9946c2e0c430a539a792cd96000e5841b9a419f9	f1c53642b6ed24983273a4a04ad59378d35b9b4308b3f7f209044194a21c6beb	120e85789cbbb8c27d1bb36592b546ec4720a50aaa4f7d5283811a0c561ea648			research/archive/strict-layer-proof-research/archive-by-series/50-J2-55/J2-55-R2-USquare-search.py	f1c53642b6ed24983273a4a04ad59378d35b9b4308b3f7f209044194a21c6beb	120e85789cbbb8c27d1bb36592b546ec4720a50aaa4f7d5283811a0c561ea648	archived	archive-by-series/50-J2-55/J2-55-R2-USquare-search.py	source-only	computation	Source-only bytes preserved once at the canonical target under the frozen archive boundary; original source path remains an alias. Kind is a navigation label based on file type, path, and title; it does not upgrade evidence.
dongxuelian2/strict-layer-proof-research	https://github.com/dongxuelian2/strict-layer-proof-research	main	912fb4b67419d69c8c7d805b7fd2fcadd26e9a7a	archive-by-series/50-J2-55/J2-55-R2-USquare-symbolic.py	912fb4b67419d69c8c7d805b7fd2fcadd26e9a7a	78daf5d46e30fcc465dd932c1ce06496ebb883b0	1950e4c694edee7249b9332ab698926c682b9fc72207e30f8daac5ab1bda34a4	7a0365901ae2ef138c4ebbfb2449830bd34d4edf4c35989b68bb449dec1190f0			research/archive/strict-layer-proof-research/archive-by-series/50-J2-55/J2-55-R2-USquare-symbolic.py	1950e4c694edee7249b9332ab698926c682b9fc72207e30f8daac5ab1bda34a4	7a0365901ae2ef138c4ebbfb2449830bd34d4edf4c35989b68bb449dec1190f0	archived	archive-by-series/50-J2-55/J2-55-R2-USquare-symbolic.py	source-only	computation	Source-only bytes preserved once at the canonical target under the frozen archive boundary; original source path remains an alias. Kind is a navigation label based on file type, path, and title; it does not upgrade evidence.
dongxuelian2/strict-layer-proof-research	https://github.com/dongxuelian2/strict-layer-proof-research	main	912fb4b67419d69c8c7d805b7fd2fcadd26e9a7a	archive-by-series/50-J2-55/J2-55-R3-Decimal-Residual-Collision-Report.md	912fb4b67419d69c8c7d805b7fd2fcadd26e9a7a	3f5318f302357e86623ca61e305c79ce1c1fe17a	4d08e3cb9dedc032f849dae58f14d113a92fe6a162b183cda5a65c3d67843093	dc2ad35fe1635d7ce92d6fc177e2a32eba08cf60cfe9881db3c5b3336154d6cd	research/strict/campaigns/J2-55/J2-55-R3-Decimal-Residual-Collision-Report.md	dc2ad35fe1635d7ce92d6fc177e2a32eba08cf60cfe9881db3c5b3336154d6cd	research/a1/j2/records/decimal-residual-collision.md	4d08e3cb9dedc032f849dae58f14d113a92fe6a162b183cda5a65c3d67843093	dc2ad35fe1635d7ce92d6fc177e2a32eba08cf60cfe9881db3c5b3336154d6cd	canonical	archive-by-series/50-J2-55/J2-55-R3-Decimal-Residual-Collision-Report.md	exact-duplicate	attempt	Exact byte duplicate of the canonical target; this source path is retained as provenance and no second canonical copy is created. Kind is a navigation label based on file type, path, and title; it does not upgrade evidence.
dongxuelian2/strict-layer-proof-research	https://github.com/dongxuelian2/strict-layer-proof-research	main	912fb4b67419d69c8c7d805b7fd2fcadd26e9a7a	archive-by-series/50-J2-55/J2-55-R3-DecimalResidual-certificate.txt	912fb4b67419d69c8c7d805b7fd2fcadd26e9a7a	5f6eff2e8358c13ad83de4e2213b5fa20ec10b7d	a24d67eb96bdfc6189d2ea448246bbaa8b249ccf464cc18605738fd0107488a1	7773026f10164d220c50371ce21ebbb25e3a95971bf68dd342e7249e41c26c4c			research/archive/strict-layer-proof-research/archive-by-series/50-J2-55/J2-55-R3-DecimalResidual-certificate.txt	a24d67eb96bdfc6189d2ea448246bbaa8b249ccf464cc18605738fd0107488a1	7773026f10164d220c50371ce21ebbb25e3a95971bf68dd342e7249e41c26c4c	archived	archive-by-series/50-J2-55/J2-55-R3-DecimalResidual-certificate.txt	source-only	computation	Source-only bytes preserved once at the canonical target under the frozen archive boundary; original source path remains an alias. Kind is a navigation label based on file type, path, and title; it does not upgrade evidence.
dongxuelian2/strict-layer-proof-research	https://github.com/dongxuelian2/strict-layer-proof-research	main	912fb4b67419d69c8c7d805b7fd2fcadd26e9a7a	archive-by-series/50-J2-55/J2-55-R3-DecimalResidual-search-certificate.txt	912fb4b67419d69c8c7d805b7fd2fcadd26e9a7a	c05ed1da337e6977f13e4209c7669b96d6231e90	c8bf4b51e6d10daf06b0e7b69ac1c390d968b1e6853a4b8a4db89f5d72e239c3	4bc0247dfe3484579880efd92b9a91a017f1ca6a001af1521ef48fcfa975ee71			research/archive/strict-layer-proof-research/archive-by-series/50-J2-55/J2-55-R3-DecimalResidual-search-certificate.txt	c8bf4b51e6d10daf06b0e7b69ac1c390d968b1e6853a4b8a4db89f5d72e239c3	4bc0247dfe3484579880efd92b9a91a017f1ca6a001af1521ef48fcfa975ee71	archived	archive-by-series/50-J2-55/J2-55-R3-DecimalResidual-search-certificate.txt	source-only	computation	Source-only bytes preserved once at the canonical target under the frozen archive boundary; original source path remains an alias. Kind is a navigation label based on file type, path, and title; it does not upgrade evidence.
dongxuelian2/strict-layer-proof-research	https://github.com/dongxuelian2/strict-layer-proof-research	main	912fb4b67419d69c8c7d805b7fd2fcadd26e9a7a	archive-by-series/50-J2-55/J2-55-R3-DecimalResidual-search.py	912fb4b67419d69c8c7d805b7fd2fcadd26e9a7a	0ea99a18c9f6aa7ddcb29cbf95df7ea2b783e41a	9b0b0bdc249ff7bca63ebfb6042d7cb687abaab9ac72569745875cf8e349d7b8	f00e72b68b5e4f0cec5b8be47442833e2a3028a7c1bd5744bd9adc3a1eb49eca			research/archive/strict-layer-proof-research/archive-by-series/50-J2-55/J2-55-R3-DecimalResidual-search.py	9b0b0bdc249ff7bca63ebfb6042d7cb687abaab9ac72569745875cf8e349d7b8	f00e72b68b5e4f0cec5b8be47442833e2a3028a7c1bd5744bd9adc3a1eb49eca	archived	archive-by-series/50-J2-55/J2-55-R3-DecimalResidual-search.py	source-only	computation	Source-only bytes preserved once at the canonical target under the frozen archive boundary; original source path remains an alias. Kind is a navigation label based on file type, path, and title; it does not upgrade evidence.
dongxuelian2/strict-layer-proof-research	https://github.com/dongxuelian2/strict-layer-proof-research	main	912fb4b67419d69c8c7d805b7fd2fcadd26e9a7a	archive-by-series/50-J2-55/J2-55-R3-DecimalResidual-symbolic.py	912fb4b67419d69c8c7d805b7fd2fcadd26e9a7a	600421cb804cdb1f6592defe6ab554fdf73487a0	13c4f8bac0484cb79ed7cc8afe186e6fbec5c0333739c285f7482063d5a656c0	a8f9c0ff8b09563e21fd2c19f8ac9704beefcf767957772819cf36ecedb8b705			research/archive/strict-layer-proof-research/archive-by-series/50-J2-55/J2-55-R3-DecimalResidual-symbolic.py	13c4f8bac0484cb79ed7cc8afe186e6fbec5c0333739c285f7482063d5a656c0	a8f9c0ff8b09563e21fd2c19f8ac9704beefcf767957772819cf36ecedb8b705	archived	archive-by-series/50-J2-55/J2-55-R3-DecimalResidual-symbolic.py	source-only	computation	Source-only bytes preserved once at the canonical target under the frozen archive boundary; original source path remains an alias. Kind is a navigation label based on file type, path, and title; it does not upgrade evidence.
dongxuelian2/strict-layer-proof-research	https://github.com/dongxuelian2/strict-layer-proof-research	main	912fb4b67419d69c8c7d805b7fd2fcadd26e9a7a	archive-by-series/50-J2-55/J2-55-R4-Complementary-Factor-Euclidean-Report.md	912fb4b67419d69c8c7d805b7fd2fcadd26e9a7a	7fea723df1f055752bccf6f74b5907dd6b6e970f	ae7d6742ed9cdc4c81df485ad8899693fcc05c686652319528c3789901abdfa1	d5802b71a4d5a61ff35f491813bafd1e0effb08a85095401ce5b983503f16779	research/strict/campaigns/J2-55/J2-55-R4-Complementary-Factor-Euclidean-Report.md	d5802b71a4d5a61ff35f491813bafd1e0effb08a85095401ce5b983503f16779	research/a1/j2/records/complementary-factor-euclidean.md	ae7d6742ed9cdc4c81df485ad8899693fcc05c686652319528c3789901abdfa1	d5802b71a4d5a61ff35f491813bafd1e0effb08a85095401ce5b983503f16779	canonical	archive-by-series/50-J2-55/J2-55-R4-Complementary-Factor-Euclidean-Report.md	exact-duplicate	attempt	Exact byte duplicate of the canonical target; this source path is retained as provenance and no second canonical copy is created. Kind is a navigation label based on file type, path, and title; it does not upgrade evidence.
dongxuelian2/strict-layer-proof-research	https://github.com/dongxuelian2/strict-layer-proof-research	main	912fb4b67419d69c8c7d805b7fd2fcadd26e9a7a	archive-by-series/50-J2-55/J2-55-R4-EuclideanDefect-certificate.txt	912fb4b67419d69c8c7d805b7fd2fcadd26e9a7a	47b924c05a0739af26d58b4e6593ecd7ae05d65b	acffca2525933b011f405f9a6f64565c7d64aa8c7403bcda80dc84580f4ed62e	97d51fc88ceda6b845a9798f5f691f5dd63d67fede504fbffa42dee3a3baba77			research/archive/strict-layer-proof-research/archive-by-series/50-J2-55/J2-55-R4-EuclideanDefect-certificate.txt	acffca2525933b011f405f9a6f64565c7d64aa8c7403bcda80dc84580f4ed62e	97d51fc88ceda6b845a9798f5f691f5dd63d67fede504fbffa42dee3a3baba77	archived	archive-by-series/50-J2-55/J2-55-R4-EuclideanDefect-certificate.txt	source-only	computation	Source-only bytes preserved once at the canonical target under the frozen archive boundary; original source path remains an alias. Kind is a navigation label based on file type, path, and title; it does not upgrade evidence.
dongxuelian2/strict-layer-proof-research	https://github.com/dongxuelian2/strict-layer-proof-research	main	912fb4b67419d69c8c7d805b7fd2fcadd26e9a7a	archive-by-series/50-J2-55/J2-55-R4-EuclideanDefect-search-certificate.txt	912fb4b67419d69c8c7d805b7fd2fcadd26e9a7a	bdd575d8353b7ec1d654982495c03b8971146ee7	8f68964a5b2fe82b7d82c7f0792e486094ee7f52028c49ded940d16046d8519e	d4ec6802160462db3c083d6bf703944e47974127acc2576d8257aa8af05f2044			research/archive/strict-layer-proof-research/archive-by-series/50-J2-55/J2-55-R4-EuclideanDefect-search-certificate.txt	8f68964a5b2fe82b7d82c7f0792e486094ee7f52028c49ded940d16046d8519e	d4ec6802160462db3c083d6bf703944e47974127acc2576d8257aa8af05f2044	archived	archive-by-series/50-J2-55/J2-55-R4-EuclideanDefect-search-certificate.txt	source-only	computation	Source-only bytes preserved once at the canonical target under the frozen archive boundary; original source path remains an alias. Kind is a navigation label based on file type, path, and title; it does not upgrade evidence.
dongxuelian2/strict-layer-proof-research	https://github.com/dongxuelian2/strict-layer-proof-research	main	912fb4b67419d69c8c7d805b7fd2fcadd26e9a7a	archive-by-series/50-J2-55/J2-55-R4-EuclideanDefect-search.py	912fb4b67419d69c8c7d805b7fd2fcadd26e9a7a	ba36279ccfb6968b758594355c4485aad3c3ed2f	91ed0ff755c0231e23000a5d6fa9989efde610ce1989d4d230c3e49dfa1a46a4	6fabcc3ca17c72200eabe12f200dd5c2f66ccb8a2e45f0399376fb1920b93bf7			research/archive/strict-layer-proof-research/archive-by-series/50-J2-55/J2-55-R4-EuclideanDefect-search.py	91ed0ff755c0231e23000a5d6fa9989efde610ce1989d4d230c3e49dfa1a46a4	6fabcc3ca17c72200eabe12f200dd5c2f66ccb8a2e45f0399376fb1920b93bf7	archived	archive-by-series/50-J2-55/J2-55-R4-EuclideanDefect-search.py	source-only	computation	Source-only bytes preserved once at the canonical target under the frozen archive boundary; original source path remains an alias. Kind is a navigation label based on file type, path, and title; it does not upgrade evidence.
dongxuelian2/strict-layer-proof-research	https://github.com/dongxuelian2/strict-layer-proof-research	main	912fb4b67419d69c8c7d805b7fd2fcadd26e9a7a	archive-by-series/50-J2-55/J2-55-R4-EuclideanDefect-symbolic.py	912fb4b67419d69c8c7d805b7fd2fcadd26e9a7a	4030a527e6a410c3b44e4979734475f4f1f6e31f	7d2f87d727f1360124305ba103092bbc0e12317ef1fd835716fc598132e5c84d	4aa388cb862a4fded76b3e55e0e2b5798ad9618c3f8fb364cdd7bcd15bd93518			research/archive/strict-layer-proof-research/archive-by-series/50-J2-55/J2-55-R4-EuclideanDefect-symbolic.py	7d2f87d727f1360124305ba103092bbc0e12317ef1fd835716fc598132e5c84d	4aa388cb862a4fded76b3e55e0e2b5798ad9618c3f8fb364cdd7bcd15bd93518	archived	archive-by-series/50-J2-55/J2-55-R4-EuclideanDefect-symbolic.py	source-only	computation	Source-only bytes preserved once at the canonical target under the frozen archive boundary; original source path remains an alias. Kind is a navigation label based on file type, path, and title; it does not upgrade evidence.
dongxuelian2/strict-layer-proof-research	https://github.com/dongxuelian2/strict-layer-proof-research	main	912fb4b67419d69c8c7d805b7fd2fcadd26e9a7a	archive-by-series/50-J2-55/J2-55-R4-SHA256.txt	912fb4b67419d69c8c7d805b7fd2fcadd26e9a7a	66a56f9e184112071c3695b0d5096b326deddb40	aa7b0f32269207f6e85dbe7002d09fbfcf1d0846e3531a71e3baece7a15fb485	e3fc95fc0d663ff78b342110550f9b1cb5d8162acb723544ef48138d4ad4063e			research/archive/strict-layer-proof-research/archive-by-series/50-J2-55/J2-55-R4-SHA256.txt	aa7b0f32269207f6e85dbe7002d09fbfcf1d0846e3531a71e3baece7a15fb485	e3fc95fc0d663ff78b342110550f9b1cb5d8162acb723544ef48138d4ad4063e	archived	archive-by-series/50-J2-55/J2-55-R4-SHA256.txt	source-only	computation	Source-only bytes preserved once at the canonical target under the frozen archive boundary; original source path remains an alias. Kind is a navigation label based on file type, path, and title; it does not upgrade evidence.
dongxuelian2/strict-layer-proof-research	https://github.com/dongxuelian2/strict-layer-proof-research	main	912fb4b67419d69c8c7d805b7fd2fcadd26e9a7a	archive-by-series/50-J2-55/J2-55-R5-Linearized-Residual-Predicted-Root-Report.md	912fb4b67419d69c8c7d805b7fd2fcadd26e9a7a	e162db6c5730b2a44215c946cba7ba938e0a6efc	dba0661368d705753e489c730fbb8efe7efe3f369657497699e2339fed3294d8	076ddff9262835b3bca80ccdb329525acd42a81243f222d10ef480694a11a582	research/strict/campaigns/J2-55/J2-55-R5-Linearized-Residual-Predicted-Root-Report.md	076ddff9262835b3bca80ccdb329525acd42a81243f222d10ef480694a11a582	research/a1/j2/records/linearized-residual-predicted-root.md	dba0661368d705753e489c730fbb8efe7efe3f369657497699e2339fed3294d8	076ddff9262835b3bca80ccdb329525acd42a81243f222d10ef480694a11a582	canonical	archive-by-series/50-J2-55/J2-55-R5-Linearized-Residual-Predicted-Root-Report.md	exact-duplicate	failure	Exact byte duplicate of the canonical target; this source path is retained as provenance and no second canonical copy is created. Kind is a navigation label based on file type, path, and title; it does not upgrade evidence.
dongxuelian2/strict-layer-proof-research	https://github.com/dongxuelian2/strict-layer-proof-research	main	912fb4b67419d69c8c7d805b7fd2fcadd26e9a7a	archive-by-series/50-J2-55/J2-55-R5-LinearizedResidual-certificate.txt	912fb4b67419d69c8c7d805b7fd2fcadd26e9a7a	3066cc991cbdebe23e74783cb40d8f7db7585b6a	2a03592a305644a5b0f512248a002e53c68f557566b8c90ea53e93d3ca8bbeee	06be29232a4a297b9a27e3780c421c0ea3f70a6483839d23b4cca3baf29c2377			research/archive/strict-layer-proof-research/archive-by-series/50-J2-55/J2-55-R5-LinearizedResidual-certificate.txt	2a03592a305644a5b0f512248a002e53c68f557566b8c90ea53e93d3ca8bbeee	06be29232a4a297b9a27e3780c421c0ea3f70a6483839d23b4cca3baf29c2377	archived	archive-by-series/50-J2-55/J2-55-R5-LinearizedResidual-certificate.txt	source-only	computation	Source-only bytes preserved once at the canonical target under the frozen archive boundary; original source path remains an alias. Kind is a navigation label based on file type, path, and title; it does not upgrade evidence.
dongxuelian2/strict-layer-proof-research	https://github.com/dongxuelian2/strict-layer-proof-research	main	912fb4b67419d69c8c7d805b7fd2fcadd26e9a7a	archive-by-series/50-J2-55/J2-55-R5-LinearizedResidual-search-certificate.txt	912fb4b67419d69c8c7d805b7fd2fcadd26e9a7a	fa804806416b1fc0b4d73e57378b1711779fac77	c7d941a0f1e73235248e48c8fb4645655efe9b11ae3672cdf9ee3d295abbd47c	7eabf7479c80455dbb8065c75b753bd642a29ed27e1803b22811433207ff67b2			research/archive/strict-layer-proof-research/archive-by-series/50-J2-55/J2-55-R5-LinearizedResidual-search-certificate.txt	c7d941a0f1e73235248e48c8fb4645655efe9b11ae3672cdf9ee3d295abbd47c	7eabf7479c80455dbb8065c75b753bd642a29ed27e1803b22811433207ff67b2	archived	archive-by-series/50-J2-55/J2-55-R5-LinearizedResidual-search-certificate.txt	source-only	computation	Source-only bytes preserved once at the canonical target under the frozen archive boundary; original source path remains an alias. Kind is a navigation label based on file type, path, and title; it does not upgrade evidence.
dongxuelian2/strict-layer-proof-research	https://github.com/dongxuelian2/strict-layer-proof-research	main	912fb4b67419d69c8c7d805b7fd2fcadd26e9a7a	archive-by-series/50-J2-55/J2-55-R5-LinearizedResidual-search.py	912fb4b67419d69c8c7d805b7fd2fcadd26e9a7a	84e6999fb18169de671b56619efa5f8029067302	d06a327fcf46f23236beeab6d2c41565f610462d95a6604877cfc70cdb8e648e	155c1db8e3254e5c48f164b84a0ff8d9a88fea72f06e4573b1cbe969ce2eefe7			research/archive/strict-layer-proof-research/archive-by-series/50-J2-55/J2-55-R5-LinearizedResidual-search.py	d06a327fcf46f23236beeab6d2c41565f610462d95a6604877cfc70cdb8e648e	155c1db8e3254e5c48f164b84a0ff8d9a88fea72f06e4573b1cbe969ce2eefe7	archived	archive-by-series/50-J2-55/J2-55-R5-LinearizedResidual-search.py	source-only	computation	Source-only bytes preserved once at the canonical target under the frozen archive boundary; original source path remains an alias. Kind is a navigation label based on file type, path, and title; it does not upgrade evidence.
dongxuelian2/strict-layer-proof-research	https://github.com/dongxuelian2/strict-layer-proof-research	main	912fb4b67419d69c8c7d805b7fd2fcadd26e9a7a	archive-by-series/50-J2-55/J2-55-R5-LinearizedResidual-symbolic.py	912fb4b67419d69c8c7d805b7fd2fcadd26e9a7a	b61e9c8faf3cd26464deed3a962924b1532c5b82	f0ef84deb22afb49ac7e1a1916aecf6a0bd1506d40435af1226ff9c83a36c6bf	241615e93bb6d25f23391869ba7d43bb39c18daaeb9ed286d8651f09af361b26			research/archive/strict-layer-proof-research/archive-by-series/50-J2-55/J2-55-R5-LinearizedResidual-symbolic.py	f0ef84deb22afb49ac7e1a1916aecf6a0bd1506d40435af1226ff9c83a36c6bf	241615e93bb6d25f23391869ba7d43bb39c18daaeb9ed286d8651f09af361b26	archived	archive-by-series/50-J2-55/J2-55-R5-LinearizedResidual-symbolic.py	source-only	computation	Source-only bytes preserved once at the canonical target under the frozen archive boundary; original source path remains an alias. Kind is a navigation label based on file type, path, and title; it does not upgrade evidence.
dongxuelian2/strict-layer-proof-research	https://github.com/dongxuelian2/strict-layer-proof-research	main	912fb4b67419d69c8c7d805b7fd2fcadd26e9a7a	archive-by-series/50-J2-55/J2-55-R6-DefectResidue-search.py	912fb4b67419d69c8c7d805b7fd2fcadd26e9a7a	0894021a4226cf2e058c4a206524dc63a10eb627	23a9dcbf31fb68c0039865da464aeb7e62d0159327c22b935d0152e85e36428c	ba439ac635b413791b08ee29bf96777883b6a034cc66dc1bee2b2782d3e71869			research/archive/strict-layer-proof-research/archive-by-series/50-J2-55/J2-55-R6-DefectResidue-search.py	23a9dcbf31fb68c0039865da464aeb7e62d0159327c22b935d0152e85e36428c	ba439ac635b413791b08ee29bf96777883b6a034cc66dc1bee2b2782d3e71869	archived	archive-by-series/50-J2-55/J2-55-R6-DefectResidue-search.py	source-only	computation	Source-only bytes preserved once at the canonical target under the frozen archive boundary; original source path remains an alias. Kind is a navigation label based on file type, path, and title; it does not upgrade evidence.
dongxuelian2/strict-layer-proof-research	https://github.com/dongxuelian2/strict-layer-proof-research	main	912fb4b67419d69c8c7d805b7fd2fcadd26e9a7a	archive-by-series/50-J2-55/J2-55-R6-Euclidean-Quotient-Defect-Report.md	912fb4b67419d69c8c7d805b7fd2fcadd26e9a7a	7256ad8c24e77325e0e35fd3d7b34b6627ce6a8e	05303472df9c70fa08b8cddfffc126ec1d937ac68e47e127b238d14ee087e6a4	606cecf1e1ecfcee82d8109ced1ac8df22e668538831d7219b53aef64c5b5fd3	research/strict/campaigns/J2-55/J2-55-R6-Euclidean-Quotient-Defect-Report.md	606cecf1e1ecfcee82d8109ced1ac8df22e668538831d7219b53aef64c5b5fd3	research/a1/j2/records/euclidean-quotient-defect.md	05303472df9c70fa08b8cddfffc126ec1d937ac68e47e127b238d14ee087e6a4	606cecf1e1ecfcee82d8109ced1ac8df22e668538831d7219b53aef64c5b5fd3	canonical	archive-by-series/50-J2-55/J2-55-R6-Euclidean-Quotient-Defect-Report.md	exact-duplicate	attempt	Exact byte duplicate of the canonical target; this source path is retained as provenance and no second canonical copy is created. Kind is a navigation label based on file type, path, and title; it does not upgrade evidence.
dongxuelian2/strict-layer-proof-research	https://github.com/dongxuelian2/strict-layer-proof-research	main	912fb4b67419d69c8c7d805b7fd2fcadd26e9a7a	archive-by-series/50-J2-55/J2-55-R6-EuclideanQuotient-symbolic.py	912fb4b67419d69c8c7d805b7fd2fcadd26e9a7a	5fc8036e2d18306a02826622f7f7424b8a8b3b43	ac7f2a5dd83dee75d1df2d8400440407a48872d8c70aa02a1b0855e60d3f5a8b	10343d71a75c6b10320a501715dcedf3476c61621ea489b6b6e382f64c00b94a			research/archive/strict-layer-proof-research/archive-by-series/50-J2-55/J2-55-R6-EuclideanQuotient-symbolic.py	ac7f2a5dd83dee75d1df2d8400440407a48872d8c70aa02a1b0855e60d3f5a8b	10343d71a75c6b10320a501715dcedf3476c61621ea489b6b6e382f64c00b94a	archived	archive-by-series/50-J2-55/J2-55-R6-EuclideanQuotient-symbolic.py	source-only	computation	Source-only bytes preserved once at the canonical target under the frozen archive boundary; original source path remains an alias. Kind is a navigation label based on file type, path, and title; it does not upgrade evidence.
dongxuelian2/strict-layer-proof-research	https://github.com/dongxuelian2/strict-layer-proof-research	main	912fb4b67419d69c8c7d805b7fd2fcadd26e9a7a	archive-by-series/50-J2-55/J2-55-R6-QuotientLift.py	912fb4b67419d69c8c7d805b7fd2fcadd26e9a7a	97711b7af90765078313773bf3d55e71c5630363	6f9c3378d9e3ad7350b5d3b1df9a3a9e62284a533612e8a677bad5db30315437	cd1d5da0365d4a6995722b46a05e5212fc522ca18ab51b49bb2453b46d28590d			research/archive/strict-layer-proof-research/archive-by-series/50-J2-55/J2-55-R6-QuotientLift.py	6f9c3378d9e3ad7350b5d3b1df9a3a9e62284a533612e8a677bad5db30315437	cd1d5da0365d4a6995722b46a05e5212fc522ca18ab51b49bb2453b46d28590d	archived	archive-by-series/50-J2-55/J2-55-R6-QuotientLift.py	source-only	computation	Source-only bytes preserved once at the canonical target under the frozen archive boundary; original source path remains an alias. Kind is a navigation label based on file type, path, and title; it does not upgrade evidence.
dongxuelian2/strict-layer-proof-research	https://github.com/dongxuelian2/strict-layer-proof-research	main	912fb4b67419d69c8c7d805b7fd2fcadd26e9a7a	archive-by-series/50-J2-55/J2-55-R6-certificate.txt	912fb4b67419d69c8c7d805b7fd2fcadd26e9a7a	596ee18e80d5573dcd52ecd67766af2ae88b596f	63b28385ee16a6cc519992abb59d225daca9dffa654d65a218abd61eb9288cd1	8ce1aab6027e2a176a5b47e510813cc8422ee69cf86cb96370748351305ddea4			research/archive/strict-layer-proof-research/archive-by-series/50-J2-55/J2-55-R6-certificate.txt	63b28385ee16a6cc519992abb59d225daca9dffa654d65a218abd61eb9288cd1	8ce1aab6027e2a176a5b47e510813cc8422ee69cf86cb96370748351305ddea4	archived	archive-by-series/50-J2-55/J2-55-R6-certificate.txt	source-only	computation	Source-only bytes preserved once at the canonical target under the frozen archive boundary; original source path remains an alias. Kind is a navigation label based on file type, path, and title; it does not upgrade evidence.
dongxuelian2/strict-layer-proof-research	https://github.com/dongxuelian2/strict-layer-proof-research	main	912fb4b67419d69c8c7d805b7fd2fcadd26e9a7a	archive-by-series/50-J2-55/J2-55-R6-lowk-types.py	912fb4b67419d69c8c7d805b7fd2fcadd26e9a7a	9ebec96f6e198ab3365f7976cf60722288f1d84f	cae045970e34814c974d92d0b72bc0c4bfe1b8f0f379436486ad78c37a444d99	cbc471ca3f2a25ad56fb0b389152e0a6a7107e685e79215b1abd3a1b19f00fdb			research/archive/strict-layer-proof-research/archive-by-series/50-J2-55/J2-55-R6-lowk-types.py	cae045970e34814c974d92d0b72bc0c4bfe1b8f0f379436486ad78c37a444d99	cbc471ca3f2a25ad56fb0b389152e0a6a7107e685e79215b1abd3a1b19f00fdb	archived	archive-by-series/50-J2-55/J2-55-R6-lowk-types.py	source-only	computation	Source-only bytes preserved once at the canonical target under the frozen archive boundary; original source path remains an alias. Kind is a navigation label based on file type, path, and title; it does not upgrade evidence.
dongxuelian2/strict-layer-proof-research	https://github.com/dongxuelian2/strict-layer-proof-research	main	912fb4b67419d69c8c7d805b7fd2fcadd26e9a7a	archive-by-series/50-J2-55/J2-55-R7-CarryIndex-QDescent-Report.md	912fb4b67419d69c8c7d805b7fd2fcadd26e9a7a	798cd584f21f88a6fff7af24c8b39935e24ca659	89795f1b3161c919df49bdd8d344fb822b024bb37a99a89b837fc073ed69a60f	be8dce3adebf7e039e0d43aa7d7bf86e32abe5632a924969e08df3fe45aaf814	research/strict/campaigns/J2-55/J2-55-R7-CarryIndex-QDescent-Report.md	be8dce3adebf7e039e0d43aa7d7bf86e32abe5632a924969e08df3fe45aaf814	research/a1/j2/records/carryindex-qdescent.md	89795f1b3161c919df49bdd8d344fb822b024bb37a99a89b837fc073ed69a60f	be8dce3adebf7e039e0d43aa7d7bf86e32abe5632a924969e08df3fe45aaf814	canonical	archive-by-series/50-J2-55/J2-55-R7-CarryIndex-QDescent-Report.md	exact-duplicate	attempt	Exact byte duplicate of the canonical target; this source path is retained as provenance and no second canonical copy is created. Kind is a navigation label based on file type, path, and title; it does not upgrade evidence.
dongxuelian2/strict-layer-proof-research	https://github.com/dongxuelian2/strict-layer-proof-research	main	912fb4b67419d69c8c7d805b7fd2fcadd26e9a7a	archive-by-series/50-J2-55/J2-55-R7-CarryIndex-symbolic.py	912fb4b67419d69c8c7d805b7fd2fcadd26e9a7a	56ea4c9799cfa96e41b0518ab542a63006b093ad	bb11784b2466f349d6583fb08accd265eb085e798a797b4432959cf6c6208994	3c01eb5fa684e52b9ca09738ef4296c291fb75e70d4fd61a998099685833e532			research/archive/strict-layer-proof-research/archive-by-series/50-J2-55/J2-55-R7-CarryIndex-symbolic.py	bb11784b2466f349d6583fb08accd265eb085e798a797b4432959cf6c6208994	3c01eb5fa684e52b9ca09738ef4296c291fb75e70d4fd61a998099685833e532	archived	archive-by-series/50-J2-55/J2-55-R7-CarryIndex-symbolic.py	source-only	computation	Source-only bytes preserved once at the canonical target under the frozen archive boundary; original source path remains an alias. Kind is a navigation label based on file type, path, and title; it does not upgrade evidence.
dongxuelian2/strict-layer-proof-research	https://github.com/dongxuelian2/strict-layer-proof-research	main	912fb4b67419d69c8c7d805b7fd2fcadd26e9a7a	archive-by-series/50-J2-55/J2-55-R7-QDescent-search.py	912fb4b67419d69c8c7d805b7fd2fcadd26e9a7a	31aa4aa472d29620a9ff7a096bc787e0f2e50f47	1fc3f2ec7c36638b9fc848ae8ab90cacf4b498faf417ca4f380020fa8dc4f8dd	aa81249220a47f5b110c67f0bae308427e95bb9d70ccde22a6ea196fed9277ce			research/archive/strict-layer-proof-research/archive-by-series/50-J2-55/J2-55-R7-QDescent-search.py	1fc3f2ec7c36638b9fc848ae8ab90cacf4b498faf417ca4f380020fa8dc4f8dd	aa81249220a47f5b110c67f0bae308427e95bb9d70ccde22a6ea196fed9277ce	archived	archive-by-series/50-J2-55/J2-55-R7-QDescent-search.py	source-only	computation	Source-only bytes preserved once at the canonical target under the frozen archive boundary; original source path remains an alias. Kind is a navigation label based on file type, path, and title; it does not upgrade evidence.
dongxuelian2/strict-layer-proof-research	https://github.com/dongxuelian2/strict-layer-proof-research	main	912fb4b67419d69c8c7d805b7fd2fcadd26e9a7a	archive-by-series/50-J2-55/J2-55-R7-certificate.txt	912fb4b67419d69c8c7d805b7fd2fcadd26e9a7a	75743f84cd4ac565aa01e511ca8a050ab27bebed	a343332fc70d47fa534790e6731ad1b0c56fc1e6d109e748faf856af3804a977	9db458cc0e529d3506b0e718a474212a61d416bdf91d112a3aeb042b2ba81ded			research/archive/strict-layer-proof-research/archive-by-series/50-J2-55/J2-55-R7-certificate.txt	a343332fc70d47fa534790e6731ad1b0c56fc1e6d109e748faf856af3804a977	9db458cc0e529d3506b0e718a474212a61d416bdf91d112a3aeb042b2ba81ded	archived	archive-by-series/50-J2-55/J2-55-R7-certificate.txt	source-only	computation	Source-only bytes preserved once at the canonical target under the frozen archive boundary; original source path remains an alias. Kind is a navigation label based on file type, path, and title; it does not upgrade evidence.
dongxuelian2/strict-layer-proof-research	https://github.com/dongxuelian2/strict-layer-proof-research	main	912fb4b67419d69c8c7d805b7fd2fcadd26e9a7a	archive-by-series/50-J2-55/J2-55-R7-lowk-descent.py	912fb4b67419d69c8c7d805b7fd2fcadd26e9a7a	bfd58eb761a4999500f4e5cdfe2ac452e10d00a9	5530a4f65a518be6b026cb6b8c84f4039b6663cbb4ef2a9dbb6636eeb29112fd	d82e4ac320e4b3045fba9336e453bf2591e13b652e41f21d2a21ca5b9525140a			research/archive/strict-layer-proof-research/archive-by-series/50-J2-55/J2-55-R7-lowk-descent.py	5530a4f65a518be6b026cb6b8c84f4039b6663cbb4ef2a9dbb6636eeb29112fd	d82e4ac320e4b3045fba9336e453bf2591e13b652e41f21d2a21ca5b9525140a	archived	archive-by-series/50-J2-55/J2-55-R7-lowk-descent.py	source-only	computation	Source-only bytes preserved once at the canonical target under the frozen archive boundary; original source path remains an alias. Kind is a navigation label based on file type, path, and title; it does not upgrade evidence.
dongxuelian2/strict-layer-proof-research	https://github.com/dongxuelian2/strict-layer-proof-research	main	912fb4b67419d69c8c7d805b7fd2fcadd26e9a7a	archive-by-series/50-J2-55/J2-55-R8-DecimalCore-symbolic.py	912fb4b67419d69c8c7d805b7fd2fcadd26e9a7a	006c6acb46a83f41a7b486cbf2c8f778980822a7	fa710afe1b387ae0a02765c34af1c00972a3511c5d1b1755434366ed07b6ac6f	0148e92990dedb274080a7784c95fe5395f9a336fe5a1b0ff2527095248f796d			research/archive/strict-layer-proof-research/archive-by-series/50-J2-55/J2-55-R8-DecimalCore-symbolic.py	fa710afe1b387ae0a02765c34af1c00972a3511c5d1b1755434366ed07b6ac6f	0148e92990dedb274080a7784c95fe5395f9a336fe5a1b0ff2527095248f796d	archived	archive-by-series/50-J2-55/J2-55-R8-DecimalCore-symbolic.py	source-only	computation	Source-only bytes preserved once at the canonical target under the frozen archive boundary; original source path remains an alias. Kind is a navigation label based on file type, path, and title; it does not upgrade evidence.
dongxuelian2/strict-layer-proof-research	https://github.com/dongxuelian2/strict-layer-proof-research	main	912fb4b67419d69c8c7d805b7fd2fcadd26e9a7a	archive-by-series/50-J2-55/J2-55-R8-Unstable-Decimal-Core-Report.md	912fb4b67419d69c8c7d805b7fd2fcadd26e9a7a	b1b1edf343654b6b2c6e440dac70a981d9e60f96	14e5e2b9e8cf5d8ed0167d56c626666efdbd6043f5483559f5230ef2cb8b44b2	762c1c0501082cb03f33057fbed01cee29e4d2f393508191f07846dcb0bd79e3	research/strict/campaigns/J2-55/J2-55-R8-Unstable-Decimal-Core-Report.md	762c1c0501082cb03f33057fbed01cee29e4d2f393508191f07846dcb0bd79e3	research/a1/j2/records/unstable-decimal-core.md	14e5e2b9e8cf5d8ed0167d56c626666efdbd6043f5483559f5230ef2cb8b44b2	762c1c0501082cb03f33057fbed01cee29e4d2f393508191f07846dcb0bd79e3	canonical	archive-by-series/50-J2-55/J2-55-R8-Unstable-Decimal-Core-Report.md	exact-duplicate	attempt	Exact byte duplicate of the canonical target; this source path is retained as provenance and no second canonical copy is created. Kind is a navigation label based on file type, path, and title; it does not upgrade evidence.
dongxuelian2/strict-layer-proof-research	https://github.com/dongxuelian2/strict-layer-proof-research	main	912fb4b67419d69c8c7d805b7fd2fcadd26e9a7a	archive-by-series/50-J2-55/J2-55-R8-UnstableResidual-search.py	912fb4b67419d69c8c7d805b7fd2fcadd26e9a7a	ba05d06944e9e3a298aeea868a86b4fa4a83a816	f70dcd1f29707fcbe513ff73b1b6c20abe37b845754d76e48d1a8c0aca15eb30	a42f90106c1c49d8e82853ff2d21d3764b1aa9c9a962dbd13af8c9e3151c6e3b			research/archive/strict-layer-proof-research/archive-by-series/50-J2-55/J2-55-R8-UnstableResidual-search.py	f70dcd1f29707fcbe513ff73b1b6c20abe37b845754d76e48d1a8c0aca15eb30	a42f90106c1c49d8e82853ff2d21d3764b1aa9c9a962dbd13af8c9e3151c6e3b	archived	archive-by-series/50-J2-55/J2-55-R8-UnstableResidual-search.py	source-only	computation	Source-only bytes preserved once at the canonical target under the frozen archive boundary; original source path remains an alias. Kind is a navigation label based on file type, path, and title; it does not upgrade evidence.
dongxuelian2/strict-layer-proof-research	https://github.com/dongxuelian2/strict-layer-proof-research	main	912fb4b67419d69c8c7d805b7fd2fcadd26e9a7a	archive-by-series/50-J2-55/J2-55-R8-certificate.txt	912fb4b67419d69c8c7d805b7fd2fcadd26e9a7a	eb543290f54ded459319a82be21e92a467039fa6	b4b762d32da340851e0853c513aa9f440d1860d9a2b1a5b8616669a4f2ca0484	b967f5d43ad59d2c59044af2e176858931ebc1d8f7d3a7370d9dba5f1ba075b9			research/archive/strict-layer-proof-research/archive-by-series/50-J2-55/J2-55-R8-certificate.txt	b4b762d32da340851e0853c513aa9f440d1860d9a2b1a5b8616669a4f2ca0484	b967f5d43ad59d2c59044af2e176858931ebc1d8f7d3a7370d9dba5f1ba075b9	archived	archive-by-series/50-J2-55/J2-55-R8-certificate.txt	source-only	computation	Source-only bytes preserved once at the canonical target under the frozen archive boundary; original source path remains an alias. Kind is a navigation label based on file type, path, and title; it does not upgrade evidence.
dongxuelian2/strict-layer-proof-research	https://github.com/dongxuelian2/strict-layer-proof-research	main	912fb4b67419d69c8c7d805b7fd2fcadd26e9a7a	archive-by-series/50-J2-55/J2-55-R8-lowk-DTF.py	912fb4b67419d69c8c7d805b7fd2fcadd26e9a7a	897259b2702f99d4b9ca479dcdbcec8bf78ee4d0	29e07372ea072deb04d0c1d2e3b5a1b4b438edba71bcd9002e2bcdf792123d6b	7c8c8465776f4767c6012f7203b97d58f5e0e070c58750386f9ae8741079e85c			research/archive/strict-layer-proof-research/archive-by-series/50-J2-55/J2-55-R8-lowk-DTF.py	29e07372ea072deb04d0c1d2e3b5a1b4b438edba71bcd9002e2bcdf792123d6b	7c8c8465776f4767c6012f7203b97d58f5e0e070c58750386f9ae8741079e85c	archived	archive-by-series/50-J2-55/J2-55-R8-lowk-DTF.py	source-only	computation	Source-only bytes preserved once at the canonical target under the frozen archive boundary; original source path remains an alias. Kind is a navigation label based on file type, path, and title; it does not upgrade evidence.
dongxuelian2/strict-layer-proof-research	https://github.com/dongxuelian2/strict-layer-proof-research	main	912fb4b67419d69c8c7d805b7fd2fcadd26e9a7a	archive-by-series/50-J2-55/J2-55-R8-q1-boundary.py	912fb4b67419d69c8c7d805b7fd2fcadd26e9a7a	657cb4ba4c2902b9ed977624046b3dc2111042c1	0f494bd9456998b6e1876e8c7f83f0d8d871517b29e60f2806fd46bd3b4d680d	707341960dd70155db71ccd2af20ea21d29227f400a1cb24c4e18c6543e7dce5			research/archive/strict-layer-proof-research/archive-by-series/50-J2-55/J2-55-R8-q1-boundary.py	0f494bd9456998b6e1876e8c7f83f0d8d871517b29e60f2806fd46bd3b4d680d	707341960dd70155db71ccd2af20ea21d29227f400a1cb24c4e18c6543e7dce5	archived	archive-by-series/50-J2-55/J2-55-R8-q1-boundary.py	source-only	computation	Source-only bytes preserved once at the canonical target under the frozen archive boundary; original source path remains an alias. Kind is a navigation label based on file type, path, and title; it does not upgrade evidence.
dongxuelian2/strict-layer-proof-research	https://github.com/dongxuelian2/strict-layer-proof-research	main	912fb4b67419d69c8c7d805b7fd2fcadd26e9a7a	archive-by-series/50-J2-55/J2-55-R9-Normalized-Tail-Carry-Coupling-Report.md	912fb4b67419d69c8c7d805b7fd2fcadd26e9a7a	268b346f891943539aa3baad9626ce34c5a134f6	fab1273165d6bf6fb92eb018d64c3c4fa79bd9d765872677cfd496d02109fb4e	f2a982f1e9e6490878f13f88163cbef6d333c69e34b90d3b0e435c73cd845b84	research/strict/campaigns/J2-55/J2-55-R9-Normalized-Tail-Carry-Coupling-Report.md	f2a982f1e9e6490878f13f88163cbef6d333c69e34b90d3b0e435c73cd845b84	research/a1/j2/records/normalized-tail-carry-coupling.md	fab1273165d6bf6fb92eb018d64c3c4fa79bd9d765872677cfd496d02109fb4e	f2a982f1e9e6490878f13f88163cbef6d333c69e34b90d3b0e435c73cd845b84	canonical	archive-by-series/50-J2-55/J2-55-R9-Normalized-Tail-Carry-Coupling-Report.md	exact-duplicate	attempt	Exact byte duplicate of the canonical target; this source path is retained as provenance and no second canonical copy is created. Kind is a navigation label based on file type, path, and title; it does not upgrade evidence.
dongxuelian2/strict-layer-proof-research	https://github.com/dongxuelian2/strict-layer-proof-research	main	912fb4b67419d69c8c7d805b7fd2fcadd26e9a7a	archive-by-series/50-J2-55/J2-55-R9-NormalizedCoupling-search.py	912fb4b67419d69c8c7d805b7fd2fcadd26e9a7a	0233ff63856ad35620511238513f9db3e065d2ee	763ad54a9a63eaee25f2556b691e98c7b4cbf80b0cabe9a6ae378cbf472de187	8c51d4a1ee05c0446061ff51a10fc82a6e8111e60625fb2bef82156325418e66			research/archive/strict-layer-proof-research/archive-by-series/50-J2-55/J2-55-R9-NormalizedCoupling-search.py	763ad54a9a63eaee25f2556b691e98c7b4cbf80b0cabe9a6ae378cbf472de187	8c51d4a1ee05c0446061ff51a10fc82a6e8111e60625fb2bef82156325418e66	archived	archive-by-series/50-J2-55/J2-55-R9-NormalizedCoupling-search.py	source-only	computation	Source-only bytes preserved once at the canonical target under the frozen archive boundary; original source path remains an alias. Kind is a navigation label based on file type, path, and title; it does not upgrade evidence.
dongxuelian2/strict-layer-proof-research	https://github.com/dongxuelian2/strict-layer-proof-research	main	912fb4b67419d69c8c7d805b7fd2fcadd26e9a7a	archive-by-series/50-J2-55/J2-55-R9-NormalizedCoupling-symbolic.py	912fb4b67419d69c8c7d805b7fd2fcadd26e9a7a	9682cb8d3298a1ce9ae6b825a6d41c5f2740e020	efb274daf656cad1d6ef7ea04bb2fa78d1d8a050261616da60a1ef626941f5d4	bfbeb9782fcecf05f2b9be66601dc85922e4aa76ff34b132c2ddc49147431d66			research/archive/strict-layer-proof-research/archive-by-series/50-J2-55/J2-55-R9-NormalizedCoupling-symbolic.py	efb274daf656cad1d6ef7ea04bb2fa78d1d8a050261616da60a1ef626941f5d4	bfbeb9782fcecf05f2b9be66601dc85922e4aa76ff34b132c2ddc49147431d66	archived	archive-by-series/50-J2-55/J2-55-R9-NormalizedCoupling-symbolic.py	source-only	computation	Source-only bytes preserved once at the canonical target under the frozen archive boundary; original source path remains an alias. Kind is a navigation label based on file type, path, and title; it does not upgrade evidence.
dongxuelian2/strict-layer-proof-research	https://github.com/dongxuelian2/strict-layer-proof-research	main	912fb4b67419d69c8c7d805b7fd2fcadd26e9a7a	archive-by-series/50-J2-55/J2-55-R9-ReverseResidue-audit.py	912fb4b67419d69c8c7d805b7fd2fcadd26e9a7a	1346f86772e359a9c794bf9dce25ebd4bbdc176b	18891eef4842956ffe41e9fd58a428ce5848b71e2e0baf09fbc5607e4511d8b7	16d3025ebebbd917bd8f75d61a29cad07af71fb558220f5e22c31d2df5b91193			research/archive/strict-layer-proof-research/archive-by-series/50-J2-55/J2-55-R9-ReverseResidue-audit.py	18891eef4842956ffe41e9fd58a428ce5848b71e2e0baf09fbc5607e4511d8b7	16d3025ebebbd917bd8f75d61a29cad07af71fb558220f5e22c31d2df5b91193	archived	archive-by-series/50-J2-55/J2-55-R9-ReverseResidue-audit.py	source-only	computation	Source-only bytes preserved once at the canonical target under the frozen archive boundary; original source path remains an alias. Kind is a navigation label based on file type, path, and title; it does not upgrade evidence.
dongxuelian2/strict-layer-proof-research	https://github.com/dongxuelian2/strict-layer-proof-research	main	912fb4b67419d69c8c7d805b7fd2fcadd26e9a7a	archive-by-series/50-J2-55/J2-55-R9-certificate.txt	912fb4b67419d69c8c7d805b7fd2fcadd26e9a7a	ff4a1dd51c953f3426a2394426710f212fe41293	7f8176a0f63e0c286a32d4e76147e640277488c170c86aa3447420e2c4be468a	3821fe3c718dc6e0002721f3101e4a1d5a59306da81a4d11e61abf1ab2bd5b3f			research/archive/strict-layer-proof-research/archive-by-series/50-J2-55/J2-55-R9-certificate.txt	7f8176a0f63e0c286a32d4e76147e640277488c170c86aa3447420e2c4be468a	3821fe3c718dc6e0002721f3101e4a1d5a59306da81a4d11e61abf1ab2bd5b3f	archived	archive-by-series/50-J2-55/J2-55-R9-certificate.txt	source-only	computation	Source-only bytes preserved once at the canonical target under the frozen archive boundary; original source path remains an alias. Kind is a navigation label based on file type, path, and title; it does not upgrade evidence.
dongxuelian2/strict-layer-proof-research	https://github.com/dongxuelian2/strict-layer-proof-research	main	912fb4b67419d69c8c7d805b7fd2fcadd26e9a7a	archive-by-series/50-J2-55/J2-55-R9-lowk-normalized.py	912fb4b67419d69c8c7d805b7fd2fcadd26e9a7a	5932dcebe9340580c4cbd91c48a15461587b30a9	6f6da2296dd6d6c593b3065198d7cf748106dfa5fa62822abd55086be84335c9	3c4f85d422788cba8a2ab7ab602a9ad2042aab5229a28482ff97962310684bfa			research/archive/strict-layer-proof-research/archive-by-series/50-J2-55/J2-55-R9-lowk-normalized.py	6f6da2296dd6d6c593b3065198d7cf748106dfa5fa62822abd55086be84335c9	3c4f85d422788cba8a2ab7ab602a9ad2042aab5229a28482ff97962310684bfa	archived	archive-by-series/50-J2-55/J2-55-R9-lowk-normalized.py	source-only	computation	Source-only bytes preserved once at the canonical target under the frozen archive boundary; original source path remains an alias. Kind is a navigation label based on file type, path, and title; it does not upgrade evidence.
dongxuelian2/strict-layer-proof-research	https://github.com/dongxuelian2/strict-layer-proof-research	main	912fb4b67419d69c8c7d805b7fd2fcadd26e9a7a	archive-by-series/50-J2-55/J2-55-R9-q1-reverse.py	912fb4b67419d69c8c7d805b7fd2fcadd26e9a7a	d75c7f0f2769ec89a46f613c5115d07b6937260d	a9f0d9a00f0824ceb1b77bcc034b0aa3f8f5def64a401754d3ac815323dc6be4	ec5643c0916e8379701934460783d37eecaf69695743648e9e3c1a792f0d3688			research/archive/strict-layer-proof-research/archive-by-series/50-J2-55/J2-55-R9-q1-reverse.py	a9f0d9a00f0824ceb1b77bcc034b0aa3f8f5def64a401754d3ac815323dc6be4	ec5643c0916e8379701934460783d37eecaf69695743648e9e3c1a792f0d3688	archived	archive-by-series/50-J2-55/J2-55-R9-q1-reverse.py	source-only	computation	Source-only bytes preserved once at the canonical target under the frozen archive boundary; original source path remains an alias. Kind is a navigation label based on file type, path, and title; it does not upgrade evidence.
dongxuelian2/strict-layer-proof-research	https://github.com/dongxuelian2/strict-layer-proof-research	main	912fb4b67419d69c8c7d805b7fd2fcadd26e9a7a	archive-by-series/60-J2-65/J2-65-R1-DependencyDAG.py	912fb4b67419d69c8c7d805b7fd2fcadd26e9a7a	83212b76ce13bf7ac86bf1bb08a1e0e6191012a3	6544af2c976a1e4b7a834dc9d541ac8063911b52c314dc11c0c6853c0d227f05	63a2c781ed76acbc68392b4f3bbc2be1b84e633d33b9b73b9c37a62326149c8d			research/archive/strict-layer-proof-research/archive-by-series/60-J2-65/J2-65-R1-DependencyDAG.py	6544af2c976a1e4b7a834dc9d541ac8063911b52c314dc11c0c6853c0d227f05	63a2c781ed76acbc68392b4f3bbc2be1b84e633d33b9b73b9c37a62326149c8d	archived	archive-by-series/60-J2-65/J2-65-R1-DependencyDAG.py	source-only	computation	Source-only bytes preserved once at the canonical target under the frozen archive boundary; original source path remains an alias. Kind is a navigation label based on file type, path, and title; it does not upgrade evidence.
dongxuelian2/strict-layer-proof-research	https://github.com/dongxuelian2/strict-layer-proof-research	main	912fb4b67419d69c8c7d805b7fd2fcadd26e9a7a	archive-by-series/60-J2-65/J2-65-R1-JParametric-Unimodular-Skeleton-Report.md	912fb4b67419d69c8c7d805b7fd2fcadd26e9a7a	ed3153fbeb102730cfe52d430a63c00e8aeee6b2	275ac4a059b08a8d58f630c1d7dae91873b096d8dd5f732b9e07e77c53a08302	42e7492acbdd2694e8b7af1a4618674c895dee4e5d05c85b189647511c5cb209	research/strict/campaigns/J2-65/J2-65-R1-JParametric-Unimodular-Skeleton-Report.md	42e7492acbdd2694e8b7af1a4618674c895dee4e5d05c85b189647511c5cb209	research/a1/j2/records/jparametric-unimodular-skeleton.md	275ac4a059b08a8d58f630c1d7dae91873b096d8dd5f732b9e07e77c53a08302	42e7492acbdd2694e8b7af1a4618674c895dee4e5d05c85b189647511c5cb209	canonical	archive-by-series/60-J2-65/J2-65-R1-JParametric-Unimodular-Skeleton-Report.md	exact-duplicate	attempt	Exact byte duplicate of the canonical target; this source path is retained as provenance and no second canonical copy is created. Kind is a navigation label based on file type, path, and title; it does not upgrade evidence.
dongxuelian2/strict-layer-proof-research	https://github.com/dongxuelian2/strict-layer-proof-research	main	912fb4b67419d69c8c7d805b7fd2fcadd26e9a7a	archive-by-series/60-J2-65/J2-65-R1-UnimodularSkeleton-symbolic.py	912fb4b67419d69c8c7d805b7fd2fcadd26e9a7a	87600cf20d9babe0f0866d5be787bd86a1b9ae2b	8842848ed0592fd93e3d9996e05dbe253e2db0e0954761f39db44b1ddd83fca9	1f271df2d3bf1ccda5515142aed83d48294f6549fc594a6e1eb81d9eec82549f			research/archive/strict-layer-proof-research/archive-by-series/60-J2-65/J2-65-R1-UnimodularSkeleton-symbolic.py	8842848ed0592fd93e3d9996e05dbe253e2db0e0954761f39db44b1ddd83fca9	1f271df2d3bf1ccda5515142aed83d48294f6549fc594a6e1eb81d9eec82549f	archived	archive-by-series/60-J2-65/J2-65-R1-UnimodularSkeleton-symbolic.py	source-only	computation	Source-only bytes preserved once at the canonical target under the frozen archive boundary; original source path remains an alias. Kind is a navigation label based on file type, path, and title; it does not upgrade evidence.
dongxuelian2/strict-layer-proof-research	https://github.com/dongxuelian2/strict-layer-proof-research	main	912fb4b67419d69c8c7d805b7fd2fcadd26e9a7a	archive-by-series/60-J2-65/J2-65-R1-certificate.txt	912fb4b67419d69c8c7d805b7fd2fcadd26e9a7a	7ccb75cc95165e26787afaa2136a7dd3876db0e4	39a03185edd0659f97458a4331a3bb35a1af17dd657b306d8bedf92c3d6186e6	d83f463e481d9075e43a59cc7e8107784fb52ded7beec555b8839e7e8d9aadd3			research/archive/strict-layer-proof-research/archive-by-series/60-J2-65/J2-65-R1-certificate.txt	39a03185edd0659f97458a4331a3bb35a1af17dd657b306d8bedf92c3d6186e6	d83f463e481d9075e43a59cc7e8107784fb52ded7beec555b8839e7e8d9aadd3	archived	archive-by-series/60-J2-65/J2-65-R1-certificate.txt	source-only	computation	Source-only bytes preserved once at the canonical target under the frozen archive boundary; original source path remains an alias. Kind is a navigation label based on file type, path, and title; it does not upgrade evidence.
dongxuelian2/strict-layer-proof-research	https://github.com/dongxuelian2/strict-layer-proof-research	main	912fb4b67419d69c8c7d805b7fd2fcadd26e9a7a	archive-by-series/60-J2-65/J2-65-R1-execution.log	912fb4b67419d69c8c7d805b7fd2fcadd26e9a7a	5da88723b9e38e2aac9f32d565fded64584cf504	36dc5c3a2fa5af0bdf146b9e9daa9e9d90f7191773052697096dd1b847df1487	46929e641e9155ac2f71df05c2e8ffafd2580e33d784dc19ae79d81bbb6dcc4b			research/archive/strict-layer-proof-research/archive-by-series/60-J2-65/J2-65-R1-execution.log	36dc5c3a2fa5af0bdf146b9e9daa9e9d90f7191773052697096dd1b847df1487	46929e641e9155ac2f71df05c2e8ffafd2580e33d784dc19ae79d81bbb6dcc4b	archived	archive-by-series/60-J2-65/J2-65-R1-execution.log	source-only	computation	Source-only bytes preserved once at the canonical target under the frozen archive boundary; original source path remains an alias. Kind is a navigation label based on file type, path, and title; it does not upgrade evidence.
dongxuelian2/strict-layer-proof-research	https://github.com/dongxuelian2/strict-layer-proof-research	main	912fb4b67419d69c8c7d805b7fd2fcadd26e9a7a	archive-by-series/60-J2-65/J2-65-R10-Gaussian-Hermitian-Det2-Report.md	912fb4b67419d69c8c7d805b7fd2fcadd26e9a7a	e5804ef5e20170df51809085bac7db4bb55dd0a1	66dd16410f28e61967122e50189f0b6ec774be516370150a76276a188e3c53b7	38d8a376e5b0449245d9d45c5bc8bf8d4f394438514ccb65ece8bb3873bc3961	research/strict/campaigns/J2-65/J2-65-R10-Gaussian-Hermitian-Det2-Report.md	38d8a376e5b0449245d9d45c5bc8bf8d4f394438514ccb65ece8bb3873bc3961	research/a1/j2/records/gaussian-hermitian-det2.md	66dd16410f28e61967122e50189f0b6ec774be516370150a76276a188e3c53b7	38d8a376e5b0449245d9d45c5bc8bf8d4f394438514ccb65ece8bb3873bc3961	canonical	archive-by-series/60-J2-65/J2-65-R10-Gaussian-Hermitian-Det2-Report.md	exact-duplicate	attempt	Exact byte duplicate of the canonical target; this source path is retained as provenance and no second canonical copy is created. Kind is a navigation label based on file type, path, and title; it does not upgrade evidence.
dongxuelian2/strict-layer-proof-research	https://github.com/dongxuelian2/strict-layer-proof-research	main	912fb4b67419d69c8c7d805b7fd2fcadd26e9a7a	archive-by-series/60-J2-65/J2-65-R10-artifacts.zip	912fb4b67419d69c8c7d805b7fd2fcadd26e9a7a	81ea5bef39d976a7e9108d4b34c0741c8de979aa	83aa549e48e4e9b55325793dc711c1fd8ac21b2adaa3f6ae16dc02e03b7cb44f	476ba0114bdddc6b24f74de81af3f0ece099a0e4e2891f0a47148cea7452390f			research/archive/strict-layer-proof-research/archive-by-series/60-J2-65/J2-65-R10-artifacts.zip	83aa549e48e4e9b55325793dc711c1fd8ac21b2adaa3f6ae16dc02e03b7cb44f	476ba0114bdddc6b24f74de81af3f0ece099a0e4e2891f0a47148cea7452390f	archived	archive-by-series/60-J2-65/J2-65-R10-artifacts.zip	source-only	archive	Source-only bytes preserved once at the canonical target under the frozen archive boundary; original source path remains an alias. Kind is a navigation label based on file type, path, and title; it does not upgrade evidence.
dongxuelian2/strict-layer-proof-research	https://github.com/dongxuelian2/strict-layer-proof-research	main	912fb4b67419d69c8c7d805b7fd2fcadd26e9a7a	archive-by-series/60-J2-65/J2-65-R10-certificate.txt	912fb4b67419d69c8c7d805b7fd2fcadd26e9a7a	e55e7ef626ba20c74de0d53b6f34cec23bb55f7f	c6ea896cc510faedd22fe1905c459f484fd8569013eda53bec88b93b4a3937e8	46c5d13b08988d1c4617d31919eda9fa61b75de82074a3be375119832a3348b9			research/archive/strict-layer-proof-research/archive-by-series/60-J2-65/J2-65-R10-certificate.txt	c6ea896cc510faedd22fe1905c459f484fd8569013eda53bec88b93b4a3937e8	46c5d13b08988d1c4617d31919eda9fa61b75de82074a3be375119832a3348b9	archived	archive-by-series/60-J2-65/J2-65-R10-certificate.txt	source-only	computation	Source-only bytes preserved once at the canonical target under the frozen archive boundary; original source path remains an alias. Kind is a navigation label based on file type, path, and title; it does not upgrade evidence.
dongxuelian2/strict-layer-proof-research	https://github.com/dongxuelian2/strict-layer-proof-research	main	912fb4b67419d69c8c7d805b7fd2fcadd26e9a7a	archive-by-series/60-J2-65/J2-65-R10-execution.log	912fb4b67419d69c8c7d805b7fd2fcadd26e9a7a	ce4f0e6e2deea402a5b0d8be1f27b0c6e73702f8	5fd58fe4ec794cfb7f2e6dc31fe23607066ea2112b96b302f7142d65d8d56681	a905d5148209339c65181a1eef1372c828c68787d38f6838cc718a6e8d113510			research/archive/strict-layer-proof-research/archive-by-series/60-J2-65/J2-65-R10-execution.log	5fd58fe4ec794cfb7f2e6dc31fe23607066ea2112b96b302f7142d65d8d56681	a905d5148209339c65181a1eef1372c828c68787d38f6838cc718a6e8d113510	archived	archive-by-series/60-J2-65/J2-65-R10-execution.log	source-only	computation	Source-only bytes preserved once at the canonical target under the frozen archive boundary; original source path remains an alias. Kind is a navigation label based on file type, path, and title; it does not upgrade evidence.
dongxuelian2/strict-layer-proof-research	https://github.com/dongxuelian2/strict-layer-proof-research	main	912fb4b67419d69c8c7d805b7fd2fcadd26e9a7a	archive-by-series/60-J2-65/J2-65-R11-Gaussian-Modular-Reduction-Report.md	912fb4b67419d69c8c7d805b7fd2fcadd26e9a7a	fb62162a8458d106aafbd2e4230c4c817b401d06	b2484c8b3dbce8dd25cdd3b230b0ea0fb684e1cea891a85480ab12e477ba3298	32dcc2b338797a24a2d921912a2a08a430d4443867d45b30cd9e0351aa4632b6	research/strict/campaigns/J2-65/J2-65-R11-Gaussian-Modular-Reduction-Report.md	32dcc2b338797a24a2d921912a2a08a430d4443867d45b30cd9e0351aa4632b6	research/a1/j2/records/gaussian-modular-reduction.md	b2484c8b3dbce8dd25cdd3b230b0ea0fb684e1cea891a85480ab12e477ba3298	32dcc2b338797a24a2d921912a2a08a430d4443867d45b30cd9e0351aa4632b6	canonical	archive-by-series/60-J2-65/J2-65-R11-Gaussian-Modular-Reduction-Report.md	exact-duplicate	attempt	Exact byte duplicate of the canonical target; this source path is retained as provenance and no second canonical copy is created. Kind is a navigation label based on file type, path, and title; it does not upgrade evidence.
dongxuelian2/strict-layer-proof-research	https://github.com/dongxuelian2/strict-layer-proof-research	main	912fb4b67419d69c8c7d805b7fd2fcadd26e9a7a	archive-by-series/60-J2-65/J2-65-R11-artifacts.zip	912fb4b67419d69c8c7d805b7fd2fcadd26e9a7a	d0fc80c4fbdfda4c234fa0d99edd5711efb81ecd	7f05aa231057f2304e5aca10e8135352ba2148d2a5177afee5b92687b353328b	222d1992c21221f5b4b715794f8a07d3ba31b05a41b7b065ad7b3644d8633694			research/archive/strict-layer-proof-research/archive-by-series/60-J2-65/J2-65-R11-artifacts.zip	7f05aa231057f2304e5aca10e8135352ba2148d2a5177afee5b92687b353328b	222d1992c21221f5b4b715794f8a07d3ba31b05a41b7b065ad7b3644d8633694	archived	archive-by-series/60-J2-65/J2-65-R11-artifacts.zip	source-only	archive	Source-only bytes preserved once at the canonical target under the frozen archive boundary; original source path remains an alias. Kind is a navigation label based on file type, path, and title; it does not upgrade evidence.
dongxuelian2/strict-layer-proof-research	https://github.com/dongxuelian2/strict-layer-proof-research	main	912fb4b67419d69c8c7d805b7fd2fcadd26e9a7a	archive-by-series/60-J2-65/J2-65-R11-certificate.txt	912fb4b67419d69c8c7d805b7fd2fcadd26e9a7a	9f761a53f5b4028dec99b65f1498eb6840c40d76	044cb20c5690780fb27bc4ff002919575ac69119db320edd0823c5354fe94139	5728b5e55aec17dc05e9031b9e13ba80de5d22824b5462f1be2df9e31ec658c2			research/archive/strict-layer-proof-research/archive-by-series/60-J2-65/J2-65-R11-certificate.txt	044cb20c5690780fb27bc4ff002919575ac69119db320edd0823c5354fe94139	5728b5e55aec17dc05e9031b9e13ba80de5d22824b5462f1be2df9e31ec658c2	archived	archive-by-series/60-J2-65/J2-65-R11-certificate.txt	source-only	computation	Source-only bytes preserved once at the canonical target under the frozen archive boundary; original source path remains an alias. Kind is a navigation label based on file type, path, and title; it does not upgrade evidence.
dongxuelian2/strict-layer-proof-research	https://github.com/dongxuelian2/strict-layer-proof-research	main	912fb4b67419d69c8c7d805b7fd2fcadd26e9a7a	archive-by-series/60-J2-65/J2-65-R11-execution.log	912fb4b67419d69c8c7d805b7fd2fcadd26e9a7a	6b8726478a77395a9561ac3b7d8b3c8e9ebfe4ee	977917452501e56fc1bc21e2af2023bef8bf80d0976ba94ac42264a2b176268e	efaf495a286c24391cca2e9adfbe12a2339c8c7482cd5fd9822797e8949c1e03			research/archive/strict-layer-proof-research/archive-by-series/60-J2-65/J2-65-R11-execution.log	977917452501e56fc1bc21e2af2023bef8bf80d0976ba94ac42264a2b176268e	efaf495a286c24391cca2e9adfbe12a2339c8c7482cd5fd9822797e8949c1e03	archived	archive-by-series/60-J2-65/J2-65-R11-execution.log	source-only	computation	Source-only bytes preserved once at the canonical target under the frozen archive boundary; original source path remains an alias. Kind is a navigation label based on file type, path, and title; it does not upgrade evidence.
dongxuelian2/strict-layer-proof-research	https://github.com/dongxuelian2/strict-layer-proof-research	main	912fb4b67419d69c8c7d805b7fd2fcadd26e9a7a	archive-by-series/60-J2-65/J2-65-R12-BrauerWitness.py	912fb4b67419d69c8c7d805b7fd2fcadd26e9a7a	e0051125911fcd4705dafce65823e6035dfe70c6	eaf6581190f7bdb889cc151839716dda2fbbedc990e12e101c9f58c819548624	6584f493fce7af4d3e25a8ceb515acae5bbaa72b28942c1c0693b956b2f4645d			research/archive/strict-layer-proof-research/archive-by-series/60-J2-65/J2-65-R12-BrauerWitness.py	eaf6581190f7bdb889cc151839716dda2fbbedc990e12e101c9f58c819548624	6584f493fce7af4d3e25a8ceb515acae5bbaa72b28942c1c0693b956b2f4645d	archived	archive-by-series/60-J2-65/J2-65-R12-BrauerWitness.py	source-only	computation	Source-only bytes preserved once at the canonical target under the frozen archive boundary; original source path remains an alias. Kind is a navigation label based on file type, path, and title; it does not upgrade evidence.
dongxuelian2/strict-layer-proof-research	https://github.com/dongxuelian2/strict-layer-proof-research	main	912fb4b67419d69c8c7d805b7fd2fcadd26e9a7a	archive-by-series/60-J2-65/J2-65-R12-Independent-Gate-Reintegration-Report.md	912fb4b67419d69c8c7d805b7fd2fcadd26e9a7a	7329ddd3c4ca0f88eec8ac3b02d61124621a87eb	877a63f0bb82a8a5dede07dec5673ef6a780617d30738644627a29ec4f99f75f	ea241c94c62e31a4aeac03668c4e41b73e951f7e79d5ed7b8b5150eb3b2fafd8	research/strict/campaigns/J2-65/J2-65-R12-Independent-Gate-Reintegration-Report.md	ea241c94c62e31a4aeac03668c4e41b73e951f7e79d5ed7b8b5150eb3b2fafd8	research/a1/j2/records/independent-gate-reintegration.md	877a63f0bb82a8a5dede07dec5673ef6a780617d30738644627a29ec4f99f75f	ea241c94c62e31a4aeac03668c4e41b73e951f7e79d5ed7b8b5150eb3b2fafd8	canonical	archive-by-series/60-J2-65/J2-65-R12-Independent-Gate-Reintegration-Report.md	exact-duplicate	attempt	Exact byte duplicate of the canonical target; this source path is retained as provenance and no second canonical copy is created. Kind is a navigation label based on file type, path, and title; it does not upgrade evidence.
dongxuelian2/strict-layer-proof-research	https://github.com/dongxuelian2/strict-layer-proof-research	main	912fb4b67419d69c8c7d805b7fd2fcadd26e9a7a	archive-by-series/60-J2-65/J2-65-R12-IntegralizationTorsor.md	912fb4b67419d69c8c7d805b7fd2fcadd26e9a7a	be725aae0b5b2c8fc6f1c3e5b1064d2caa9dfbc0	7ccf9a8df235ed81fc55ed1e3b823702911472c4e90e9bfdd6e0530484bb004d	63eca2c7b8a3118400a95c92147a5f17be5ac14f0d6cd64fbf2af382d441da45	research/strict/campaigns/J2-65/J2-65-R12-IntegralizationTorsor.md	63eca2c7b8a3118400a95c92147a5f17be5ac14f0d6cd64fbf2af382d441da45	research/a1/j2/records/integralizationtorsor.md	7ccf9a8df235ed81fc55ed1e3b823702911472c4e90e9bfdd6e0530484bb004d	63eca2c7b8a3118400a95c92147a5f17be5ac14f0d6cd64fbf2af382d441da45	canonical	archive-by-series/60-J2-65/J2-65-R12-IntegralizationTorsor.md	exact-duplicate	attempt	Exact byte duplicate of the canonical target; this source path is retained as provenance and no second canonical copy is created. Kind is a navigation label based on file type, path, and title; it does not upgrade evidence.
dongxuelian2/strict-layer-proof-research	https://github.com/dongxuelian2/strict-layer-proof-research	main	912fb4b67419d69c8c7d805b7fd2fcadd26e9a7a	archive-by-series/60-J2-65/J2-65-R12-MinimalIncidencePresentation.txt	912fb4b67419d69c8c7d805b7fd2fcadd26e9a7a	fc8e7447964d1b843cfcf638d38e974e7600cd70	08d8ebb49d093f79f0093ef7a5562bb93d8f8d631c1788756555be384c9eafb8	4d5341f574b3bbfb68ec9a791964253a443febce9e3c9901b3a0288d5ea4aeba			research/archive/strict-layer-proof-research/archive-by-series/60-J2-65/J2-65-R12-MinimalIncidencePresentation.txt	08d8ebb49d093f79f0093ef7a5562bb93d8f8d631c1788756555be384c9eafb8	4d5341f574b3bbfb68ec9a791964253a443febce9e3c9901b3a0288d5ea4aeba	archived	archive-by-series/60-J2-65/J2-65-R12-MinimalIncidencePresentation.txt	source-only	computation	Source-only bytes preserved once at the canonical target under the frozen archive boundary; original source path remains an alias. Kind is a navigation label based on file type, path, and title; it does not upgrade evidence.
dongxuelian2/strict-layer-proof-research	https://github.com/dongxuelian2/strict-layer-proof-research	main	912fb4b67419d69c8c7d805b7fd2fcadd26e9a7a	archive-by-series/60-J2-65/J2-65-R12-artifacts.zip	912fb4b67419d69c8c7d805b7fd2fcadd26e9a7a	29494d12711b1e9353b6f6d33ceca4207ec2434d	38ada390ac2f4097764f666bac5f3446bcaba71e1ed6cd39199d0e0ec0229975	f8ca169bdf8ec2f739daec8e4e647ad32f44e2b5d86f52f3a06631e047d486a9			research/archive/strict-layer-proof-research/archive-by-series/60-J2-65/J2-65-R12-artifacts.zip	38ada390ac2f4097764f666bac5f3446bcaba71e1ed6cd39199d0e0ec0229975	f8ca169bdf8ec2f739daec8e4e647ad32f44e2b5d86f52f3a06631e047d486a9	archived	archive-by-series/60-J2-65/J2-65-R12-artifacts.zip	source-only	archive	Source-only bytes preserved once at the canonical target under the frozen archive boundary; original source path remains an alias. Kind is a navigation label based on file type, path, and title; it does not upgrade evidence.
dongxuelian2/strict-layer-proof-research	https://github.com/dongxuelian2/strict-layer-proof-research	main	912fb4b67419d69c8c7d805b7fd2fcadd26e9a7a	archive-by-series/60-J2-65/J2-65-R12-certificate.txt	912fb4b67419d69c8c7d805b7fd2fcadd26e9a7a	daa45679244de3abe676616eb42de6bd735ab447	6f1cb6363ecf06f042046af9989a077d6c98202d6dcfe8fdd90ef72ea4ed7bec	72575d08e806162c4b08a122e0f649cdff2ac1e4d404b92327e2837afa4940c9			research/archive/strict-layer-proof-research/archive-by-series/60-J2-65/J2-65-R12-certificate.txt	6f1cb6363ecf06f042046af9989a077d6c98202d6dcfe8fdd90ef72ea4ed7bec	72575d08e806162c4b08a122e0f649cdff2ac1e4d404b92327e2837afa4940c9	archived	archive-by-series/60-J2-65/J2-65-R12-certificate.txt	source-only	computation	Source-only bytes preserved once at the canonical target under the frozen archive boundary; original source path remains an alias. Kind is a navigation label based on file type, path, and title; it does not upgrade evidence.
dongxuelian2/strict-layer-proof-research	https://github.com/dongxuelian2/strict-layer-proof-research	main	912fb4b67419d69c8c7d805b7fd2fcadd26e9a7a	archive-by-series/60-J2-65/J2-65-R12-execution.log	912fb4b67419d69c8c7d805b7fd2fcadd26e9a7a	32eef37f3761803ac6a1cca19c2dbe7742a03f05	3894e3e362be084e9583a43ee17fc01677b99a39bff9744942bcb3c906f11ada	a9f2a50072f9f1b66ea16edbac6ad5fd89d2fe42047738abe1f61942d40e4144			research/archive/strict-layer-proof-research/archive-by-series/60-J2-65/J2-65-R12-execution.log	3894e3e362be084e9583a43ee17fc01677b99a39bff9744942bcb3c906f11ada	a9f2a50072f9f1b66ea16edbac6ad5fd89d2fe42047738abe1f61942d40e4144	archived	archive-by-series/60-J2-65/J2-65-R12-execution.log	source-only	computation	Source-only bytes preserved once at the canonical target under the frozen archive boundary; original source path remains an alias. Kind is a navigation label based on file type, path, and title; it does not upgrade evidence.
dongxuelian2/strict-layer-proof-research	https://github.com/dongxuelian2/strict-layer-proof-research	main	912fb4b67419d69c8c7d805b7fd2fcadd26e9a7a	archive-by-series/60-J2-65/J2-65-R13-IntegralTernaryForm.txt	912fb4b67419d69c8c7d805b7fd2fcadd26e9a7a	e365e4e51ae2b4b80cc8f0b78d96edadb35676ca	c9513700a97029d190b27bc8550b3b1df0b4522e037e85727e995cabc7f626ec	f975937e96b6c9e2d392acc5d8828c8239367bb8f2c3d8ebb67b8f19e8422288			research/archive/strict-layer-proof-research/archive-by-series/60-J2-65/J2-65-R13-IntegralTernaryForm.txt	c9513700a97029d190b27bc8550b3b1df0b4522e037e85727e995cabc7f626ec	f975937e96b6c9e2d392acc5d8828c8239367bb8f2c3d8ebb67b8f19e8422288	archived	archive-by-series/60-J2-65/J2-65-R13-IntegralTernaryForm.txt	source-only	computation	Source-only bytes preserved once at the canonical target under the frozen archive boundary; original source path remains an alias. Kind is a navigation label based on file type, path, and title; it does not upgrade evidence.
dongxuelian2/strict-layer-proof-research	https://github.com/dongxuelian2/strict-layer-proof-research	main	912fb4b67419d69c8c7d805b7fd2fcadd26e9a7a	archive-by-series/60-J2-65/J2-65-R13-Radial-Lattice-Ray-Report.md	912fb4b67419d69c8c7d805b7fd2fcadd26e9a7a	f35965c5bcf748df7a9c139ce2dcf012072f0e23	010d5659cd40cf58f3e4e3ad966b0219bf19c2882411c91b94d0ddda7eb3d7b4	c4905474d9b6da38dd0ce68e766853a7b658aebef63be19fdea990674d52bbf7	research/strict/campaigns/J2-65/J2-65-R13-Radial-Lattice-Ray-Report.md	c4905474d9b6da38dd0ce68e766853a7b658aebef63be19fdea990674d52bbf7	research/a1/j2/records/radial-lattice-ray.md	010d5659cd40cf58f3e4e3ad966b0219bf19c2882411c91b94d0ddda7eb3d7b4	c4905474d9b6da38dd0ce68e766853a7b658aebef63be19fdea990674d52bbf7	canonical	archive-by-series/60-J2-65/J2-65-R13-Radial-Lattice-Ray-Report.md	exact-duplicate	attempt	Exact byte duplicate of the canonical target; this source path is retained as provenance and no second canonical copy is created. Kind is a navigation label based on file type, path, and title; it does not upgrade evidence.
dongxuelian2/strict-layer-proof-research	https://github.com/dongxuelian2/strict-layer-proof-research	main	912fb4b67419d69c8c7d805b7fd2fcadd26e9a7a	archive-by-series/60-J2-65/J2-65-R13-SourceLatticeBasis.txt	912fb4b67419d69c8c7d805b7fd2fcadd26e9a7a	d2b7acd6bd4b3ebecb2982694e4fd79ba30c08e3	c8710edc3caf31448c5e4fdd01c8550b2bbc63503aef6af3563aa64574a938cf	3dfb0e79c9c5e7c029eff6becd1a6382bc716fdd3b00c75193fc43d51c8b6d34			research/archive/strict-layer-proof-research/archive-by-series/60-J2-65/J2-65-R13-SourceLatticeBasis.txt	c8710edc3caf31448c5e4fdd01c8550b2bbc63503aef6af3563aa64574a938cf	3dfb0e79c9c5e7c029eff6becd1a6382bc716fdd3b00c75193fc43d51c8b6d34	archived	archive-by-series/60-J2-65/J2-65-R13-SourceLatticeBasis.txt	source-only	computation	Source-only bytes preserved once at the canonical target under the frozen archive boundary; original source path remains an alias. Kind is a navigation label based on file type, path, and title; it does not upgrade evidence.
dongxuelian2/strict-layer-proof-research	https://github.com/dongxuelian2/strict-layer-proof-research	main	912fb4b67419d69c8c7d805b7fd2fcadd26e9a7a	archive-by-series/60-J2-65/J2-65-R13-artifacts.zip	912fb4b67419d69c8c7d805b7fd2fcadd26e9a7a	cc6e894a978804094514c2d95821e4ef8491c7be	8867f6dd6dc389010a0d133fb35d8e3582982b88dee243855e82494f07d7ccf4	ce1089c7c525839a58d866c5dd083e1b9a945ab3091fa08060b530a54dc2a7e1			research/archive/strict-layer-proof-research/archive-by-series/60-J2-65/J2-65-R13-artifacts.zip	8867f6dd6dc389010a0d133fb35d8e3582982b88dee243855e82494f07d7ccf4	ce1089c7c525839a58d866c5dd083e1b9a945ab3091fa08060b530a54dc2a7e1	archived	archive-by-series/60-J2-65/J2-65-R13-artifacts.zip	source-only	archive	Source-only bytes preserved once at the canonical target under the frozen archive boundary; original source path remains an alias. Kind is a navigation label based on file type, path, and title; it does not upgrade evidence.
dongxuelian2/strict-layer-proof-research	https://github.com/dongxuelian2/strict-layer-proof-research	main	912fb4b67419d69c8c7d805b7fd2fcadd26e9a7a	archive-by-series/60-J2-65/J2-65-R13-certificate.txt	912fb4b67419d69c8c7d805b7fd2fcadd26e9a7a	651e5b40f54b8cfafd9891cb8a3f44d0ad3d405c	a97cc526c333ae4d46bafcfc13d9f7b14963a0ec10a624a55606d576bb7adce3	fbd76587cba409cc912fd31f0270a42486eb5bf722105f1c07cc641c4187dc9d			research/archive/strict-layer-proof-research/archive-by-series/60-J2-65/J2-65-R13-certificate.txt	a97cc526c333ae4d46bafcfc13d9f7b14963a0ec10a624a55606d576bb7adce3	fbd76587cba409cc912fd31f0270a42486eb5bf722105f1c07cc641c4187dc9d	archived	archive-by-series/60-J2-65/J2-65-R13-certificate.txt	source-only	computation	Source-only bytes preserved once at the canonical target under the frozen archive boundary; original source path remains an alias. Kind is a navigation label based on file type, path, and title; it does not upgrade evidence.
dongxuelian2/strict-layer-proof-research	https://github.com/dongxuelian2/strict-layer-proof-research	main	912fb4b67419d69c8c7d805b7fd2fcadd26e9a7a	archive-by-series/60-J2-65/J2-65-R13-execution.log	912fb4b67419d69c8c7d805b7fd2fcadd26e9a7a	4c59d6f9cf9f55069e5b2116a08dbc68aabe59e5	8a0c5186f35bfcddf26133a5b9fe17dd0f406b1fe83719ee57293e8361b78ac2	809aa987b365dea3fe99f2f195244e98c3ad06b926b370d6fe32fc2c868daa40			research/archive/strict-layer-proof-research/archive-by-series/60-J2-65/J2-65-R13-execution.log	8a0c5186f35bfcddf26133a5b9fe17dd0f406b1fe83719ee57293e8361b78ac2	809aa987b365dea3fe99f2f195244e98c3ad06b926b370d6fe32fc2c868daa40	archived	archive-by-series/60-J2-65/J2-65-R13-execution.log	source-only	computation	Source-only bytes preserved once at the canonical target under the frozen archive boundary; original source path remains an alias. Kind is a navigation label based on file type, path, and title; it does not upgrade evidence.
dongxuelian2/strict-layer-proof-research	https://github.com/dongxuelian2/strict-layer-proof-research	main	912fb4b67419d69c8c7d805b7fd2fcadd26e9a7a	archive-by-series/60-J2-65/J2-65-R14-Adelic-Primitive-Shell-Report.md	912fb4b67419d69c8c7d805b7fd2fcadd26e9a7a	a00155c85793266fca7e7ae2393a44d210c38990	8cdba8e440ee975fd5643c718a3c001ac83322d745ebb579a551d26ab4dc8462	5e516420e1f6b91e8bbed31a24aa2b92adfa43396e8f1dff4717336cfb993812	research/strict/campaigns/J2-65/J2-65-R14-Adelic-Primitive-Shell-Report.md	5e516420e1f6b91e8bbed31a24aa2b92adfa43396e8f1dff4717336cfb993812	research/a1/j2/records/adelic-primitive-shell.md	8cdba8e440ee975fd5643c718a3c001ac83322d745ebb579a551d26ab4dc8462	5e516420e1f6b91e8bbed31a24aa2b92adfa43396e8f1dff4717336cfb993812	canonical	archive-by-series/60-J2-65/J2-65-R14-Adelic-Primitive-Shell-Report.md	exact-duplicate	attempt	Exact byte duplicate of the canonical target; this source path is retained as provenance and no second canonical copy is created. Kind is a navigation label based on file type, path, and title; it does not upgrade evidence.
dongxuelian2/strict-layer-proof-research	https://github.com/dongxuelian2/strict-layer-proof-research	main	912fb4b67419d69c8c7d805b7fd2fcadd26e9a7a	archive-by-series/60-J2-65/J2-65-R14-BoundaryTransference.py	912fb4b67419d69c8c7d805b7fd2fcadd26e9a7a	fd8e54ca4ce91e82ce114f2ac243fa9b41fc279e	a8de587bb726110a8455682ec42aa02e4caa30a276c2c01e99762a48b509bc07	9f361a12c9858bf206f86ff47ac27e1fae1393289191afb2bfd605cdac2fb144			research/archive/strict-layer-proof-research/archive-by-series/60-J2-65/J2-65-R14-BoundaryTransference.py	a8de587bb726110a8455682ec42aa02e4caa30a276c2c01e99762a48b509bc07	9f361a12c9858bf206f86ff47ac27e1fae1393289191afb2bfd605cdac2fb144	archived	archive-by-series/60-J2-65/J2-65-R14-BoundaryTransference.py	source-only	computation	Source-only bytes preserved once at the canonical target under the frozen archive boundary; original source path remains an alias. Kind is a navigation label based on file type, path, and title; it does not upgrade evidence.
dongxuelian2/strict-layer-proof-research	https://github.com/dongxuelian2/strict-layer-proof-research	main	912fb4b67419d69c8c7d805b7fd2fcadd26e9a7a	archive-by-series/60-J2-65/J2-65-R14-ModUAutomaticity.py	912fb4b67419d69c8c7d805b7fd2fcadd26e9a7a	3d26e62138809afdb65c1f66b3be87b0407669c5	d93b2a299d3239fe64d3872b363ecd67b800e1c25245172b334e0991a311c447	dc4f12a2052bc0d3c12fa52a3e8428d2344aa2fe736a5bf913ba59f99e1b57fd			research/archive/strict-layer-proof-research/archive-by-series/60-J2-65/J2-65-R14-ModUAutomaticity.py	d93b2a299d3239fe64d3872b363ecd67b800e1c25245172b334e0991a311c447	dc4f12a2052bc0d3c12fa52a3e8428d2344aa2fe736a5bf913ba59f99e1b57fd	archived	archive-by-series/60-J2-65/J2-65-R14-ModUAutomaticity.py	source-only	computation	Source-only bytes preserved once at the canonical target under the frozen archive boundary; original source path remains an alias. Kind is a navigation label based on file type, path, and title; it does not upgrade evidence.
dongxuelian2/strict-layer-proof-research	https://github.com/dongxuelian2/strict-layer-proof-research	main	912fb4b67419d69c8c7d805b7fd2fcadd26e9a7a	archive-by-series/60-J2-65/J2-65-R14-PowerTenShell.py	912fb4b67419d69c8c7d805b7fd2fcadd26e9a7a	87643db66fc61b44b02742e6121f7cf723215d18	7e7c837a805d4b8e8298c05ca781b38c66411fbb0a0654769aa52e8ab4e0600e	d42ca0bddd0e7ee0c30238383e277bbdbea78e5d76147f46b605a8ff0d8ecc4f			research/archive/strict-layer-proof-research/archive-by-series/60-J2-65/J2-65-R14-PowerTenShell.py	7e7c837a805d4b8e8298c05ca781b38c66411fbb0a0654769aa52e8ab4e0600e	d42ca0bddd0e7ee0c30238383e277bbdbea78e5d76147f46b605a8ff0d8ecc4f	archived	archive-by-series/60-J2-65/J2-65-R14-PowerTenShell.py	source-only	computation	Source-only bytes preserved once at the canonical target under the frozen archive boundary; original source path remains an alias. Kind is a navigation label based on file type, path, and title; it does not upgrade evidence.
dongxuelian2/strict-layer-proof-research	https://github.com/dongxuelian2/strict-layer-proof-research	main	912fb4b67419d69c8c7d805b7fd2fcadd26e9a7a	archive-by-series/60-J2-65/J2-65-R14-PrimitiveApproximation.py	912fb4b67419d69c8c7d805b7fd2fcadd26e9a7a	f6db717f8da673edaf04cbe2249aed1400c98890	ef1447a4dc2ddec2a29b9eef47093efbd6cc9e6330d0daf50a2d9d403fe2c857	64cd7149e788f68ec1211fa6f4dc99bf046ec291e200781a0b1334ac8bc4c74f			research/archive/strict-layer-proof-research/archive-by-series/60-J2-65/J2-65-R14-PrimitiveApproximation.py	ef1447a4dc2ddec2a29b9eef47093efbd6cc9e6330d0daf50a2d9d403fe2c857	64cd7149e788f68ec1211fa6f4dc99bf046ec291e200781a0b1334ac8bc4c74f	archived	archive-by-series/60-J2-65/J2-65-R14-PrimitiveApproximation.py	source-only	computation	Source-only bytes preserved once at the canonical target under the frozen archive boundary; original source path remains an alias. Kind is a navigation label based on file type, path, and title; it does not upgrade evidence.
dongxuelian2/strict-layer-proof-research	https://github.com/dongxuelian2/strict-layer-proof-research	main	912fb4b67419d69c8c7d805b7fd2fcadd26e9a7a	archive-by-series/60-J2-65/J2-65-R14-PrimitiveHeight.py	912fb4b67419d69c8c7d805b7fd2fcadd26e9a7a	2cb0d4c4ab83f4d8195363d397adfd40e994f05c	1e1cb3c70f5529b5fe3c5d164d4eb16cec23f9b4900aedb1e64033f40f6cecdd	5a18586a25f8fa419649cbd8b8e744b0fa682c1b6642e215f5207241e5e82e27			research/archive/strict-layer-proof-research/archive-by-series/60-J2-65/J2-65-R14-PrimitiveHeight.py	1e1cb3c70f5529b5fe3c5d164d4eb16cec23f9b4900aedb1e64033f40f6cecdd	5a18586a25f8fa419649cbd8b8e744b0fa682c1b6642e215f5207241e5e82e27	archived	archive-by-series/60-J2-65/J2-65-R14-PrimitiveHeight.py	source-only	computation	Source-only bytes preserved once at the canonical target under the frozen archive boundary; original source path remains an alias. Kind is a navigation label based on file type, path, and title; it does not upgrade evidence.
dongxuelian2/strict-layer-proof-research	https://github.com/dongxuelian2/strict-layer-proof-research	main	912fb4b67419d69c8c7d805b7fd2fcadd26e9a7a	archive-by-series/60-J2-65/J2-65-R14-ProjectiveBoundary.py	912fb4b67419d69c8c7d805b7fd2fcadd26e9a7a	c9c7a32190c938838be2b4766d3eb8726abfb19f	48b2d31968662b464b591a3b87fd7233ebabf0bfe09d20523ecb6b7c5df25063	a554c6da45802ea51c8b9e1757cdb95eaed7949d3b42a13be8f7fb34ba345b2d			research/archive/strict-layer-proof-research/archive-by-series/60-J2-65/J2-65-R14-ProjectiveBoundary.py	48b2d31968662b464b591a3b87fd7233ebabf0bfe09d20523ecb6b7c5df25063	a554c6da45802ea51c8b9e1757cdb95eaed7949d3b42a13be8f7fb34ba345b2d	archived	archive-by-series/60-J2-65/J2-65-R14-ProjectiveBoundary.py	source-only	computation	Source-only bytes preserved once at the canonical target under the frozen archive boundary; original source path remains an alias. Kind is a navigation label based on file type, path, and title; it does not upgrade evidence.
dongxuelian2/strict-layer-proof-research	https://github.com/dongxuelian2/strict-layer-proof-research	main	912fb4b67419d69c8c7d805b7fd2fcadd26e9a7a	archive-by-series/60-J2-65/J2-65-R14-RadialWindow.py	912fb4b67419d69c8c7d805b7fd2fcadd26e9a7a	282dc7c8deee8c12e987c11c88bb3f4a5c4fb230	41b66c07dfba9669cf734c37fa7448198360f3cd4e46133b2d80709c92f5e86a	571643a5816f98dfbdab6e9dbff2074f9bab53eff08040baf6ac565f49d5859e			research/archive/strict-layer-proof-research/archive-by-series/60-J2-65/J2-65-R14-RadialWindow.py	41b66c07dfba9669cf734c37fa7448198360f3cd4e46133b2d80709c92f5e86a	571643a5816f98dfbdab6e9dbff2074f9bab53eff08040baf6ac565f49d5859e	archived	archive-by-series/60-J2-65/J2-65-R14-RadialWindow.py	source-only	computation	Source-only bytes preserved once at the canonical target under the frozen archive boundary; original source path remains an alias. Kind is a navigation label based on file type, path, and title; it does not upgrade evidence.
dongxuelian2/strict-layer-proof-research	https://github.com/dongxuelian2/strict-layer-proof-research	main	912fb4b67419d69c8c7d805b7fd2fcadd26e9a7a	archive-by-series/60-J2-65/J2-65-R14-Regression.py	912fb4b67419d69c8c7d805b7fd2fcadd26e9a7a	f3c4d427f8c0555d45fb0f455b1d519832012b42	9f8baece9ced0b7eb9799a051e76db3d17e239b03ee526f60b830d36eb2441dd	08d473b7f4ac5ffcce1ef86553c439654d950d12dbcb0018b58f9f68a1561e26			research/archive/strict-layer-proof-research/archive-by-series/60-J2-65/J2-65-R14-Regression.py	9f8baece9ced0b7eb9799a051e76db3d17e239b03ee526f60b830d36eb2441dd	08d473b7f4ac5ffcce1ef86553c439654d950d12dbcb0018b58f9f68a1561e26	archived	archive-by-series/60-J2-65/J2-65-R14-Regression.py	source-only	computation	Source-only bytes preserved once at the canonical target under the frozen archive boundary; original source path remains an alias. Kind is a navigation label based on file type, path, and title; it does not upgrade evidence.
dongxuelian2/strict-layer-proof-research	https://github.com/dongxuelian2/strict-layer-proof-research	main	912fb4b67419d69c8c7d805b7fd2fcadd26e9a7a	archive-by-series/60-J2-65/J2-65-R14-WholeModulusCovering.py	912fb4b67419d69c8c7d805b7fd2fcadd26e9a7a	d18a7e4fba8c76aee72cedd5792e2fff1102f0ee	e7293b6d86959cc3e5c6275f9b61975506196c4a65bf23c3465e907c079a8563	d9f121c6ef9dc2fbbfcb6d6ed6c66241d14dcc4f5171fd4bc139a41f2aab7694			research/archive/strict-layer-proof-research/archive-by-series/60-J2-65/J2-65-R14-WholeModulusCovering.py	e7293b6d86959cc3e5c6275f9b61975506196c4a65bf23c3465e907c079a8563	d9f121c6ef9dc2fbbfcb6d6ed6c66241d14dcc4f5171fd4bc139a41f2aab7694	archived	archive-by-series/60-J2-65/J2-65-R14-WholeModulusCovering.py	source-only	computation	Source-only bytes preserved once at the canonical target under the frozen archive boundary; original source path remains an alias. Kind is a navigation label based on file type, path, and title; it does not upgrade evidence.
dongxuelian2/strict-layer-proof-research	https://github.com/dongxuelian2/strict-layer-proof-research	main	912fb4b67419d69c8c7d805b7fd2fcadd26e9a7a	archive-by-series/60-J2-65/J2-65-R14-artifacts.zip	912fb4b67419d69c8c7d805b7fd2fcadd26e9a7a	d54119f651d1f988d9a970424faf89a5e0f3b950	f7bfbfa0f293a50e35bc7dbfae0d3d2f6948884b63024b888607f9af092f146a	75900e7a7ac3943a60128e7de558d8726b8aeec4ddd69e8efa7a6e5cb0beb7a9			research/archive/strict-layer-proof-research/archive-by-series/60-J2-65/J2-65-R14-artifacts.zip	f7bfbfa0f293a50e35bc7dbfae0d3d2f6948884b63024b888607f9af092f146a	75900e7a7ac3943a60128e7de558d8726b8aeec4ddd69e8efa7a6e5cb0beb7a9	archived	archive-by-series/60-J2-65/J2-65-R14-artifacts.zip	source-only	archive	Source-only bytes preserved once at the canonical target under the frozen archive boundary; original source path remains an alias. Kind is a navigation label based on file type, path, and title; it does not upgrade evidence.
dongxuelian2/strict-layer-proof-research	https://github.com/dongxuelian2/strict-layer-proof-research	main	912fb4b67419d69c8c7d805b7fd2fcadd26e9a7a	archive-by-series/60-J2-65/J2-65-R14-certificate.txt	912fb4b67419d69c8c7d805b7fd2fcadd26e9a7a	2a4d209758edbc827415c025d7945b5d46725294	a2fa04b5ebfcece1361358afefc23ba75dec1647bd2f58c0e7544c9656972607	f0e141a8f4335361f4fef1a61544b10201e06f613b7a2c6e18e742e90bbd204c			research/archive/strict-layer-proof-research/archive-by-series/60-J2-65/J2-65-R14-certificate.txt	a2fa04b5ebfcece1361358afefc23ba75dec1647bd2f58c0e7544c9656972607	f0e141a8f4335361f4fef1a61544b10201e06f613b7a2c6e18e742e90bbd204c	archived	archive-by-series/60-J2-65/J2-65-R14-certificate.txt	source-only	computation	Source-only bytes preserved once at the canonical target under the frozen archive boundary; original source path remains an alias. Kind is a navigation label based on file type, path, and title; it does not upgrade evidence.
dongxuelian2/strict-layer-proof-research	https://github.com/dongxuelian2/strict-layer-proof-research	main	912fb4b67419d69c8c7d805b7fd2fcadd26e9a7a	archive-by-series/60-J2-65/J2-65-R14-execution.log	912fb4b67419d69c8c7d805b7fd2fcadd26e9a7a	a6830e9c81cd75e54190b32b2adcaae60422941a	01f0c526322ec9f3bb9ee5541d56474ba275571eff37796095a78439fa3dc373	9cad7596304c0149f6c7534629744ec6b3b35e6261ddc09fa1f27c3f76a5906a			research/archive/strict-layer-proof-research/archive-by-series/60-J2-65/J2-65-R14-execution.log	01f0c526322ec9f3bb9ee5541d56474ba275571eff37796095a78439fa3dc373	9cad7596304c0149f6c7534629744ec6b3b35e6261ddc09fa1f27c3f76a5906a	archived	archive-by-series/60-J2-65/J2-65-R14-execution.log	source-only	computation	Source-only bytes preserved once at the canonical target under the frozen archive boundary; original source path remains an alias. Kind is a navigation label based on file type, path, and title; it does not upgrade evidence.
dongxuelian2/strict-layer-proof-research	https://github.com/dongxuelian2/strict-layer-proof-research	main	912fb4b67419d69c8c7d805b7fd2fcadd26e9a7a	archive-by-series/60-J2-65/J2-65-R15-Boundary-Defect-Geometry-Report.md	912fb4b67419d69c8c7d805b7fd2fcadd26e9a7a	36ada7a84d03928ce2745b52a99ff6f4f861c28f	73109bc0596935babf248ab3b2d47da39963515d5695285e04eceb9b11feca63	45e6e31f6bb2dacbaee580b317638aa74671c72549a3fc80fe8e50f996db960e	research/strict/campaigns/J2-65/J2-65-R15-Boundary-Defect-Geometry-Report.md	45e6e31f6bb2dacbaee580b317638aa74671c72549a3fc80fe8e50f996db960e	research/a1/j2/records/boundary-defect-geometry.md	73109bc0596935babf248ab3b2d47da39963515d5695285e04eceb9b11feca63	45e6e31f6bb2dacbaee580b317638aa74671c72549a3fc80fe8e50f996db960e	canonical	archive-by-series/60-J2-65/J2-65-R15-Boundary-Defect-Geometry-Report.md	exact-duplicate	attempt	Exact byte duplicate of the canonical target; this source path is retained as provenance and no second canonical copy is created. Kind is a navigation label based on file type, path, and title; it does not upgrade evidence.
dongxuelian2/strict-layer-proof-research	https://github.com/dongxuelian2/strict-layer-proof-research	main	912fb4b67419d69c8c7d805b7fd2fcadd26e9a7a	archive-by-series/60-J2-65/J2-65-R15-artifacts.zip	912fb4b67419d69c8c7d805b7fd2fcadd26e9a7a	e78ffb1ad8488873e4a5516ec256f5e9d650505e	6b68945394bf3cd97408ee417a257af12f66463edc83ad2046eabc02cf343267	d936fbc5350b2475034fcd6c48cc3f7648fab053a5fb6a8cf789cda4a54e42be			research/archive/strict-layer-proof-research/archive-by-series/60-J2-65/J2-65-R15-artifacts.zip	6b68945394bf3cd97408ee417a257af12f66463edc83ad2046eabc02cf343267	d936fbc5350b2475034fcd6c48cc3f7648fab053a5fb6a8cf789cda4a54e42be	archived	archive-by-series/60-J2-65/J2-65-R15-artifacts.zip	source-only	archive	Source-only bytes preserved once at the canonical target under the frozen archive boundary; original source path remains an alias. Kind is a navigation label based on file type, path, and title; it does not upgrade evidence.
dongxuelian2/strict-layer-proof-research	https://github.com/dongxuelian2/strict-layer-proof-research	main	912fb4b67419d69c8c7d805b7fd2fcadd26e9a7a	archive-by-series/60-J2-65/J2-65-R15-certificate.txt	912fb4b67419d69c8c7d805b7fd2fcadd26e9a7a	7ec8b63ca2bd23eabb2027a0de1d4da5fb573729	1312c8614ed6c6f087df1234bb34a78e8c670706ad8d3c958fe97bdbcd835578	ccd2bc35d5f14f6f9b2f7d8b6d15baa27d5fa116a404d416130a4be965c261b9			research/archive/strict-layer-proof-research/archive-by-series/60-J2-65/J2-65-R15-certificate.txt	1312c8614ed6c6f087df1234bb34a78e8c670706ad8d3c958fe97bdbcd835578	ccd2bc35d5f14f6f9b2f7d8b6d15baa27d5fa116a404d416130a4be965c261b9	archived	archive-by-series/60-J2-65/J2-65-R15-certificate.txt	source-only	computation	Source-only bytes preserved once at the canonical target under the frozen archive boundary; original source path remains an alias. Kind is a navigation label based on file type, path, and title; it does not upgrade evidence.
dongxuelian2/strict-layer-proof-research	https://github.com/dongxuelian2/strict-layer-proof-research	main	912fb4b67419d69c8c7d805b7fd2fcadd26e9a7a	archive-by-series/60-J2-65/J2-65-R15-execution.log	912fb4b67419d69c8c7d805b7fd2fcadd26e9a7a	e7ad80be4b1e9fa669a66de6c4ff84de812db5ed	0a50b60f0f12a3dd358184ea49c2142ec77853b62ea8c58e4408c59279b39de3	7e3956387c3c94e54d1f24242b5228b4b324473653f85ea76549097a8f76317a			research/archive/strict-layer-proof-research/archive-by-series/60-J2-65/J2-65-R15-execution.log	0a50b60f0f12a3dd358184ea49c2142ec77853b62ea8c58e4408c59279b39de3	7e3956387c3c94e54d1f24242b5228b4b324473653f85ea76549097a8f76317a	archived	archive-by-series/60-J2-65/J2-65-R15-execution.log	source-only	computation	Source-only bytes preserved once at the canonical target under the frozen archive boundary; original source path remains an alias. Kind is a navigation label based on file type, path, and title; it does not upgrade evidence.
dongxuelian2/strict-layer-proof-research	https://github.com/dongxuelian2/strict-layer-proof-research	main	912fb4b67419d69c8c7d805b7fd2fcadd26e9a7a	archive-by-series/60-J2-65/J2-65-R16-Integral-Boundary-Norm-Orbit-Report.md	912fb4b67419d69c8c7d805b7fd2fcadd26e9a7a	9425b369bb13f518b5989a362e40c2dd8967a027	0822281c2b27adf6b8477ac42b31a16779c37479bc723805481aafeb19119d70	f6a23e95d1cd345fab62911643d7aea4048510769142021122191d9e3e6422d9	research/strict/campaigns/J2-65/J2-65-R16-Integral-Boundary-Norm-Orbit-Report.md	f6a23e95d1cd345fab62911643d7aea4048510769142021122191d9e3e6422d9	research/a1/j2/records/integral-boundary-norm-orbit.md	0822281c2b27adf6b8477ac42b31a16779c37479bc723805481aafeb19119d70	f6a23e95d1cd345fab62911643d7aea4048510769142021122191d9e3e6422d9	canonical	archive-by-series/60-J2-65/J2-65-R16-Integral-Boundary-Norm-Orbit-Report.md	exact-duplicate	attempt	Exact byte duplicate of the canonical target; this source path is retained as provenance and no second canonical copy is created. Kind is a navigation label based on file type, path, and title; it does not upgrade evidence.
dongxuelian2/strict-layer-proof-research	https://github.com/dongxuelian2/strict-layer-proof-research	main	912fb4b67419d69c8c7d805b7fd2fcadd26e9a7a	archive-by-series/60-J2-65/J2-65-R16-artifacts.zip	912fb4b67419d69c8c7d805b7fd2fcadd26e9a7a	be5cda0fecead3f550a202987e1245f3478e4a1d	ea9d3a9a910ab44f9e11ef2d2edd64d2dbdeabb48da0e0b0f38354c7687646cc	d697747e8a8bce90e37424a16743a07c0679e1f9ddd60317745e2e6d0313bbf3			research/archive/strict-layer-proof-research/archive-by-series/60-J2-65/J2-65-R16-artifacts.zip	ea9d3a9a910ab44f9e11ef2d2edd64d2dbdeabb48da0e0b0f38354c7687646cc	d697747e8a8bce90e37424a16743a07c0679e1f9ddd60317745e2e6d0313bbf3	archived	archive-by-series/60-J2-65/J2-65-R16-artifacts.zip	source-only	archive	Source-only bytes preserved once at the canonical target under the frozen archive boundary; original source path remains an alias. Kind is a navigation label based on file type, path, and title; it does not upgrade evidence.
dongxuelian2/strict-layer-proof-research	https://github.com/dongxuelian2/strict-layer-proof-research	main	912fb4b67419d69c8c7d805b7fd2fcadd26e9a7a	archive-by-series/60-J2-65/J2-65-R16-certificate.txt	912fb4b67419d69c8c7d805b7fd2fcadd26e9a7a	f97a0b1ca02547fb2703f3e7630d4260e6fdc427	f3acc3bef279a37258fb122c1bfc44b30bd5f235a788692bc4d831bedef01052	bb33ba11e5a2f9d17089641799b5701ec3ef9e8c7bc45127db57d8459e19b16d			research/archive/strict-layer-proof-research/archive-by-series/60-J2-65/J2-65-R16-certificate.txt	f3acc3bef279a37258fb122c1bfc44b30bd5f235a788692bc4d831bedef01052	bb33ba11e5a2f9d17089641799b5701ec3ef9e8c7bc45127db57d8459e19b16d	archived	archive-by-series/60-J2-65/J2-65-R16-certificate.txt	source-only	computation	Source-only bytes preserved once at the canonical target under the frozen archive boundary; original source path remains an alias. Kind is a navigation label based on file type, path, and title; it does not upgrade evidence.
dongxuelian2/strict-layer-proof-research	https://github.com/dongxuelian2/strict-layer-proof-research	main	912fb4b67419d69c8c7d805b7fd2fcadd26e9a7a	archive-by-series/60-J2-65/J2-65-R16-execution.log	912fb4b67419d69c8c7d805b7fd2fcadd26e9a7a	cc38a4a3537eb215436032166b5253b5ec4c50a7	11cb50c6e13a99b49cb6752dc16a9e06a05e86841a4af1be38740bac3ec02818	ffaff91de703a02a213e8617aa4814c8ae96a4a474fd8dfc643a85c12e532b4a			research/archive/strict-layer-proof-research/archive-by-series/60-J2-65/J2-65-R16-execution.log	11cb50c6e13a99b49cb6752dc16a9e06a05e86841a4af1be38740bac3ec02818	ffaff91de703a02a213e8617aa4814c8ae96a4a474fd8dfc643a85c12e532b4a	archived	archive-by-series/60-J2-65/J2-65-R16-execution.log	source-only	computation	Source-only bytes preserved once at the canonical target under the frozen archive boundary; original source path remains an alias. Kind is a navigation label based on file type, path, and title; it does not upgrade evidence.
dongxuelian2/strict-layer-proof-research	https://github.com/dongxuelian2/strict-layer-proof-research	main	912fb4b67419d69c8c7d805b7fd2fcadd26e9a7a	archive-by-series/60-J2-65/J2-65-R17-Cyclotomic-Composition-Report.md	912fb4b67419d69c8c7d805b7fd2fcadd26e9a7a	150f9b09c540ef282be30d037bb44ed04c1f31ac	84a93443b79e8221077ca92074ac1b3bd6049ca78a00a731dbded84a4c42a6cc	15cf8ba1fc8e8f142a6225c3042d2e87c216f2c7115f8f6ebcc795e4e8d28513	research/strict/campaigns/J2-65/J2-65-R17-Cyclotomic-Composition-Report.md	15cf8ba1fc8e8f142a6225c3042d2e87c216f2c7115f8f6ebcc795e4e8d28513	research/a1/j2/records/cyclotomic-composition.md	84a93443b79e8221077ca92074ac1b3bd6049ca78a00a731dbded84a4c42a6cc	15cf8ba1fc8e8f142a6225c3042d2e87c216f2c7115f8f6ebcc795e4e8d28513	canonical	archive-by-series/60-J2-65/J2-65-R17-Cyclotomic-Composition-Report.md	exact-duplicate	attempt	Exact byte duplicate of the canonical target; this source path is retained as provenance and no second canonical copy is created. Kind is a navigation label based on file type, path, and title; it does not upgrade evidence.
dongxuelian2/strict-layer-proof-research	https://github.com/dongxuelian2/strict-layer-proof-research	main	912fb4b67419d69c8c7d805b7fd2fcadd26e9a7a	archive-by-series/60-J2-65/J2-65-R17-artifacts.zip	912fb4b67419d69c8c7d805b7fd2fcadd26e9a7a	6a9e5c1f3e08546ee623c770c3d97450906ab90a	614575923ed6db1878950e0aa5c781436740f215f51b2f7c05984527d79682ac	ad2a21aa53356da738d3ccb06d6c7cb2c0323d66dd6d6613a93dfa425781df51			research/archive/strict-layer-proof-research/archive-by-series/60-J2-65/J2-65-R17-artifacts.zip	614575923ed6db1878950e0aa5c781436740f215f51b2f7c05984527d79682ac	ad2a21aa53356da738d3ccb06d6c7cb2c0323d66dd6d6613a93dfa425781df51	archived	archive-by-series/60-J2-65/J2-65-R17-artifacts.zip	source-only	archive	Source-only bytes preserved once at the canonical target under the frozen archive boundary; original source path remains an alias. Kind is a navigation label based on file type, path, and title; it does not upgrade evidence.
dongxuelian2/strict-layer-proof-research	https://github.com/dongxuelian2/strict-layer-proof-research	main	912fb4b67419d69c8c7d805b7fd2fcadd26e9a7a	archive-by-series/60-J2-65/J2-65-R17-certificate.txt	912fb4b67419d69c8c7d805b7fd2fcadd26e9a7a	9d8a604dece99c6bfd4b6a17fe8e1d6a5ccd5c0d	7c3c8257507a75dbb859617664d7ed921e1f959a0857b7ccfd33950f3d18c128	7392de5ecd44a407d6a1de03d62a3e9550f77cccfe32a020df3f3e1708c1d77d			research/archive/strict-layer-proof-research/archive-by-series/60-J2-65/J2-65-R17-certificate.txt	7c3c8257507a75dbb859617664d7ed921e1f959a0857b7ccfd33950f3d18c128	7392de5ecd44a407d6a1de03d62a3e9550f77cccfe32a020df3f3e1708c1d77d	archived	archive-by-series/60-J2-65/J2-65-R17-certificate.txt	source-only	computation	Source-only bytes preserved once at the canonical target under the frozen archive boundary; original source path remains an alias. Kind is a navigation label based on file type, path, and title; it does not upgrade evidence.
dongxuelian2/strict-layer-proof-research	https://github.com/dongxuelian2/strict-layer-proof-research	main	912fb4b67419d69c8c7d805b7fd2fcadd26e9a7a	archive-by-series/60-J2-65/J2-65-R17-execution.log	912fb4b67419d69c8c7d805b7fd2fcadd26e9a7a	7c385d8d4e291405e047f0102d85b83e14ec7fba	5d9fd37e7e4ffbfcbbc6b5f94a18d93e6241c4f70d805e69c9acf34a321d6077	2c3f6cbe3ac310eb90cd0c98adae4e53a013a9a43ee7af6e1b0ca6ab8fd7a990			research/archive/strict-layer-proof-research/archive-by-series/60-J2-65/J2-65-R17-execution.log	5d9fd37e7e4ffbfcbbc6b5f94a18d93e6241c4f70d805e69c9acf34a321d6077	2c3f6cbe3ac310eb90cd0c98adae4e53a013a9a43ee7af6e1b0ca6ab8fd7a990	archived	archive-by-series/60-J2-65/J2-65-R17-execution.log	source-only	computation	Source-only bytes preserved once at the canonical target under the frozen archive boundary; original source path remains an alias. Kind is a navigation label based on file type, path, and title; it does not upgrade evidence.
dongxuelian2/strict-layer-proof-research	https://github.com/dongxuelian2/strict-layer-proof-research	main	912fb4b67419d69c8c7d805b7fd2fcadd26e9a7a	archive-by-series/60-J2-65/J2-65-R18-Integral-Descent-Commutation-Report.md	912fb4b67419d69c8c7d805b7fd2fcadd26e9a7a	8f0343818a274df58b01a9c83d8845805ebba8e4	290e4613f1cc68ead665e9e17987857a181e48b45a3ca59965875198f82f3ae8	9d6e9984ab4aa9e3ef797d789d3d6f18f743ee85b1c90e88d718823385ea16f0	research/strict/campaigns/J2-65/J2-65-R18-Integral-Descent-Commutation-Report.md	9d6e9984ab4aa9e3ef797d789d3d6f18f743ee85b1c90e88d718823385ea16f0	research/a1/j2/records/integral-descent-commutation.md	290e4613f1cc68ead665e9e17987857a181e48b45a3ca59965875198f82f3ae8	9d6e9984ab4aa9e3ef797d789d3d6f18f743ee85b1c90e88d718823385ea16f0	canonical	archive-by-series/60-J2-65/J2-65-R18-Integral-Descent-Commutation-Report.md	exact-duplicate	result	Exact byte duplicate of the canonical target; this source path is retained as provenance and no second canonical copy is created. Kind is a navigation label based on file type, path, and title; it does not upgrade evidence.
dongxuelian2/strict-layer-proof-research	https://github.com/dongxuelian2/strict-layer-proof-research	main	912fb4b67419d69c8c7d805b7fd2fcadd26e9a7a	archive-by-series/60-J2-65/J2-65-R18-artifacts.zip	912fb4b67419d69c8c7d805b7fd2fcadd26e9a7a	f0bee0d585df46aa1361b01a62a68a8002183baf	1d00f9dc937966cfbfeb814e67d90e9924747d27533649ea27cd59f70189253b	9493e9e7ef599e6214ba3c0fc7b1df3432eee8fbaafb52354091d460bf544241			research/archive/strict-layer-proof-research/archive-by-series/60-J2-65/J2-65-R18-artifacts.zip	1d00f9dc937966cfbfeb814e67d90e9924747d27533649ea27cd59f70189253b	9493e9e7ef599e6214ba3c0fc7b1df3432eee8fbaafb52354091d460bf544241	archived	archive-by-series/60-J2-65/J2-65-R18-artifacts.zip	source-only	archive	Source-only bytes preserved once at the canonical target under the frozen archive boundary; original source path remains an alias. Kind is a navigation label based on file type, path, and title; it does not upgrade evidence.
dongxuelian2/strict-layer-proof-research	https://github.com/dongxuelian2/strict-layer-proof-research	main	912fb4b67419d69c8c7d805b7fd2fcadd26e9a7a	archive-by-series/60-J2-65/J2-65-R18-certificate.txt	912fb4b67419d69c8c7d805b7fd2fcadd26e9a7a	ca0dc3666fd7d2a7626bd014000881ca2f379662	82bb69128016bb4d7329ac043393e75a318aa462a8a7d33189aa9e86fb66d635	4bf096b71554c89e2375700250b05f6135cf64e68a9ba33e17fb5ce1c8fa546b			research/archive/strict-layer-proof-research/archive-by-series/60-J2-65/J2-65-R18-certificate.txt	82bb69128016bb4d7329ac043393e75a318aa462a8a7d33189aa9e86fb66d635	4bf096b71554c89e2375700250b05f6135cf64e68a9ba33e17fb5ce1c8fa546b	archived	archive-by-series/60-J2-65/J2-65-R18-certificate.txt	source-only	computation	Source-only bytes preserved once at the canonical target under the frozen archive boundary; original source path remains an alias. Kind is a navigation label based on file type, path, and title; it does not upgrade evidence.
dongxuelian2/strict-layer-proof-research	https://github.com/dongxuelian2/strict-layer-proof-research	main	912fb4b67419d69c8c7d805b7fd2fcadd26e9a7a	archive-by-series/60-J2-65/J2-65-R18-execution.log	912fb4b67419d69c8c7d805b7fd2fcadd26e9a7a	3a7ca9492decc00afb7c972304e72d00347fa59c	c57f612922d9b29f8cacc593d306c19ee79159b943d735eca5ff955c71cde9fb	aa1ba614a9546a8357d910f6ce98ef3bba78b5d80e60e59c6522ff7879014c4f			research/archive/strict-layer-proof-research/archive-by-series/60-J2-65/J2-65-R18-execution.log	c57f612922d9b29f8cacc593d306c19ee79159b943d735eca5ff955c71cde9fb	aa1ba614a9546a8357d910f6ce98ef3bba78b5d80e60e59c6522ff7879014c4f	archived	archive-by-series/60-J2-65/J2-65-R18-execution.log	source-only	computation	Source-only bytes preserved once at the canonical target under the frozen archive boundary; original source path remains an alias. Kind is a navigation label based on file type, path, and title; it does not upgrade evidence.
dongxuelian2/strict-layer-proof-research	https://github.com/dongxuelian2/strict-layer-proof-research	main	912fb4b67419d69c8c7d805b7fd2fcadd26e9a7a	archive-by-series/60-J2-65/J2-65-R19-Finite-Module-Spin-Report.md	912fb4b67419d69c8c7d805b7fd2fcadd26e9a7a	f3e0ab2a4951eb113507c36c81474c07cd589a64	3a8d8670b58b1ba6309857f9699962075cc127ce76eeb9bf14974466d9ce23b1	70b48cf8bcbbd7643fc2a56ae967ba775875a132525f619a15cf1eb4ff379ea6	research/strict/campaigns/J2-65/J2-65-R19-Finite-Module-Spin-Report.md	70b48cf8bcbbd7643fc2a56ae967ba775875a132525f619a15cf1eb4ff379ea6	research/a1/j2/records/finite-module-spin.md	3a8d8670b58b1ba6309857f9699962075cc127ce76eeb9bf14974466d9ce23b1	70b48cf8bcbbd7643fc2a56ae967ba775875a132525f619a15cf1eb4ff379ea6	canonical	archive-by-series/60-J2-65/J2-65-R19-Finite-Module-Spin-Report.md	exact-duplicate	attempt	Exact byte duplicate of the canonical target; this source path is retained as provenance and no second canonical copy is created. Kind is a navigation label based on file type, path, and title; it does not upgrade evidence.
dongxuelian2/strict-layer-proof-research	https://github.com/dongxuelian2/strict-layer-proof-research	main	912fb4b67419d69c8c7d805b7fd2fcadd26e9a7a	archive-by-series/60-J2-65/J2-65-R19-artifacts.zip	912fb4b67419d69c8c7d805b7fd2fcadd26e9a7a	862851bbc565bdeef3227d091db82bf972d731a7	96c47d517f7ae78c9adfaefb03753b8b97bde572309bd8860b22dbe24a916e10	8deb4571120df0ad083bcd319a92313ebffb8f57c1808f5d3dacbb6b8c5f66ef			research/archive/strict-layer-proof-research/archive-by-series/60-J2-65/J2-65-R19-artifacts.zip	96c47d517f7ae78c9adfaefb03753b8b97bde572309bd8860b22dbe24a916e10	8deb4571120df0ad083bcd319a92313ebffb8f57c1808f5d3dacbb6b8c5f66ef	archived	archive-by-series/60-J2-65/J2-65-R19-artifacts.zip	source-only	archive	Source-only bytes preserved once at the canonical target under the frozen archive boundary; original source path remains an alias. Kind is a navigation label based on file type, path, and title; it does not upgrade evidence.
dongxuelian2/strict-layer-proof-research	https://github.com/dongxuelian2/strict-layer-proof-research	main	912fb4b67419d69c8c7d805b7fd2fcadd26e9a7a	archive-by-series/60-J2-65/J2-65-R19-certificate.txt	912fb4b67419d69c8c7d805b7fd2fcadd26e9a7a	513b95020dd8ac644392c98b103597658a16cf7f	6cb52e289343981cc54b1c286036c989a6d2242aeb80253d8f3446d05dae1b76	d2939ec29ab4fcddcca023d67a66308e5d43702dd2209acea73b1cfcf4db53e9			research/archive/strict-layer-proof-research/archive-by-series/60-J2-65/J2-65-R19-certificate.txt	6cb52e289343981cc54b1c286036c989a6d2242aeb80253d8f3446d05dae1b76	d2939ec29ab4fcddcca023d67a66308e5d43702dd2209acea73b1cfcf4db53e9	archived	archive-by-series/60-J2-65/J2-65-R19-certificate.txt	source-only	computation	Source-only bytes preserved once at the canonical target under the frozen archive boundary; original source path remains an alias. Kind is a navigation label based on file type, path, and title; it does not upgrade evidence.
dongxuelian2/strict-layer-proof-research	https://github.com/dongxuelian2/strict-layer-proof-research	main	912fb4b67419d69c8c7d805b7fd2fcadd26e9a7a	archive-by-series/60-J2-65/J2-65-R19-execution.log	912fb4b67419d69c8c7d805b7fd2fcadd26e9a7a	99ece7c4d7d64b8626e218f30c1c85382252c5a1	ff69b8a74e5a50a2695a35d10fbae57c596b66f8844210f0e4f1ae2539ccfaf3	328155c2cf2241c42f226f553f060181639040e1df0e875563ffa570d9620fc1			research/archive/strict-layer-proof-research/archive-by-series/60-J2-65/J2-65-R19-execution.log	ff69b8a74e5a50a2695a35d10fbae57c596b66f8844210f0e4f1ae2539ccfaf3	328155c2cf2241c42f226f553f060181639040e1df0e875563ffa570d9620fc1	archived	archive-by-series/60-J2-65/J2-65-R19-execution.log	source-only	computation	Source-only bytes preserved once at the canonical target under the frozen archive boundary; original source path remains an alias. Kind is a navigation label based on file type, path, and title; it does not upgrade evidence.
dongxuelian2/strict-layer-proof-research	https://github.com/dongxuelian2/strict-layer-proof-research	main	912fb4b67419d69c8c7d805b7fd2fcadd26e9a7a	archive-by-series/60-J2-65/J2-65-R2-Bivariate-Master-Root-Newton-Report.md	912fb4b67419d69c8c7d805b7fd2fcadd26e9a7a	d38aea14f8104a04a1d54e09eb624a469c142dea	3b25ed6f94a833d71c3fa840807149548e9b8d1eadf9f68d79b2830aad8259dd	302f0f1e28afc3624d8e18878a80101fb3e38cfaff481de09a1830e8707d4565	research/strict/campaigns/J2-65/J2-65-R2-Bivariate-Master-Root-Newton-Report.md	302f0f1e28afc3624d8e18878a80101fb3e38cfaff481de09a1830e8707d4565	research/a1/j2/records/bivariate-master-root-newton.md	3b25ed6f94a833d71c3fa840807149548e9b8d1eadf9f68d79b2830aad8259dd	302f0f1e28afc3624d8e18878a80101fb3e38cfaff481de09a1830e8707d4565	canonical	archive-by-series/60-J2-65/J2-65-R2-Bivariate-Master-Root-Newton-Report.md	exact-duplicate	result	Exact byte duplicate of the canonical target; this source path is retained as provenance and no second canonical copy is created. Kind is a navigation label based on file type, path, and title; it does not upgrade evidence.
dongxuelian2/strict-layer-proof-research	https://github.com/dongxuelian2/strict-layer-proof-research	main	912fb4b67419d69c8c7d805b7fd2fcadd26e9a7a	archive-by-series/60-J2-65/J2-65-R2-ChartRecovery.py	912fb4b67419d69c8c7d805b7fd2fcadd26e9a7a	7d09d0abbd53cfac546bece165a71f4afd568db2	bb01a947e947de2ac4e132bf2d073d335a04bfca3d0f81eab1ef672152d20620	2f2cb48206d2ff700bbb36cb61662996c0920240579e0c4798820c5380be4ab3			research/archive/strict-layer-proof-research/archive-by-series/60-J2-65/J2-65-R2-ChartRecovery.py	bb01a947e947de2ac4e132bf2d073d335a04bfca3d0f81eab1ef672152d20620	2f2cb48206d2ff700bbb36cb61662996c0920240579e0c4798820c5380be4ab3	archived	archive-by-series/60-J2-65/J2-65-R2-ChartRecovery.py	source-only	computation	Source-only bytes preserved once at the canonical target under the frozen archive boundary; original source path remains an alias. Kind is a navigation label based on file type, path, and title; it does not upgrade evidence.
dongxuelian2/strict-layer-proof-research	https://github.com/dongxuelian2/strict-layer-proof-research	main	912fb4b67419d69c8c7d805b7fd2fcadd26e9a7a	archive-by-series/60-J2-65/J2-65-R2-MasterRoot-symbolic.py	912fb4b67419d69c8c7d805b7fd2fcadd26e9a7a	3e52b2039ef6b96288679965a4b3850d17858fcd	7723b7c0f162f9bd7b8dea5f604c6cd7fe77c72c0e6f80383852223c1a7ce139	ae2c0cb21a0632bda31665235f890c70072a08732311cc681076db5e826c2bed			research/archive/strict-layer-proof-research/archive-by-series/60-J2-65/J2-65-R2-MasterRoot-symbolic.py	7723b7c0f162f9bd7b8dea5f604c6cd7fe77c72c0e6f80383852223c1a7ce139	ae2c0cb21a0632bda31665235f890c70072a08732311cc681076db5e826c2bed	archived	archive-by-series/60-J2-65/J2-65-R2-MasterRoot-symbolic.py	source-only	computation	Source-only bytes preserved once at the canonical target under the frozen archive boundary; original source path remains an alias. Kind is a navigation label based on file type, path, and title; it does not upgrade evidence.
dongxuelian2/strict-layer-proof-research	https://github.com/dongxuelian2/strict-layer-proof-research	main	912fb4b67419d69c8c7d805b7fd2fcadd26e9a7a	archive-by-series/60-J2-65/J2-65-R2-NewtonPolytope.py	912fb4b67419d69c8c7d805b7fd2fcadd26e9a7a	6e669b6bfd43c61baa94bf33c3116724ee18c0ad	31d8881dde343bc4c6372454bb15c8c67ec27303fd4afcf80aaad77b5d4c1895	2fd6fbd6b0963699c27e802c571d9493028885d674f10127dfbb4f9fe90d5f9d			research/archive/strict-layer-proof-research/archive-by-series/60-J2-65/J2-65-R2-NewtonPolytope.py	31d8881dde343bc4c6372454bb15c8c67ec27303fd4afcf80aaad77b5d4c1895	2fd6fbd6b0963699c27e802c571d9493028885d674f10127dfbb4f9fe90d5f9d	archived	archive-by-series/60-J2-65/J2-65-R2-NewtonPolytope.py	source-only	computation	Source-only bytes preserved once at the canonical target under the frozen archive boundary; original source path remains an alias. Kind is a navigation label based on file type, path, and title; it does not upgrade evidence.
dongxuelian2/strict-layer-proof-research	https://github.com/dongxuelian2/strict-layer-proof-research	main	912fb4b67419d69c8c7d805b7fd2fcadd26e9a7a	archive-by-series/60-J2-65/J2-65-R2-Saturation.py	912fb4b67419d69c8c7d805b7fd2fcadd26e9a7a	397344a1e5fe5f8bb381c4e788024d0fd49b49e7	494919dbe105ff937fef357ef886fcd0313344d8b02622de4c8ee059a53a7445	2ee6381c0e6e935cc4d62653cf044e92fe3d733e69415ebc49fd25ae0fceaf23			research/archive/strict-layer-proof-research/archive-by-series/60-J2-65/J2-65-R2-Saturation.py	494919dbe105ff937fef357ef886fcd0313344d8b02622de4c8ee059a53a7445	2ee6381c0e6e935cc4d62653cf044e92fe3d733e69415ebc49fd25ae0fceaf23	archived	archive-by-series/60-J2-65/J2-65-R2-Saturation.py	source-only	computation	Source-only bytes preserved once at the canonical target under the frozen archive boundary; original source path remains an alias. Kind is a navigation label based on file type, path, and title; it does not upgrade evidence.
dongxuelian2/strict-layer-proof-research	https://github.com/dongxuelian2/strict-layer-proof-research	main	912fb4b67419d69c8c7d805b7fd2fcadd26e9a7a	archive-by-series/60-J2-65/J2-65-R2-artifacts.zip	912fb4b67419d69c8c7d805b7fd2fcadd26e9a7a	303a59746638534ca34951314b04d228c3694df7	126ec773b02a1384d9736f8d873e02062c0fbbbcb9d596bb9e1604b20fa81881	e6ce8bd8e2192ec157e9fa46cebc4130e8344492fd4796aa799d3adca22e676a			research/archive/strict-layer-proof-research/archive-by-series/60-J2-65/J2-65-R2-artifacts.zip	126ec773b02a1384d9736f8d873e02062c0fbbbcb9d596bb9e1604b20fa81881	e6ce8bd8e2192ec157e9fa46cebc4130e8344492fd4796aa799d3adca22e676a	archived	archive-by-series/60-J2-65/J2-65-R2-artifacts.zip	source-only	archive	Source-only bytes preserved once at the canonical target under the frozen archive boundary; original source path remains an alias. Kind is a navigation label based on file type, path, and title; it does not upgrade evidence.
dongxuelian2/strict-layer-proof-research	https://github.com/dongxuelian2/strict-layer-proof-research	main	912fb4b67419d69c8c7d805b7fd2fcadd26e9a7a	archive-by-series/60-J2-65/J2-65-R2-certificate.txt	912fb4b67419d69c8c7d805b7fd2fcadd26e9a7a	f570b5dbf2faea26e77e14cecf0d83312c9a6f3a	ac411245696c10dcbf07500eb09b0bcfe347086dfe2e8d88387b986a7106f3c3	4a02194a2ed096cfca596e05bc58d2d760c01ab2547b0b7eefc0c344e17c1af5			research/archive/strict-layer-proof-research/archive-by-series/60-J2-65/J2-65-R2-certificate.txt	ac411245696c10dcbf07500eb09b0bcfe347086dfe2e8d88387b986a7106f3c3	4a02194a2ed096cfca596e05bc58d2d760c01ab2547b0b7eefc0c344e17c1af5	archived	archive-by-series/60-J2-65/J2-65-R2-certificate.txt	source-only	computation	Source-only bytes preserved once at the canonical target under the frozen archive boundary; original source path remains an alias. Kind is a navigation label based on file type, path, and title; it does not upgrade evidence.
dongxuelian2/strict-layer-proof-research	https://github.com/dongxuelian2/strict-layer-proof-research	main	912fb4b67419d69c8c7d805b7fd2fcadd26e9a7a	archive-by-series/60-J2-65/J2-65-R20-Semantic-Conductor-Ruling-Report.md	912fb4b67419d69c8c7d805b7fd2fcadd26e9a7a	93418d71a037e47875adc48e8affcb93297e9948	77b784ec318929d5e51fa725cbbb96ef15a093b5bca18aef9b641e32ce947352	4f7a24d6eefa0e021da2bae7ab1f5aff01eaaad6c3ac09112ce3b603ce51e00d	research/strict/campaigns/J2-65/J2-65-R20-Semantic-Conductor-Ruling-Report.md	4f7a24d6eefa0e021da2bae7ab1f5aff01eaaad6c3ac09112ce3b603ce51e00d	research/a1/j2/records/semantic-conductor-ruling.md	77b784ec318929d5e51fa725cbbb96ef15a093b5bca18aef9b641e32ce947352	4f7a24d6eefa0e021da2bae7ab1f5aff01eaaad6c3ac09112ce3b603ce51e00d	canonical	archive-by-series/60-J2-65/J2-65-R20-Semantic-Conductor-Ruling-Report.md	exact-duplicate	attempt	Exact byte duplicate of the canonical target; this source path is retained as provenance and no second canonical copy is created. Kind is a navigation label based on file type, path, and title; it does not upgrade evidence.
dongxuelian2/strict-layer-proof-research	https://github.com/dongxuelian2/strict-layer-proof-research	main	912fb4b67419d69c8c7d805b7fd2fcadd26e9a7a	archive-by-series/60-J2-65/J2-65-R20-artifacts.zip	912fb4b67419d69c8c7d805b7fd2fcadd26e9a7a	4173c244d3a8eec63668785ed0ae3e1695fbac91	ecdb54cc4139dbbb9a861b3aade3b139da34ce6302b714d1a92b07fd54d0eb36	b8960b091209b271e7f09c5443a1319b415df4d52b827e280b4045fad4097c99			research/archive/strict-layer-proof-research/archive-by-series/60-J2-65/J2-65-R20-artifacts.zip	ecdb54cc4139dbbb9a861b3aade3b139da34ce6302b714d1a92b07fd54d0eb36	b8960b091209b271e7f09c5443a1319b415df4d52b827e280b4045fad4097c99	archived	archive-by-series/60-J2-65/J2-65-R20-artifacts.zip	source-only	archive	Source-only bytes preserved once at the canonical target under the frozen archive boundary; original source path remains an alias. Kind is a navigation label based on file type, path, and title; it does not upgrade evidence.
dongxuelian2/strict-layer-proof-research	https://github.com/dongxuelian2/strict-layer-proof-research	main	912fb4b67419d69c8c7d805b7fd2fcadd26e9a7a	archive-by-series/60-J2-65/J2-65-R20-certificate.txt	912fb4b67419d69c8c7d805b7fd2fcadd26e9a7a	45e3eb9245b8a712d452c21996884868a2239dbb	e769e434577a0e0f53d107fdef71151cb81b2dcc989e3672707882d45e4b6bc8	d4f0c8cfe7ab1944e92e6528bb1ffac7ee25ded5b9062f701c2e5162955b48bb			research/archive/strict-layer-proof-research/archive-by-series/60-J2-65/J2-65-R20-certificate.txt	e769e434577a0e0f53d107fdef71151cb81b2dcc989e3672707882d45e4b6bc8	d4f0c8cfe7ab1944e92e6528bb1ffac7ee25ded5b9062f701c2e5162955b48bb	archived	archive-by-series/60-J2-65/J2-65-R20-certificate.txt	source-only	computation	Source-only bytes preserved once at the canonical target under the frozen archive boundary; original source path remains an alias. Kind is a navigation label based on file type, path, and title; it does not upgrade evidence.
dongxuelian2/strict-layer-proof-research	https://github.com/dongxuelian2/strict-layer-proof-research	main	912fb4b67419d69c8c7d805b7fd2fcadd26e9a7a	archive-by-series/60-J2-65/J2-65-R20-execution.log	912fb4b67419d69c8c7d805b7fd2fcadd26e9a7a	5f0d14fbfe2c7735b90ffa27fbd5d1d7105f516b	5436b6e2b4b65405fbd1c52459bd689e9887799f8af3b6ad452b12b44c06f854	a4ceb02373e9b10fbdf61f7852c798fb8eeb12f450bb1d7ad2263574e7e11986			research/archive/strict-layer-proof-research/archive-by-series/60-J2-65/J2-65-R20-execution.log	5436b6e2b4b65405fbd1c52459bd689e9887799f8af3b6ad452b12b44c06f854	a4ceb02373e9b10fbdf61f7852c798fb8eeb12f450bb1d7ad2263574e7e11986	archived	archive-by-series/60-J2-65/J2-65-R20-execution.log	source-only	computation	Source-only bytes preserved once at the canonical target under the frozen archive boundary; original source path remains an alias. Kind is a navigation label based on file type, path, and title; it does not upgrade evidence.
dongxuelian2/strict-layer-proof-research	https://github.com/dongxuelian2/strict-layer-proof-research	main	912fb4b67419d69c8c7d805b7fd2fcadd26e9a7a	archive-by-series/60-J2-65/J2-65-R3-2AdicTropical.py	912fb4b67419d69c8c7d805b7fd2fcadd26e9a7a	71b1db83d3829483ce0942f131728f173c9e8467	514c93c6fa69a6f4b34cd3d2fc4976f9839a2eb79a1c67fd566450a6921e121e	cf230861f5291c730f3677499d4bbb64836deaa0a9135273cc0e3f076772960e			research/archive/strict-layer-proof-research/archive-by-series/60-J2-65/J2-65-R3-2AdicTropical.py	514c93c6fa69a6f4b34cd3d2fc4976f9839a2eb79a1c67fd566450a6921e121e	cf230861f5291c730f3677499d4bbb64836deaa0a9135273cc0e3f076772960e	archived	archive-by-series/60-J2-65/J2-65-R3-2AdicTropical.py	source-only	computation	Source-only bytes preserved once at the canonical target under the frozen archive boundary; original source path remains an alias. Kind is a navigation label based on file type, path, and title; it does not upgrade evidence.
dongxuelian2/strict-layer-proof-research	https://github.com/dongxuelian2/strict-layer-proof-research	main	912fb4b67419d69c8c7d805b7fd2fcadd26e9a7a	archive-by-series/60-J2-65/J2-65-R3-5AdicTropical.py	912fb4b67419d69c8c7d805b7fd2fcadd26e9a7a	56ffadec509b04700ab90911e29e7640d7f65413	f74ec4f2e52a636b508a645d329f2e187683f6e5391e73fffff457c9279e3d48	5bb97d9e7adaecbc5e39ef6ffbd02f1b770955a589e31c642de2340a01122167			research/archive/strict-layer-proof-research/archive-by-series/60-J2-65/J2-65-R3-5AdicTropical.py	f74ec4f2e52a636b508a645d329f2e187683f6e5391e73fffff457c9279e3d48	5bb97d9e7adaecbc5e39ef6ffbd02f1b770955a589e31c642de2340a01122167	archived	archive-by-series/60-J2-65/J2-65-R3-5AdicTropical.py	source-only	computation	Source-only bytes preserved once at the canonical target under the frozen archive boundary; original source path remains an alias. Kind is a navigation label based on file type, path, and title; it does not upgrade evidence.
dongxuelian2/strict-layer-proof-research	https://github.com/dongxuelian2/strict-layer-proof-research	main	912fb4b67419d69c8c7d805b7fd2fcadd26e9a7a	archive-by-series/60-J2-65/J2-65-R3-ArchimedeanDominance.py	912fb4b67419d69c8c7d805b7fd2fcadd26e9a7a	354722203a9f259368b7d6050b35ef04bec9e1c0	943ac2532e4b874b5e11b2310341e2be72493314d0de5a3dfd9f60263d7b353d	801fb325bc50c77e52bcec859c533d3785087160f124dd2d59458b2a1fb72ee9			research/archive/strict-layer-proof-research/archive-by-series/60-J2-65/J2-65-R3-ArchimedeanDominance.py	943ac2532e4b874b5e11b2310341e2be72493314d0de5a3dfd9f60263d7b353d	801fb325bc50c77e52bcec859c533d3785087160f124dd2d59458b2a1fb72ee9	archived	archive-by-series/60-J2-65/J2-65-R3-ArchimedeanDominance.py	source-only	computation	Source-only bytes preserved once at the canonical target under the frozen archive boundary; original source path remains an alias. Kind is a navigation label based on file type, path, and title; it does not upgrade evidence.
dongxuelian2/strict-layer-proof-research	https://github.com/dongxuelian2/strict-layer-proof-research	main	912fb4b67419d69c8c7d805b7fd2fcadd26e9a7a	archive-by-series/60-J2-65/J2-65-R3-AugmentedNewton.py	912fb4b67419d69c8c7d805b7fd2fcadd26e9a7a	e3ef03132880b848a2ea3cfbdab3858b2c1184d1	8c6c3956cbf20d11553bcbd0f0d513f03c8367cdf32b45c470bdb94ddfa1ff77	8a701dab54b4f3eae78a7cf22510da0f4feda1d33c16eb37c93676b3b30481ee			research/archive/strict-layer-proof-research/archive-by-series/60-J2-65/J2-65-R3-AugmentedNewton.py	8c6c3956cbf20d11553bcbd0f0d513f03c8367cdf32b45c470bdb94ddfa1ff77	8a701dab54b4f3eae78a7cf22510da0f4feda1d33c16eb37c93676b3b30481ee	archived	archive-by-series/60-J2-65/J2-65-R3-AugmentedNewton.py	source-only	computation	Source-only bytes preserved once at the canonical target under the frozen archive boundary; original source path remains an alias. Kind is a navigation label based on file type, path, and title; it does not upgrade evidence.
dongxuelian2/strict-layer-proof-research	https://github.com/dongxuelian2/strict-layer-proof-research	main	912fb4b67419d69c8c7d805b7fd2fcadd26e9a7a	archive-by-series/60-J2-65/J2-65-R3-DegeneracyAudit.py	912fb4b67419d69c8c7d805b7fd2fcadd26e9a7a	6a8da8e6bdc1a15e807c38ec8aedd720a2fbe7cf	8470037a17187433bfc0e42bc1dfb3eaec845dc5b726af442bbdb6bdcd226cd7	e3e13bab96683e9b01c3a192dc78139669e0d3b234806ae09c548117a5d6f2a9			research/archive/strict-layer-proof-research/archive-by-series/60-J2-65/J2-65-R3-DegeneracyAudit.py	8470037a17187433bfc0e42bc1dfb3eaec845dc5b726af442bbdb6bdcd226cd7	e3e13bab96683e9b01c3a192dc78139669e0d3b234806ae09c548117a5d6f2a9	archived	archive-by-series/60-J2-65/J2-65-R3-DegeneracyAudit.py	source-only	computation	Source-only bytes preserved once at the canonical target under the frozen archive boundary; original source path remains an alias. Kind is a navigation label based on file type, path, and title; it does not upgrade evidence.
dongxuelian2/strict-layer-proof-research	https://github.com/dongxuelian2/strict-layer-proof-research	main	912fb4b67419d69c8c7d805b7fd2fcadd26e9a7a	archive-by-series/60-J2-65/J2-65-R3-SHA256SUMS.txt	912fb4b67419d69c8c7d805b7fd2fcadd26e9a7a	9ff677a2ba8cb3bcbfd2211a18c7b937ae92e78a	70a7a1d846b62ef427ae5e2f95f7dde5ac6a1e5b2f7632908ee339cd9845b317	86b464aed50e2ab4c19d4215607f77a79aebe91f24a54d8a276df66ecaae9736			research/archive/strict-layer-proof-research/archive-by-series/60-J2-65/J2-65-R3-SHA256SUMS.txt	70a7a1d846b62ef427ae5e2f95f7dde5ac6a1e5b2f7632908ee339cd9845b317	86b464aed50e2ab4c19d4215607f77a79aebe91f24a54d8a276df66ecaae9736	archived	archive-by-series/60-J2-65/J2-65-R3-SHA256SUMS.txt	source-only	computation	Source-only bytes preserved once at the canonical target under the frozen archive boundary; original source path remains an alias. Kind is a navigation label based on file type, path, and title; it does not upgrade evidence.
dongxuelian2/strict-layer-proof-research	https://github.com/dongxuelian2/strict-layer-proof-research	main	912fb4b67419d69c8c7d805b7fd2fcadd26e9a7a	archive-by-series/60-J2-65/J2-65-R3-ThreePlace-Tropical-Collision-Report.md	912fb4b67419d69c8c7d805b7fd2fcadd26e9a7a	bd3414a8e5497caee0a2507f0f397ee3f7351b05	078b7e2f94417c542d7e9d397efea3a0cd4a2d516a29299a1b4677f6fcd809b2	310fafc0e4adbd6a421dbd8440040ec2783df6050c9dd5845f1a221b997d3600	research/strict/campaigns/J2-65/J2-65-R3-ThreePlace-Tropical-Collision-Report.md	310fafc0e4adbd6a421dbd8440040ec2783df6050c9dd5845f1a221b997d3600	research/a1/j2/records/threeplace-tropical-collision.md	078b7e2f94417c542d7e9d397efea3a0cd4a2d516a29299a1b4677f6fcd809b2	310fafc0e4adbd6a421dbd8440040ec2783df6050c9dd5845f1a221b997d3600	canonical	archive-by-series/60-J2-65/J2-65-R3-ThreePlace-Tropical-Collision-Report.md	exact-duplicate	attempt	Exact byte duplicate of the canonical target; this source path is retained as provenance and no second canonical copy is created. Kind is a navigation label based on file type, path, and title; it does not upgrade evidence.
dongxuelian2/strict-layer-proof-research	https://github.com/dongxuelian2/strict-layer-proof-research	main	912fb4b67419d69c8c7d805b7fd2fcadd26e9a7a	archive-by-series/60-J2-65/J2-65-R3-ThreePlaceIntersection.py	912fb4b67419d69c8c7d805b7fd2fcadd26e9a7a	7413ee2b5b6e65dd3ccb9dbede3ddee64072ca3d	f6c3b5299d4e259674c70ac1e99058b8f5d283b3aaf8900069d717028eacbc34	46ee8c46dce8313de04a5c3ac10dedaf66067f70d848264871feaef54056ff0e			research/archive/strict-layer-proof-research/archive-by-series/60-J2-65/J2-65-R3-ThreePlaceIntersection.py	f6c3b5299d4e259674c70ac1e99058b8f5d283b3aaf8900069d717028eacbc34	46ee8c46dce8313de04a5c3ac10dedaf66067f70d848264871feaef54056ff0e	archived	archive-by-series/60-J2-65/J2-65-R3-ThreePlaceIntersection.py	source-only	computation	Source-only bytes preserved once at the canonical target under the frozen archive boundary; original source path remains an alias. Kind is a navigation label based on file type, path, and title; it does not upgrade evidence.
dongxuelian2/strict-layer-proof-research	https://github.com/dongxuelian2/strict-layer-proof-research	main	912fb4b67419d69c8c7d805b7fd2fcadd26e9a7a	archive-by-series/60-J2-65/J2-65-R3-artifacts.zip	912fb4b67419d69c8c7d805b7fd2fcadd26e9a7a	9d458dc1f668f80b52f6fd2643d1f2f78ddf0d47	e3dd6957375d3c3c73c96b377cca0a3133af94aa5e28b49c68fdb53c146f333f	4550f24fad70e466a8e8f2e0af7ac0bb23343ed4fe230e126c1df79932dfaeaa			research/archive/strict-layer-proof-research/archive-by-series/60-J2-65/J2-65-R3-artifacts.zip	e3dd6957375d3c3c73c96b377cca0a3133af94aa5e28b49c68fdb53c146f333f	4550f24fad70e466a8e8f2e0af7ac0bb23343ed4fe230e126c1df79932dfaeaa	archived	archive-by-series/60-J2-65/J2-65-R3-artifacts.zip	source-only	archive	Source-only bytes preserved once at the canonical target under the frozen archive boundary; original source path remains an alias. Kind is a navigation label based on file type, path, and title; it does not upgrade evidence.
dongxuelian2/strict-layer-proof-research	https://github.com/dongxuelian2/strict-layer-proof-research	main	912fb4b67419d69c8c7d805b7fd2fcadd26e9a7a	archive-by-series/60-J2-65/J2-65-R3-certificate.txt	912fb4b67419d69c8c7d805b7fd2fcadd26e9a7a	c54855f6f6f14ed1800df24b4b80b9114d707f70	5a08f21e3e6b033cfd3300056f1dbb38837ab886eef2ebb49ed50c687d27203c	3e64a3723c7f88f4ae723dfc9dafbe8d1d3c1ac9b0fec2819cc6fbf79a69fafc			research/archive/strict-layer-proof-research/archive-by-series/60-J2-65/J2-65-R3-certificate.txt	5a08f21e3e6b033cfd3300056f1dbb38837ab886eef2ebb49ed50c687d27203c	3e64a3723c7f88f4ae723dfc9dafbe8d1d3c1ac9b0fec2819cc6fbf79a69fafc	archived	archive-by-series/60-J2-65/J2-65-R3-certificate.txt	source-only	computation	Source-only bytes preserved once at the canonical target under the frozen archive boundary; original source path remains an alias. Kind is a navigation label based on file type, path, and title; it does not upgrade evidence.
dongxuelian2/strict-layer-proof-research	https://github.com/dongxuelian2/strict-layer-proof-research	main	912fb4b67419d69c8c7d805b7fd2fcadd26e9a7a	archive-by-series/60-J2-65/J2-65-R3-execution.log	912fb4b67419d69c8c7d805b7fd2fcadd26e9a7a	7d0f057f3acbf0cdfe2e3fe60433ca3831957c5d	b3672ce68a539ae9ead7604551ba89b458e4b90d17b9036b5ff2644c121a2423	ca4f06bf3720ed328e658d08751d3fc6d611860242809e387463ae1f692af38d			research/archive/strict-layer-proof-research/archive-by-series/60-J2-65/J2-65-R3-execution.log	b3672ce68a539ae9ead7604551ba89b458e4b90d17b9036b5ff2644c121a2423	ca4f06bf3720ed328e658d08751d3fc6d611860242809e387463ae1f692af38d	archived	archive-by-series/60-J2-65/J2-65-R3-execution.log	source-only	computation	Source-only bytes preserved once at the canonical target under the frozen archive boundary; original source path remains an alias. Kind is a navigation label based on file type, path, and title; it does not upgrade evidence.
dongxuelian2/strict-layer-proof-research	https://github.com/dongxuelian2/strict-layer-proof-research	main	912fb4b67419d69c8c7d805b7fd2fcadd26e9a7a	archive-by-series/60-J2-65/J2-65-R4-Additive-Bracket-Complex-Report.md	912fb4b67419d69c8c7d805b7fd2fcadd26e9a7a	bb257d2f877cb5e66c1e8cda72e28912f725e1dc	0954d88157d9192177523984e4521e12ce6ab667d7fc53ae541fcb6bd42686db	cb74faecd92b7ccd199f67fcff3618e8215b165ce4d82bb25b5fca6a7dc98759	research/strict/campaigns/J2-65/J2-65-R4-Additive-Bracket-Complex-Report.md	cb74faecd92b7ccd199f67fcff3618e8215b165ce4d82bb25b5fca6a7dc98759	research/a1/j2/records/additive-bracket-complex.md	0954d88157d9192177523984e4521e12ce6ab667d7fc53ae541fcb6bd42686db	cb74faecd92b7ccd199f67fcff3618e8215b165ce4d82bb25b5fca6a7dc98759	canonical	archive-by-series/60-J2-65/J2-65-R4-Additive-Bracket-Complex-Report.md	exact-duplicate	attempt	Exact byte duplicate of the canonical target; this source path is retained as provenance and no second canonical copy is created. Kind is a navigation label based on file type, path, and title; it does not upgrade evidence.
dongxuelian2/strict-layer-proof-research	https://github.com/dongxuelian2/strict-layer-proof-research	main	912fb4b67419d69c8c7d805b7fd2fcadd26e9a7a	archive-by-series/60-J2-65/J2-65-R4-artifacts.zip	912fb4b67419d69c8c7d805b7fd2fcadd26e9a7a	037dd32788f666d94715210c21e9b7eff6de5f43	6639aa3f1a7382042656d7b2bdc196ffaea5687f37a0bca563a827f811a3b513	6d17524036206a8baae6333e30036f534062fec7ea01c14951ce40cc05fcc609			research/archive/strict-layer-proof-research/archive-by-series/60-J2-65/J2-65-R4-artifacts.zip	6639aa3f1a7382042656d7b2bdc196ffaea5687f37a0bca563a827f811a3b513	6d17524036206a8baae6333e30036f534062fec7ea01c14951ce40cc05fcc609	archived	archive-by-series/60-J2-65/J2-65-R4-artifacts.zip	source-only	archive	Source-only bytes preserved once at the canonical target under the frozen archive boundary; original source path remains an alias. Kind is a navigation label based on file type, path, and title; it does not upgrade evidence.
dongxuelian2/strict-layer-proof-research	https://github.com/dongxuelian2/strict-layer-proof-research	main	912fb4b67419d69c8c7d805b7fd2fcadd26e9a7a	archive-by-series/60-J2-65/J2-65-R4-certificate.txt	912fb4b67419d69c8c7d805b7fd2fcadd26e9a7a	2f2e89603a2688feeb9fedacb287d48cedce9fd4	418f61bd34a447eb5af8167960c3497450fe3b18f20ceeb3a42a766980da5a6a	5f2be41f4cd82d7ab49c454b33a8d8391abd3a2bedc5b732f8f08325bea10a7a			research/archive/strict-layer-proof-research/archive-by-series/60-J2-65/J2-65-R4-certificate.txt	418f61bd34a447eb5af8167960c3497450fe3b18f20ceeb3a42a766980da5a6a	5f2be41f4cd82d7ab49c454b33a8d8391abd3a2bedc5b732f8f08325bea10a7a	archived	archive-by-series/60-J2-65/J2-65-R4-certificate.txt	source-only	computation	Source-only bytes preserved once at the canonical target under the frozen archive boundary; original source path remains an alias. Kind is a navigation label based on file type, path, and title; it does not upgrade evidence.
dongxuelian2/strict-layer-proof-research	https://github.com/dongxuelian2/strict-layer-proof-research	main	912fb4b67419d69c8c7d805b7fd2fcadd26e9a7a	archive-by-series/60-J2-65/J2-65-R4-execution.log	912fb4b67419d69c8c7d805b7fd2fcadd26e9a7a	d2bc76616eb8f9ec471669ec13f97a9667f673b5	42469d27cdbd235a0107ce0000751163f4a9cc0b2304ba5c1880ecd0ae29bda3	eaa25a6136035f2acd5c55207952f31dadd0a933e94334007415501badfab5c6			research/archive/strict-layer-proof-research/archive-by-series/60-J2-65/J2-65-R4-execution.log	42469d27cdbd235a0107ce0000751163f4a9cc0b2304ba5c1880ecd0ae29bda3	eaa25a6136035f2acd5c55207952f31dadd0a933e94334007415501badfab5c6	archived	archive-by-series/60-J2-65/J2-65-R4-execution.log	source-only	computation	Source-only bytes preserved once at the canonical target under the frozen archive boundary; original source path remains an alias. Kind is a navigation label based on file type, path, and title; it does not upgrade evidence.
dongxuelian2/strict-layer-proof-research	https://github.com/dongxuelian2/strict-layer-proof-research	main	912fb4b67419d69c8c7d805b7fd2fcadd26e9a7a	archive-by-series/60-J2-65/J2-65-R5-AdelicPinning.py	912fb4b67419d69c8c7d805b7fd2fcadd26e9a7a	6944de22f6303bd10a220706a3ed8f43ba4da581	969bf7e7f3b95a06c374cdcc2282398bd2fb6340acf7617ae43c21874a62b280	4ae57b2016dd9919e5ae1c2c5c9813b41b4796c465fd65dd35d3ed6248480bb8			research/archive/strict-layer-proof-research/archive-by-series/60-J2-65/J2-65-R5-AdelicPinning.py	969bf7e7f3b95a06c374cdcc2282398bd2fb6340acf7617ae43c21874a62b280	4ae57b2016dd9919e5ae1c2c5c9813b41b4796c465fd65dd35d3ed6248480bb8	archived	archive-by-series/60-J2-65/J2-65-R5-AdelicPinning.py	source-only	computation	Source-only bytes preserved once at the canonical target under the frozen archive boundary; original source path remains an alias. Kind is a navigation label based on file type, path, and title; it does not upgrade evidence.
dongxuelian2/strict-layer-proof-research	https://github.com/dongxuelian2/strict-layer-proof-research	main	912fb4b67419d69c8c7d805b7fd2fcadd26e9a7a	archive-by-series/60-J2-65/J2-65-R5-CellRefinement.py	912fb4b67419d69c8c7d805b7fd2fcadd26e9a7a	58ff8cd57b78a839c022fbde4347b9aee0b92d23	9de7852ae2aeddaef102e68f780b51b7044b6b70669461e6fc07946c0c9b0e6f	10e4efc0639a28d0ade2b903d6a843a3e85f879030981f267e2d43ea3198a816			research/archive/strict-layer-proof-research/archive-by-series/60-J2-65/J2-65-R5-CellRefinement.py	9de7852ae2aeddaef102e68f780b51b7044b6b70669461e6fc07946c0c9b0e6f	10e4efc0639a28d0ade2b903d6a843a3e85f879030981f267e2d43ea3198a816	archived	archive-by-series/60-J2-65/J2-65-R5-CellRefinement.py	source-only	computation	Source-only bytes preserved once at the canonical target under the frozen archive boundary; original source path remains an alias. Kind is a navigation label based on file type, path, and title; it does not upgrade evidence.
dongxuelian2/strict-layer-proof-research	https://github.com/dongxuelian2/strict-layer-proof-research	main	912fb4b67419d69c8c7d805b7fd2fcadd26e9a7a	archive-by-series/60-J2-65/J2-65-R5-Cyclotomic-Reciprocal-Tube-Report.md	912fb4b67419d69c8c7d805b7fd2fcadd26e9a7a	5d4a466bdace3526867b4ddd1d3ab4283b67f679	e68a24c460e9d651dd3963d1dbe129801b65a07bbed468a6a75f2ce073a4af14	7c2c739201a14b9b3059b3186b2c558edfb54a29c1baf8085c8a2790217ae407	research/strict/campaigns/J2-65/J2-65-R5-Cyclotomic-Reciprocal-Tube-Report.md	7c2c739201a14b9b3059b3186b2c558edfb54a29c1baf8085c8a2790217ae407	research/a1/j2/records/cyclotomic-reciprocal-tube.md	e68a24c460e9d651dd3963d1dbe129801b65a07bbed468a6a75f2ce073a4af14	7c2c739201a14b9b3059b3186b2c558edfb54a29c1baf8085c8a2790217ae407	canonical	archive-by-series/60-J2-65/J2-65-R5-Cyclotomic-Reciprocal-Tube-Report.md	exact-duplicate	attempt	Exact byte duplicate of the canonical target; this source path is retained as provenance and no second canonical copy is created. Kind is a navigation label based on file type, path, and title; it does not upgrade evidence.
dongxuelian2/strict-layer-proof-research	https://github.com/dongxuelian2/strict-layer-proof-research	main	912fb4b67419d69c8c7d805b7fd2fcadd26e9a7a	archive-by-series/60-J2-65/J2-65-R5-CyclotomicComplement.py	912fb4b67419d69c8c7d805b7fd2fcadd26e9a7a	0458b836a09d3dbda379ec8723d613bf49a99972	f81c7eccf9c39e98427309fd6a28014523188ef93c7a1c59a23f299479cb2c3f	39943e2f07bf26cbcdfb1715312d0be800a931f9c808a092f84a5c03317984a7			research/archive/strict-layer-proof-research/archive-by-series/60-J2-65/J2-65-R5-CyclotomicComplement.py	f81c7eccf9c39e98427309fd6a28014523188ef93c7a1c59a23f299479cb2c3f	39943e2f07bf26cbcdfb1715312d0be800a931f9c808a092f84a5c03317984a7	archived	archive-by-series/60-J2-65/J2-65-R5-CyclotomicComplement.py	source-only	computation	Source-only bytes preserved once at the canonical target under the frozen archive boundary; original source path remains an alias. Kind is a navigation label based on file type, path, and title; it does not upgrade evidence.
dongxuelian2/strict-layer-proof-research	https://github.com/dongxuelian2/strict-layer-proof-research	main	912fb4b67419d69c8c7d805b7fd2fcadd26e9a7a	archive-by-series/60-J2-65/J2-65-R5-InternalDisjunctions.py	912fb4b67419d69c8c7d805b7fd2fcadd26e9a7a	e9382710ee5ccb48f5f00a8a3002da0601919d19	4f93f804042a7acdc788bb9fbdaa8deaffef10ca8fa99d040cb5e3dea7aaeff7	fddcd847977c0c2afc0188018e99c512017e06740f4182630b0f3b93bed381d6			research/archive/strict-layer-proof-research/archive-by-series/60-J2-65/J2-65-R5-InternalDisjunctions.py	4f93f804042a7acdc788bb9fbdaa8deaffef10ca8fa99d040cb5e3dea7aaeff7	fddcd847977c0c2afc0188018e99c512017e06740f4182630b0f3b93bed381d6	archived	archive-by-series/60-J2-65/J2-65-R5-InternalDisjunctions.py	source-only	computation	Source-only bytes preserved once at the canonical target under the frozen archive boundary; original source path remains an alias. Kind is a navigation label based on file type, path, and title; it does not upgrade evidence.
dongxuelian2/strict-layer-proof-research	https://github.com/dongxuelian2/strict-layer-proof-research	main	912fb4b67419d69c8c7d805b7fd2fcadd26e9a7a	archive-by-series/60-J2-65/J2-65-R5-ReciprocalTube.py	912fb4b67419d69c8c7d805b7fd2fcadd26e9a7a	f30d2c250936ea7f90216cbdb095234d82564743	5ad293f70ef6b18774dbb9d96a83fb0eb2f95d99f5b3bd92d21310de174da0fb	eb7f53993ffa955be28a334c8cbb16cd40d09098a4a4fa441b75a60e7622a5b6			research/archive/strict-layer-proof-research/archive-by-series/60-J2-65/J2-65-R5-ReciprocalTube.py	5ad293f70ef6b18774dbb9d96a83fb0eb2f95d99f5b3bd92d21310de174da0fb	eb7f53993ffa955be28a334c8cbb16cd40d09098a4a4fa441b75a60e7622a5b6	archived	archive-by-series/60-J2-65/J2-65-R5-ReciprocalTube.py	source-only	computation	Source-only bytes preserved once at the canonical target under the frozen archive boundary; original source path remains an alias. Kind is a navigation label based on file type, path, and title; it does not upgrade evidence.
dongxuelian2/strict-layer-proof-research	https://github.com/dongxuelian2/strict-layer-proof-research	main	912fb4b67419d69c8c7d805b7fd2fcadd26e9a7a	archive-by-series/60-J2-65/J2-65-R5-TubeDepthCeilings.py	912fb4b67419d69c8c7d805b7fd2fcadd26e9a7a	2264c26bcddc73ab4bfd2e71cd63344c02ee3ad7	8b6e29faf2616135158b33b54b22e165cb0b23c18fd08bb7cbb823c757e4a682	cec9c20857a5c00aaad00c9eedc62995cccf0d2de5764a4861438131b512b425			research/archive/strict-layer-proof-research/archive-by-series/60-J2-65/J2-65-R5-TubeDepthCeilings.py	8b6e29faf2616135158b33b54b22e165cb0b23c18fd08bb7cbb823c757e4a682	cec9c20857a5c00aaad00c9eedc62995cccf0d2de5764a4861438131b512b425	archived	archive-by-series/60-J2-65/J2-65-R5-TubeDepthCeilings.py	source-only	computation	Source-only bytes preserved once at the canonical target under the frozen archive boundary; original source path remains an alias. Kind is a navigation label based on file type, path, and title; it does not upgrade evidence.
dongxuelian2/strict-layer-proof-research	https://github.com/dongxuelian2/strict-layer-proof-research	main	912fb4b67419d69c8c7d805b7fd2fcadd26e9a7a	archive-by-series/60-J2-65/J2-65-R5-artifacts.zip	912fb4b67419d69c8c7d805b7fd2fcadd26e9a7a	1e63964f5bbe5ea985ec32beaa81fc7b3648e3f2	8f405ce1d968eefbe731f06c5d747dcfa84e731aa1704dfd8a10f935fbae29a3	4f3ca3e490e79b3572854190a097b815ddcfa35ff322dc497f1f66ba6faa3276			research/archive/strict-layer-proof-research/archive-by-series/60-J2-65/J2-65-R5-artifacts.zip	8f405ce1d968eefbe731f06c5d747dcfa84e731aa1704dfd8a10f935fbae29a3	4f3ca3e490e79b3572854190a097b815ddcfa35ff322dc497f1f66ba6faa3276	archived	archive-by-series/60-J2-65/J2-65-R5-artifacts.zip	source-only	archive	Source-only bytes preserved once at the canonical target under the frozen archive boundary; original source path remains an alias. Kind is a navigation label based on file type, path, and title; it does not upgrade evidence.
dongxuelian2/strict-layer-proof-research	https://github.com/dongxuelian2/strict-layer-proof-research	main	912fb4b67419d69c8c7d805b7fd2fcadd26e9a7a	archive-by-series/60-J2-65/J2-65-R5-certificate.txt	912fb4b67419d69c8c7d805b7fd2fcadd26e9a7a	2ee86bcab397deec7c037ef54ae793822c3aff45	4e6a1bbe5144c9ab4963bf284650118584ae06200f9d3daeae82507c2c9cae24	170d54cf53c135a1ef5660fd08ff48b99a6b040984de94adea59a4b998e5552c			research/archive/strict-layer-proof-research/archive-by-series/60-J2-65/J2-65-R5-certificate.txt	4e6a1bbe5144c9ab4963bf284650118584ae06200f9d3daeae82507c2c9cae24	170d54cf53c135a1ef5660fd08ff48b99a6b040984de94adea59a4b998e5552c	archived	archive-by-series/60-J2-65/J2-65-R5-certificate.txt	source-only	computation	Source-only bytes preserved once at the canonical target under the frozen archive boundary; original source path remains an alias. Kind is a navigation label based on file type, path, and title; it does not upgrade evidence.
dongxuelian2/strict-layer-proof-research	https://github.com/dongxuelian2/strict-layer-proof-research	main	912fb4b67419d69c8c7d805b7fd2fcadd26e9a7a	archive-by-series/60-J2-65/J2-65-R5-execution.log	912fb4b67419d69c8c7d805b7fd2fcadd26e9a7a	a8a46a02fd2c02d5b2e76e632d780487406bba4b	ffa30b29ae3e2915ba5ab26984b430173236af35c73c642ca92867325bac2996	34c9abbcf316d4c541a8ad8e645c97062986430b2eb879fd16373f42e7906f56			research/archive/strict-layer-proof-research/archive-by-series/60-J2-65/J2-65-R5-execution.log	ffa30b29ae3e2915ba5ab26984b430173236af35c73c642ca92867325bac2996	34c9abbcf316d4c541a8ad8e645c97062986430b2eb879fd16373f42e7906f56	archived	archive-by-series/60-J2-65/J2-65-R5-execution.log	source-only	computation	Source-only bytes preserved once at the canonical target under the frozen archive boundary; original source path remains an alias. Kind is a navigation label based on file type, path, and title; it does not upgrade evidence.
dongxuelian2/strict-layer-proof-research	https://github.com/dongxuelian2/strict-layer-proof-research	main	912fb4b67419d69c8c7d805b7fd2fcadd26e9a7a	archive-by-series/60-J2-65/J2-65-R6-RowResultant-factorized.txt	912fb4b67419d69c8c7d805b7fd2fcadd26e9a7a	96390d9676e2450faf347a57520eb9cee754d766	45c48e00b5b1cd9bc0b862d6dd236018072382f9bd95f8e2b72c06fbad71e746	935cbde0ae7ac10714a1775357c6ec0716c3eae196a06c853ca3402e1ee39ca7			research/archive/strict-layer-proof-research/archive-by-series/60-J2-65/J2-65-R6-RowResultant-factorized.txt	45c48e00b5b1cd9bc0b862d6dd236018072382f9bd95f8e2b72c06fbad71e746	935cbde0ae7ac10714a1775357c6ec0716c3eae196a06c853ca3402e1ee39ca7	archived	archive-by-series/60-J2-65/J2-65-R6-RowResultant-factorized.txt	source-only	computation	Source-only bytes preserved once at the canonical target under the frozen archive boundary; original source path remains an alias. Kind is a navigation label based on file type, path, and title; it does not upgrade evidence.
dongxuelian2/strict-layer-proof-research	https://github.com/dongxuelian2/strict-layer-proof-research	main	912fb4b67419d69c8c7d805b7fd2fcadd26e9a7a	archive-by-series/60-J2-65/J2-65-R6-TwoRow-Master-Resultant-Report.md	912fb4b67419d69c8c7d805b7fd2fcadd26e9a7a	87d2030b7c6c0ad7288208ba83493efbde95daf1	6cb3b63e03697e0af1ecc57d1509357fe67c54bbeeeb466ca213d08b9b740456	cf1e1200a9de55524ed37c9ec643cf5489b6391d26baa082da839743e68c1230	research/strict/campaigns/J2-65/J2-65-R6-TwoRow-Master-Resultant-Report.md	cf1e1200a9de55524ed37c9ec643cf5489b6391d26baa082da839743e68c1230	research/a1/j2/records/tworow-master-resultant.md	6cb3b63e03697e0af1ecc57d1509357fe67c54bbeeeb466ca213d08b9b740456	cf1e1200a9de55524ed37c9ec643cf5489b6391d26baa082da839743e68c1230	canonical	archive-by-series/60-J2-65/J2-65-R6-TwoRow-Master-Resultant-Report.md	exact-duplicate	attempt	Exact byte duplicate of the canonical target; this source path is retained as provenance and no second canonical copy is created. Kind is a navigation label based on file type, path, and title; it does not upgrade evidence.
dongxuelian2/strict-layer-proof-research	https://github.com/dongxuelian2/strict-layer-proof-research	main	912fb4b67419d69c8c7d805b7fd2fcadd26e9a7a	archive-by-series/60-J2-65/J2-65-R6-artifacts.zip	912fb4b67419d69c8c7d805b7fd2fcadd26e9a7a	6ae5f35facb5810e0c265f78472d0a03533cb6d3	d2e6857648ab610e5c3fbd3e33eb431158b696c601136f3dd1af2075ed3d20ae	878f3561d467b154f6f44cc6778c6a179d6b7804c1a71bcb52d478203fcb4078			research/archive/strict-layer-proof-research/archive-by-series/60-J2-65/J2-65-R6-artifacts.zip	d2e6857648ab610e5c3fbd3e33eb431158b696c601136f3dd1af2075ed3d20ae	878f3561d467b154f6f44cc6778c6a179d6b7804c1a71bcb52d478203fcb4078	archived	archive-by-series/60-J2-65/J2-65-R6-artifacts.zip	source-only	archive	Source-only bytes preserved once at the canonical target under the frozen archive boundary; original source path remains an alias. Kind is a navigation label based on file type, path, and title; it does not upgrade evidence.
dongxuelian2/strict-layer-proof-research	https://github.com/dongxuelian2/strict-layer-proof-research	main	912fb4b67419d69c8c7d805b7fd2fcadd26e9a7a	archive-by-series/60-J2-65/J2-65-R6-certificate.txt	912fb4b67419d69c8c7d805b7fd2fcadd26e9a7a	c568ea369d12d5f52c3ad2dd2c3fee669cacf1d0	87e7ae3058cc9ab5f1dc961c737024f45fd6c685e3e1b4eb7757708efcdbc279	d99724ac107c45e7bb6e01c91b497a29e21f3eb6095a247265f68aa014768328			research/archive/strict-layer-proof-research/archive-by-series/60-J2-65/J2-65-R6-certificate.txt	87e7ae3058cc9ab5f1dc961c737024f45fd6c685e3e1b4eb7757708efcdbc279	d99724ac107c45e7bb6e01c91b497a29e21f3eb6095a247265f68aa014768328	archived	archive-by-series/60-J2-65/J2-65-R6-certificate.txt	source-only	computation	Source-only bytes preserved once at the canonical target under the frozen archive boundary; original source path remains an alias. Kind is a navigation label based on file type, path, and title; it does not upgrade evidence.
dongxuelian2/strict-layer-proof-research	https://github.com/dongxuelian2/strict-layer-proof-research	main	912fb4b67419d69c8c7d805b7fd2fcadd26e9a7a	archive-by-series/60-J2-65/J2-65-R6-execution.log	912fb4b67419d69c8c7d805b7fd2fcadd26e9a7a	affd1dc638e3c75d62194f945e5405c7c3d486c3	32ba65da7189a8a5445b131fa43f0584ae4ea6030bce4708c72fddd2e73d79c5	f9fca8ce3dc53d0bfbb73d13996ad6c3c88feef4c2dd243a39383755814e6189			research/archive/strict-layer-proof-research/archive-by-series/60-J2-65/J2-65-R6-execution.log	32ba65da7189a8a5445b131fa43f0584ae4ea6030bce4708c72fddd2e73d79c5	f9fca8ce3dc53d0bfbb73d13996ad6c3c88feef4c2dd243a39383755814e6189	archived	archive-by-series/60-J2-65/J2-65-R6-execution.log	source-only	computation	Source-only bytes preserved once at the canonical target under the frozen archive boundary; original source path remains an alias. Kind is a navigation label based on file type, path, and title; it does not upgrade evidence.
dongxuelian2/strict-layer-proof-research	https://github.com/dongxuelian2/strict-layer-proof-research	main	912fb4b67419d69c8c7d805b7fd2fcadd26e9a7a	archive-by-series/60-J2-65/J2-65-R7-QuadraticMatrices.txt	912fb4b67419d69c8c7d805b7fd2fcadd26e9a7a	c5bc1f5221587534fb348df2337f3be65ad990b3	0aa8164d529add8cda89ccf285b7cb9cabecf1e8fc98250d8565dc8627e9b971	3bbf3ded6fd30bc60ee54fca4b45877963e3075b63976b6b9bf2d970c29336b1			research/archive/strict-layer-proof-research/archive-by-series/60-J2-65/J2-65-R7-QuadraticMatrices.txt	0aa8164d529add8cda89ccf285b7cb9cabecf1e8fc98250d8565dc8627e9b971	3bbf3ded6fd30bc60ee54fca4b45877963e3075b63976b6b9bf2d970c29336b1	archived	archive-by-series/60-J2-65/J2-65-R7-QuadraticMatrices.txt	source-only	computation	Source-only bytes preserved once at the canonical target under the frozen archive boundary; original source path remains an alias. Kind is a navigation label based on file type, path, and title; it does not upgrade evidence.
dongxuelian2/strict-layer-proof-research	https://github.com/dongxuelian2/strict-layer-proof-research	main	912fb4b67419d69c8c7d805b7fd2fcadd26e9a7a	archive-by-series/60-J2-65/J2-65-R7-Veronese-Conic-Pencil-Report.md	912fb4b67419d69c8c7d805b7fd2fcadd26e9a7a	d61ac98c13cc4051c5d57268953cfefbba983315	008ab3ef65758e521697fa37eddee58c8431b69a5964d384a73b063c8b7ce650	d6b8a087a599b4146f4ec13dc012fd0f9835d104a16def73ff00a34c064b7f44	research/strict/campaigns/J2-65/J2-65-R7-Veronese-Conic-Pencil-Report.md	d6b8a087a599b4146f4ec13dc012fd0f9835d104a16def73ff00a34c064b7f44	research/a1/j2/records/veronese-conic-pencil.md	008ab3ef65758e521697fa37eddee58c8431b69a5964d384a73b063c8b7ce650	d6b8a087a599b4146f4ec13dc012fd0f9835d104a16def73ff00a34c064b7f44	canonical	archive-by-series/60-J2-65/J2-65-R7-Veronese-Conic-Pencil-Report.md	exact-duplicate	attempt	Exact byte duplicate of the canonical target; this source path is retained as provenance and no second canonical copy is created. Kind is a navigation label based on file type, path, and title; it does not upgrade evidence.
dongxuelian2/strict-layer-proof-research	https://github.com/dongxuelian2/strict-layer-proof-research	main	912fb4b67419d69c8c7d805b7fd2fcadd26e9a7a	archive-by-series/60-J2-65/J2-65-R7-artifacts.zip	912fb4b67419d69c8c7d805b7fd2fcadd26e9a7a	ffba3f0b37f7292466b1d3edc973736c32a26885	346e3188468c92d31339ff74ffb9d29061efe3d0cda4f91906eb18f4739e8d9a	026ac069d69e15b1bd0447c6df48c6d8bcf01e65ccfa29f6ebed251519a6319d			research/archive/strict-layer-proof-research/archive-by-series/60-J2-65/J2-65-R7-artifacts.zip	346e3188468c92d31339ff74ffb9d29061efe3d0cda4f91906eb18f4739e8d9a	026ac069d69e15b1bd0447c6df48c6d8bcf01e65ccfa29f6ebed251519a6319d	archived	archive-by-series/60-J2-65/J2-65-R7-artifacts.zip	source-only	archive	Source-only bytes preserved once at the canonical target under the frozen archive boundary; original source path remains an alias. Kind is a navigation label based on file type, path, and title; it does not upgrade evidence.
dongxuelian2/strict-layer-proof-research	https://github.com/dongxuelian2/strict-layer-proof-research	main	912fb4b67419d69c8c7d805b7fd2fcadd26e9a7a	archive-by-series/60-J2-65/J2-65-R7-certificate.txt	912fb4b67419d69c8c7d805b7fd2fcadd26e9a7a	ca1f843359c2cc34078df70f66b2ba91fbf7dfd1	a913ad5c82f3c7c7e7b69590636a5fb83d9a5cfdc15f0423d0c222e81acfa5f6	f170b12cbc0c378e29fc66f440fe8030bcb755f4d135333ad3a49050582ed02a			research/archive/strict-layer-proof-research/archive-by-series/60-J2-65/J2-65-R7-certificate.txt	a913ad5c82f3c7c7e7b69590636a5fb83d9a5cfdc15f0423d0c222e81acfa5f6	f170b12cbc0c378e29fc66f440fe8030bcb755f4d135333ad3a49050582ed02a	archived	archive-by-series/60-J2-65/J2-65-R7-certificate.txt	source-only	computation	Source-only bytes preserved once at the canonical target under the frozen archive boundary; original source path remains an alias. Kind is a navigation label based on file type, path, and title; it does not upgrade evidence.
dongxuelian2/strict-layer-proof-research	https://github.com/dongxuelian2/strict-layer-proof-research	main	912fb4b67419d69c8c7d805b7fd2fcadd26e9a7a	archive-by-series/60-J2-65/J2-65-R7-execution.log	912fb4b67419d69c8c7d805b7fd2fcadd26e9a7a	cada63745c47178b664604749583c15a6ef7a3fb	c8871dd6efc4a556ca7b8e8c9008224651f05c3502d86f3ccd91af595024b711	28419727d1f73b449a4ad01219c7a3af455f11053202d95ff089cc475d08db88			research/archive/strict-layer-proof-research/archive-by-series/60-J2-65/J2-65-R7-execution.log	c8871dd6efc4a556ca7b8e8c9008224651f05c3502d86f3ccd91af595024b711	28419727d1f73b449a4ad01219c7a3af455f11053202d95ff089cc475d08db88	archived	archive-by-series/60-J2-65/J2-65-R7-execution.log	source-only	computation	Source-only bytes preserved once at the canonical target under the frozen archive boundary; original source path remains an alias. Kind is a navigation label based on file type, path, and title; it does not upgrade evidence.
dongxuelian2/strict-layer-proof-research	https://github.com/dongxuelian2/strict-layer-proof-research	main	912fb4b67419d69c8c7d805b7fd2fcadd26e9a7a	archive-by-series/60-J2-65/J2-65-R8-Norm-Brauer-Geometry-Report.md	912fb4b67419d69c8c7d805b7fd2fcadd26e9a7a	cd9bc13be3ed324c506a478e967913f6f764934e	8d9a623795e72967d693ee1c1e68c0a823bba0be8ffc463b32ac735c97dac192	e876b1bfe288fbff5a21a393a0eecde6738fc3cc8638bd1b9da7fe12613993c3	research/strict/campaigns/J2-65/J2-65-R8-Norm-Brauer-Geometry-Report.md	e876b1bfe288fbff5a21a393a0eecde6738fc3cc8638bd1b9da7fe12613993c3	research/a1/j2/records/norm-brauer-geometry.md	8d9a623795e72967d693ee1c1e68c0a823bba0be8ffc463b32ac735c97dac192	e876b1bfe288fbff5a21a393a0eecde6738fc3cc8638bd1b9da7fe12613993c3	canonical	archive-by-series/60-J2-65/J2-65-R8-Norm-Brauer-Geometry-Report.md	exact-duplicate	attempt	Exact byte duplicate of the canonical target; this source path is retained as provenance and no second canonical copy is created. Kind is a navigation label based on file type, path, and title; it does not upgrade evidence.
dongxuelian2/strict-layer-proof-research	https://github.com/dongxuelian2/strict-layer-proof-research	main	912fb4b67419d69c8c7d805b7fd2fcadd26e9a7a	archive-by-series/60-J2-65/J2-65-R8-NormForm.txt	912fb4b67419d69c8c7d805b7fd2fcadd26e9a7a	48c039dc8ace6172f6edf3a73d3eca28e491e812	4ebde9a542b32349dad4537b2c9fe7ea6ba137bda157caf7440050d4583be4ac	8fcf58f27ec67f01a8319d0de4ab647fa80e450f5d09979cb740d3fecf027965			research/archive/strict-layer-proof-research/archive-by-series/60-J2-65/J2-65-R8-NormForm.txt	4ebde9a542b32349dad4537b2c9fe7ea6ba137bda157caf7440050d4583be4ac	8fcf58f27ec67f01a8319d0de4ab647fa80e450f5d09979cb740d3fecf027965	archived	archive-by-series/60-J2-65/J2-65-R8-NormForm.txt	source-only	computation	Source-only bytes preserved once at the canonical target under the frozen archive boundary; original source path remains an alias. Kind is a navigation label based on file type, path, and title; it does not upgrade evidence.
dongxuelian2/strict-layer-proof-research	https://github.com/dongxuelian2/strict-layer-proof-research	main	912fb4b67419d69c8c7d805b7fd2fcadd26e9a7a	archive-by-series/60-J2-65/J2-65-R8-artifacts.zip	912fb4b67419d69c8c7d805b7fd2fcadd26e9a7a	cb68d57bf9d78fd0c21282e64f4c20ebe2b55d44	63e6d367199f48157d68bf8566a8671e0565f65f931eb9109978e7b9af07a1e3	301751eab8053d034f34aab52fc70b4ee144189a04d3edb0eb1de7b018a4dcf2			research/archive/strict-layer-proof-research/archive-by-series/60-J2-65/J2-65-R8-artifacts.zip	63e6d367199f48157d68bf8566a8671e0565f65f931eb9109978e7b9af07a1e3	301751eab8053d034f34aab52fc70b4ee144189a04d3edb0eb1de7b018a4dcf2	archived	archive-by-series/60-J2-65/J2-65-R8-artifacts.zip	source-only	archive	Source-only bytes preserved once at the canonical target under the frozen archive boundary; original source path remains an alias. Kind is a navigation label based on file type, path, and title; it does not upgrade evidence.
dongxuelian2/strict-layer-proof-research	https://github.com/dongxuelian2/strict-layer-proof-research	main	912fb4b67419d69c8c7d805b7fd2fcadd26e9a7a	archive-by-series/60-J2-65/J2-65-R8-certificate.txt	912fb4b67419d69c8c7d805b7fd2fcadd26e9a7a	473fc775eb03cdcc7e5b92b1405fcd264978b9d0	cb843beca8ef00c46876510b70547807c4ac11a6bc5744bddeeb85aff0e9e196	7e1cb19336a3a43bffb0cb7d303c931d105324469fbc2118f73a49996a9c4508			research/archive/strict-layer-proof-research/archive-by-series/60-J2-65/J2-65-R8-certificate.txt	cb843beca8ef00c46876510b70547807c4ac11a6bc5744bddeeb85aff0e9e196	7e1cb19336a3a43bffb0cb7d303c931d105324469fbc2118f73a49996a9c4508	archived	archive-by-series/60-J2-65/J2-65-R8-certificate.txt	source-only	computation	Source-only bytes preserved once at the canonical target under the frozen archive boundary; original source path remains an alias. Kind is a navigation label based on file type, path, and title; it does not upgrade evidence.
dongxuelian2/strict-layer-proof-research	https://github.com/dongxuelian2/strict-layer-proof-research	main	912fb4b67419d69c8c7d805b7fd2fcadd26e9a7a	archive-by-series/60-J2-65/J2-65-R9-Global-Verdict-Report.md	912fb4b67419d69c8c7d805b7fd2fcadd26e9a7a	ac9180dee53f20c43ed7fe060927ebac39b7a554	ac141c4a93f575bdc8acd459bcdec5a0b2cb66656eefb48f79ed0e587877be3a	aa236c4e39b87ad65c1c6562ab3cd671fd2b9beac92a349581270105f226d780	research/strict/campaigns/J2-65/J2-65-R9-Global-Verdict-Report.md	aa236c4e39b87ad65c1c6562ab3cd671fd2b9beac92a349581270105f226d780	research/a1/j2/records/global-verdict.md	ac141c4a93f575bdc8acd459bcdec5a0b2cb66656eefb48f79ed0e587877be3a	aa236c4e39b87ad65c1c6562ab3cd671fd2b9beac92a349581270105f226d780	canonical	archive-by-series/60-J2-65/J2-65-R9-Global-Verdict-Report.md	exact-duplicate	attempt	Exact byte duplicate of the canonical target; this source path is retained as provenance and no second canonical copy is created. Kind is a navigation label based on file type, path, and title; it does not upgrade evidence.
dongxuelian2/strict-layer-proof-research	https://github.com/dongxuelian2/strict-layer-proof-research	main	912fb4b67419d69c8c7d805b7fd2fcadd26e9a7a	archive-by-series/60-J2-65/J2-65-R9-SpecializedBrauer.py	912fb4b67419d69c8c7d805b7fd2fcadd26e9a7a	53ca81b1e8f4cde309ccb2434b4c791624a4c216	92664c75abc3f915273217e8657c7d44c7729becd9e4e870b208c3a7c9b9c580	22d5bbd2692e1ce04a638d0a6e92551023f83255b988627cf64b3a2a2ec7ab6c			research/archive/strict-layer-proof-research/archive-by-series/60-J2-65/J2-65-R9-SpecializedBrauer.py	92664c75abc3f915273217e8657c7d44c7729becd9e4e870b208c3a7c9b9c580	22d5bbd2692e1ce04a638d0a6e92551023f83255b988627cf64b3a2a2ec7ab6c	archived	archive-by-series/60-J2-65/J2-65-R9-SpecializedBrauer.py	source-only	computation	Source-only bytes preserved once at the canonical target under the frozen archive boundary; original source path remains an alias. Kind is a navigation label based on file type, path, and title; it does not upgrade evidence.
dongxuelian2/strict-layer-proof-research	https://github.com/dongxuelian2/strict-layer-proof-research	main	912fb4b67419d69c8c7d805b7fd2fcadd26e9a7a	archive-by-series/60-J2-65/J2-65-R9-artifacts.zip	912fb4b67419d69c8c7d805b7fd2fcadd26e9a7a	c8a330ae17dbe6f47b76a2923fa369bc4fd9a3d7	6a13b363343f96c89b7a2679660299b893eec9670bd14928c9c8a9b564c21779	05426918cf9f197e5105fd011b8aa1f84c537277948cb9f0592bad1dd69406de			research/archive/strict-layer-proof-research/archive-by-series/60-J2-65/J2-65-R9-artifacts.zip	6a13b363343f96c89b7a2679660299b893eec9670bd14928c9c8a9b564c21779	05426918cf9f197e5105fd011b8aa1f84c537277948cb9f0592bad1dd69406de	archived	archive-by-series/60-J2-65/J2-65-R9-artifacts.zip	source-only	archive	Source-only bytes preserved once at the canonical target under the frozen archive boundary; original source path remains an alias. Kind is a navigation label based on file type, path, and title; it does not upgrade evidence.
dongxuelian2/strict-layer-proof-research	https://github.com/dongxuelian2/strict-layer-proof-research	main	912fb4b67419d69c8c7d805b7fd2fcadd26e9a7a	archive-by-series/60-J2-65/J2-65-R9-certificate.txt	912fb4b67419d69c8c7d805b7fd2fcadd26e9a7a	e01178e686c615c72fde0347e9f012f0d2e69f3a	fbd29d69a2e0ad92d187895ab432f5f54e7dd439b74fe18c92c50839989a5095	e6a509f97d7627b4428c2ecba535b64e153d41d3c86d8216bbdc6de786d9903f			research/archive/strict-layer-proof-research/archive-by-series/60-J2-65/J2-65-R9-certificate.txt	fbd29d69a2e0ad92d187895ab432f5f54e7dd439b74fe18c92c50839989a5095	e6a509f97d7627b4428c2ecba535b64e153d41d3c86d8216bbdc6de786d9903f	archived	archive-by-series/60-J2-65/J2-65-R9-certificate.txt	source-only	computation	Source-only bytes preserved once at the canonical target under the frozen archive boundary; original source path remains an alias. Kind is a navigation label based on file type, path, and title; it does not upgrade evidence.
dongxuelian2/strict-layer-proof-research	https://github.com/dongxuelian2/strict-layer-proof-research	main	912fb4b67419d69c8c7d805b7fd2fcadd26e9a7a	archive-by-series/60-J2-65/J2-65-R9-execution.log	912fb4b67419d69c8c7d805b7fd2fcadd26e9a7a	31fffeaffc9a89ae3671c7d9a15c5460c6c9f52d	5c2b9c86cb6063fb4fe043bc8a342c8917f3872eae216ebcdcf17a4aaf2c33c6	e8102191162ddf213920992ffc438cb9c18332374a15fdd845b1e9355a381f35			research/archive/strict-layer-proof-research/archive-by-series/60-J2-65/J2-65-R9-execution.log	5c2b9c86cb6063fb4fe043bc8a342c8917f3872eae216ebcdcf17a4aaf2c33c6	e8102191162ddf213920992ffc438cb9c18332374a15fdd845b1e9355a381f35	archived	archive-by-series/60-J2-65/J2-65-R9-execution.log	source-only	computation	Source-only bytes preserved once at the canonical target under the frozen archive boundary; original source path remains an alias. Kind is a navigation label based on file type, path, and title; it does not upgrade evidence.
dongxuelian2/strict-layer-proof-research	https://github.com/dongxuelian2/strict-layer-proof-research	main	912fb4b67419d69c8c7d805b7fd2fcadd26e9a7a	archive-by-series/64-75-and-migration/75_R1_external_math_integration.zip	912fb4b67419d69c8c7d805b7fd2fcadd26e9a7a	98fa312ceadec2df364eafe7b8a3584d276b5e80	cd025926bc6d23983a4a69733df59e12b718241176bff60e09bbd1ffe170eb18	d816c958dd0519baa5e8ce968ca029d4963395704d3bb8de2a5b24157b478e01			research/archive/strict-layer-proof-research/archive-by-series/64-75-and-migration/75_R1_external_math_integration.zip	cd025926bc6d23983a4a69733df59e12b718241176bff60e09bbd1ffe170eb18	d816c958dd0519baa5e8ce968ca029d4963395704d3bb8de2a5b24157b478e01	archived	archive-by-series/64-75-and-migration/75_R1_external_math_integration.zip	source-only	archive	Source-only bytes preserved once at the canonical target under the frozen archive boundary; original source path remains an alias. Kind is a navigation label based on file type, path, and title; it does not upgrade evidence.
dongxuelian2/strict-layer-proof-research	https://github.com/dongxuelian2/strict-layer-proof-research	main	912fb4b67419d69c8c7d805b7fd2fcadd26e9a7a	archive-by-series/64-75-and-migration/75_R2_migration_bundle.zip	912fb4b67419d69c8c7d805b7fd2fcadd26e9a7a	a9e257b1db1974a1654b1509847bc21cbf325592	1ea5316db66880655401f770522a9ba77785fb322ae12669b4475320235114a1	79bb71726d847dce884575bebbc582d9c6d29b8779e01aea378d997f8e100f3d			research/archive/strict-layer-proof-research/archive-by-series/64-75-and-migration/75_R2_migration_bundle.zip	1ea5316db66880655401f770522a9ba77785fb322ae12669b4475320235114a1	79bb71726d847dce884575bebbc582d9c6d29b8779e01aea378d997f8e100f3d	archived	archive-by-series/64-75-and-migration/75_R2_migration_bundle.zip	source-only	archive	Source-only bytes preserved once at the canonical target under the frozen archive boundary; original source path remains an alias. Kind is a navigation label based on file type, path, and title; it does not upgrade evidence.
dongxuelian2/strict-layer-proof-research	https://github.com/dongxuelian2/strict-layer-proof-research	main	912fb4b67419d69c8c7d805b7fd2fcadd26e9a7a	archive-by-series/64-75-and-migration/75_R3_artifacts.zip	912fb4b67419d69c8c7d805b7fd2fcadd26e9a7a	fe90d3c9640f369d9428b7199db2315dd93ff1aa	8b6c2c6058a52dbabf9075785b4db20f815b2e1b27bf0ffc1b312e017520ec7e	d3c5cb1532409560878fb42714e4d1707935da619eb58b2b14698bfaf01b4f59			research/archive/strict-layer-proof-research/archive-by-series/64-75-and-migration/75_R3_artifacts.zip	8b6c2c6058a52dbabf9075785b4db20f815b2e1b27bf0ffc1b312e017520ec7e	d3c5cb1532409560878fb42714e4d1707935da619eb58b2b14698bfaf01b4f59	archived	archive-by-series/64-75-and-migration/75_R3_artifacts.zip	source-only	archive	Source-only bytes preserved once at the canonical target under the frozen archive boundary; original source path remains an alias. Kind is a navigation label based on file type, path, and title; it does not upgrade evidence.
dongxuelian2/strict-layer-proof-research	https://github.com/dongxuelian2/strict-layer-proof-research	main	912fb4b67419d69c8c7d805b7fd2fcadd26e9a7a	archive-by-series/64-75-and-migration/75_R5_stage_package.zip	912fb4b67419d69c8c7d805b7fd2fcadd26e9a7a	c43be344731239b69ea99170ba4e5f65bc0dc3bd	51272b5427c920caa0c4a0f04479235663f176033c4bc28219257f9ca0c7b0fa	2164995b4f2fd20e67255df2b307b636c835fb16d47f936a0bf0fe259d1b2b75			research/archive/strict-layer-proof-research/archive-by-series/64-75-and-migration/75_R5_stage_package.zip	51272b5427c920caa0c4a0f04479235663f176033c4bc28219257f9ca0c7b0fa	2164995b4f2fd20e67255df2b307b636c835fb16d47f936a0bf0fe259d1b2b75	archived	archive-by-series/64-75-and-migration/75_R5_stage_package.zip	source-only	archive	Source-only bytes preserved once at the canonical target under the frozen archive boundary; original source path remains an alias. Kind is a navigation label based on file type, path, and title; it does not upgrade evidence.
dongxuelian2/strict-layer-proof-research	https://github.com/dongxuelian2/strict-layer-proof-research	main	912fb4b67419d69c8c7d805b7fd2fcadd26e9a7a	archive-by-series/64-75-and-migration/75_R6_external_arsenal_bundle.zip	912fb4b67419d69c8c7d805b7fd2fcadd26e9a7a	783fddf527f1ef264730d243da172d06a917c603	696661712a4b95dbffaf2b0febfce920b43ccda0210defadcb0abd19a8859702	486bfe2d79bcdaeed5d807c40b05790aa091cbe7b496552dcd287ef7aef8dec7			research/archive/strict-layer-proof-research/archive-by-series/64-75-and-migration/75_R6_external_arsenal_bundle.zip	696661712a4b95dbffaf2b0febfce920b43ccda0210defadcb0abd19a8859702	486bfe2d79bcdaeed5d807c40b05790aa091cbe7b496552dcd287ef7aef8dec7	archived	archive-by-series/64-75-and-migration/75_R6_external_arsenal_bundle.zip	source-only	archive	Source-only bytes preserved once at the canonical target under the frozen archive boundary; original source path remains an alias. Kind is a navigation label based on file type, path, and title; it does not upgrade evidence.
dongxuelian2/strict-layer-proof-research	https://github.com/dongxuelian2/strict-layer-proof-research	main	912fb4b67419d69c8c7d805b7fd2fcadd26e9a7a	archive-by-series/64-75-and-migration/75_R7_complete.zip	912fb4b67419d69c8c7d805b7fd2fcadd26e9a7a	f195c7fe7478d555557b07c411f8e6f682978d21	dda4a1a564c608cf0009a9fce5c1aa96b4df794feb08d2df7f977f84800ca005	7e9ebf3e915225e32ae27dc1e56579c0bb9805b5eeae95401e56fb979c14da17			research/archive/strict-layer-proof-research/archive-by-series/64-75-and-migration/75_R7_complete.zip	dda4a1a564c608cf0009a9fce5c1aa96b4df794feb08d2df7f977f84800ca005	7e9ebf3e915225e32ae27dc1e56579c0bb9805b5eeae95401e56fb979c14da17	archived	archive-by-series/64-75-and-migration/75_R7_complete.zip	source-only	archive	Source-only bytes preserved once at the canonical target under the frozen archive boundary; original source path remains an alias. Kind is a navigation label based on file type, path, and title; it does not upgrade evidence.
dongxuelian2/strict-layer-proof-research	https://github.com/dongxuelian2/strict-layer-proof-research	main	912fb4b67419d69c8c7d805b7fd2fcadd26e9a7a	archive-by-series/64-75-and-migration/75_R8_COMPLETE.zip	912fb4b67419d69c8c7d805b7fd2fcadd26e9a7a	a5b9b61d94f20d749e0bbb3664fbcddb8c244aed	b32420b13e3821a0cc754950b6dc75924de19ba0434c3b75135267d4b85a522a	b41a442f2c71f0b13d9dae3baca0b40510b7f38139f7f5c6cce7c541da5e9fac			research/archive/strict-layer-proof-research/archive-by-series/64-75-and-migration/75_R8_COMPLETE.zip	b32420b13e3821a0cc754950b6dc75924de19ba0434c3b75135267d4b85a522a	b41a442f2c71f0b13d9dae3baca0b40510b7f38139f7f5c6cce7c541da5e9fac	archived	archive-by-series/64-75-and-migration/75_R8_COMPLETE.zip	source-only	archive	Source-only bytes preserved once at the canonical target under the frozen archive boundary; original source path remains an alias. Kind is a navigation label based on file type, path, and title; it does not upgrade evidence.
dongxuelian2/strict-layer-proof-research	https://github.com/dongxuelian2/strict-layer-proof-research	main	912fb4b67419d69c8c7d805b7fd2fcadd26e9a7a	archive-by-series/64-75-and-migration/7_15_75_to_85_Inheritance_Authority_Certificate.txt	912fb4b67419d69c8c7d805b7fd2fcadd26e9a7a	fc88cb0279c60d616678567d047b73d303fd9b19	938d0fcdfd09858aa4db4bc8d24199a24a49f682fce22cab5e2fc5b2316eefcb	f388ccbcb886d4c47d1b9226529351a1735cf4b41d9e2dc551a1948a74b24797			research/archive/strict-layer-proof-research/archive-by-series/64-75-and-migration/7_15_75_to_85_Inheritance_Authority_Certificate.txt	938d0fcdfd09858aa4db4bc8d24199a24a49f682fce22cab5e2fc5b2316eefcb	f388ccbcb886d4c47d1b9226529351a1735cf4b41d9e2dc551a1948a74b24797	archived	archive-by-series/64-75-and-migration/7_15_75_to_85_Inheritance_Authority_Certificate.txt	source-only	computation	Source-only bytes preserved once at the canonical target under the frozen archive boundary; original source path remains an alias. Kind is a navigation label based on file type, path, and title; it does not upgrade evidence.
dongxuelian2/strict-layer-proof-research	https://github.com/dongxuelian2/strict-layer-proof-research	main	912fb4b67419d69c8c7d805b7fd2fcadd26e9a7a	archive-by-series/64-75-and-migration/7_15_Audit_Report.md	912fb4b67419d69c8c7d805b7fd2fcadd26e9a7a	189b6adb3b4f88bbb42e146773dfb98a7dc3274a	8e105f221cd82824f402da784c34c34688cd30dd61ac94df811f210241f7d8e7	77afeed57dc3892bb7227e5a0521feba34ac9440387b4eecd3551628a2b913ce	research/strict/campaigns/75/7_15_Audit_Report.md	77afeed57dc3892bb7227e5a0521feba34ac9440387b4eecd3551628a2b913ce	research/a1/records/15-audit.md	8e105f221cd82824f402da784c34c34688cd30dd61ac94df811f210241f7d8e7	77afeed57dc3892bb7227e5a0521feba34ac9440387b4eecd3551628a2b913ce	canonical	archive-by-series/64-75-and-migration/7_15_Audit_Report.md	exact-duplicate	attempt	Exact byte duplicate of the canonical target; this source path is retained as provenance and no second canonical copy is created. Kind is a navigation label based on file type, path, and title; it does not upgrade evidence.
dongxuelian2/strict-layer-proof-research	https://github.com/dongxuelian2/strict-layer-proof-research	main	912fb4b67419d69c8c7d805b7fd2fcadd26e9a7a	archive-by-series/64-75-and-migration/7_15_Legacy_Migration_Alias_Quarantine.md	912fb4b67419d69c8c7d805b7fd2fcadd26e9a7a	ee2230c38cbff63d0e2318ce3f91f0a90e696d85	37b25e970e6f6abbc5eeb69758a2596e4ef6e4f6227dd15c75d4e9a90a64ab84	409d56d7175087745dd57fefacf01fbfc2058db465fc64ac73ee5f0ab0e82b43			research/archive/strict-layer-proof-research/archive-by-series/64-75-and-migration/7_15_Legacy_Migration_Alias_Quarantine.md	37b25e970e6f6abbc5eeb69758a2596e4ef6e4f6227dd15c75d4e9a90a64ab84	409d56d7175087745dd57fefacf01fbfc2058db465fc64ac73ee5f0ab0e82b43	archived	archive-by-series/64-75-and-migration/7_15_Legacy_Migration_Alias_Quarantine.md	source-only	attempt	Source-only bytes preserved once at the canonical target under the frozen archive boundary; original source path remains an alias. Kind is a navigation label based on file type, path, and title; it does not upgrade evidence.
dongxuelian2/strict-layer-proof-research	https://github.com/dongxuelian2/strict-layer-proof-research	main	912fb4b67419d69c8c7d805b7fd2fcadd26e9a7a	archive-by-series/64-75-and-migration/MC-001_Huang_Ternary_Cone_Primitive_Local_Counting(1).md	912fb4b67419d69c8c7d805b7fd2fcadd26e9a7a	875338d86869a36c1d3633dd066ad73c347ff325	41ec70273984f0489be828961443c2b6c758488749e6f6a6f6399bf7852e1fd7	c8549c796fb35d9eedd547c3fcd469aea4c5284a8ec38fd38cc7edcd595e35aa	research/strict/campaigns/75/MC-001_Huang_Ternary_Cone_Primitive_Local_Counting(1).md	c8549c796fb35d9eedd547c3fcd469aea4c5284a8ec38fd38cc7edcd595e35aa	research/a1/records/huang-ternary-cone-primitive-local-counting-variant.md	41ec70273984f0489be828961443c2b6c758488749e6f6a6f6399bf7852e1fd7	c8549c796fb35d9eedd547c3fcd469aea4c5284a8ec38fd38cc7edcd595e35aa	canonical	archive-by-series/64-75-and-migration/MC-001_Huang_Ternary_Cone_Primitive_Local_Counting(1).md	exact-duplicate	literature	Exact byte duplicate of the canonical target; this source path is retained as provenance and no second canonical copy is created. Kind is a navigation label based on file type, path, and title; it does not upgrade evidence.
dongxuelian2/strict-layer-proof-research	https://github.com/dongxuelian2/strict-layer-proof-research	main	912fb4b67419d69c8c7d805b7fd2fcadd26e9a7a	archive-by-series/64-75-and-migration/MC-001_Huang_Ternary_Cone_Primitive_Local_Counting.md	912fb4b67419d69c8c7d805b7fd2fcadd26e9a7a	51e5a94d8f5b4f4a339f878b2a361721e697d49e	ed956cabe70d15ce9158b27af9eadee5cdb45920b65b63f4afb3d50ac41dab6c	9c1ca4b903cecdb7afa0ff9dfd9bbccbe278bd9c52172e2cfdf7e457bffc7cb6	research/strict/campaigns/75/MC-001_Huang_Ternary_Cone_Primitive_Local_Counting.md	9c1ca4b903cecdb7afa0ff9dfd9bbccbe278bd9c52172e2cfdf7e457bffc7cb6	research/a1/records/huang-ternary-cone-primitive-local-counting.md	ed956cabe70d15ce9158b27af9eadee5cdb45920b65b63f4afb3d50ac41dab6c	9c1ca4b903cecdb7afa0ff9dfd9bbccbe278bd9c52172e2cfdf7e457bffc7cb6	canonical	archive-by-series/64-75-and-migration/MC-001_Huang_Ternary_Cone_Primitive_Local_Counting.md	exact-duplicate	literature	Exact byte duplicate of the canonical target; this source path is retained as provenance and no second canonical copy is created. Kind is a navigation label based on file type, path, and title; it does not upgrade evidence.
dongxuelian2/strict-layer-proof-research	https://github.com/dongxuelian2/strict-layer-proof-research	main	912fb4b67419d69c8c7d805b7fd2fcadd26e9a7a	archive-by-series/64-75-and-migration/MC-002_Cassels_Small_Zero.md	912fb4b67419d69c8c7d805b7fd2fcadd26e9a7a	422d47515e59834abc9748bd068ec18854d80d3d	707c8e7b3aa682869884ffb243cf7ebbc4607794dcf958052d5d6fd102202d33	7465d781323dc14b1235cddf3a5762b31536c8bb3d42d731ef72013a7e142649	research/strict/campaigns/75/MC-002_Cassels_Small_Zero.md	7465d781323dc14b1235cddf3a5762b31536c8bb3d42d731ef72013a7e142649	research/a1/records/cassels-small-zero.md	707c8e7b3aa682869884ffb243cf7ebbc4607794dcf958052d5d6fd102202d33	7465d781323dc14b1235cddf3a5762b31536c8bb3d42d731ef72013a7e142649	canonical	archive-by-series/64-75-and-migration/MC-002_Cassels_Small_Zero.md	exact-duplicate	literature	Exact byte duplicate of the canonical target; this source path is retained as provenance and no second canonical copy is created. Kind is a navigation label based on file type, path, and title; it does not upgrade evidence.
dongxuelian2/strict-layer-proof-research	https://github.com/dongxuelian2/strict-layer-proof-research	main	912fb4b67419d69c8c7d805b7fd2fcadd26e9a7a	archive-by-series/64-75-and-migration/migration_stack_P2(1).md	912fb4b67419d69c8c7d805b7fd2fcadd26e9a7a	4e80cd3430951eea854bb348f92ed412cfdf6dfb	0c94d9a45c1fe11f40dfd6b22257c57cb0fa01f7699fbd69c667d2bc6b49ef29	c790639c8b748caafd32ccf93754e7d37c27c82fd3c017b8723302b5c36287bc			research/archive/strict-layer-proof-research/archive-by-series/64-75-and-migration/migration_stack_P2(1).md	0c94d9a45c1fe11f40dfd6b22257c57cb0fa01f7699fbd69c667d2bc6b49ef29	c790639c8b748caafd32ccf93754e7d37c27c82fd3c017b8723302b5c36287bc	archived	archive-by-series/64-75-and-migration/migration_stack_P2(1).md	source-only	attempt	Source-only bytes preserved once at the canonical target under the frozen archive boundary; original source path remains an alias. Kind is a navigation label based on file type, path, and title; it does not upgrade evidence.
dongxuelian2/strict-layer-proof-research	https://github.com/dongxuelian2/strict-layer-proof-research	main	912fb4b67419d69c8c7d805b7fd2fcadd26e9a7a	archive-by-series/64-75-and-migration/migration_stack_P2(2).md	912fb4b67419d69c8c7d805b7fd2fcadd26e9a7a	e7107076f9665ed4e22e13a69deb8521d2cd8cdf	35d8d437776ee64b3679085706044ed4a7d6cf5ea621b7806ab117f6e4e3b99a	b9e1eee2efd56acafd2759a3062423f2f2ec29b43b5b763aec62fb3471f7a4b9			research/archive/strict-layer-proof-research/archive-by-series/64-75-and-migration/migration_stack_P2(2).md	35d8d437776ee64b3679085706044ed4a7d6cf5ea621b7806ab117f6e4e3b99a	b9e1eee2efd56acafd2759a3062423f2f2ec29b43b5b763aec62fb3471f7a4b9	archived	archive-by-series/64-75-and-migration/migration_stack_P2(2).md	source-only	attempt	Source-only bytes preserved once at the canonical target under the frozen archive boundary; original source path remains an alias. Kind is a navigation label based on file type, path, and title; it does not upgrade evidence.
dongxuelian2/strict-layer-proof-research	https://github.com/dongxuelian2/strict-layer-proof-research	main	912fb4b67419d69c8c7d805b7fd2fcadd26e9a7a	archive-by-series/64-75-and-migration/migration_stack_P2.md	912fb4b67419d69c8c7d805b7fd2fcadd26e9a7a	b78d8c4bddd39d068ebf26000f17cd041afd3e3b	c90930eb8ac6613a499a7e27e97561b6d447be6303f47925583253a3f7db8d1b	5131bf75d2c97e3e9795ae7b8d830d393a945767c9b5d5e4af13ea89665ab28d			research/archive/strict-layer-proof-research/archive-by-series/64-75-and-migration/migration_stack_P2.md	c90930eb8ac6613a499a7e27e97561b6d447be6303f47925583253a3f7db8d1b	5131bf75d2c97e3e9795ae7b8d830d393a945767c9b5d5e4af13ea89665ab28d	archived	archive-by-series/64-75-and-migration/migration_stack_P2.md	source-only	attempt	Source-only bytes preserved once at the canonical target under the frozen archive boundary; original source path remains an alias. Kind is a navigation label based on file type, path, and title; it does not upgrade evidence.
dongxuelian2/strict-layer-proof-research	https://github.com/dongxuelian2/strict-layer-proof-research	main	912fb4b67419d69c8c7d805b7fd2fcadd26e9a7a	archive-by-series/65-bridge-and-provenance/00_65_terminal_recompression.md	912fb4b67419d69c8c7d805b7fd2fcadd26e9a7a	babcce0770894e5f24dfbfbc988f35aa40fa925b	c82c372a1a4a03f73b8954439b8fb48413cc9356555a795e38b5a6a04fbe3be1	7bf3391780abd867c8cd40844c11c24d8bc6b88e9cd292420c28c6c331dc8042	research/strict/campaigns/75/00_65_terminal_recompression.md	7bf3391780abd867c8cd40844c11c24d8bc6b88e9cd292420c28c6c331dc8042	research/a1/records/65-terminal-recompression.md	c82c372a1a4a03f73b8954439b8fb48413cc9356555a795e38b5a6a04fbe3be1	7bf3391780abd867c8cd40844c11c24d8bc6b88e9cd292420c28c6c331dc8042	canonical	archive-by-series/65-bridge-and-provenance/00_65_terminal_recompression.md	exact-duplicate	attempt	Exact byte duplicate of the canonical target; this source path is retained as provenance and no second canonical copy is created. Kind is a navigation label based on file type, path, and title; it does not upgrade evidence.
dongxuelian2/strict-layer-proof-research	https://github.com/dongxuelian2/strict-layer-proof-research	main	912fb4b67419d69c8c7d805b7fd2fcadd26e9a7a	archive-by-series/65-bridge-and-provenance/01_standard_language_dictionary.md	912fb4b67419d69c8c7d805b7fd2fcadd26e9a7a	bb679f58e1b75f1245b1ded3af30b55e1007be40	76e188506e5e81933e56c8641e436d45b4c13a77b784aaafdce265e91b7bcffc	be7393e279048fdac855bd378d713ad93a1336e49eec6c15d44ddb312e8b2bdd	research/strict/campaigns/75/01_standard_language_dictionary.md	be7393e279048fdac855bd378d713ad93a1336e49eec6c15d44ddb312e8b2bdd	research/a1/records/standard-language-dictionary.md	76e188506e5e81933e56c8641e436d45b4c13a77b784aaafdce265e91b7bcffc	be7393e279048fdac855bd378d713ad93a1336e49eec6c15d44ddb312e8b2bdd	canonical	archive-by-series/65-bridge-and-provenance/01_standard_language_dictionary.md	exact-duplicate	attempt	Exact byte duplicate of the canonical target; this source path is retained as provenance and no second canonical copy is created. Kind is a navigation label based on file type, path, and title; it does not upgrade evidence.
dongxuelian2/strict-layer-proof-research	https://github.com/dongxuelian2/strict-layer-proof-research	main	912fb4b67419d69c8c7d805b7fd2fcadd26e9a7a	archive-by-series/65-bridge-and-provenance/03_USSPAL_intrinsic_lower_barrier.md	912fb4b67419d69c8c7d805b7fd2fcadd26e9a7a	5d0a84300cd14d1bb30a1a09cf105dffe418f320	34e2eaf956608fa3d1640eea9701e70c0adee269933f84475e6737249366059d	c3918d2b27ce9b3aa8b45fd9be7cd426e74bda4428d9132f08174ea5313137bc	research/strict/campaigns/75/03_USSPAL_intrinsic_lower_barrier.md	c3918d2b27ce9b3aa8b45fd9be7cd426e74bda4428d9132f08174ea5313137bc	research/a1/records/usspal-intrinsic-lower-barrier.md	34e2eaf956608fa3d1640eea9701e70c0adee269933f84475e6737249366059d	c3918d2b27ce9b3aa8b45fd9be7cd426e74bda4428d9132f08174ea5313137bc	canonical	archive-by-series/65-bridge-and-provenance/03_USSPAL_intrinsic_lower_barrier.md	exact-duplicate	attempt	Exact byte duplicate of the canonical target; this source path is retained as provenance and no second canonical copy is created. Kind is a navigation label based on file type, path, and title; it does not upgrade evidence.
dongxuelian2/strict-layer-proof-research	https://github.com/dongxuelian2/strict-layer-proof-research	main	912fb4b67419d69c8c7d805b7fd2fcadd26e9a7a	archive-by-series/65-bridge-and-provenance/06_power_ten_rearchitecture_audit.md	912fb4b67419d69c8c7d805b7fd2fcadd26e9a7a	893d962e544d8cf8dcf38cb8b0e0c27985e4f5fe	bea0d989c8d9c85571169856dc86f4cb1a5a685da251a3e3db9ff87ce243cf28	01aab72ce5c490c720b614311e82a0ebaa74ad0f41b4934f2a06d5ffe4698f6b	research/strict/campaigns/75/06_power_ten_rearchitecture_audit.md	01aab72ce5c490c720b614311e82a0ebaa74ad0f41b4934f2a06d5ffe4698f6b	research/a1/records/power-ten-rearchitecture-audit.md	bea0d989c8d9c85571169856dc86f4cb1a5a685da251a3e3db9ff87ce243cf28	01aab72ce5c490c720b614311e82a0ebaa74ad0f41b4934f2a06d5ffe4698f6b	canonical	archive-by-series/65-bridge-and-provenance/06_power_ten_rearchitecture_audit.md	exact-duplicate	attempt	Exact byte duplicate of the canonical target; this source path is retained as provenance and no second canonical copy is created. Kind is a navigation label based on file type, path, and title; it does not upgrade evidence.
dongxuelian2/strict-layer-proof-research	https://github.com/dongxuelian2/strict-layer-proof-research	main	912fb4b67419d69c8c7d805b7fd2fcadd26e9a7a	archive-by-series/65-bridge-and-provenance/06_primitive_sector_congruence.md	912fb4b67419d69c8c7d805b7fd2fcadd26e9a7a	41411336ea3366fe28b24e392fff8539771b5830	60f7838e4500a2c79db1361e590cdab8721e2d23dd70408a92860263f635a285	53a11d3c0541a6c1c32563db7400e4f687268e0423e7083baf8e4d6429f3b7a3	research/strict/campaigns/75/06_primitive_sector_congruence.md	53a11d3c0541a6c1c32563db7400e4f687268e0423e7083baf8e4d6429f3b7a3	research/a1/records/primitive-sector-congruence.md	60f7838e4500a2c79db1361e590cdab8721e2d23dd70408a92860263f635a285	53a11d3c0541a6c1c32563db7400e4f687268e0423e7083baf8e4d6429f3b7a3	canonical	archive-by-series/65-bridge-and-provenance/06_primitive_sector_congruence.md	exact-duplicate	attempt	Exact byte duplicate of the canonical target; this source path is retained as provenance and no second canonical copy is created. Kind is a navigation label based on file type, path, and title; it does not upgrade evidence.
dongxuelian2/strict-layer-proof-research	https://github.com/dongxuelian2/strict-layer-proof-research	main	912fb4b67419d69c8c7d805b7fd2fcadd26e9a7a	archive-by-series/65-bridge-and-provenance/07_archimedean_digit_region.md	912fb4b67419d69c8c7d805b7fd2fcadd26e9a7a	5b3d66b3582daca795c95753745c00581e55577a	ef7ac8e7207bd825c3e6bca02ed90604b244a7f88cdaf25cfdcd3022559bf4da	246b438b1be75ee5c94e4729eb36331135536f3eb3bf01e14e079c017ede34a4	research/strict/campaigns/75/07_archimedean_digit_region.md	246b438b1be75ee5c94e4729eb36331135536f3eb3bf01e14e079c017ede34a4	research/a1/records/archimedean-digit-region.md	ef7ac8e7207bd825c3e6bca02ed90604b244a7f88cdaf25cfdcd3022559bf4da	246b438b1be75ee5c94e4729eb36331135536f3eb3bf01e14e079c017ede34a4	canonical	archive-by-series/65-bridge-and-provenance/07_archimedean_digit_region.md	exact-duplicate	attempt	Exact byte duplicate of the canonical target; this source path is retained as provenance and no second canonical copy is created. Kind is a navigation label based on file type, path, and title; it does not upgrade evidence.
dongxuelian2/strict-layer-proof-research	https://github.com/dongxuelian2/strict-layer-proof-research	main	912fb4b67419d69c8c7d805b7fd2fcadd26e9a7a	archive-by-series/65-bridge-and-provenance/07_reverse_semantics_audit.md	912fb4b67419d69c8c7d805b7fd2fcadd26e9a7a	5d042730bb1643373d8e88f98ca8ffbc62bd4e15	eea259b12bead8240fb95829edc372125668419de4ebe81156b9a1c1ec0c57bd	95b829e440f58330ac6684083453704d75b8c853c99e98274360f6d47392d48c	research/strict/campaigns/75/07_reverse_semantics_audit.md	95b829e440f58330ac6684083453704d75b8c853c99e98274360f6d47392d48c	research/a1/records/reverse-semantics-audit.md	eea259b12bead8240fb95829edc372125668419de4ebe81156b9a1c1ec0c57bd	95b829e440f58330ac6684083453704d75b8c853c99e98274360f6d47392d48c	canonical	archive-by-series/65-bridge-and-provenance/07_reverse_semantics_audit.md	exact-duplicate	attempt	Exact byte duplicate of the canonical target; this source path is retained as provenance and no second canonical copy is created. Kind is a navigation label based on file type, path, and title; it does not upgrade evidence.
dongxuelian2/strict-layer-proof-research	https://github.com/dongxuelian2/strict-layer-proof-research	main	912fb4b67419d69c8c7d805b7fd2fcadd26e9a7a	archive-by-series/65-bridge-and-provenance/08_migration_matrix.md	912fb4b67419d69c8c7d805b7fd2fcadd26e9a7a	af076801e5d62ebf9cd715d87c854c71939724c0	c0a5bc616ef1209d1c82b0d8a81fb892410467c3236f02ffc2323b31df60a06f	81d5094a25f28b1b99ff40f4b720969dd47c77519d95a45f20db3e4f4e8012ad			research/archive/strict-layer-proof-research/archive-by-series/65-bridge-and-provenance/08_migration_matrix.md	c0a5bc616ef1209d1c82b0d8a81fb892410467c3236f02ffc2323b31df60a06f	81d5094a25f28b1b99ff40f4b720969dd47c77519d95a45f20db3e4f4e8012ad	archived	archive-by-series/65-bridge-and-provenance/08_migration_matrix.md	source-only	attempt	Source-only bytes preserved once at the canonical target under the frozen archive boundary; original source path remains an alias. Kind is a navigation label based on file type, path, and title; it does not upgrade evidence.
dongxuelian2/strict-layer-proof-research	https://github.com/dongxuelian2/strict-layer-proof-research	main	912fb4b67419d69c8c7d805b7fd2fcadd26e9a7a	archive-by-series/65-bridge-and-provenance/08_quantitative_theorem_registry.md	912fb4b67419d69c8c7d805b7fd2fcadd26e9a7a	46d5eacac32399c93d108160396233ea7110db2d	3067a380f8652d6ff466963f16ec6202aee00b6b3e4d2c8fc485b8d7d5a0c56b	5fb2682634da1a5c7e9ae8ccc4f5e68858fda53455ca02bb371f6cf128d1899d	research/strict/campaigns/75/08_quantitative_theorem_registry.md	5fb2682634da1a5c7e9ae8ccc4f5e68858fda53455ca02bb371f6cf128d1899d	research/a1/records/quantitative-theorem-registry.md	3067a380f8652d6ff466963f16ec6202aee00b6b3e4d2c8fc485b8d7d5a0c56b	5fb2682634da1a5c7e9ae8ccc4f5e68858fda53455ca02bb371f6cf128d1899d	canonical	archive-by-series/65-bridge-and-provenance/08_quantitative_theorem_registry.md	exact-duplicate	result	Exact byte duplicate of the canonical target; this source path is retained as provenance and no second canonical copy is created. Kind is a navigation label based on file type, path, and title; it does not upgrade evidence.
dongxuelian2/strict-layer-proof-research	https://github.com/dongxuelian2/strict-layer-proof-research	main	912fb4b67419d69c8c7d805b7fd2fcadd26e9a7a	archive-by-series/65-bridge-and-provenance/08_weapon_ranking.md	912fb4b67419d69c8c7d805b7fd2fcadd26e9a7a	37f39d8ecab389beb0e1917db07d15871eb208f5	85a9afed8230d7b0cf84e68c5a450f8956c6e61b89b1cc0b2fdaa156091823dc	1f59f5d4760b77d8c230ad9ce9bf09218422f5b7ec277645db6d53058e613616	research/strict/campaigns/75/08_weapon_ranking.md	1f59f5d4760b77d8c230ad9ce9bf09218422f5b7ec277645db6d53058e613616	research/a1/records/weapon-ranking.md	85a9afed8230d7b0cf84e68c5a450f8956c6e61b89b1cc0b2fdaa156091823dc	1f59f5d4760b77d8c230ad9ce9bf09218422f5b7ec277645db6d53058e613616	canonical	archive-by-series/65-bridge-and-provenance/08_weapon_ranking.md	exact-duplicate	literature	Exact byte duplicate of the canonical target; this source path is retained as provenance and no second canonical copy is created. Kind is a navigation label based on file type, path, and title; it does not upgrade evidence.
dongxuelian2/strict-layer-proof-research	https://github.com/dongxuelian2/strict-layer-proof-research	main	912fb4b67419d69c8c7d805b7fd2fcadd26e9a7a	archive-by-series/65-bridge-and-provenance/09_height_bridge_analysis.md	912fb4b67419d69c8c7d805b7fd2fcadd26e9a7a	009c4656fbbddd1fa2a89a29daab174b9a1f7afb	03fd22ce8d25974e9734052d308575068bbe37e6fd99e641d3b2bbe055aab0eb	a364197e65fa6215dde0f91c2495d9dedd0b2a8a9cc509be103d8d7d8cb931c0	research/strict/campaigns/75/09_height_bridge_analysis.md	a364197e65fa6215dde0f91c2495d9dedd0b2a8a9cc509be103d8d7d8cb931c0	research/a1/records/height-bridge-analysis.md	03fd22ce8d25974e9734052d308575068bbe37e6fd99e641d3b2bbe055aab0eb	a364197e65fa6215dde0f91c2495d9dedd0b2a8a9cc509be103d8d7d8cb931c0	canonical	archive-by-series/65-bridge-and-provenance/09_height_bridge_analysis.md	exact-duplicate	attempt	Exact byte duplicate of the canonical target; this source path is retained as provenance and no second canonical copy is created. Kind is a navigation label based on file type, path, and title; it does not upgrade evidence.
dongxuelian2/strict-layer-proof-research	https://github.com/dongxuelian2/strict-layer-proof-research	main	912fb4b67419d69c8c7d805b7fd2fcadd26e9a7a	archive-by-series/65-bridge-and-provenance/10_external_arsenal_map.md	912fb4b67419d69c8c7d805b7fd2fcadd26e9a7a	75902bc163c5dff73b76cc4b13f37ec8e33a8181	f124df29592ea94c9836054bdf4121fe277766a32aede2f038fba2e3c9ffe781	765d8d325a1a35460ad808368e1d29f65b1666f63b582a4c27c48e8ff5eae35c	research/strict/campaigns/75/10_external_arsenal_map.md	765d8d325a1a35460ad808368e1d29f65b1666f63b582a4c27c48e8ff5eae35c	research/a1/records/external-arsenal-map.md	f124df29592ea94c9836054bdf4121fe277766a32aede2f038fba2e3c9ffe781	765d8d325a1a35460ad808368e1d29f65b1666f63b582a4c27c48e8ff5eae35c	canonical	archive-by-series/65-bridge-and-provenance/10_external_arsenal_map.md	exact-duplicate	literature	Exact byte duplicate of the canonical target; this source path is retained as provenance and no second canonical copy is created. Kind is a navigation label based on file type, path, and title; it does not upgrade evidence.
dongxuelian2/strict-layer-proof-research	https://github.com/dongxuelian2/strict-layer-proof-research	main	912fb4b67419d69c8c7d805b7fd2fcadd26e9a7a	archive-by-series/65-bridge-and-provenance/10_migration_dry_run.md	912fb4b67419d69c8c7d805b7fd2fcadd26e9a7a	db47c26397545f925f185a4f5fc0607f0397c61b	5d6b2707e201e9d6c715c99d851d29c8a70e7e227d7f0dfb9268950d16cf5905	3cee3eae4d8674d2c608316d40aaecb917948481e5eff83a0035e85cfa346722			research/archive/strict-layer-proof-research/archive-by-series/65-bridge-and-provenance/10_migration_dry_run.md	5d6b2707e201e9d6c715c99d851d29c8a70e7e227d7f0dfb9268950d16cf5905	3cee3eae4d8674d2c608316d40aaecb917948481e5eff83a0035e85cfa346722	archived	archive-by-series/65-bridge-and-provenance/10_migration_dry_run.md	source-only	attempt	Source-only bytes preserved once at the canonical target under the frozen archive boundary; original source path remains an alias. Kind is a navigation label based on file type, path, and title; it does not upgrade evidence.
dongxuelian2/strict-layer-proof-research	https://github.com/dongxuelian2/strict-layer-proof-research	main	912fb4b67419d69c8c7d805b7fd2fcadd26e9a7a	archive-by-series/65-bridge-and-provenance/11_main_proof_interface_decision.md	912fb4b67419d69c8c7d805b7fd2fcadd26e9a7a	2e4e9c4dcfd5f857108f403154e97f0501c734ec	f70d51c90c08fe59819c21e1b2d2960f5401151ca32a7a54944c42968547f40d	866e4534e43a37dc3bdf8133bf6acb607bddefebb975da580fd4594949b3d594	research/strict/campaigns/75/11_main_proof_interface_decision.md	866e4534e43a37dc3bdf8133bf6acb607bddefebb975da580fd4594949b3d594	research/a1/records/main-proof-interface-decision.md	f70d51c90c08fe59819c21e1b2d2960f5401151ca32a7a54944c42968547f40d	866e4534e43a37dc3bdf8133bf6acb607bddefebb975da580fd4594949b3d594	canonical	archive-by-series/65-bridge-and-provenance/11_main_proof_interface_decision.md	exact-duplicate	result	Exact byte duplicate of the canonical target; this source path is retained as provenance and no second canonical copy is created. Kind is a navigation label based on file type, path, and title; it does not upgrade evidence.
dongxuelian2/strict-layer-proof-research	https://github.com/dongxuelian2/strict-layer-proof-research	main	912fb4b67419d69c8c7d805b7fd2fcadd26e9a7a	archive-by-series/65-bridge-and-provenance/11_remaining_internal_mathematics.md	912fb4b67419d69c8c7d805b7fd2fcadd26e9a7a	5c465848b086422fecb329178423978e867ed182	02a568b3487b3a93a62e0fd7598b3dd920f0264d5e73bb3567f8f56a452a65e6	41c1926fac85d12cad677d1ab282afe1da47cdbf8bf14f6d43871764af1e369d	research/strict/campaigns/75/11_remaining_internal_mathematics.md	41c1926fac85d12cad677d1ab282afe1da47cdbf8bf14f6d43871764af1e369d	research/a1/records/interface-selection.md	02a568b3487b3a93a62e0fd7598b3dd920f0264d5e73bb3567f8f56a452a65e6	41c1926fac85d12cad677d1ab282afe1da47cdbf8bf14f6d43871764af1e369d	canonical	archive-by-series/65-bridge-and-provenance/11_remaining_internal_mathematics.md	exact-duplicate	attempt	Exact byte duplicate of the canonical target; this source path is retained as provenance and no second canonical copy is created. Kind is a navigation label based on file type, path, and title; it does not upgrade evidence.
dongxuelian2/strict-layer-proof-research	https://github.com/dongxuelian2/strict-layer-proof-research	main	912fb4b67419d69c8c7d805b7fd2fcadd26e9a7a	archive-by-series/65-bridge-and-provenance/12_R1_terminal_verdict.md	912fb4b67419d69c8c7d805b7fd2fcadd26e9a7a	feeacd19e977fd79c941a0ee0926c0402389cfe5	27dcd96d352a85d58246e49b1e4b7614a1cc0cda31d80134c29e47dad326d34f	4ef362817462effe45356f07352eb1db90a9690280e4393aae70463a9178f615	research/strict/campaigns/75/12_R1_terminal_verdict.md	4ef362817462effe45356f07352eb1db90a9690280e4393aae70463a9178f615	research/a1/records/r1-terminal-verdict.md	27dcd96d352a85d58246e49b1e4b7614a1cc0cda31d80134c29e47dad326d34f	4ef362817462effe45356f07352eb1db90a9690280e4393aae70463a9178f615	canonical	archive-by-series/65-bridge-and-provenance/12_R1_terminal_verdict.md	exact-duplicate	attempt	Exact byte duplicate of the canonical target; this source path is retained as provenance and no second canonical copy is created. Kind is a navigation label based on file type, path, and title; it does not upgrade evidence.
dongxuelian2/strict-layer-proof-research	https://github.com/dongxuelian2/strict-layer-proof-research	main	912fb4b67419d69c8c7d805b7fd2fcadd26e9a7a	archive-by-series/65-bridge-and-provenance/12_R2_terminal_verdict.md	912fb4b67419d69c8c7d805b7fd2fcadd26e9a7a	fad0f7d93ad60a5b970e755057a872202c54fefb	a7641cebe6f32f48364385b016cfb66a9d43c35636173eda156de595079d4473	5906fdafe1555a4d9069014916b3dbbdfc56a91da8d867e0b367301a88a7be2b	research/strict/campaigns/75/12_R2_terminal_verdict.md	5906fdafe1555a4d9069014916b3dbbdfc56a91da8d867e0b367301a88a7be2b	research/a1/records/r2-terminal-verdict.md	a7641cebe6f32f48364385b016cfb66a9d43c35636173eda156de595079d4473	5906fdafe1555a4d9069014916b3dbbdfc56a91da8d867e0b367301a88a7be2b	canonical	archive-by-series/65-bridge-and-provenance/12_R2_terminal_verdict.md	exact-duplicate	attempt	Exact byte duplicate of the canonical target; this source path is retained as provenance and no second canonical copy is created. Kind is a navigation label based on file type, path, and title; it does not upgrade evidence.
dongxuelian2/strict-layer-proof-research	https://github.com/dongxuelian2/strict-layer-proof-research	main	912fb4b67419d69c8c7d805b7fd2fcadd26e9a7a	archive-by-series/65-bridge-and-provenance/12_R6_terminal_verdict.md	912fb4b67419d69c8c7d805b7fd2fcadd26e9a7a	3a37bde05887be6b7ada816c8067e80346c4e64c	00fac65c31bdc450c6d10f84435ba39359996dd2d80d5797192cfa17506bb4ff	d455f4a5e0afc835c67f3fb0c358474c973505580427941ff359be63f3fd0b1f	research/strict/campaigns/75/12_R6_terminal_verdict.md	d455f4a5e0afc835c67f3fb0c358474c973505580427941ff359be63f3fd0b1f	research/a1/records/r6-terminal-verdict.md	00fac65c31bdc450c6d10f84435ba39359996dd2d80d5797192cfa17506bb4ff	d455f4a5e0afc835c67f3fb0c358474c973505580427941ff359be63f3fd0b1f	canonical	archive-by-series/65-bridge-and-provenance/12_R6_terminal_verdict.md	exact-duplicate	attempt	Exact byte duplicate of the canonical target; this source path is retained as provenance and no second canonical copy is created. Kind is a navigation label based on file type, path, and title; it does not upgrade evidence.
dongxuelian2/strict-layer-proof-research	https://github.com/dongxuelian2/strict-layer-proof-research	main	912fb4b67419d69c8c7d805b7fd2fcadd26e9a7a	archive-by-series/65-bridge-and-provenance/12_remaining_internal_mathematics.md	912fb4b67419d69c8c7d805b7fd2fcadd26e9a7a	cffc02da16fa362fb7ce43f8229bed94c150b834	22b43d4a476ae045daf877c9bc3ded2505eb130b91a103f20b74a91257e860bd	64a4bbafca678513e2c9eb1c56aa061fa9072e8019b362a177451ed89ab73dbf	research/strict/campaigns/75/12_remaining_internal_mathematics.md	64a4bbafca678513e2c9eb1c56aa061fa9072e8019b362a177451ed89ab73dbf	research/a1/records/external-search-saturation.md	22b43d4a476ae045daf877c9bc3ded2505eb130b91a103f20b74a91257e860bd	64a4bbafca678513e2c9eb1c56aa061fa9072e8019b362a177451ed89ab73dbf	canonical	archive-by-series/65-bridge-and-provenance/12_remaining_internal_mathematics.md	exact-duplicate	result	Exact byte duplicate of the canonical target; this source path is retained as provenance and no second canonical copy is created. Kind is a navigation label based on file type, path, and title; it does not upgrade evidence.
dongxuelian2/strict-layer-proof-research	https://github.com/dongxuelian2/strict-layer-proof-research	main	912fb4b67419d69c8c7d805b7fd2fcadd26e9a7a	archive-by-series/65-bridge-and-provenance/12_remaining_new_mathematics.md	912fb4b67419d69c8c7d805b7fd2fcadd26e9a7a	6d9e14e990cab9f7c4b55ee680ea4f8effdffd34	4bebb59437767beedd8eafc5f132af57c884e99f659a4aefa381d73db0bb07c0	1d913f23c48c03cc41419e5b67e1ead50bb8cde0218e7032e966e3919c44789c	research/strict/campaigns/75/12_remaining_new_mathematics.md	1d913f23c48c03cc41419e5b67e1ead50bb8cde0218e7032e966e3919c44789c	research/a1/records/unresolved-after-interface-selection.md	4bebb59437767beedd8eafc5f132af57c884e99f659a4aefa381d73db0bb07c0	1d913f23c48c03cc41419e5b67e1ead50bb8cde0218e7032e966e3919c44789c	canonical	archive-by-series/65-bridge-and-provenance/12_remaining_new_mathematics.md	exact-duplicate	attempt	Exact byte duplicate of the canonical target; this source path is retained as provenance and no second canonical copy is created. Kind is a navigation label based on file type, path, and title; it does not upgrade evidence.
dongxuelian2/strict-layer-proof-research	https://github.com/dongxuelian2/strict-layer-proof-research	main	912fb4b67419d69c8c7d805b7fd2fcadd26e9a7a	archive-by-series/65-bridge-and-provenance/13_R6-certificate.txt	912fb4b67419d69c8c7d805b7fd2fcadd26e9a7a	1e1f5ca823d423f0d77bab4b40867bf8c135007e	1a703b41a3c4389ab9bc3ab2d10d0cf195ef791e313d8d3c8479a96ae045614c	6b9e3becd3155827c72d8e3f52889c7276813e18917160bbc7287f384731b54f			research/archive/strict-layer-proof-research/archive-by-series/65-bridge-and-provenance/13_R6-certificate.txt	1a703b41a3c4389ab9bc3ab2d10d0cf195ef791e313d8d3c8479a96ae045614c	6b9e3becd3155827c72d8e3f52889c7276813e18917160bbc7287f384731b54f	archived	archive-by-series/65-bridge-and-provenance/13_R6-certificate.txt	source-only	computation	Source-only bytes preserved once at the canonical target under the frozen archive boundary; original source path remains an alias. Kind is a navigation label based on file type, path, and title; it does not upgrade evidence.
dongxuelian2/strict-layer-proof-research	https://github.com/dongxuelian2/strict-layer-proof-research	main	912fb4b67419d69c8c7d805b7fd2fcadd26e9a7a	archive-by-series/65-bridge-and-provenance/13_R7_terminal_verdict.md	912fb4b67419d69c8c7d805b7fd2fcadd26e9a7a	dfeaa4045808d5f746213a5228e5b997133020f8	427d42472b7e467d4a937b6aa496071257c70b287e888c3a6c9f6a6a9cd8a315	120861719a8749d631eba549d88c1111949988233dba5e5d6d994be1456b5d43	research/strict/campaigns/75/13_R7_terminal_verdict.md	120861719a8749d631eba549d88c1111949988233dba5e5d6d994be1456b5d43	research/a1/records/r7-terminal-verdict.md	427d42472b7e467d4a937b6aa496071257c70b287e888c3a6c9f6a6a9cd8a315	120861719a8749d631eba549d88c1111949988233dba5e5d6d994be1456b5d43	canonical	archive-by-series/65-bridge-and-provenance/13_R7_terminal_verdict.md	exact-duplicate	attempt	Exact byte duplicate of the canonical target; this source path is retained as provenance and no second canonical copy is created. Kind is a navigation label based on file type, path, and title; it does not upgrade evidence.
dongxuelian2/strict-layer-proof-research	https://github.com/dongxuelian2/strict-layer-proof-research	main	912fb4b67419d69c8c7d805b7fd2fcadd26e9a7a	archive-by-series/65-bridge-and-provenance/13_R8_terminal_verdict.md	912fb4b67419d69c8c7d805b7fd2fcadd26e9a7a	de1181e137a865d27e0363055ef372e5ae0dd6bf	683f619c5cf776c785a5c15503241a08f8e6007ad98dd6257268971647ed8ce3	403c7fb8d4ddfb68fc943d7187617f91a43c5cd79e7fef3db181bfd0601b68eb	research/strict/campaigns/75/13_R8_terminal_verdict.md	403c7fb8d4ddfb68fc943d7187617f91a43c5cd79e7fef3db181bfd0601b68eb	research/a1/records/r8-terminal-verdict.md	683f619c5cf776c785a5c15503241a08f8e6007ad98dd6257268971647ed8ce3	403c7fb8d4ddfb68fc943d7187617f91a43c5cd79e7fef3db181bfd0601b68eb	canonical	archive-by-series/65-bridge-and-provenance/13_R8_terminal_verdict.md	exact-duplicate	attempt	Exact byte duplicate of the canonical target; this source path is retained as provenance and no second canonical copy is created. Kind is a navigation label based on file type, path, and title; it does not upgrade evidence.
dongxuelian2/strict-layer-proof-research	https://github.com/dongxuelian2/strict-layer-proof-research	main	912fb4b67419d69c8c7d805b7fd2fcadd26e9a7a	archive-by-series/65-bridge-and-provenance/14_R3_terminal_verdict.md	912fb4b67419d69c8c7d805b7fd2fcadd26e9a7a	8afda9f04c7b14ae2401ed3cd5dc1368a9dd8110	69eb7946575e3baad2b19a193d851a61dad6b0465a65b569ffaa63cb1d2acada	a7d7c3b11ae85da98438fb6b337ebe4ba06aa1b011f81d96defa152c0c6403f6	research/strict/campaigns/75/14_R3_terminal_verdict.md	a7d7c3b11ae85da98438fb6b337ebe4ba06aa1b011f81d96defa152c0c6403f6	research/a1/records/r3-terminal-verdict.md	69eb7946575e3baad2b19a193d851a61dad6b0465a65b569ffaa63cb1d2acada	a7d7c3b11ae85da98438fb6b337ebe4ba06aa1b011f81d96defa152c0c6403f6	canonical	archive-by-series/65-bridge-and-provenance/14_R3_terminal_verdict.md	exact-duplicate	attempt	Exact byte duplicate of the canonical target; this source path is retained as provenance and no second canonical copy is created. Kind is a navigation label based on file type, path, and title; it does not upgrade evidence.
dongxuelian2/strict-layer-proof-research	https://github.com/dongxuelian2/strict-layer-proof-research	main	912fb4b67419d69c8c7d805b7fd2fcadd26e9a7a	archive-by-series/65-bridge-and-provenance/14_R7-certificate.txt	912fb4b67419d69c8c7d805b7fd2fcadd26e9a7a	e2c8ef584c933e9c87856e4e65bd57c3004ecb57	12dc0137022c7fbb6cb5dec0f36b180c7a486071301935728ec3511a5987d2c4	799ef6aeb5a8044535757298526b8773b2e92eab975ee6692c9318f5c868855a			research/archive/strict-layer-proof-research/archive-by-series/65-bridge-and-provenance/14_R7-certificate.txt	12dc0137022c7fbb6cb5dec0f36b180c7a486071301935728ec3511a5987d2c4	799ef6aeb5a8044535757298526b8773b2e92eab975ee6692c9318f5c868855a	archived	archive-by-series/65-bridge-and-provenance/14_R7-certificate.txt	source-only	computation	Source-only bytes preserved once at the canonical target under the frozen archive boundary; original source path remains an alias. Kind is a navigation label based on file type, path, and title; it does not upgrade evidence.
dongxuelian2/strict-layer-proof-research	https://github.com/dongxuelian2/strict-layer-proof-research	main	912fb4b67419d69c8c7d805b7fd2fcadd26e9a7a	archive-by-series/65-bridge-and-provenance/14_R8-certificate.txt	912fb4b67419d69c8c7d805b7fd2fcadd26e9a7a	f085675e328a01f93d7ae19da46691d03a84314e	2c250aea8ef008a37e62cb872aa92b70b1eafb65c3f557313a5bc025304fd461	5ef7dbc0d0c5a7a525c8465560ae690f507f1906d6d2cebc437cec3ed3e0fab5			research/archive/strict-layer-proof-research/archive-by-series/65-bridge-and-provenance/14_R8-certificate.txt	2c250aea8ef008a37e62cb872aa92b70b1eafb65c3f557313a5bc025304fd461	5ef7dbc0d0c5a7a525c8465560ae690f507f1906d6d2cebc437cec3ed3e0fab5	archived	archive-by-series/65-bridge-and-provenance/14_R8-certificate.txt	source-only	computation	Source-only bytes preserved once at the canonical target under the frozen archive boundary; original source path remains an alias. Kind is a navigation label based on file type, path, and title; it does not upgrade evidence.
dongxuelian2/strict-layer-proof-research	https://github.com/dongxuelian2/strict-layer-proof-research	main	912fb4b67419d69c8c7d805b7fd2fcadd26e9a7a	archive-by-series/65-bridge-and-provenance/14_USSPAL_route_viability.md	912fb4b67419d69c8c7d805b7fd2fcadd26e9a7a	94334c41da853e07b83f3982aeb481b522114cf3	d3d2b07e7077bfa7dc0b0372f063bf012f30f26eb29ac8fbb09faabd79194506	7f16b3b124bb3cec3aa4c2ec16ae965eac4d04f5ee0120a39a1c8dcd4d183e29	research/strict/campaigns/75/14_USSPAL_route_viability.md	7f16b3b124bb3cec3aa4c2ec16ae965eac4d04f5ee0120a39a1c8dcd4d183e29	research/a1/records/usspal-route-viability.md	d3d2b07e7077bfa7dc0b0372f063bf012f30f26eb29ac8fbb09faabd79194506	7f16b3b124bb3cec3aa4c2ec16ae965eac4d04f5ee0120a39a1c8dcd4d183e29	canonical	archive-by-series/65-bridge-and-provenance/14_USSPAL_route_viability.md	exact-duplicate	attempt	Exact byte duplicate of the canonical target; this source path is retained as provenance and no second canonical copy is created. Kind is a navigation label based on file type, path, and title; it does not upgrade evidence.
dongxuelian2/strict-layer-proof-research	https://github.com/dongxuelian2/strict-layer-proof-research	main	912fb4b67419d69c8c7d805b7fd2fcadd26e9a7a	archive-by-series/65-bridge-and-provenance/15_R4_terminal_verdict.md	912fb4b67419d69c8c7d805b7fd2fcadd26e9a7a	e2b665d0f4de90b4b9ec81a55ceb8dd07c07ceef	d37eca340090b71b2c152812b484373c1a0f292727dcdbee77b97cf6077331d4	66739c97703759d6ab79ff184fd7083677e3c23b0a1368d9c7b4f755e72524ee	research/strict/campaigns/75/15_R4_terminal_verdict.md	66739c97703759d6ab79ff184fd7083677e3c23b0a1368d9c7b4f755e72524ee	research/a1/records/r4-terminal-verdict.md	d37eca340090b71b2c152812b484373c1a0f292727dcdbee77b97cf6077331d4	66739c97703759d6ab79ff184fd7083677e3c23b0a1368d9c7b4f755e72524ee	canonical	archive-by-series/65-bridge-and-provenance/15_R4_terminal_verdict.md	exact-duplicate	attempt	Exact byte duplicate of the canonical target; this source path is retained as provenance and no second canonical copy is created. Kind is a navigation label based on file type, path, and title; it does not upgrade evidence.
dongxuelian2/strict-layer-proof-research	https://github.com/dongxuelian2/strict-layer-proof-research	main	912fb4b67419d69c8c7d805b7fd2fcadd26e9a7a	archive-by-series/65-bridge-and-provenance/15_remaining_new_mathematics.md	912fb4b67419d69c8c7d805b7fd2fcadd26e9a7a	fbf0b1ea7312c95868069b0a623997bc3d624175	eec810282ab550f4aef1840d3b255605640bfaf7f003745211ecc030b55b62dc	2019783821120d6b63bce1bf87e0a033826b3c132c2485d660ae3c7fc1aa65eb	research/strict/campaigns/75/15_remaining_new_mathematics.md	2019783821120d6b63bce1bf87e0a033826b3c132c2485d660ae3c7fc1aa65eb	research/a1/records/unresolved-mathematics.md	eec810282ab550f4aef1840d3b255605640bfaf7f003745211ecc030b55b62dc	2019783821120d6b63bce1bf87e0a033826b3c132c2485d660ae3c7fc1aa65eb	canonical	archive-by-series/65-bridge-and-provenance/15_remaining_new_mathematics.md	exact-duplicate	attempt	Exact byte duplicate of the canonical target; this source path is retained as provenance and no second canonical copy is created. Kind is a navigation label based on file type, path, and title; it does not upgrade evidence.
dongxuelian2/strict-layer-proof-research	https://github.com/dongxuelian2/strict-layer-proof-research	main	912fb4b67419d69c8c7d805b7fd2fcadd26e9a7a	archive-by-series/65-bridge-and-provenance/16_R5_terminal_verdict.md	912fb4b67419d69c8c7d805b7fd2fcadd26e9a7a	da9bbe58e5201d7beae380a4bd8d13ae6cc9d313	4f820c784e03fdf834557fa378ceb33bfd7fc9fdfb934902f413b0042ff51d13	376a1cb85131e1b40d4c9594255bb146c85d6bdc19a3030230c73de25b829d9a	research/strict/campaigns/75/16_R5_terminal_verdict.md	376a1cb85131e1b40d4c9594255bb146c85d6bdc19a3030230c73de25b829d9a	research/a1/records/r5-terminal-verdict.md	4f820c784e03fdf834557fa378ceb33bfd7fc9fdfb934902f413b0042ff51d13	376a1cb85131e1b40d4c9594255bb146c85d6bdc19a3030230c73de25b829d9a	canonical	archive-by-series/65-bridge-and-provenance/16_R5_terminal_verdict.md	exact-duplicate	attempt	Exact byte duplicate of the canonical target; this source path is retained as provenance and no second canonical copy is created. Kind is a navigation label based on file type, path, and title; it does not upgrade evidence.
dongxuelian2/strict-layer-proof-research	https://github.com/dongxuelian2/strict-layer-proof-research	main	912fb4b67419d69c8c7d805b7fd2fcadd26e9a7a	archive-by-series/65-bridge-and-provenance/17_R5-certificate.txt	912fb4b67419d69c8c7d805b7fd2fcadd26e9a7a	8dea3a0dcf3170b4dd350760026a0fe8565e7d3d	d0390834ccf6cdc9bedc8a4bb082420af83e292eafa23fd80288a11e3f39444e	14a9154e4df8d0aaedc253c6098b5b76cd7a8fd4c5f702941272a18e8c4ee6e5			research/archive/strict-layer-proof-research/archive-by-series/65-bridge-and-provenance/17_R5-certificate.txt	d0390834ccf6cdc9bedc8a4bb082420af83e292eafa23fd80288a11e3f39444e	14a9154e4df8d0aaedc253c6098b5b76cd7a8fd4c5f702941272a18e8c4ee6e5	archived	archive-by-series/65-bridge-and-provenance/17_R5-certificate.txt	source-only	computation	Source-only bytes preserved once at the canonical target under the frozen archive boundary; original source path remains an alias. Kind is a navigation label based on file type, path, and title; it does not upgrade evidence.
dongxuelian2/strict-layer-proof-research	https://github.com/dongxuelian2/strict-layer-proof-research	main	912fb4b67419d69c8c7d805b7fd2fcadd26e9a7a	archive-by-series/65-bridge-and-provenance/J2_65_R5_common.py	912fb4b67419d69c8c7d805b7fd2fcadd26e9a7a	fafa8f6e57ae5d501d74980a05407b9ad09003f0	bee75a1ba602b719a19e0f70599ffa9593de0720b942f87596a1edeb6a18572a	fe131a4f07ee4f4478a84b8dcc2bd435a6db90e35f95357bab445bef7edd48b5			research/archive/strict-layer-proof-research/archive-by-series/65-bridge-and-provenance/J2_65_R5_common.py	bee75a1ba602b719a19e0f70599ffa9593de0720b942f87596a1edeb6a18572a	fe131a4f07ee4f4478a84b8dcc2bd435a6db90e35f95357bab445bef7edd48b5	archived	archive-by-series/65-bridge-and-provenance/J2_65_R5_common.py	source-only	computation	Source-only bytes preserved once at the canonical target under the frozen archive boundary; original source path remains an alias. Kind is a navigation label based on file type, path, and title; it does not upgrade evidence.
dongxuelian2/strict-layer-proof-research	https://github.com/dongxuelian2/strict-layer-proof-research	main	912fb4b67419d69c8c7d805b7fd2fcadd26e9a7a	archive-by-series/65-bridge-and-provenance/MANIFEST.md	912fb4b67419d69c8c7d805b7fd2fcadd26e9a7a	9d02c58f0ca3e252e0a64498cd4f9fd7c0d1c28b	bd70dfafa1e4d6937c2bd6231908d9a6b8325d8c6e1011b26cfb78e4950520ac	ff1c2fa4a003a9ab083fc2a684e167278b4936ecc5f9244e1367ab14d2c0fea3			research/archive/strict-layer-proof-research/archive-by-series/65-bridge-and-provenance/MANIFEST.md	bd70dfafa1e4d6937c2bd6231908d9a6b8325d8c6e1011b26cfb78e4950520ac	ff1c2fa4a003a9ab083fc2a684e167278b4936ecc5f9244e1367ab14d2c0fea3	archived	archive-by-series/65-bridge-and-provenance/MANIFEST.md	source-only	attempt	Source-only bytes preserved once at the canonical target under the frozen archive boundary; original source path remains an alias. Kind is a navigation label based on file type, path, and title; it does not upgrade evidence.
dongxuelian2/strict-layer-proof-research	https://github.com/dongxuelian2/strict-layer-proof-research	main	912fb4b67419d69c8c7d805b7fd2fcadd26e9a7a	archive-by-series/65-bridge-and-provenance/SHA256SUMS(1).txt	912fb4b67419d69c8c7d805b7fd2fcadd26e9a7a	74bf7a582c9eec404319e757282235416cde2099	dee337d5624595d6f404847b70fc14c1e8e22c1ef5d46b11398293b5418c852c	aa8f4125f6cbe708233b699c40f985bf2d17569e6054f797d904472c0419c7e5			research/archive/strict-layer-proof-research/archive-by-series/65-bridge-and-provenance/SHA256SUMS(1).txt	dee337d5624595d6f404847b70fc14c1e8e22c1ef5d46b11398293b5418c852c	aa8f4125f6cbe708233b699c40f985bf2d17569e6054f797d904472c0419c7e5	archived	archive-by-series/65-bridge-and-provenance/SHA256SUMS(1).txt	source-only	computation	Source-only bytes preserved once at the canonical target under the frozen archive boundary; original source path remains an alias. Kind is a navigation label based on file type, path, and title; it does not upgrade evidence.
dongxuelian2/strict-layer-proof-research	https://github.com/dongxuelian2/strict-layer-proof-research	main	912fb4b67419d69c8c7d805b7fd2fcadd26e9a7a	archive-by-series/65-bridge-and-provenance/SHA256SUMS.txt	912fb4b67419d69c8c7d805b7fd2fcadd26e9a7a	961b6cb0eb87bd6cd2794bde2e792615db22f2df	6cac9a5684fc99647b462e68ddfdcc7e71194e2e36bb3862de1b9963c56e0cd3	d992913a97ab87529eb1ace4f06c71ac59cfb389b474350ecb59b5ae6232aac4			research/archive/strict-layer-proof-research/archive-by-series/65-bridge-and-provenance/SHA256SUMS.txt	6cac9a5684fc99647b462e68ddfdcc7e71194e2e36bb3862de1b9963c56e0cd3	d992913a97ab87529eb1ace4f06c71ac59cfb389b474350ecb59b5ae6232aac4	archived	archive-by-series/65-bridge-and-provenance/SHA256SUMS.txt	source-only	computation	Source-only bytes preserved once at the canonical target under the frozen archive boundary; original source path remains an alias. Kind is a navigation label based on file type, path, and title; it does not upgrade evidence.
dongxuelian2/strict-layer-proof-research	https://github.com/dongxuelian2/strict-layer-proof-research	main	912fb4b67419d69c8c7d805b7fd2fcadd26e9a7a	archive-by-series/65-bridge-and-provenance/bezout_certificates.txt	912fb4b67419d69c8c7d805b7fd2fcadd26e9a7a	f75fa14a92a26aea5eabe12c55d6c8d93a374f55	e2c0e769803b9088786fe5fc644ccab0157d9c7bb5875bb71345368c358beda8	d00114f6468593d56b495722d0cd84fb1b50e8abb8d3c308655fe0a0ce04e42d			research/archive/strict-layer-proof-research/archive-by-series/65-bridge-and-provenance/bezout_certificates.txt	e2c0e769803b9088786fe5fc644ccab0157d9c7bb5875bb71345368c358beda8	d00114f6468593d56b495722d0cd84fb1b50e8abb8d3c308655fe0a0ce04e42d	archived	archive-by-series/65-bridge-and-provenance/bezout_certificates.txt	source-only	computation	Source-only bytes preserved once at the canonical target under the frozen archive boundary; original source path remains an alias. Kind is a navigation label based on file type, path, and title; it does not upgrade evidence.
dongxuelian2/strict-layer-proof-research	https://github.com/dongxuelian2/strict-layer-proof-research	main	912fb4b67419d69c8c7d805b7fd2fcadd26e9a7a	archive-by-series/65-bridge-and-provenance/common_h_provenance_audit.txt	912fb4b67419d69c8c7d805b7fd2fcadd26e9a7a	a5114b7ffd6565ad2dbdfb84a510b1e096e6876c	135700111b0d8fe7bba9ab6aac2a9df1989c44ff8704784399abbb2de613129c	8e5dd7044c9ccf4ab5b89cae6fe17d8c182efc2b28d2d7cd78802d1f90791d2d			research/archive/strict-layer-proof-research/archive-by-series/65-bridge-and-provenance/common_h_provenance_audit.txt	135700111b0d8fe7bba9ab6aac2a9df1989c44ff8704784399abbb2de613129c	8e5dd7044c9ccf4ab5b89cae6fe17d8c182efc2b28d2d7cd78802d1f90791d2d	archived	archive-by-series/65-bridge-and-provenance/common_h_provenance_audit.txt	source-only	computation	Source-only bytes preserved once at the canonical target under the frozen archive boundary; original source path remains an alias. Kind is a navigation label based on file type, path, and title; it does not upgrade evidence.
dongxuelian2/strict-layer-proof-research	https://github.com/dongxuelian2/strict-layer-proof-research	main	912fb4b67419d69c8c7d805b7fd2fcadd26e9a7a	archive-by-series/65-bridge-and-provenance/deep_eta_congruence.txt	912fb4b67419d69c8c7d805b7fd2fcadd26e9a7a	491334625e8ef6faaf86419c0a2afc56eaad7f40	1487cd07adf183fd4b37cb9f534c5546d38287cde8d913b678790b641fcaafd7	e9dccb9de91b5d4ee85686d63273b9d0df7caf7039ab03ac9bbf70869272a71c			research/archive/strict-layer-proof-research/archive-by-series/65-bridge-and-provenance/deep_eta_congruence.txt	1487cd07adf183fd4b37cb9f534c5546d38287cde8d913b678790b641fcaafd7	e9dccb9de91b5d4ee85686d63273b9d0df7caf7039ab03ac9bbf70869272a71c	archived	archive-by-series/65-bridge-and-provenance/deep_eta_congruence.txt	source-only	computation	Source-only bytes preserved once at the canonical target under the frozen archive boundary; original source path remains an alias. Kind is a navigation label based on file type, path, and title; it does not upgrade evidence.
dongxuelian2/strict-layer-proof-research	https://github.com/dongxuelian2/strict-layer-proof-research	main	912fb4b67419d69c8c7d805b7fd2fcadd26e9a7a	archive-by-series/65-bridge-and-provenance/execution.log	912fb4b67419d69c8c7d805b7fd2fcadd26e9a7a	3bb968d84f7f3ab94f8aaba9587d6fe39045cf8e	91708027f49440b6185a22249adc2a901040d17cf9fcc464b14770e8f0fa7e46	690aef0cf73a65a3d2b31b8fbda8ebe0b9980859509147b910446003d286d43d			research/archive/strict-layer-proof-research/archive-by-series/65-bridge-and-provenance/execution.log	91708027f49440b6185a22249adc2a901040d17cf9fcc464b14770e8f0fa7e46	690aef0cf73a65a3d2b31b8fbda8ebe0b9980859509147b910446003d286d43d	archived	archive-by-series/65-bridge-and-provenance/execution.log	source-only	computation	Source-only bytes preserved once at the canonical target under the frozen archive boundary; original source path remains an alias. Kind is a navigation label based on file type, path, and title; it does not upgrade evidence.
dongxuelian2/strict-layer-proof-research	https://github.com/dongxuelian2/strict-layer-proof-research	main	912fb4b67419d69c8c7d805b7fd2fcadd26e9a7a	archive-by-series/65-bridge-and-provenance/modular_search_summary.txt	912fb4b67419d69c8c7d805b7fd2fcadd26e9a7a	6d8a91752477d484c4a522d7f6cd235571bee254	faa58cf672b059121eb91be548fad5b0c923f277fa8f4c03db7cea870ef9039c	4ec4bc8acf7f2b45269b3426a80e3bf5829691f819a3a896420c9c2219cf8ef8			research/archive/strict-layer-proof-research/archive-by-series/65-bridge-and-provenance/modular_search_summary.txt	faa58cf672b059121eb91be548fad5b0c923f277fa8f4c03db7cea870ef9039c	4ec4bc8acf7f2b45269b3426a80e3bf5829691f819a3a896420c9c2219cf8ef8	archived	archive-by-series/65-bridge-and-provenance/modular_search_summary.txt	source-only	computation	Source-only bytes preserved once at the canonical target under the frozen archive boundary; original source path remains an alias. Kind is a navigation label based on file type, path, and title; it does not upgrade evidence.
dongxuelian2/strict-layer-proof-research	https://github.com/dongxuelian2/strict-layer-proof-research	main	912fb4b67419d69c8c7d805b7fd2fcadd26e9a7a	archive-by-series/65-bridge-and-provenance/q1_defect_signature.py	912fb4b67419d69c8c7d805b7fd2fcadd26e9a7a	a20a5b31fa642ef8de0495da6716bc5ed924a444	cdeaca4a0a399ccf7ea335b4785ff3384763e93fb98bc771bdda074df167d2a3	a05dcafe679844aa7723da8fc9073fd1cc938187eb76255192704381b7fef6f2			research/archive/strict-layer-proof-research/archive-by-series/65-bridge-and-provenance/q1_defect_signature.py	cdeaca4a0a399ccf7ea335b4785ff3384763e93fb98bc771bdda074df167d2a3	a05dcafe679844aa7723da8fc9073fd1cc938187eb76255192704381b7fef6f2	archived	archive-by-series/65-bridge-and-provenance/q1_defect_signature.py	source-only	computation	Source-only bytes preserved once at the canonical target under the frozen archive boundary; original source path remains an alias. Kind is a navigation label based on file type, path, and title; it does not upgrade evidence.
dongxuelian2/strict-layer-proof-research	https://github.com/dongxuelian2/strict-layer-proof-research	main	912fb4b67419d69c8c7d805b7fd2fcadd26e9a7a	archive-by-series/65-bridge-and-provenance/q1_defect_signature.txt	912fb4b67419d69c8c7d805b7fd2fcadd26e9a7a	476cd818e7c429005dace1b4eda6435d8a0b81af	e2236f0543613d2d742e6d88d7951174bc8ce18961168cb9491ab05b2fa2334d	14770c95f67b501db0b115dc50f9971ff81f81b5b620693c4e034e1ad4b7aded			research/archive/strict-layer-proof-research/archive-by-series/65-bridge-and-provenance/q1_defect_signature.txt	e2236f0543613d2d742e6d88d7951174bc8ce18961168cb9491ab05b2fa2334d	14770c95f67b501db0b115dc50f9971ff81f81b5b620693c4e034e1ad4b7aded	archived	archive-by-series/65-bridge-and-provenance/q1_defect_signature.txt	source-only	computation	Source-only bytes preserved once at the canonical target under the frozen archive boundary; original source path remains an alias. Kind is a navigation label based on file type, path, and title; it does not upgrade evidence.
dongxuelian2/strict-layer-proof-research	https://github.com/dongxuelian2/strict-layer-proof-research	main	912fb4b67419d69c8c7d805b7fd2fcadd26e9a7a	archive-by-series/65-bridge-and-provenance/q1_defect_signature_summary.json	912fb4b67419d69c8c7d805b7fd2fcadd26e9a7a	3a4461eaf6551f041b0f31cc3322cc4c1cc144fe	aeb7212a36f0a7709dc099e7194d917cf1bbebc0b8afc8ed7f9b8d684cb71b17	234a143a8e8559a0ea6335465ac1764a801d48030e8e7ef4b38f7e76b68c61e0			research/archive/strict-layer-proof-research/archive-by-series/65-bridge-and-provenance/q1_defect_signature_summary.json	aeb7212a36f0a7709dc099e7194d917cf1bbebc0b8afc8ed7f9b8d684cb71b17	234a143a8e8559a0ea6335465ac1764a801d48030e8e7ef4b38f7e76b68c61e0	archived	archive-by-series/65-bridge-and-provenance/q1_defect_signature_summary.json	source-only	computation	Source-only bytes preserved once at the canonical target under the frozen archive boundary; original source path remains an alias. Kind is a navigation label based on file type, path, and title; it does not upgrade evidence.
dongxuelian2/strict-layer-proof-research	https://github.com/dongxuelian2/strict-layer-proof-research	main	912fb4b67419d69c8c7d805b7fd2fcadd26e9a7a	archive-by-series/65-bridge-and-provenance/qgt1_sparse_elimination.py	912fb4b67419d69c8c7d805b7fd2fcadd26e9a7a	563c04e871326dfe8a0481f1081747777266a1fd	9033a104ad30f4faeaeb09b9469a6ecf561ee9c6a1de832b917109f21b4c4ced	6530c18ff3d4cdb429237d4e0c4d1b31cdd7c4bc9ac6d18c5c09e5c09fe4a88b			research/archive/strict-layer-proof-research/archive-by-series/65-bridge-and-provenance/qgt1_sparse_elimination.py	9033a104ad30f4faeaeb09b9469a6ecf561ee9c6a1de832b917109f21b4c4ced	6530c18ff3d4cdb429237d4e0c4d1b31cdd7c4bc9ac6d18c5c09e5c09fe4a88b	archived	archive-by-series/65-bridge-and-provenance/qgt1_sparse_elimination.py	source-only	computation	Source-only bytes preserved once at the canonical target under the frozen archive boundary; original source path remains an alias. Kind is a navigation label based on file type, path, and title; it does not upgrade evidence.
dongxuelian2/strict-layer-proof-research	https://github.com/dongxuelian2/strict-layer-proof-research	main	912fb4b67419d69c8c7d805b7fd2fcadd26e9a7a	archive-by-series/65-bridge-and-provenance/qgt1_sparse_elimination.txt	912fb4b67419d69c8c7d805b7fd2fcadd26e9a7a	34adff6c7a7ee473051653a31e212d2591631650	701d6a2540db2d74ce23e2e1dacedcdb821e99a339131941eb51da53c73c6cc0	e565f3547293130281f98382e96e2e821141ddfb76e37df0e78cec2be6ecfeca			research/archive/strict-layer-proof-research/archive-by-series/65-bridge-and-provenance/qgt1_sparse_elimination.txt	701d6a2540db2d74ce23e2e1dacedcdb821e99a339131941eb51da53c73c6cc0	e565f3547293130281f98382e96e2e821141ddfb76e37df0e78cec2be6ecfeca	archived	archive-by-series/65-bridge-and-provenance/qgt1_sparse_elimination.txt	source-only	computation	Source-only bytes preserved once at the canonical target under the frozen archive boundary; original source path remains an alias. Kind is a navigation label based on file type, path, and title; it does not upgrade evidence.
dongxuelian2/strict-layer-proof-research	https://github.com/dongxuelian2/strict-layer-proof-research	main	912fb4b67419d69c8c7d805b7fd2fcadd26e9a7a	archive-by-series/65-bridge-and-provenance/r2_certificate.txt	912fb4b67419d69c8c7d805b7fd2fcadd26e9a7a	bede9e534dcd23a99ee0ef20bc5671128be516d0	70e1d963c9700f345a9a5b196cc3366883cede83d6251bfa88f590b8c25a1f1b	329fa4bc2725e98df5ae27fb8d7d55017fdea4b4be0354f197a58734c96751c3			research/archive/strict-layer-proof-research/archive-by-series/65-bridge-and-provenance/r2_certificate.txt	70e1d963c9700f345a9a5b196cc3366883cede83d6251bfa88f590b8c25a1f1b	329fa4bc2725e98df5ae27fb8d7d55017fdea4b4be0354f197a58734c96751c3	archived	archive-by-series/65-bridge-and-provenance/r2_certificate.txt	source-only	computation	Source-only bytes preserved once at the canonical target under the frozen archive boundary; original source path remains an alias. Kind is a navigation label based on file type, path, and title; it does not upgrade evidence.
dongxuelian2/strict-layer-proof-research	https://github.com/dongxuelian2/strict-layer-proof-research	main	912fb4b67419d69c8c7d805b7fd2fcadd26e9a7a	archive-by-series/65-bridge-and-provenance/r2_factor_gap_audit.py	912fb4b67419d69c8c7d805b7fd2fcadd26e9a7a	6ca999b2170958e4d3771f2ea3fd84a073a23bb4	23e58c69f463c803a512a4d7e0b888feb187d8add58cd52d8ef39e649f35862a	a08fa779e844bbb0ec790adcbb3e61431372e2b5454bd690280c2952035f18b2			research/archive/strict-layer-proof-research/archive-by-series/65-bridge-and-provenance/r2_factor_gap_audit.py	23e58c69f463c803a512a4d7e0b888feb187d8add58cd52d8ef39e649f35862a	a08fa779e844bbb0ec790adcbb3e61431372e2b5454bd690280c2952035f18b2	archived	archive-by-series/65-bridge-and-provenance/r2_factor_gap_audit.py	source-only	computation	Source-only bytes preserved once at the canonical target under the frozen archive boundary; original source path remains an alias. Kind is a navigation label based on file type, path, and title; it does not upgrade evidence.
dongxuelian2/strict-layer-proof-research	https://github.com/dongxuelian2/strict-layer-proof-research	main	912fb4b67419d69c8c7d805b7fd2fcadd26e9a7a	archive-by-series/65-bridge-and-provenance/r3_machine_summary.json	912fb4b67419d69c8c7d805b7fd2fcadd26e9a7a	948863369effc299a8b2d911696f4f12c87cff67	5c7305423ff32d1b74d6aceab540351f99c366c5ca68a5584a4df64cc2c4a497	e967c1141a5a26961d89f0e550fcf5df69d0400e2ed3c78a5ac4051bf8b51fc0			research/archive/strict-layer-proof-research/archive-by-series/65-bridge-and-provenance/r3_machine_summary.json	5c7305423ff32d1b74d6aceab540351f99c366c5ca68a5584a4df64cc2c4a497	e967c1141a5a26961d89f0e550fcf5df69d0400e2ed3c78a5ac4051bf8b51fc0	archived	archive-by-series/65-bridge-and-provenance/r3_machine_summary.json	source-only	computation	Source-only bytes preserved once at the canonical target under the frozen archive boundary; original source path remains an alias. Kind is a navigation label based on file type, path, and title; it does not upgrade evidence.
dongxuelian2/strict-layer-proof-research	https://github.com/dongxuelian2/strict-layer-proof-research	main	912fb4b67419d69c8c7d805b7fd2fcadd26e9a7a	archive-by-series/65-bridge-and-provenance/result_summary.json	912fb4b67419d69c8c7d805b7fd2fcadd26e9a7a	7b2715150ae1a0c2d758d47dd8e66e6d725ae835	2ae1509447f2572c1aee573e8619c1dbe584e26b55f8d4bf5f0e5e647d3ffcec	ea90895b953da4cb660ba2beab49a0e99524f47dda89b7ce3456817dcc624fdd			research/archive/strict-layer-proof-research/archive-by-series/65-bridge-and-provenance/result_summary.json	2ae1509447f2572c1aee573e8619c1dbe584e26b55f8d4bf5f0e5e647d3ffcec	ea90895b953da4cb660ba2beab49a0e99524f47dda89b7ce3456817dcc624fdd	archived	archive-by-series/65-bridge-and-provenance/result_summary.json	source-only	computation	Source-only bytes preserved once at the canonical target under the frozen archive boundary; original source path remains an alias. Kind is a navigation label based on file type, path, and title; it does not upgrade evidence.
dongxuelian2/strict-layer-proof-research	https://github.com/dongxuelian2/strict-layer-proof-research	main	912fb4b67419d69c8c7d805b7fd2fcadd26e9a7a	archive-by-series/65-bridge-and-provenance/source_audit.md	912fb4b67419d69c8c7d805b7fd2fcadd26e9a7a	030acc261f389f7d7f23a4d7b8753b9ff3932e1c	c036953c3608f46412b45128c7d40eed887718bdde68489d37cf4c897a093d73	e4b64123f22c05bd81a3748ff90e60354ff19bbed86fcb0dbd14e3f143ba5068			research/archive/strict-layer-proof-research/archive-by-series/65-bridge-and-provenance/source_audit.md	c036953c3608f46412b45128c7d40eed887718bdde68489d37cf4c897a093d73	e4b64123f22c05bd81a3748ff90e60354ff19bbed86fcb0dbd14e3f143ba5068	archived	archive-by-series/65-bridge-and-provenance/source_audit.md	source-only	attempt	Source-only bytes preserved once at the canonical target under the frozen archive boundary; original source path remains an alias. Kind is a navigation label based on file type, path, and title; it does not upgrade evidence.
dongxuelian2/strict-layer-proof-research	https://github.com/dongxuelian2/strict-layer-proof-research	main	912fb4b67419d69c8c7d805b7fd2fcadd26e9a7a	archive-by-series/65-bridge-and-provenance/symbolic_factorizations.txt	912fb4b67419d69c8c7d805b7fd2fcadd26e9a7a	800154f8b3503c76f6ef56fcaf9d7233962a6e4b	a743adeeed526d3b8d49c225bd4047c84ccd49158ef16d74958e4df01a66ccfb	87630d85b2a7b091a9d6cacbae7299a54b3b07bef2ce96a0be104509a2362e2a			research/archive/strict-layer-proof-research/archive-by-series/65-bridge-and-provenance/symbolic_factorizations.txt	a743adeeed526d3b8d49c225bd4047c84ccd49158ef16d74958e4df01a66ccfb	87630d85b2a7b091a9d6cacbae7299a54b3b07bef2ce96a0be104509a2362e2a	archived	archive-by-series/65-bridge-and-provenance/symbolic_factorizations.txt	source-only	computation	Source-only bytes preserved once at the canonical target under the frozen archive boundary; original source path remains an alias. Kind is a navigation label based on file type, path, and title; it does not upgrade evidence.
dongxuelian2/strict-layer-proof-research	https://github.com/dongxuelian2/strict-layer-proof-research	main	912fb4b67419d69c8c7d805b7fd2fcadd26e9a7a	archive-by-series/65-bridge-and-provenance/verify_r4_fixed_incidence.log	912fb4b67419d69c8c7d805b7fd2fcadd26e9a7a	56254e4dc8ae10dd36920d52dd0f5f8da309701a	9402822895eda58927ac2436f3068190ba992b6d0d4a96c1a56cfbf5dedf9bcb	5fa82bc0f458f5a043b19dde4af5c8c92f6a632891d4870316e1a56c82db1afd			research/archive/strict-layer-proof-research/archive-by-series/65-bridge-and-provenance/verify_r4_fixed_incidence.log	9402822895eda58927ac2436f3068190ba992b6d0d4a96c1a56cfbf5dedf9bcb	5fa82bc0f458f5a043b19dde4af5c8c92f6a632891d4870316e1a56c82db1afd	archived	archive-by-series/65-bridge-and-provenance/verify_r4_fixed_incidence.log	source-only	computation	Source-only bytes preserved once at the canonical target under the frozen archive boundary; original source path remains an alias. Kind is a navigation label based on file type, path, and title; it does not upgrade evidence.
dongxuelian2/strict-layer-proof-research	https://github.com/dongxuelian2/strict-layer-proof-research	main	912fb4b67419d69c8c7d805b7fd2fcadd26e9a7a	archive-by-series/65-bridge-and-provenance/verify_r4_fixed_incidence.py	912fb4b67419d69c8c7d805b7fd2fcadd26e9a7a	b205aa3f654b0a5f188395f535d3bedc28548486	ebfae20967014892d6814c6c384d584b157d7279f3e7e512428a0913c220f64a	b43296e45782fc3109725c41ceef0e71f3ac1b3a638051dc44937f89eb62dddf			research/archive/strict-layer-proof-research/archive-by-series/65-bridge-and-provenance/verify_r4_fixed_incidence.py	ebfae20967014892d6814c6c384d584b157d7279f3e7e512428a0913c220f64a	b43296e45782fc3109725c41ceef0e71f3ac1b3a638051dc44937f89eb62dddf	archived	archive-by-series/65-bridge-and-provenance/verify_r4_fixed_incidence.py	source-only	computation	Source-only bytes preserved once at the canonical target under the frozen archive boundary; original source path remains an alias. Kind is a navigation label based on file type, path, and title; it does not upgrade evidence.
dongxuelian2/strict-layer-proof-research	https://github.com/dongxuelian2/strict-layer-proof-research	main	912fb4b67419d69c8c7d805b7fd2fcadd26e9a7a	archive-by-series/65-bridge-and-provenance/verify_r7_factor_pair.log	912fb4b67419d69c8c7d805b7fd2fcadd26e9a7a	0835b897406448d276c9b8501d3db4005e476090	8371d2dbb98351de046bee18ac7c5d149778ab3f8b29309fa5ca587c5b5c20a0	7a36834b26cc44f0740acda92efb378c6d2dfe110c6b7d5f44966c00d4cba7a8			research/archive/strict-layer-proof-research/archive-by-series/65-bridge-and-provenance/verify_r7_factor_pair.log	8371d2dbb98351de046bee18ac7c5d149778ab3f8b29309fa5ca587c5b5c20a0	7a36834b26cc44f0740acda92efb378c6d2dfe110c6b7d5f44966c00d4cba7a8	archived	archive-by-series/65-bridge-and-provenance/verify_r7_factor_pair.log	source-only	computation	Source-only bytes preserved once at the canonical target under the frozen archive boundary; original source path remains an alias. Kind is a navigation label based on file type, path, and title; it does not upgrade evidence.
dongxuelian2/strict-layer-proof-research	https://github.com/dongxuelian2/strict-layer-proof-research	main	912fb4b67419d69c8c7d805b7fd2fcadd26e9a7a	archive-by-series/65-bridge-and-provenance/verify_r7_factor_pair.py	912fb4b67419d69c8c7d805b7fd2fcadd26e9a7a	19bbe3a36d4e407ebe2d0718f53139ea0b9348b1	f9f0ddee31257c4bf0ac508f7ff211c04175d6420d7c93c99643dec8bd946441	2016f141b28877ed8bdc1114e1aaf5839e665b4d70d39f620cbc0e8dfd66f6e0			research/archive/strict-layer-proof-research/archive-by-series/65-bridge-and-provenance/verify_r7_factor_pair.py	f9f0ddee31257c4bf0ac508f7ff211c04175d6420d7c93c99643dec8bd946441	2016f141b28877ed8bdc1114e1aaf5839e665b4d70d39f620cbc0e8dfd66f6e0	archived	archive-by-series/65-bridge-and-provenance/verify_r7_factor_pair.py	source-only	computation	Source-only bytes preserved once at the canonical target under the frozen archive boundary; original source path remains an alias. Kind is a navigation label based on file type, path, and title; it does not upgrade evidence.
dongxuelian2/strict-layer-proof-research	https://github.com/dongxuelian2/strict-layer-proof-research	main	912fb4b67419d69c8c7d805b7fd2fcadd26e9a7a	archive-by-series/65-bridge-and-provenance/verify_r7b_oriented_gate.py	912fb4b67419d69c8c7d805b7fd2fcadd26e9a7a	5995bfd32efb4c69183112056d4b58f578e4185c	a6dd43803ae1a61da0b1dfbfd259c0da6eca73cc50000bed15838617ffb6f662	b00f76b4e55816738e5df5a8b4bc745b9106e079d27f69c6f75159145920b79f			research/archive/strict-layer-proof-research/archive-by-series/65-bridge-and-provenance/verify_r7b_oriented_gate.py	a6dd43803ae1a61da0b1dfbfd259c0da6eca73cc50000bed15838617ffb6f662	b00f76b4e55816738e5df5a8b4bc745b9106e079d27f69c6f75159145920b79f	archived	archive-by-series/65-bridge-and-provenance/verify_r7b_oriented_gate.py	source-only	computation	Source-only bytes preserved once at the canonical target under the frozen archive boundary; original source path remains an alias. Kind is a navigation label based on file type, path, and title; it does not upgrade evidence.
dongxuelian2/strict-layer-proof-research	https://github.com/dongxuelian2/strict-layer-proof-research	main	912fb4b67419d69c8c7d805b7fd2fcadd26e9a7a	archive-by-series/65-bridge-and-provenance/verify_r7c_psdg.py	912fb4b67419d69c8c7d805b7fd2fcadd26e9a7a	c7cb262eb6fbca8c30a55a044cf94d2d6f8df6c3	eee5c7599d2d7d53f89a4c6c8969f99815eb8b40cc783408fcdfb92aa6a95853	38287baf51186bf5418dfd28328dc4c63a11de41df13d06e9a13b12d36509f6c			research/archive/strict-layer-proof-research/archive-by-series/65-bridge-and-provenance/verify_r7c_psdg.py	eee5c7599d2d7d53f89a4c6c8969f99815eb8b40cc783408fcdfb92aa6a95853	38287baf51186bf5418dfd28328dc4c63a11de41df13d06e9a13b12d36509f6c	archived	archive-by-series/65-bridge-and-provenance/verify_r7c_psdg.py	source-only	computation	Source-only bytes preserved once at the canonical target under the frozen archive boundary; original source path remains an alias. Kind is a navigation label based on file type, path, and title; it does not upgrade evidence.
dongxuelian2/strict-layer-proof-research	https://github.com/dongxuelian2/strict-layer-proof-research	main	912fb4b67419d69c8c7d805b7fd2fcadd26e9a7a	archive-by-series/65-bridge-and-provenance/verify_r7d_witnesses.py	912fb4b67419d69c8c7d805b7fd2fcadd26e9a7a	2453ec8d8d09c6d7b159d9f2974e887a33831108	1955fa25dc0ad39d56e7752d1e9a39387d909da397f13a4d052e089f7fe3de43	2eae566a0446869086c72ccf904bf2f6c15c482ced9a5763d08d6e022775b316			research/archive/strict-layer-proof-research/archive-by-series/65-bridge-and-provenance/verify_r7d_witnesses.py	1955fa25dc0ad39d56e7752d1e9a39387d909da397f13a4d052e089f7fe3de43	2eae566a0446869086c72ccf904bf2f6c15c482ced9a5763d08d6e022775b316	archived	archive-by-series/65-bridge-and-provenance/verify_r7d_witnesses.py	source-only	computation	Source-only bytes preserved once at the canonical target under the frozen archive boundary; original source path remains an alias. Kind is a navigation label based on file type, path, and title; it does not upgrade evidence.
dongxuelian2/strict-layer-proof-research	https://github.com/dongxuelian2/strict-layer-proof-research	main	912fb4b67419d69c8c7d805b7fd2fcadd26e9a7a	archive-by-series/65-bridge-and-provenance/verify_r8_radial.py	912fb4b67419d69c8c7d805b7fd2fcadd26e9a7a	0ce924bcff60a1cb02278e0b726f2b3d910ee9b2	9f29a37299be0cce4c8df29a309d0743e4934d01838508762ecb55e38a3b2a4f	412d6bbadf69635151bbfc78de35924e1c922d9cf41b8df7cae4df31acf4e1c0			research/archive/strict-layer-proof-research/archive-by-series/65-bridge-and-provenance/verify_r8_radial.py	9f29a37299be0cce4c8df29a309d0743e4934d01838508762ecb55e38a3b2a4f	412d6bbadf69635151bbfc78de35924e1c922d9cf41b8df7cae4df31acf4e1c0	archived	archive-by-series/65-bridge-and-provenance/verify_r8_radial.py	source-only	computation	Source-only bytes preserved once at the canonical target under the frozen archive boundary; original source path remains an alias. Kind is a navigation label based on file type, path, and title; it does not upgrade evidence.
dongxuelian2/strict-layer-proof-research	https://github.com/dongxuelian2/strict-layer-proof-research	main	912fb4b67419d69c8c7d805b7fd2fcadd26e9a7a	archive-by-series/65-bridge-and-provenance/verify_s3_counterfamily.py	912fb4b67419d69c8c7d805b7fd2fcadd26e9a7a	f58d6471a861b7606126ee6e68b8c7d7a211daac	b71ea60089a6bd2664e46d91799dc92a5ad325b823d8af8fd402ab7f9edcd492	66d49d1ca04f6f0e5dfb598da23a46df2c1d0a27a909c547c2e2ba6f6af8b3ac			research/archive/strict-layer-proof-research/archive-by-series/65-bridge-and-provenance/verify_s3_counterfamily.py	b71ea60089a6bd2664e46d91799dc92a5ad325b823d8af8fd402ab7f9edcd492	66d49d1ca04f6f0e5dfb598da23a46df2c1d0a27a909c547c2e2ba6f6af8b3ac	archived	archive-by-series/65-bridge-and-provenance/verify_s3_counterfamily.py	source-only	computation	Source-only bytes preserved once at the canonical target under the frozen archive boundary; original source path remains an alias. Kind is a navigation label based on file type, path, and title; it does not upgrade evidence.
dongxuelian2/strict-layer-proof-research	https://github.com/dongxuelian2/strict-layer-proof-research	main	912fb4b67419d69c8c7d805b7fd2fcadd26e9a7a	archive-by-series/65-bridge-and-provenance/第三个八五计划_R1_归档.md	912fb4b67419d69c8c7d805b7fd2fcadd26e9a7a	fe10626d64c1410ee1fb8bfe0a7cc99447dc3a06	2fc11b0b66b0a2cbb52cdca5069a1fc80e393ab58691da0838f60331482f7cdf	efe1d51582a105f5f685084bd3da8bf963cbb183e7b8926b94d71953ee6795c3	research/strict/campaigns/85/第三个八五计划_R1_归档.md	efe1d51582a105f5f685084bd3da8bf963cbb183e7b8926b94d71953ee6795c3	research/a1/records/cross-fibre-entry.md	2fc11b0b66b0a2cbb52cdca5069a1fc80e393ab58691da0838f60331482f7cdf	efe1d51582a105f5f685084bd3da8bf963cbb183e7b8926b94d71953ee6795c3	canonical	archive-by-series/65-bridge-and-provenance/第三个八五计划_R1_归档.md	exact-duplicate	attempt	Exact byte duplicate of the canonical target; this source path is retained as provenance and no second canonical copy is created. Kind is a navigation label based on file type, path, and title; it does not upgrade evidence.
dongxuelian2/strict-layer-proof-research	https://github.com/dongxuelian2/strict-layer-proof-research	main	912fb4b67419d69c8c7d805b7fd2fcadd26e9a7a	archive-by-series/70-85/85_R10_MovingBase_Globalization_and_Gamma10_Activation_Audit.md	912fb4b67419d69c8c7d805b7fd2fcadd26e9a7a	42c128f7b4f6b365224da318d91b417f41a90b1e	8ba3bf129de024114aea4dfedaa2451ec960ccc5203ad614405557ff74bbc000	d498a909151152ac9c24d22bd298d4937116671876743be8e92993e60647580d	research/strict/campaigns/85/85_R10_MovingBase_Globalization_and_Gamma10_Activation_Audit.md	d498a909151152ac9c24d22bd298d4937116671876743be8e92993e60647580d	research/a1/records/movingbase-globalization-gamma10-activation-audit.md	8ba3bf129de024114aea4dfedaa2451ec960ccc5203ad614405557ff74bbc000	d498a909151152ac9c24d22bd298d4937116671876743be8e92993e60647580d	canonical	archive-by-series/70-85/85_R10_MovingBase_Globalization_and_Gamma10_Activation_Audit.md	exact-duplicate	attempt	Exact byte duplicate of the canonical target; this source path is retained as provenance and no second canonical copy is created. Kind is a navigation label based on file type, path, and title; it does not upgrade evidence.
dongxuelian2/strict-layer-proof-research	https://github.com/dongxuelian2/strict-layer-proof-research	main	912fb4b67419d69c8c7d805b7fd2fcadd26e9a7a	archive-by-series/70-85/85_R11_PhaseII_Moving_Square_Theorem_and_Launch_Plan.md	912fb4b67419d69c8c7d805b7fd2fcadd26e9a7a	4ea6b079ae6682ed77d6ec8e363061be32c4d740	6f3ad749b6970d4081c568cbc6043af3aa5c79dd56f9a1fd81d8d63fdc97f491	b36110bee7d07f2e60af24175d648acc83ced2e0187030129773a7215e00eae8	research/strict/campaigns/85/85_R11_PhaseII_Moving_Square_Theorem_and_Launch_Plan.md	b36110bee7d07f2e60af24175d648acc83ced2e0187030129773a7215e00eae8	research/a1/records/phaseii-moving-square-theorem-launch.md	6f3ad749b6970d4081c568cbc6043af3aa5c79dd56f9a1fd81d8d63fdc97f491	b36110bee7d07f2e60af24175d648acc83ced2e0187030129773a7215e00eae8	canonical	archive-by-series/70-85/85_R11_PhaseII_Moving_Square_Theorem_and_Launch_Plan.md	exact-duplicate	result	Exact byte duplicate of the canonical target; this source path is retained as provenance and no second canonical copy is created. Kind is a navigation label based on file type, path, and title; it does not upgrade evidence.
dongxuelian2/strict-layer-proof-research	https://github.com/dongxuelian2/strict-layer-proof-research	main	912fb4b67419d69c8c7d805b7fd2fcadd26e9a7a	archive-by-series/70-85/85_R11_R1_R10_Full_Architecture_Autopsy_and_PhaseI_Freeze.md	912fb4b67419d69c8c7d805b7fd2fcadd26e9a7a	fb7df3266fec0ffdeee477c9bb860d00552af377	a2ac4759c6c47056561619c59f3be3b58cf2f16f9b25544222fdd96dc147e07b	66bafd1c4bb6e23478ac04ec39045b015099cf68ccba6161bb0a3af02002de75	research/strict/campaigns/85/85_R11_R1_R10_Full_Architecture_Autopsy_and_PhaseI_Freeze.md	66bafd1c4bb6e23478ac04ec39045b015099cf68ccba6161bb0a3af02002de75	research/a1/records/r1-r10-full-architecture-autopsy-phasei-freeze.md	a2ac4759c6c47056561619c59f3be3b58cf2f16f9b25544222fdd96dc147e07b	66bafd1c4bb6e23478ac04ec39045b015099cf68ccba6161bb0a3af02002de75	canonical	archive-by-series/70-85/85_R11_R1_R10_Full_Architecture_Autopsy_and_PhaseI_Freeze.md	exact-duplicate	failure	Exact byte duplicate of the canonical target; this source path is retained as provenance and no second canonical copy is created. Kind is a navigation label based on file type, path, and title; it does not upgrade evidence.
dongxuelian2/strict-layer-proof-research	https://github.com/dongxuelian2/strict-layer-proof-research	main	912fb4b67419d69c8c7d805b7fd2fcadd26e9a7a	archive-by-series/70-85/85_R1_J2_Terminal_Recompression_and_Minimal_Survivor.md	912fb4b67419d69c8c7d805b7fd2fcadd26e9a7a	2b3f9bfc053f16a55a83d8c3290a9226cccf82a4	2be98c45adaf3d39162208774863d3da2ba5123accb401ce0c8f4a27b609e7df	d8acfadc714d7d61b4c8760f3435d16dc53d5095345797fb6e4e521d48178360	research/strict/campaigns/85/85_R1_J2_Terminal_Recompression_and_Minimal_Survivor.md	d8acfadc714d7d61b4c8760f3435d16dc53d5095345797fb6e4e521d48178360	research/a1/records/j2-terminal-recompression-minimal-survivor.md	2be98c45adaf3d39162208774863d3da2ba5123accb401ce0c8f4a27b609e7df	d8acfadc714d7d61b4c8760f3435d16dc53d5095345797fb6e4e521d48178360	canonical	archive-by-series/70-85/85_R1_J2_Terminal_Recompression_and_Minimal_Survivor.md	exact-duplicate	literature	Exact byte duplicate of the canonical target; this source path is retained as provenance and no second canonical copy is created. Kind is a navigation label based on file type, path, and title; it does not upgrade evidence.
dongxuelian2/strict-layer-proof-research	https://github.com/dongxuelian2/strict-layer-proof-research	main	912fb4b67419d69c8c7d805b7fd2fcadd26e9a7a	archive-by-series/70-85/85_R1_R5_First_Five_Round_Closure_Checkpoint.md	912fb4b67419d69c8c7d805b7fd2fcadd26e9a7a	d73f1d2a0cfeecdde731a8337205df722467df75	27c25f8cc0589df0180172e14100d2feb6e79da94156d6b67a8e2c69e7e55e8b	11f7a9db8e0c7216195b63ae6b3c2509e24e2c78698729be45e3130589baf38e	research/strict/campaigns/85/85_R1_R5_First_Five_Round_Closure_Checkpoint.md	11f7a9db8e0c7216195b63ae6b3c2509e24e2c78698729be45e3130589baf38e	research/a1/records/r5-first-five-closure.md	27c25f8cc0589df0180172e14100d2feb6e79da94156d6b67a8e2c69e7e55e8b	11f7a9db8e0c7216195b63ae6b3c2509e24e2c78698729be45e3130589baf38e	canonical	archive-by-series/70-85/85_R1_R5_First_Five_Round_Closure_Checkpoint.md	exact-duplicate	result	Exact byte duplicate of the canonical target; this source path is retained as provenance and no second canonical copy is created. Kind is a navigation label based on file type, path, and title; it does not upgrade evidence.
dongxuelian2/strict-layer-proof-research	https://github.com/dongxuelian2/strict-layer-proof-research	main	912fb4b67419d69c8c7d805b7fd2fcadd26e9a7a	archive-by-series/70-85/85_R2_Euclidean_Quotient_and_Floor_Carry_Explicitization.md	912fb4b67419d69c8c7d805b7fd2fcadd26e9a7a	c07366f2351dd605efae9089fdc03583d43d9524	ba5898336ada6e17b21e6a233099e83cc2a170c93595836f050d69ef86c5b903	8b6bafaa2eeb3ceb3f4b3022d0fd27f811a735ef84af164f23908d202faca0e7	research/strict/campaigns/85/85_R2_Euclidean_Quotient_and_Floor_Carry_Explicitization.md	8b6bafaa2eeb3ceb3f4b3022d0fd27f811a735ef84af164f23908d202faca0e7	research/a1/records/euclidean-quotient-floor-carry-explicitization.md	ba5898336ada6e17b21e6a233099e83cc2a170c93595836f050d69ef86c5b903	8b6bafaa2eeb3ceb3f4b3022d0fd27f811a735ef84af164f23908d202faca0e7	canonical	archive-by-series/70-85/85_R2_Euclidean_Quotient_and_Floor_Carry_Explicitization.md	exact-duplicate	attempt	Exact byte duplicate of the canonical target; this source path is retained as provenance and no second canonical copy is created. Kind is a navigation label based on file type, path, and title; it does not upgrade evidence.
dongxuelian2/strict-layer-proof-research	https://github.com/dongxuelian2/strict-layer-proof-research	main	912fb4b67419d69c8c7d805b7fd2fcadd26e9a7a	archive-by-series/70-85/85_R2_Quotient_Explicitization_symbolic.py	912fb4b67419d69c8c7d805b7fd2fcadd26e9a7a	d851ec53b848fddf0a8b8b7e8824ad147b7291ab	91382cc5651b48e65c875deeb1afb379a214ff7eb12418c63bdcd0780199b2c2	7921aa358423a2474268738ed22ddcb7e9f64e69eb6ba8baa9ac3b77555f224b			research/archive/strict-layer-proof-research/archive-by-series/70-85/85_R2_Quotient_Explicitization_symbolic.py	91382cc5651b48e65c875deeb1afb379a214ff7eb12418c63bdcd0780199b2c2	7921aa358423a2474268738ed22ddcb7e9f64e69eb6ba8baa9ac3b77555f224b	archived	archive-by-series/70-85/85_R2_Quotient_Explicitization_symbolic.py	source-only	computation	Source-only bytes preserved once at the canonical target under the frozen archive boundary; original source path remains an alias. Kind is a navigation label based on file type, path, and title; it does not upgrade evidence.
dongxuelian2/strict-layer-proof-research	https://github.com/dongxuelian2/strict-layer-proof-research	main	912fb4b67419d69c8c7d805b7fd2fcadd26e9a7a	archive-by-series/70-85/85_R2_symbolic_execution.log	912fb4b67419d69c8c7d805b7fd2fcadd26e9a7a	62703e1ba91c8ee8823529e9cb1512dca7604340	18d8f8bb68b81c0f1cfedb5882277ae5311460b4571beef941edcc204f4be14c	e85833bbf8f20c10f46aa089c09170842a8efa0fcf5398002086e1798a2870a6			research/archive/strict-layer-proof-research/archive-by-series/70-85/85_R2_symbolic_execution.log	18d8f8bb68b81c0f1cfedb5882277ae5311460b4571beef941edcc204f4be14c	e85833bbf8f20c10f46aa089c09170842a8efa0fcf5398002086e1798a2870a6	archived	archive-by-series/70-85/85_R2_symbolic_execution.log	source-only	computation	Source-only bytes preserved once at the canonical target under the frozen archive boundary; original source path remains an alias. Kind is a navigation label based on file type, path, and title; it does not upgrade evidence.
dongxuelian2/strict-layer-proof-research	https://github.com/dongxuelian2/strict-layer-proof-research	main	912fb4b67419d69c8c7d805b7fd2fcadd26e9a7a	archive-by-series/70-85/85_R3_Source_Cut_Residual_Exclusion_and_Regular_J2_Closure.md	912fb4b67419d69c8c7d805b7fd2fcadd26e9a7a	e8f0ee4cd06f5d6bd87ae45c53dea4d78dd9841b	d5c78b9e40231110a62a1bf3b7229c5aef500e98cd15df2986b6facf839cdec2	7dffe06fc337f16f26d57c9033c4f3dc98b499cc4c3052de781b40d534cbba66	research/strict/campaigns/85/85_R3_Source_Cut_Residual_Exclusion_and_Regular_J2_Closure.md	7dffe06fc337f16f26d57c9033c4f3dc98b499cc4c3052de781b40d534cbba66	research/a1/records/source-cut-residual-exclusion-regular-j2-closure.md	d5c78b9e40231110a62a1bf3b7229c5aef500e98cd15df2986b6facf839cdec2	7dffe06fc337f16f26d57c9033c4f3dc98b499cc4c3052de781b40d534cbba66	canonical	archive-by-series/70-85/85_R3_Source_Cut_Residual_Exclusion_and_Regular_J2_Closure.md	exact-duplicate	result	Exact byte duplicate of the canonical target; this source path is retained as provenance and no second canonical copy is created. Kind is a navigation label based on file type, path, and title; it does not upgrade evidence.
dongxuelian2/strict-layer-proof-research	https://github.com/dongxuelian2/strict-layer-proof-research	main	912fb4b67419d69c8c7d805b7fd2fcadd26e9a7a	archive-by-series/70-85/85_R4_Primitive_Odd_Prime_Allocation_and_Source_Divisor_Image.md	912fb4b67419d69c8c7d805b7fd2fcadd26e9a7a	fa056ca43d64135ca8a44c17ebea560d8bf0a023	9dc0d7403f36b2761938c33e9496d9d4abccbfea484469965eadbad4c656b64a	be9352b89dcfda68f0e8c6e44f3d5357e51977106ff41f25574dc4e393d95a67	research/strict/campaigns/85/85_R4_Primitive_Odd_Prime_Allocation_and_Source_Divisor_Image.md	be9352b89dcfda68f0e8c6e44f3d5357e51977106ff41f25574dc4e393d95a67	research/a1/records/primitive-odd-prime-allocation-source-divisor-image.md	9dc0d7403f36b2761938c33e9496d9d4abccbfea484469965eadbad4c656b64a	be9352b89dcfda68f0e8c6e44f3d5357e51977106ff41f25574dc4e393d95a67	canonical	archive-by-series/70-85/85_R4_Primitive_Odd_Prime_Allocation_and_Source_Divisor_Image.md	exact-duplicate	attempt	Exact byte duplicate of the canonical target; this source path is retained as provenance and no second canonical copy is created. Kind is a navigation label based on file type, path, and title; it does not upgrade evidence.
dongxuelian2/strict-layer-proof-research	https://github.com/dongxuelian2/strict-layer-proof-research	main	912fb4b67419d69c8c7d805b7fd2fcadd26e9a7a	archive-by-series/70-85/85_R5_PreRoot_Order_Collision_and_Digit_Window.md	912fb4b67419d69c8c7d805b7fd2fcadd26e9a7a	01b388de3c1c36d831b2bfbe893f150b33a38548	2d1c65985fe6ad6ddc0560fc8a8481fefbfd939158dfac0440077c780607c04c	ce8fc9ba9e4b98026a81b86713c1450afaca3bbfe4bd9dfec4e5344ecbc38950	research/strict/campaigns/85/85_R5_PreRoot_Order_Collision_and_Digit_Window.md	ce8fc9ba9e4b98026a81b86713c1450afaca3bbfe4bd9dfec4e5344ecbc38950	research/a1/records/preroot-order-collision-digit-window.md	2d1c65985fe6ad6ddc0560fc8a8481fefbfd939158dfac0440077c780607c04c	ce8fc9ba9e4b98026a81b86713c1450afaca3bbfe4bd9dfec4e5344ecbc38950	canonical	archive-by-series/70-85/85_R5_PreRoot_Order_Collision_and_Digit_Window.md	exact-duplicate	attempt	Exact byte duplicate of the canonical target; this source path is retained as provenance and no second canonical copy is created. Kind is a navigation label based on file type, path, and title; it does not upgrade evidence.
dongxuelian2/strict-layer-proof-research	https://github.com/dongxuelian2/strict-layer-proof-research	main	912fb4b67419d69c8c7d805b7fd2fcadd26e9a7a	archive-by-series/70-85/85_R5_order_diagnostic.py	912fb4b67419d69c8c7d805b7fd2fcadd26e9a7a	b5eda350a033034e19023de7705cb6652bbc2818	c426b0c5bf92a1a56db34890cf984602d40bb630983fe923fd41c309033cd884	97d48147d37e8832b1a6b14702d22f74643e29bb47d3721571cf0bcf5f5ae35f			research/archive/strict-layer-proof-research/archive-by-series/70-85/85_R5_order_diagnostic.py	c426b0c5bf92a1a56db34890cf984602d40bb630983fe923fd41c309033cd884	97d48147d37e8832b1a6b14702d22f74643e29bb47d3721571cf0bcf5f5ae35f	archived	archive-by-series/70-85/85_R5_order_diagnostic.py	source-only	computation	Source-only bytes preserved once at the canonical target under the frozen archive boundary; original source path remains an alias. Kind is a navigation label based on file type, path, and title; it does not upgrade evidence.
dongxuelian2/strict-layer-proof-research	https://github.com/dongxuelian2/strict-layer-proof-research	main	912fb4b67419d69c8c7d805b7fd2fcadd26e9a7a	archive-by-series/70-85/85_R5_order_diagnostic_certificate.txt	912fb4b67419d69c8c7d805b7fd2fcadd26e9a7a	dfce66106ea83fdbff6094f5aca61f48cc79d6a6	14a0d4ff9e4efffe42bff4bda9a67e125df132f7e297bdb16d406e6c60bd0f2a	aa157ef3c41d69aac9b946f8f9efbbe33f305ae93c4033f7c3357f30b397cda2			research/archive/strict-layer-proof-research/archive-by-series/70-85/85_R5_order_diagnostic_certificate.txt	14a0d4ff9e4efffe42bff4bda9a67e125df132f7e297bdb16d406e6c60bd0f2a	aa157ef3c41d69aac9b946f8f9efbbe33f305ae93c4033f7c3357f30b397cda2	archived	archive-by-series/70-85/85_R5_order_diagnostic_certificate.txt	source-only	computation	Source-only bytes preserved once at the canonical target under the frozen archive boundary; original source path remains an alias. Kind is a navigation label based on file type, path, and title; it does not upgrade evidence.
dongxuelian2/strict-layer-proof-research	https://github.com/dongxuelian2/strict-layer-proof-research	main	912fb4b67419d69c8c7d805b7fd2fcadd26e9a7a	archive-by-series/70-85/85_R6_N0_Split_Family_x_FullWord_Source_Projection_Rearchitecture.md	912fb4b67419d69c8c7d805b7fd2fcadd26e9a7a	0e1a144bc494527785055bf48e60389f74399cc5	c956b8d455d868d534713af4faecad5baa4f0da30276ff3fcace57269195fe0c	eb052cce1d90a6e45f07fd94b28f175f4b703f758807689302ac5ff2a3e9608b	research/strict/campaigns/85/85_R6_N0_Split_Family_x_FullWord_Source_Projection_Rearchitecture.md	eb052cce1d90a6e45f07fd94b28f175f4b703f758807689302ac5ff2a3e9608b	research/a1/records/n0-split-family-x-fullword-source-projection-rearchitecture.md	c956b8d455d868d534713af4faecad5baa4f0da30276ff3fcace57269195fe0c	eb052cce1d90a6e45f07fd94b28f175f4b703f758807689302ac5ff2a3e9608b	canonical	archive-by-series/70-85/85_R6_N0_Split_Family_x_FullWord_Source_Projection_Rearchitecture.md	exact-duplicate	attempt	Exact byte duplicate of the canonical target; this source path is retained as provenance and no second canonical copy is created. Kind is a navigation label based on file type, path, and title; it does not upgrade evidence.
dongxuelian2/strict-layer-proof-research	https://github.com/dongxuelian2/strict-layer-proof-research	main	912fb4b67419d69c8c7d805b7fd2fcadd26e9a7a	archive-by-series/70-85/85_R6_N0_fullword_projection_certificate.txt	912fb4b67419d69c8c7d805b7fd2fcadd26e9a7a	b2f93bc85b47ffe0df93774bd751039c1a4428d4	1a8df4e622085146adf66d77b9a7e6ebc636528ef0f49df4f6b67a094e112fa1	59e0cfd44dceaacb2875d20518b417c81db40180da8daeedad1f0da291cd7990			research/archive/strict-layer-proof-research/archive-by-series/70-85/85_R6_N0_fullword_projection_certificate.txt	1a8df4e622085146adf66d77b9a7e6ebc636528ef0f49df4f6b67a094e112fa1	59e0cfd44dceaacb2875d20518b417c81db40180da8daeedad1f0da291cd7990	archived	archive-by-series/70-85/85_R6_N0_fullword_projection_certificate.txt	source-only	computation	Source-only bytes preserved once at the canonical target under the frozen archive boundary; original source path remains an alias. Kind is a navigation label based on file type, path, and title; it does not upgrade evidence.
dongxuelian2/strict-layer-proof-research	https://github.com/dongxuelian2/strict-layer-proof-research	main	912fb4b67419d69c8c7d805b7fd2fcadd26e9a7a	archive-by-series/70-85/85_R6_N0_fullword_projection_diagnostic.py	912fb4b67419d69c8c7d805b7fd2fcadd26e9a7a	3fa9590a6eb37a68a8b8ac9ff2d46b04d589ea19	2095da0646488a35e0b814eafa05eb873be0bccd6d2788a98418077a4183bfce	5545c4abe9cbfb35351d69d92d0cd14acba655d5dca207af4f01e91e98dc6f2a			research/archive/strict-layer-proof-research/archive-by-series/70-85/85_R6_N0_fullword_projection_diagnostic.py	2095da0646488a35e0b814eafa05eb873be0bccd6d2788a98418077a4183bfce	5545c4abe9cbfb35351d69d92d0cd14acba655d5dca207af4f01e91e98dc6f2a	archived	archive-by-series/70-85/85_R6_N0_fullword_projection_diagnostic.py	source-only	computation	Source-only bytes preserved once at the canonical target under the frozen archive boundary; original source path remains an alias. Kind is a navigation label based on file type, path, and title; it does not upgrade evidence.
dongxuelian2/strict-layer-proof-research	https://github.com/dongxuelian2/strict-layer-proof-research	main	912fb4b67419d69c8c7d805b7fd2fcadd26e9a7a	archive-by-series/70-85/85_R6_R10_Second_Five_Round_Architecture_Shock_Checkpoint.md	912fb4b67419d69c8c7d805b7fd2fcadd26e9a7a	5cfef0dfdc819a0d77f0f294490f3bc96bef8b46	17afbbb2e2978b5c72e07afcc70f727f8dc0b553008f1417a2296546517547cf	aa324348169a83238b80a3d1a7add5ce39c566db387ab7ba3677596b11ec5d8e	research/strict/campaigns/85/85_R6_R10_Second_Five_Round_Architecture_Shock_Checkpoint.md	aa324348169a83238b80a3d1a7add5ce39c566db387ab7ba3677596b11ec5d8e	research/a1/records/r10-second-five-architecture-shock.md	17afbbb2e2978b5c72e07afcc70f727f8dc0b553008f1417a2296546517547cf	aa324348169a83238b80a3d1a7add5ce39c566db387ab7ba3677596b11ec5d8e	canonical	archive-by-series/70-85/85_R6_R10_Second_Five_Round_Architecture_Shock_Checkpoint.md	exact-duplicate	attempt	Exact byte duplicate of the canonical target; this source path is retained as provenance and no second canonical copy is created. Kind is a navigation label based on file type, path, and title; it does not upgrade evidence.
dongxuelian2/strict-layer-proof-research	https://github.com/dongxuelian2/strict-layer-proof-research	main	912fb4b67419d69c8c7d805b7fd2fcadd26e9a7a	archive-by-series/70-85/85_R6_live_N0_split_base_scan.py	912fb4b67419d69c8c7d805b7fd2fcadd26e9a7a	f4eda7db15a9f1305843769b20c1bb36ae867324	abaa5c44a3bd583b1ad4902ca0866c0e06d884297b7e2a241d9b9e1185bc8378	6a5fcb41e2e7d17aba46407520d8670401d2d985f4f24c9218dfdc59506ceab1			research/archive/strict-layer-proof-research/archive-by-series/70-85/85_R6_live_N0_split_base_scan.py	abaa5c44a3bd583b1ad4902ca0866c0e06d884297b7e2a241d9b9e1185bc8378	6a5fcb41e2e7d17aba46407520d8670401d2d985f4f24c9218dfdc59506ceab1	archived	archive-by-series/70-85/85_R6_live_N0_split_base_scan.py	source-only	computation	Source-only bytes preserved once at the canonical target under the frozen archive boundary; original source path remains an alias. Kind is a navigation label based on file type, path, and title; it does not upgrade evidence.
dongxuelian2/strict-layer-proof-research	https://github.com/dongxuelian2/strict-layer-proof-research	main	912fb4b67419d69c8c7d805b7fd2fcadd26e9a7a	archive-by-series/70-85/85_R6_live_N0_split_base_scan_certificate.txt	912fb4b67419d69c8c7d805b7fd2fcadd26e9a7a	29c01fef00a79fa82cf642f8ff06546221332595	37e81451696378d6270fef2bc17b6da5211a138003aedbb682884fcca5debfbb	9bf14534f845af64b3eeef9c371b2d0840112773baab33ca30e62834936957c9			research/archive/strict-layer-proof-research/archive-by-series/70-85/85_R6_live_N0_split_base_scan_certificate.txt	37e81451696378d6270fef2bc17b6da5211a138003aedbb682884fcca5debfbb	9bf14534f845af64b3eeef9c371b2d0840112773baab33ca30e62834936957c9	archived	archive-by-series/70-85/85_R6_live_N0_split_base_scan_certificate.txt	source-only	computation	Source-only bytes preserved once at the canonical target under the frozen archive boundary; original source path remains an alias. Kind is a navigation label based on file type, path, and title; it does not upgrade evidence.
dongxuelian2/strict-layer-proof-research	https://github.com/dongxuelian2/strict-layer-proof-research	main	912fb4b67419d69c8c7d805b7fd2fcadd26e9a7a	archive-by-series/70-85/85_R7_J2_Endpoint_Modular_Jump_and_CommonScale_Integer_Extinction.md	912fb4b67419d69c8c7d805b7fd2fcadd26e9a7a	207c27d0a2664fc278e8280ec04ac58ea0ce9a8e	e8401e4309a02f2b69e42459c3c303343df1a30ec5739712dcca5d585c33360e	e0f85fc13195d10e1efc6330af85726b6de338d64c1e66f0b417ec224cbf0c5e	research/strict/campaigns/85/85_R7_J2_Endpoint_Modular_Jump_and_CommonScale_Integer_Extinction.md	e0f85fc13195d10e1efc6330af85726b6de338d64c1e66f0b417ec224cbf0c5e	research/a1/records/j2-endpoint-modular-jump-commonscale-integer-extinction.md	e8401e4309a02f2b69e42459c3c303343df1a30ec5739712dcca5d585c33360e	e0f85fc13195d10e1efc6330af85726b6de338d64c1e66f0b417ec224cbf0c5e	canonical	archive-by-series/70-85/85_R7_J2_Endpoint_Modular_Jump_and_CommonScale_Integer_Extinction.md	exact-duplicate	failure	Exact byte duplicate of the canonical target; this source path is retained as provenance and no second canonical copy is created. Kind is a navigation label based on file type, path, and title; it does not upgrade evidence.
dongxuelian2/strict-layer-proof-research	https://github.com/dongxuelian2/strict-layer-proof-research	main	912fb4b67419d69c8c7d805b7fd2fcadd26e9a7a	archive-by-series/70-85/85_R7_endpoint_jump_certificate.txt	912fb4b67419d69c8c7d805b7fd2fcadd26e9a7a	8a2bf59e9271f71490519c9c9d2cc451fa6d0a4a	1a7c2e997928c586ba2d311a6641d6d98043945e0714db3b070dd5d151979009	9c73074761938d7d41ab84ebf3c206db994e919e6ebbdf06d2f18832abd0039c			research/archive/strict-layer-proof-research/archive-by-series/70-85/85_R7_endpoint_jump_certificate.txt	1a7c2e997928c586ba2d311a6641d6d98043945e0714db3b070dd5d151979009	9c73074761938d7d41ab84ebf3c206db994e919e6ebbdf06d2f18832abd0039c	archived	archive-by-series/70-85/85_R7_endpoint_jump_certificate.txt	source-only	computation	Source-only bytes preserved once at the canonical target under the frozen archive boundary; original source path remains an alias. Kind is a navigation label based on file type, path, and title; it does not upgrade evidence.
dongxuelian2/strict-layer-proof-research	https://github.com/dongxuelian2/strict-layer-proof-research	main	912fb4b67419d69c8c7d805b7fd2fcadd26e9a7a	archive-by-series/70-85/85_R7_endpoint_jump_diagnostic.py	912fb4b67419d69c8c7d805b7fd2fcadd26e9a7a	cf3b5e60c02c949b30b05e8d9a37caf1f753a0d7	2fd82edd132d0326611d9c382d21579db2b64690283d78b7f8c17be26baf042b	b17b922107b9cfa14f09bd5073b4b74a29948da30f932b5deda5ceb832ef82c9			research/archive/strict-layer-proof-research/archive-by-series/70-85/85_R7_endpoint_jump_diagnostic.py	2fd82edd132d0326611d9c382d21579db2b64690283d78b7f8c17be26baf042b	b17b922107b9cfa14f09bd5073b4b74a29948da30f932b5deda5ceb832ef82c9	archived	archive-by-series/70-85/85_R7_endpoint_jump_diagnostic.py	source-only	computation	Source-only bytes preserved once at the canonical target under the frozen archive boundary; original source path remains an alias. Kind is a navigation label based on file type, path, and title; it does not upgrade evidence.
dongxuelian2/strict-layer-proof-research	https://github.com/dongxuelian2/strict-layer-proof-research	main	912fb4b67419d69c8c7d805b7fd2fcadd26e9a7a	archive-by-series/70-85/85_R8_PLCF_Countermodel_Differential_and_SourceProjection_Termination.md	912fb4b67419d69c8c7d805b7fd2fcadd26e9a7a	c31df5ccc8b8177d4df605724b6a8dc3512603ff	8824dbdef96ce2c86d73f9857e03e56fb3a7fed33558f79dd65025f63f4d1eab	7c2a8e41d4fb609b8251be45a6c0bff1229b0041aaa8e90975be27f07cfea209	research/strict/campaigns/85/85_R8_PLCF_Countermodel_Differential_and_SourceProjection_Termination.md	7c2a8e41d4fb609b8251be45a6c0bff1229b0041aaa8e90975be27f07cfea209	research/a1/records/plcf-countermodel-differential-sourceprojection-termination.md	8824dbdef96ce2c86d73f9857e03e56fb3a7fed33558f79dd65025f63f4d1eab	7c2a8e41d4fb609b8251be45a6c0bff1229b0041aaa8e90975be27f07cfea209	canonical	archive-by-series/70-85/85_R8_PLCF_Countermodel_Differential_and_SourceProjection_Termination.md	exact-duplicate	attempt	Exact byte duplicate of the canonical target; this source path is retained as provenance and no second canonical copy is created. Kind is a navigation label based on file type, path, and title; it does not upgrade evidence.
dongxuelian2/strict-layer-proof-research	https://github.com/dongxuelian2/strict-layer-proof-research	main	912fb4b67419d69c8c7d805b7fd2fcadd26e9a7a	archive-by-series/70-85/85_R8_PLCF_gate_certificate.txt	912fb4b67419d69c8c7d805b7fd2fcadd26e9a7a	092fa07a668d738f4eb7bd594ee8d5ef263d6a11	332e8ae4b51dd3be973ceccaf371d8ec7277c8ff11e8c18f4f1909f27e3050cd	abd3091f22f0c5bf05a0f23b332d64a31021c9d09173297c2d7a66216af272d7			research/archive/strict-layer-proof-research/archive-by-series/70-85/85_R8_PLCF_gate_certificate.txt	332e8ae4b51dd3be973ceccaf371d8ec7277c8ff11e8c18f4f1909f27e3050cd	abd3091f22f0c5bf05a0f23b332d64a31021c9d09173297c2d7a66216af272d7	archived	archive-by-series/70-85/85_R8_PLCF_gate_certificate.txt	source-only	computation	Source-only bytes preserved once at the canonical target under the frozen archive boundary; original source path remains an alias. Kind is a navigation label based on file type, path, and title; it does not upgrade evidence.
dongxuelian2/strict-layer-proof-research	https://github.com/dongxuelian2/strict-layer-proof-research	main	912fb4b67419d69c8c7d805b7fd2fcadd26e9a7a	archive-by-series/70-85/85_R8_PLCF_gate_differential.py	912fb4b67419d69c8c7d805b7fd2fcadd26e9a7a	d532b59255dcee7287a8d6d3edfaa0ed84193dce	013bd550f4b873e26970b263edc407acef56db7e503c7b2431052e0e5b631b2d	c69c24f5a322fbb0e7ea45cfd98cf19e9f1fed0f75845deefe7df315ab425fd9			research/archive/strict-layer-proof-research/archive-by-series/70-85/85_R8_PLCF_gate_differential.py	013bd550f4b873e26970b263edc407acef56db7e503c7b2431052e0e5b631b2d	c69c24f5a322fbb0e7ea45cfd98cf19e9f1fed0f75845deefe7df315ab425fd9	archived	archive-by-series/70-85/85_R8_PLCF_gate_differential.py	source-only	computation	Source-only bytes preserved once at the canonical target under the frozen archive boundary; original source path remains an alias. Kind is a navigation label based on file type, path, and title; it does not upgrade evidence.
dongxuelian2/strict-layer-proof-research	https://github.com/dongxuelian2/strict-layer-proof-research	main	912fb4b67419d69c8c7d805b7fd2fcadd26e9a7a	archive-by-series/70-85/85_R9_Joint_FullRoot_x_ExactSource_Incidence_Central_Assault.md	912fb4b67419d69c8c7d805b7fd2fcadd26e9a7a	3b7fcf26be29874e77688a786cd6d65b44cf2af6	284aab80fb0c471de6f5d06eee805bfeede36f92123900155feefafa639b7c5b	443f115123128037181f3c4c2781e59ef6dcfa15afc19562fec212ea34d3cdd6	research/strict/campaigns/85/85_R9_Joint_FullRoot_x_ExactSource_Incidence_Central_Assault.md	443f115123128037181f3c4c2781e59ef6dcfa15afc19562fec212ea34d3cdd6	research/a1/records/joint-fullroot-x-exactsource-incidence-central-assault.md	284aab80fb0c471de6f5d06eee805bfeede36f92123900155feefafa639b7c5b	443f115123128037181f3c4c2781e59ef6dcfa15afc19562fec212ea34d3cdd6	canonical	archive-by-series/70-85/85_R9_Joint_FullRoot_x_ExactSource_Incidence_Central_Assault.md	exact-duplicate	attempt	Exact byte duplicate of the canonical target; this source path is retained as provenance and no second canonical copy is created. Kind is a navigation label based on file type, path, and title; it does not upgrade evidence.
dongxuelian2/strict-layer-proof-research	https://github.com/dongxuelian2/strict-layer-proof-research	main	912fb4b67419d69c8c7d805b7fd2fcadd26e9a7a	archive-by-series/70-85/85_R9_joint_incidence_certificate.py	912fb4b67419d69c8c7d805b7fd2fcadd26e9a7a	fdfc032bf4ef3e662e7ade91eca1d96371e2df27	641d3d3794a79092b1ee9f898b2cbff6d1f789256623b14c39231733d6d584f7	0322b55cd7635f644ee3446fb1b682821b0d198ec64bbb0c3c1554cdea044580			research/archive/strict-layer-proof-research/archive-by-series/70-85/85_R9_joint_incidence_certificate.py	641d3d3794a79092b1ee9f898b2cbff6d1f789256623b14c39231733d6d584f7	0322b55cd7635f644ee3446fb1b682821b0d198ec64bbb0c3c1554cdea044580	archived	archive-by-series/70-85/85_R9_joint_incidence_certificate.py	source-only	computation	Source-only bytes preserved once at the canonical target under the frozen archive boundary; original source path remains an alias. Kind is a navigation label based on file type, path, and title; it does not upgrade evidence.
dongxuelian2/strict-layer-proof-research	https://github.com/dongxuelian2/strict-layer-proof-research	main	912fb4b67419d69c8c7d805b7fd2fcadd26e9a7a	archive-by-series/70-85/85_R9_joint_incidence_certificate.txt	912fb4b67419d69c8c7d805b7fd2fcadd26e9a7a	beb8c49725104a9a054a293cba55e1b367265860	35d943fe94d39a874c6ce97976fa2e06644b54db0adc9c861e1e834b7d410a24	8e5c96b272ff84d01f7d10e01f0f7341efac4442da0cbefbf01dc68b03b89ef6			research/archive/strict-layer-proof-research/archive-by-series/70-85/85_R9_joint_incidence_certificate.txt	35d943fe94d39a874c6ce97976fa2e06644b54db0adc9c861e1e834b7d410a24	8e5c96b272ff84d01f7d10e01f0f7341efac4442da0cbefbf01dc68b03b89ef6	archived	archive-by-series/70-85/85_R9_joint_incidence_certificate.txt	source-only	computation	Source-only bytes preserved once at the canonical target under the frozen archive boundary; original source path remains an alias. Kind is a navigation label based on file type, path, and title; it does not upgrade evidence.
dongxuelian2/strict-layer-proof-research	https://github.com/dongxuelian2/strict-layer-proof-research	main	912fb4b67419d69c8c7d805b7fd2fcadd26e9a7a	archive-by-series/70-85/85_phaseII_R10_root_lattice_interlacing_certificate.py	912fb4b67419d69c8c7d805b7fd2fcadd26e9a7a	d691ddaba686c5fe396ed7e2ccb8325c6271a10b	3524dd3b603f18474c5d9ddc0ea371063eef18e7fc37b510d06cc2aa1f6fd709	1d93608a4e57edd1ebe5a1cc3bb3fb1d02540653166f800b07f6016cc7721126			research/archive/strict-layer-proof-research/archive-by-series/70-85/85_phaseII_R10_root_lattice_interlacing_certificate.py	3524dd3b603f18474c5d9ddc0ea371063eef18e7fc37b510d06cc2aa1f6fd709	1d93608a4e57edd1ebe5a1cc3bb3fb1d02540653166f800b07f6016cc7721126	archived	archive-by-series/70-85/85_phaseII_R10_root_lattice_interlacing_certificate.py	source-only	computation	Source-only bytes preserved once at the canonical target under the frozen archive boundary; original source path remains an alias. Kind is a navigation label based on file type, path, and title; it does not upgrade evidence.
dongxuelian2/strict-layer-proof-research	https://github.com/dongxuelian2/strict-layer-proof-research	main	912fb4b67419d69c8c7d805b7fd2fcadd26e9a7a	archive-by-series/70-85/85_phaseII_R10_root_lattice_interlacing_certificate.txt	912fb4b67419d69c8c7d805b7fd2fcadd26e9a7a	5bf884dfe2419b0b975127fc6e9faaa4a1d99043	a1085551bd61502a04e33cd6e1d575674749e35138ad9108b71620039da0d0c5	d6f261fb873dfcd9d71a8fdec98aab2581e4339be776e7f597fd08c61811dbe0			research/archive/strict-layer-proof-research/archive-by-series/70-85/85_phaseII_R10_root_lattice_interlacing_certificate.txt	a1085551bd61502a04e33cd6e1d575674749e35138ad9108b71620039da0d0c5	d6f261fb873dfcd9d71a8fdec98aab2581e4339be776e7f597fd08c61811dbe0	archived	archive-by-series/70-85/85_phaseII_R10_root_lattice_interlacing_certificate.txt	source-only	computation	Source-only bytes preserved once at the canonical target under the frozen archive boundary; original source path remains an alias. Kind is a navigation label based on file type, path, and title; it does not upgrade evidence.
dongxuelian2/strict-layer-proof-research	https://github.com/dongxuelian2/strict-layer-proof-research	main	912fb4b67419d69c8c7d805b7fd2fcadd26e9a7a	archive-by-series/70-85/85_phaseII_R10_root_lattice_interlacing_checkpoint.md	912fb4b67419d69c8c7d805b7fd2fcadd26e9a7a	14e4e8f26cd9c4d25832dcda8958744200b65c9d	6a946238e77df2ca967d1a4eefb0c3c42c9037c6ca31a6b56b10fe208a1c28ad	7913f61476e4a078bf916a87e56defc435639be963da1634f6664ef15bbc67e8	research/strict/campaigns/85/85_phaseII_R10_root_lattice_interlacing_checkpoint.md	7913f61476e4a078bf916a87e56defc435639be963da1634f6664ef15bbc67e8	research/a1/records/root-lattice-interlacing.md	6a946238e77df2ca967d1a4eefb0c3c42c9037c6ca31a6b56b10fe208a1c28ad	7913f61476e4a078bf916a87e56defc435639be963da1634f6664ef15bbc67e8	canonical	archive-by-series/70-85/85_phaseII_R10_root_lattice_interlacing_checkpoint.md	exact-duplicate	attempt	Exact byte duplicate of the canonical target; this source path is retained as provenance and no second canonical copy is created. Kind is a navigation label based on file type, path, and title; it does not upgrade evidence.
dongxuelian2/strict-layer-proof-research	https://github.com/dongxuelian2/strict-layer-proof-research	main	912fb4b67419d69c8c7d805b7fd2fcadd26e9a7a	archive-by-series/70-85/85_phaseII_R1_R10_final_architecture_autopsy.md	912fb4b67419d69c8c7d805b7fd2fcadd26e9a7a	57f0ab726768ba1cd2dd04563c87847c4ddc5dd0	3c89ff538b9f9e65bc8d5ebba812adbbabb34e1c0bfe1bbe0942e13503fbb909	6c83d6f2470c526b965a3b42447870fe212f9660d26750bfda158cc4a97cdb9d	research/strict/campaigns/85/85_phaseII_R1_R10_final_architecture_autopsy.md	6c83d6f2470c526b965a3b42447870fe212f9660d26750bfda158cc4a97cdb9d	research/a1/records/r10-architecture-autopsy.md	3c89ff538b9f9e65bc8d5ebba812adbbabb34e1c0bfe1bbe0942e13503fbb909	6c83d6f2470c526b965a3b42447870fe212f9660d26750bfda158cc4a97cdb9d	canonical	archive-by-series/70-85/85_phaseII_R1_R10_final_architecture_autopsy.md	exact-duplicate	failure	Exact byte duplicate of the canonical target; this source path is retained as provenance and no second canonical copy is created. Kind is a navigation label based on file type, path, and title; it does not upgrade evidence.
dongxuelian2/strict-layer-proof-research	https://github.com/dongxuelian2/strict-layer-proof-research	main	912fb4b67419d69c8c7d805b7fd2fcadd26e9a7a	archive-by-series/70-85/85_phaseII_R1_counterexample_certificate.py	912fb4b67419d69c8c7d805b7fd2fcadd26e9a7a	719696c9a5f74b9bc271ae9a4cafc3d5e34e5e06	18d8cf92bfaedf06b2967db81475a090e6afeed066a03371cddf767403a8c196	b2bcfd88fff999288fbc5c1ab91328528a7f7fc57b51f3e14eba9f3ac6dc6566			research/archive/strict-layer-proof-research/archive-by-series/70-85/85_phaseII_R1_counterexample_certificate.py	18d8cf92bfaedf06b2967db81475a090e6afeed066a03371cddf767403a8c196	b2bcfd88fff999288fbc5c1ab91328528a7f7fc57b51f3e14eba9f3ac6dc6566	archived	archive-by-series/70-85/85_phaseII_R1_counterexample_certificate.py	source-only	failure	Source-only bytes preserved once at the canonical target under the frozen archive boundary; original source path remains an alias. Kind is a navigation label based on file type, path, and title; it does not upgrade evidence.
dongxuelian2/strict-layer-proof-research	https://github.com/dongxuelian2/strict-layer-proof-research	main	912fb4b67419d69c8c7d805b7fd2fcadd26e9a7a	archive-by-series/70-85/85_phaseII_R1_counterexample_certificate.txt	912fb4b67419d69c8c7d805b7fd2fcadd26e9a7a	2d4f0a4f333e428106231c07984f558672eeb5f7	545278e70d40da3472f2245269d729b682818b405576b82160c6175d05981880	142b3d1cd938b003dec875408ddba7fc5c155130eae50d6e30550e9569e1d033			research/archive/strict-layer-proof-research/archive-by-series/70-85/85_phaseII_R1_counterexample_certificate.txt	545278e70d40da3472f2245269d729b682818b405576b82160c6175d05981880	142b3d1cd938b003dec875408ddba7fc5c155130eae50d6e30550e9569e1d033	archived	archive-by-series/70-85/85_phaseII_R1_counterexample_certificate.txt	source-only	failure	Source-only bytes preserved once at the canonical target under the frozen archive boundary; original source path remains an alias. Kind is a navigation label based on file type, path, and title; it does not upgrade evidence.
dongxuelian2/strict-layer-proof-research	https://github.com/dongxuelian2/strict-layer-proof-research	main	912fb4b67419d69c8c7d805b7fd2fcadd26e9a7a	archive-by-series/70-85/85_phaseII_R1_moving_square_exactization.md	912fb4b67419d69c8c7d805b7fd2fcadd26e9a7a	d21e9ff7f837ff9dce78ec00e3ef5eaa77394ec4	4178efc07b7b0751f779d05488d909d9a24d16848201acdcfa21d3fbc7ee6920	b362ba10ff073c5905400770e3bc7cc83a53f75067e79ae2cac143a639a944a4	research/strict/campaigns/85/85_phaseII_R1_moving_square_exactization.md	b362ba10ff073c5905400770e3bc7cc83a53f75067e79ae2cac143a639a944a4	research/a1/records/moving-square-exactization-variant-a.md	4178efc07b7b0751f779d05488d909d9a24d16848201acdcfa21d3fbc7ee6920	b362ba10ff073c5905400770e3bc7cc83a53f75067e79ae2cac143a639a944a4	canonical	archive-by-series/70-85/85_phaseII_R1_moving_square_exactization.md	exact-duplicate	attempt	Exact byte duplicate of the canonical target; this source path is retained as provenance and no second canonical copy is created. Kind is a navigation label based on file type, path, and title; it does not upgrade evidence.
dongxuelian2/strict-layer-proof-research	https://github.com/dongxuelian2/strict-layer-proof-research	main	912fb4b67419d69c8c7d805b7fd2fcadd26e9a7a	archive-by-series/70-85/85_phaseII_R2_counterexample_certificate.py	912fb4b67419d69c8c7d805b7fd2fcadd26e9a7a	c07850e627bd7ec61994083fcbee06c6ecb6200e	c01354432e3b6119bdba2f65be0bdb2df2ae26c67a5ae7afeeafbee4614607b9	6df582b37895b6a6fe7123ff92fa1babda08930abf37751202af60550e479a14			research/archive/strict-layer-proof-research/archive-by-series/70-85/85_phaseII_R2_counterexample_certificate.py	c01354432e3b6119bdba2f65be0bdb2df2ae26c67a5ae7afeeafbee4614607b9	6df582b37895b6a6fe7123ff92fa1babda08930abf37751202af60550e479a14	archived	archive-by-series/70-85/85_phaseII_R2_counterexample_certificate.py	source-only	failure	Source-only bytes preserved once at the canonical target under the frozen archive boundary; original source path remains an alias. Kind is a navigation label based on file type, path, and title; it does not upgrade evidence.
dongxuelian2/strict-layer-proof-research	https://github.com/dongxuelian2/strict-layer-proof-research	main	912fb4b67419d69c8c7d805b7fd2fcadd26e9a7a	archive-by-series/70-85/85_phaseII_R2_counterexample_certificate.txt	912fb4b67419d69c8c7d805b7fd2fcadd26e9a7a	236a93fa4672898a5c0696b3b615d2da0519d539	7819b9a07779ecf0aa0dad4cd4ea1039913782679a55d64d7ef1cc42f84ddf0d	9bc3bbbeb22ee85a49113292f9a10bbe6955da9a7e7ef04d442b5007df04c887			research/archive/strict-layer-proof-research/archive-by-series/70-85/85_phaseII_R2_counterexample_certificate.txt	7819b9a07779ecf0aa0dad4cd4ea1039913782679a55d64d7ef1cc42f84ddf0d	9bc3bbbeb22ee85a49113292f9a10bbe6955da9a7e7ef04d442b5007df04c887	archived	archive-by-series/70-85/85_phaseII_R2_counterexample_certificate.txt	source-only	failure	Source-only bytes preserved once at the canonical target under the frozen archive boundary; original source path remains an alias. Kind is a navigation label based on file type, path, and title; it does not upgrade evidence.
dongxuelian2/strict-layer-proof-research	https://github.com/dongxuelian2/strict-layer-proof-research	main	912fb4b67419d69c8c7d805b7fd2fcadd26e9a7a	archive-by-series/70-85/85_phaseII_R2_moving_square_exactization.md	912fb4b67419d69c8c7d805b7fd2fcadd26e9a7a	6484e271d0ef88f4d5e7d3aea101ba3e275feefe	c356076a2648815e316d6e84dd18e93ccc8a32035c2908bb16a5753b9156e5d3	d73d5921aa8f00547ef642929ff3fffc05f5c90b70b6a9873564cb220da5757f	research/strict/campaigns/85/85_phaseII_R2_moving_square_exactization.md	d73d5921aa8f00547ef642929ff3fffc05f5c90b70b6a9873564cb220da5757f	research/a1/records/moving-square-exactization-variant-b.md	c356076a2648815e316d6e84dd18e93ccc8a32035c2908bb16a5753b9156e5d3	d73d5921aa8f00547ef642929ff3fffc05f5c90b70b6a9873564cb220da5757f	canonical	archive-by-series/70-85/85_phaseII_R2_moving_square_exactization.md	exact-duplicate	attempt	Exact byte duplicate of the canonical target; this source path is retained as provenance and no second canonical copy is created. Kind is a navigation label based on file type, path, and title; it does not upgrade evidence.
dongxuelian2/strict-layer-proof-research	https://github.com/dongxuelian2/strict-layer-proof-research	main	912fb4b67419d69c8c7d805b7fd2fcadd26e9a7a	archive-by-series/70-85/85_phaseII_R2_radial_certificate.py	912fb4b67419d69c8c7d805b7fd2fcadd26e9a7a	f7dda7679d05e93563d15991b29fe9bc68334d75	deaed60478cdb8a01439fda76f0072fb8ecbe948cdebf565f19f3a763bd21414	8a972a39bb102296900c4db752e457eb76cf773950b55aaa0649cf3c7cb78973			research/archive/strict-layer-proof-research/archive-by-series/70-85/85_phaseII_R2_radial_certificate.py	deaed60478cdb8a01439fda76f0072fb8ecbe948cdebf565f19f3a763bd21414	8a972a39bb102296900c4db752e457eb76cf773950b55aaa0649cf3c7cb78973	archived	archive-by-series/70-85/85_phaseII_R2_radial_certificate.py	source-only	computation	Source-only bytes preserved once at the canonical target under the frozen archive boundary; original source path remains an alias. Kind is a navigation label based on file type, path, and title; it does not upgrade evidence.
dongxuelian2/strict-layer-proof-research	https://github.com/dongxuelian2/strict-layer-proof-research	main	912fb4b67419d69c8c7d805b7fd2fcadd26e9a7a	archive-by-series/70-85/85_phaseII_R2_radial_certificate.txt	912fb4b67419d69c8c7d805b7fd2fcadd26e9a7a	a45fc84120887e046cb00f0809b0f311aea007c5	cfecd31512a4deb09249b28ff50c5a2d29c256b2a4c69273aa13bb8b2cb5600e	4d64ae08737ea84b60255240d1578d53aecee8f0979d2e93f517930738742d98			research/archive/strict-layer-proof-research/archive-by-series/70-85/85_phaseII_R2_radial_certificate.txt	cfecd31512a4deb09249b28ff50c5a2d29c256b2a4c69273aa13bb8b2cb5600e	4d64ae08737ea84b60255240d1578d53aecee8f0979d2e93f517930738742d98	archived	archive-by-series/70-85/85_phaseII_R2_radial_certificate.txt	source-only	computation	Source-only bytes preserved once at the canonical target under the frozen archive boundary; original source path remains an alias. Kind is a navigation label based on file type, path, and title; it does not upgrade evidence.
dongxuelian2/strict-layer-proof-research	https://github.com/dongxuelian2/strict-layer-proof-research	main	912fb4b67419d69c8c7d805b7fd2fcadd26e9a7a	archive-by-series/70-85/85_phaseII_R2_radial_extinction.md	912fb4b67419d69c8c7d805b7fd2fcadd26e9a7a	991f3eec08d341b9ed6ab6d4b37fa3e561374833	847666cffd5747547fa00e793e8d4619072cbbf7f31b8ccaf36c7b82ac31184c	6a0147d75491933a0b251436f8d466ba1ce90e20750bc8d34f54385170961124	research/strict/campaigns/85/85_phaseII_R2_radial_extinction.md	6a0147d75491933a0b251436f8d466ba1ce90e20750bc8d34f54385170961124	research/a1/records/radial-extinction.md	847666cffd5747547fa00e793e8d4619072cbbf7f31b8ccaf36c7b82ac31184c	6a0147d75491933a0b251436f8d466ba1ce90e20750bc8d34f54385170961124	canonical	archive-by-series/70-85/85_phaseII_R2_radial_extinction.md	exact-duplicate	failure	Exact byte duplicate of the canonical target; this source path is retained as provenance and no second canonical copy is created. Kind is a navigation label based on file type, path, and title; it does not upgrade evidence.
dongxuelian2/strict-layer-proof-research	https://github.com/dongxuelian2/strict-layer-proof-research	main	912fb4b67419d69c8c7d805b7fd2fcadd26e9a7a	archive-by-series/70-85/85_phaseII_R3_primitive_height(1).md	912fb4b67419d69c8c7d805b7fd2fcadd26e9a7a	da4128b558948fc70c545bb98ec63fed01083819	e7403f812a19a80a331a43339d6f6a0b3714860ce751c2c801f3c739fbd2eb71	9429974f50975ca30d672007434dbc0f76e96f32af3571d5bdb6094fdebfe295	research/strict/campaigns/85/85_phaseII_R3_primitive_height.md	9429974f50975ca30d672007434dbc0f76e96f32af3571d5bdb6094fdebfe295	research/a1/records/primitive-height.md	e7403f812a19a80a331a43339d6f6a0b3714860ce751c2c801f3c739fbd2eb71	9429974f50975ca30d672007434dbc0f76e96f32af3571d5bdb6094fdebfe295	canonical	archive-by-series/70-85/85_phaseII_R3_primitive_height(1).md;archive-by-series/70-85/85_phaseII_R3_primitive_height.md	exact-duplicate	attempt	Exact byte duplicate of the canonical target; this source path is retained as provenance and no second canonical copy is created. Kind is a navigation label based on file type, path, and title; it does not upgrade evidence.
dongxuelian2/strict-layer-proof-research	https://github.com/dongxuelian2/strict-layer-proof-research	main	912fb4b67419d69c8c7d805b7fd2fcadd26e9a7a	archive-by-series/70-85/85_phaseII_R3_primitive_height.md	912fb4b67419d69c8c7d805b7fd2fcadd26e9a7a	da4128b558948fc70c545bb98ec63fed01083819	e7403f812a19a80a331a43339d6f6a0b3714860ce751c2c801f3c739fbd2eb71	9429974f50975ca30d672007434dbc0f76e96f32af3571d5bdb6094fdebfe295	research/strict/campaigns/85/85_phaseII_R3_primitive_height.md	9429974f50975ca30d672007434dbc0f76e96f32af3571d5bdb6094fdebfe295	research/a1/records/primitive-height.md	e7403f812a19a80a331a43339d6f6a0b3714860ce751c2c801f3c739fbd2eb71	9429974f50975ca30d672007434dbc0f76e96f32af3571d5bdb6094fdebfe295	deduplicated	archive-by-series/70-85/85_phaseII_R3_primitive_height(1).md;archive-by-series/70-85/85_phaseII_R3_primitive_height.md	exact-duplicate	attempt	Exact byte duplicate of the canonical target; this source path is retained as provenance and no second canonical copy is created. Kind is a navigation label based on file type, path, and title; it does not upgrade evidence.
dongxuelian2/strict-layer-proof-research	https://github.com/dongxuelian2/strict-layer-proof-research	main	912fb4b67419d69c8c7d805b7fd2fcadd26e9a7a	archive-by-series/70-85/85_phaseII_R3_primitive_height_certificate.py	912fb4b67419d69c8c7d805b7fd2fcadd26e9a7a	8fe5e593c7d5b9c135eb43d56ec84b45a8f089a9	c96ed5007ecad240391d24e5de8de043c50b66193c601cefa7dfa65befe623ec	3260825023535321798b9bd15514209c112c796d74504380833d26fbb8c54b83			research/archive/strict-layer-proof-research/archive-by-series/70-85/85_phaseII_R3_primitive_height_certificate.py	c96ed5007ecad240391d24e5de8de043c50b66193c601cefa7dfa65befe623ec	3260825023535321798b9bd15514209c112c796d74504380833d26fbb8c54b83	archived	archive-by-series/70-85/85_phaseII_R3_primitive_height_certificate.py	source-only	computation	Source-only bytes preserved once at the canonical target under the frozen archive boundary; original source path remains an alias. Kind is a navigation label based on file type, path, and title; it does not upgrade evidence.
dongxuelian2/strict-layer-proof-research	https://github.com/dongxuelian2/strict-layer-proof-research	main	912fb4b67419d69c8c7d805b7fd2fcadd26e9a7a	archive-by-series/70-85/85_phaseII_R3_primitive_height_certificate.txt	912fb4b67419d69c8c7d805b7fd2fcadd26e9a7a	ccbfe341e3721b717a3c034604da611b42358868	d7c4f1065b28daa368f1c8e035999a276afd4719953b1934b805c8a42159f274	78ef90af479c7f4e2fbb906b96597e34f92ad8eae18bb21cd62aef9f496277c9			research/archive/strict-layer-proof-research/archive-by-series/70-85/85_phaseII_R3_primitive_height_certificate.txt	d7c4f1065b28daa368f1c8e035999a276afd4719953b1934b805c8a42159f274	78ef90af479c7f4e2fbb906b96597e34f92ad8eae18bb21cd62aef9f496277c9	archived	archive-by-series/70-85/85_phaseII_R3_primitive_height_certificate.txt	source-only	computation	Source-only bytes preserved once at the canonical target under the frozen archive boundary; original source path remains an alias. Kind is a navigation label based on file type, path, and title; it does not upgrade evidence.
dongxuelian2/strict-layer-proof-research	https://github.com/dongxuelian2/strict-layer-proof-research	main	912fb4b67419d69c8c7d805b7fd2fcadd26e9a7a	archive-by-series/70-85/85_phaseII_R4_two_prime_height_transfer.md	912fb4b67419d69c8c7d805b7fd2fcadd26e9a7a	98876cfb2c240785a232634a47bf4abfa058e3f0	99cd71ec73fe86d169a7117c05e4b78c1d623c102b469a0b939748fd7008107a	ada9385b9279a5cf9c6d78c46e9c36c872f9dfa767513cc61f66d19be484f936	research/strict/campaigns/85/85_phaseII_R4_two_prime_height_transfer.md	ada9385b9279a5cf9c6d78c46e9c36c872f9dfa767513cc61f66d19be484f936	research/a1/records/two-prime-height-transfer.md	99cd71ec73fe86d169a7117c05e4b78c1d623c102b469a0b939748fd7008107a	ada9385b9279a5cf9c6d78c46e9c36c872f9dfa767513cc61f66d19be484f936	canonical	archive-by-series/70-85/85_phaseII_R4_two_prime_height_transfer.md	exact-duplicate	attempt	Exact byte duplicate of the canonical target; this source path is retained as provenance and no second canonical copy is created. Kind is a navigation label based on file type, path, and title; it does not upgrade evidence.
dongxuelian2/strict-layer-proof-research	https://github.com/dongxuelian2/strict-layer-proof-research	main	912fb4b67419d69c8c7d805b7fd2fcadd26e9a7a	archive-by-series/70-85/85_phaseII_R4_two_prime_height_transfer_certificate.py	912fb4b67419d69c8c7d805b7fd2fcadd26e9a7a	e9dfc6e22968e4d5169f66912c650ff5a11e8bee	220509f25a79302e6084cf83fad8690a45270bb10f8c303f90096e225a0c68ef	f86fa274acd458816d8e9bf2acfe60008f0f12890272769c25a65328dc019f11			research/archive/strict-layer-proof-research/archive-by-series/70-85/85_phaseII_R4_two_prime_height_transfer_certificate.py	220509f25a79302e6084cf83fad8690a45270bb10f8c303f90096e225a0c68ef	f86fa274acd458816d8e9bf2acfe60008f0f12890272769c25a65328dc019f11	archived	archive-by-series/70-85/85_phaseII_R4_two_prime_height_transfer_certificate.py	source-only	computation	Source-only bytes preserved once at the canonical target under the frozen archive boundary; original source path remains an alias. Kind is a navigation label based on file type, path, and title; it does not upgrade evidence.
dongxuelian2/strict-layer-proof-research	https://github.com/dongxuelian2/strict-layer-proof-research	main	912fb4b67419d69c8c7d805b7fd2fcadd26e9a7a	archive-by-series/70-85/85_phaseII_R4_two_prime_height_transfer_certificate.txt	912fb4b67419d69c8c7d805b7fd2fcadd26e9a7a	809b036edc503fa73934eedd3a6b7ccbc8796992	18820cc4a876c9c01af8899b284bd164f323d533a88137bffb226bbd6fa9850e	c65b9bd4eaf25e008cbbf21a86bed040156c52e7f6eea71dc182263ffe66e0ad			research/archive/strict-layer-proof-research/archive-by-series/70-85/85_phaseII_R4_two_prime_height_transfer_certificate.txt	18820cc4a876c9c01af8899b284bd164f323d533a88137bffb226bbd6fa9850e	c65b9bd4eaf25e008cbbf21a86bed040156c52e7f6eea71dc182263ffe66e0ad	archived	archive-by-series/70-85/85_phaseII_R4_two_prime_height_transfer_certificate.txt	source-only	computation	Source-only bytes preserved once at the canonical target under the frozen archive boundary; original source path remains an alias. Kind is a navigation label based on file type, path, and title; it does not upgrade evidence.
dongxuelian2/strict-layer-proof-research	https://github.com/dongxuelian2/strict-layer-proof-research	main	912fb4b67419d69c8c7d805b7fd2fcadd26e9a7a	archive-by-series/70-85/85_phaseII_R5_content_capacity_checkpoint.md	912fb4b67419d69c8c7d805b7fd2fcadd26e9a7a	8d51bbbf42b2c9010d813b0dbc1614b09b0d8291	7f82b8eb7b60b2ecf8cf9b9af4336d302ec59ff209d06823e43d29e2684d2f08	44838351a23e092b6a343ee638459d1c138fb3a1c4ecc349d3ff966c06d6e4d7	research/strict/campaigns/85/85_phaseII_R5_content_capacity_checkpoint.md	44838351a23e092b6a343ee638459d1c138fb3a1c4ecc349d3ff966c06d6e4d7	research/a1/records/content-capacity.md	7f82b8eb7b60b2ecf8cf9b9af4336d302ec59ff209d06823e43d29e2684d2f08	44838351a23e092b6a343ee638459d1c138fb3a1c4ecc349d3ff966c06d6e4d7	canonical	archive-by-series/70-85/85_phaseII_R5_content_capacity_checkpoint.md	exact-duplicate	attempt	Exact byte duplicate of the canonical target; this source path is retained as provenance and no second canonical copy is created. Kind is a navigation label based on file type, path, and title; it does not upgrade evidence.
dongxuelian2/strict-layer-proof-research	https://github.com/dongxuelian2/strict-layer-proof-research	main	912fb4b67419d69c8c7d805b7fd2fcadd26e9a7a	archive-by-series/70-85/85_phaseII_R5_content_capacity_checkpoint_certificate.py	912fb4b67419d69c8c7d805b7fd2fcadd26e9a7a	d24dc1b4e57bee3ed4f47acce3ff35a3b32d2125	db8663cc18e0065cb4a3d91974eaae8c80e9e56d909864380354aa2da990b390	b3de953467fe955f678e34e283f432ba0a7eeb63ba254a952bb1ae65fae39a29			research/archive/strict-layer-proof-research/archive-by-series/70-85/85_phaseII_R5_content_capacity_checkpoint_certificate.py	db8663cc18e0065cb4a3d91974eaae8c80e9e56d909864380354aa2da990b390	b3de953467fe955f678e34e283f432ba0a7eeb63ba254a952bb1ae65fae39a29	archived	archive-by-series/70-85/85_phaseII_R5_content_capacity_checkpoint_certificate.py	source-only	computation	Source-only bytes preserved once at the canonical target under the frozen archive boundary; original source path remains an alias. Kind is a navigation label based on file type, path, and title; it does not upgrade evidence.
dongxuelian2/strict-layer-proof-research	https://github.com/dongxuelian2/strict-layer-proof-research	main	912fb4b67419d69c8c7d805b7fd2fcadd26e9a7a	archive-by-series/70-85/85_phaseII_R5_content_capacity_checkpoint_certificate.txt	912fb4b67419d69c8c7d805b7fd2fcadd26e9a7a	0fac3d2ee8e094df2de165fdbc8c5c1a502df8c1	1c293a3ff285b3c6082ac4060bfca1915963c0667114b1d19a780083415e1942	a47dfe4853bed758e46e97a016725d700cea0a4c492a217bbdc18598742f5896			research/archive/strict-layer-proof-research/archive-by-series/70-85/85_phaseII_R5_content_capacity_checkpoint_certificate.txt	1c293a3ff285b3c6082ac4060bfca1915963c0667114b1d19a780083415e1942	a47dfe4853bed758e46e97a016725d700cea0a4c492a217bbdc18598742f5896	archived	archive-by-series/70-85/85_phaseII_R5_content_capacity_checkpoint_certificate.txt	source-only	computation	Source-only bytes preserved once at the canonical target under the frozen archive boundary; original source path remains an alias. Kind is a navigation label based on file type, path, and title; it does not upgrade evidence.
dongxuelian2/strict-layer-proof-research	https://github.com/dongxuelian2/strict-layer-proof-research	main	912fb4b67419d69c8c7d805b7fd2fcadd26e9a7a	archive-by-series/70-85/85_phaseII_R6_canonical_height_repair_or_kill.md	912fb4b67419d69c8c7d805b7fd2fcadd26e9a7a	2d1d829716655ea7a719a7aa12c91e74c4cee689	5b2d43178dd6b0968174f335ad28c80b959a020cfe62782181fd6852c9935dc7	ee715188888865805f66a5ac90d9c605a52649e492e310c48b9e52c5dc7ce039	research/strict/campaigns/85/85_phaseII_R6_canonical_height_repair_or_kill.md	ee715188888865805f66a5ac90d9c605a52649e492e310c48b9e52c5dc7ce039	research/a1/records/canonical-height-repair-or-kill.md	5b2d43178dd6b0968174f335ad28c80b959a020cfe62782181fd6852c9935dc7	ee715188888865805f66a5ac90d9c605a52649e492e310c48b9e52c5dc7ce039	canonical	archive-by-series/70-85/85_phaseII_R6_canonical_height_repair_or_kill.md	exact-duplicate	attempt	Exact byte duplicate of the canonical target; this source path is retained as provenance and no second canonical copy is created. Kind is a navigation label based on file type, path, and title; it does not upgrade evidence.
dongxuelian2/strict-layer-proof-research	https://github.com/dongxuelian2/strict-layer-proof-research	main	912fb4b67419d69c8c7d805b7fd2fcadd26e9a7a	archive-by-series/70-85/85_phaseII_R6_canonical_height_repair_or_kill_certificate.py	912fb4b67419d69c8c7d805b7fd2fcadd26e9a7a	58e36f385b17d151615036691c685465baca91bd	3697886c020865e7f21c921ea5cf0be0547eafaa0728acf4a87ad2d0c8853a1c	6350736751d86df73793089c538c750248406ecf38968a28d98aea30a32b7ca8			research/archive/strict-layer-proof-research/archive-by-series/70-85/85_phaseII_R6_canonical_height_repair_or_kill_certificate.py	3697886c020865e7f21c921ea5cf0be0547eafaa0728acf4a87ad2d0c8853a1c	6350736751d86df73793089c538c750248406ecf38968a28d98aea30a32b7ca8	archived	archive-by-series/70-85/85_phaseII_R6_canonical_height_repair_or_kill_certificate.py	source-only	computation	Source-only bytes preserved once at the canonical target under the frozen archive boundary; original source path remains an alias. Kind is a navigation label based on file type, path, and title; it does not upgrade evidence.
dongxuelian2/strict-layer-proof-research	https://github.com/dongxuelian2/strict-layer-proof-research	main	912fb4b67419d69c8c7d805b7fd2fcadd26e9a7a	archive-by-series/70-85/85_phaseII_R6_canonical_height_repair_or_kill_certificate.txt	912fb4b67419d69c8c7d805b7fd2fcadd26e9a7a	49cd46721850f12fd6373424a534eedfca1a664c	db569d1ca072ceb91f439cce1d76641002c908366cbef2161f128e7727eae91d	de938bd22c8fc12e11c135b60088d07f0f391c49a2a8aa55994c22b2cf41ae3f			research/archive/strict-layer-proof-research/archive-by-series/70-85/85_phaseII_R6_canonical_height_repair_or_kill_certificate.txt	db569d1ca072ceb91f439cce1d76641002c908366cbef2161f128e7727eae91d	de938bd22c8fc12e11c135b60088d07f0f391c49a2a8aa55994c22b2cf41ae3f	archived	archive-by-series/70-85/85_phaseII_R6_canonical_height_repair_or_kill_certificate.txt	source-only	computation	Source-only bytes preserved once at the canonical target under the frozen archive boundary; original source path remains an alias. Kind is a navigation label based on file type, path, and title; it does not upgrade evidence.
dongxuelian2/strict-layer-proof-research	https://github.com/dongxuelian2/strict-layer-proof-research	main	912fb4b67419d69c8c7d805b7fd2fcadd26e9a7a	archive-by-series/70-85/85_phaseII_R7_source_incidence_reset.md	912fb4b67419d69c8c7d805b7fd2fcadd26e9a7a	58db6ea9ea776ee2a420e555cacd7a34dd558c08	89f383d6adf5d2e6a8380cd74994743acb6181b99b9106527264287b59db5b76	b65f058c0d5621e475ca5304233990a7a7c8d8d2726dfe51d150ef0f50d829a4	research/strict/campaigns/85/85_phaseII_R7_source_incidence_reset.md	b65f058c0d5621e475ca5304233990a7a7c8d8d2726dfe51d150ef0f50d829a4	research/a1/records/source-incidence-reset.md	89f383d6adf5d2e6a8380cd74994743acb6181b99b9106527264287b59db5b76	b65f058c0d5621e475ca5304233990a7a7c8d8d2726dfe51d150ef0f50d829a4	canonical	archive-by-series/70-85/85_phaseII_R7_source_incidence_reset.md	exact-duplicate	attempt	Exact byte duplicate of the canonical target; this source path is retained as provenance and no second canonical copy is created. Kind is a navigation label based on file type, path, and title; it does not upgrade evidence.
dongxuelian2/strict-layer-proof-research	https://github.com/dongxuelian2/strict-layer-proof-research	main	912fb4b67419d69c8c7d805b7fd2fcadd26e9a7a	archive-by-series/70-85/85_phaseII_R7_source_incidence_reset_certificate.py	912fb4b67419d69c8c7d805b7fd2fcadd26e9a7a	8bbe7ef9e6b094a8e783e76c53c8545d4164cf47	efb7cbce2e4f4db65864aecdf789ab2c21fef0635bc65b806ea062a993f133cc	2dc565dd9a14f510b684b10959233db43f78cea58371d31a082d6522bbe90163			research/archive/strict-layer-proof-research/archive-by-series/70-85/85_phaseII_R7_source_incidence_reset_certificate.py	efb7cbce2e4f4db65864aecdf789ab2c21fef0635bc65b806ea062a993f133cc	2dc565dd9a14f510b684b10959233db43f78cea58371d31a082d6522bbe90163	archived	archive-by-series/70-85/85_phaseII_R7_source_incidence_reset_certificate.py	source-only	computation	Source-only bytes preserved once at the canonical target under the frozen archive boundary; original source path remains an alias. Kind is a navigation label based on file type, path, and title; it does not upgrade evidence.
dongxuelian2/strict-layer-proof-research	https://github.com/dongxuelian2/strict-layer-proof-research	main	912fb4b67419d69c8c7d805b7fd2fcadd26e9a7a	archive-by-series/70-85/85_phaseII_R7_source_incidence_reset_certificate.txt	912fb4b67419d69c8c7d805b7fd2fcadd26e9a7a	0b42c105e736368dff21c08d8cfc69b60ba741f1	afa1a67b7c26ff2edc07a47922eda33c79f2f939e3e4fb61928a92cf9b6a6b9b	033d61b31a227777c5f24bb5bfe5b78689412ce9d37ab67d0ec31f81b55f86e4			research/archive/strict-layer-proof-research/archive-by-series/70-85/85_phaseII_R7_source_incidence_reset_certificate.txt	afa1a67b7c26ff2edc07a47922eda33c79f2f939e3e4fb61928a92cf9b6a6b9b	033d61b31a227777c5f24bb5bfe5b78689412ce9d37ab67d0ec31f81b55f86e4	archived	archive-by-series/70-85/85_phaseII_R7_source_incidence_reset_certificate.txt	source-only	computation	Source-only bytes preserved once at the canonical target under the frozen archive boundary; original source path remains an alias. Kind is a navigation label based on file type, path, and title; it does not upgrade evidence.
dongxuelian2/strict-layer-proof-research	https://github.com/dongxuelian2/strict-layer-proof-research	main	912fb4b67419d69c8c7d805b7fd2fcadd26e9a7a	archive-by-series/70-85/85_phaseII_R8_scaled_common_u_extinction.md	912fb4b67419d69c8c7d805b7fd2fcadd26e9a7a	76eebd7fbad33cd683d24012706f5754249c2113	99bc30baccf93e076d77239ed42d685c365be17235301f55085ab91a3ea488b3	91d618ef8cb914077749b6fa5d342757adea432f7716222c283288803513d1eb	research/strict/campaigns/85/85_phaseII_R8_scaled_common_u_extinction.md	91d618ef8cb914077749b6fa5d342757adea432f7716222c283288803513d1eb	research/a1/records/scaled-common-u-extinction.md	99bc30baccf93e076d77239ed42d685c365be17235301f55085ab91a3ea488b3	91d618ef8cb914077749b6fa5d342757adea432f7716222c283288803513d1eb	canonical	archive-by-series/70-85/85_phaseII_R8_scaled_common_u_extinction.md	exact-duplicate	failure	Exact byte duplicate of the canonical target; this source path is retained as provenance and no second canonical copy is created. Kind is a navigation label based on file type, path, and title; it does not upgrade evidence.
dongxuelian2/strict-layer-proof-research	https://github.com/dongxuelian2/strict-layer-proof-research	main	912fb4b67419d69c8c7d805b7fd2fcadd26e9a7a	archive-by-series/70-85/85_phaseII_R8_scaled_common_u_extinction_certificate.py	912fb4b67419d69c8c7d805b7fd2fcadd26e9a7a	6cf8dc4522b003a6bf43a441ebc2834c01aca5cf	e984d7fdd1cdd240cde8533dec67d92dc472cbef3bf7c7c928cf232d34a1bf3f	0a6f4c2ba45f356c35a13767ee40b6a19bed330349507a8d90d31efb3c123192			research/archive/strict-layer-proof-research/archive-by-series/70-85/85_phaseII_R8_scaled_common_u_extinction_certificate.py	e984d7fdd1cdd240cde8533dec67d92dc472cbef3bf7c7c928cf232d34a1bf3f	0a6f4c2ba45f356c35a13767ee40b6a19bed330349507a8d90d31efb3c123192	archived	archive-by-series/70-85/85_phaseII_R8_scaled_common_u_extinction_certificate.py	source-only	failure	Source-only bytes preserved once at the canonical target under the frozen archive boundary; original source path remains an alias. Kind is a navigation label based on file type, path, and title; it does not upgrade evidence.
dongxuelian2/strict-layer-proof-research	https://github.com/dongxuelian2/strict-layer-proof-research	main	912fb4b67419d69c8c7d805b7fd2fcadd26e9a7a	archive-by-series/70-85/85_phaseII_R8_scaled_common_u_extinction_certificate.txt	912fb4b67419d69c8c7d805b7fd2fcadd26e9a7a	4a27301f6e7323fc95105434ac04e4bce6c8ffd7	b18eedf27d3abb9130b13373889ca6c05170e7842de37c363b99bcb36a7c9bda	42cf8c183e3b1ee22b6dcd4c9cd3b2f32183f6175b136823d2d90f635d637c08			research/archive/strict-layer-proof-research/archive-by-series/70-85/85_phaseII_R8_scaled_common_u_extinction_certificate.txt	b18eedf27d3abb9130b13373889ca6c05170e7842de37c363b99bcb36a7c9bda	42cf8c183e3b1ee22b6dcd4c9cd3b2f32183f6175b136823d2d90f635d637c08	archived	archive-by-series/70-85/85_phaseII_R8_scaled_common_u_extinction_certificate.txt	source-only	failure	Source-only bytes preserved once at the canonical target under the frozen archive boundary; original source path remains an alias. Kind is a navigation label based on file type, path, and title; it does not upgrade evidence.
dongxuelian2/strict-layer-proof-research	https://github.com/dongxuelian2/strict-layer-proof-research	main	912fb4b67419d69c8c7d805b7fd2fcadd26e9a7a	archive-by-series/70-85/85_phaseII_R9_absolute_box_root_incidence.md	912fb4b67419d69c8c7d805b7fd2fcadd26e9a7a	3e6e2d9dfa1013ae5c40a9041708da3f9bb26443	1e5b2d40e13af8d19c4eebc4d7746693a170db56471c58e8d338135bdfc1e269	c1313b193be1e8e2cebf2f2f360a9ddc6ba3a9ea2797f4589e045d1024d909e5	research/strict/campaigns/85/85_phaseII_R9_absolute_box_root_incidence.md	c1313b193be1e8e2cebf2f2f360a9ddc6ba3a9ea2797f4589e045d1024d909e5	research/a1/records/absolute-box-root-incidence.md	1e5b2d40e13af8d19c4eebc4d7746693a170db56471c58e8d338135bdfc1e269	c1313b193be1e8e2cebf2f2f360a9ddc6ba3a9ea2797f4589e045d1024d909e5	canonical	archive-by-series/70-85/85_phaseII_R9_absolute_box_root_incidence.md	exact-duplicate	attempt	Exact byte duplicate of the canonical target; this source path is retained as provenance and no second canonical copy is created. Kind is a navigation label based on file type, path, and title; it does not upgrade evidence.
dongxuelian2/strict-layer-proof-research	https://github.com/dongxuelian2/strict-layer-proof-research	main	912fb4b67419d69c8c7d805b7fd2fcadd26e9a7a	archive-by-series/70-85/85_phaseII_R9_absolute_box_root_incidence_certificate.py	912fb4b67419d69c8c7d805b7fd2fcadd26e9a7a	87c4adffbc37e1c4b3a825f10e50ff7e13e458d0	0c666b030777fe04f091ecd26fd9aec6ff984652692eb1417f8e2fe93d5f784e	28c8c87ec2220b953698d2530ba5f71e4440247f757fe9ce7790472123d44db8			research/archive/strict-layer-proof-research/archive-by-series/70-85/85_phaseII_R9_absolute_box_root_incidence_certificate.py	0c666b030777fe04f091ecd26fd9aec6ff984652692eb1417f8e2fe93d5f784e	28c8c87ec2220b953698d2530ba5f71e4440247f757fe9ce7790472123d44db8	archived	archive-by-series/70-85/85_phaseII_R9_absolute_box_root_incidence_certificate.py	source-only	computation	Source-only bytes preserved once at the canonical target under the frozen archive boundary; original source path remains an alias. Kind is a navigation label based on file type, path, and title; it does not upgrade evidence.
dongxuelian2/strict-layer-proof-research	https://github.com/dongxuelian2/strict-layer-proof-research	main	912fb4b67419d69c8c7d805b7fd2fcadd26e9a7a	archive-by-series/70-85/85_phaseII_R9_absolute_box_root_incidence_certificate.txt	912fb4b67419d69c8c7d805b7fd2fcadd26e9a7a	e4c148b4a73a98168e505cd89a1f412e4debf02d	2ecee0990dbe1786df7a135d0764ebbddbcce15ff641e7f22ae5ea04f03dce8a	bb846d5cb31e17165b8fa350d05399ec1f4b88822ac4ae82515c65b6ca39c367			research/archive/strict-layer-proof-research/archive-by-series/70-85/85_phaseII_R9_absolute_box_root_incidence_certificate.txt	2ecee0990dbe1786df7a135d0764ebbddbcce15ff641e7f22ae5ea04f03dce8a	bb846d5cb31e17165b8fa350d05399ec1f4b88822ac4ae82515c65b6ca39c367	archived	archive-by-series/70-85/85_phaseII_R9_absolute_box_root_incidence_certificate.txt	source-only	computation	Source-only bytes preserved once at the canonical target under the frozen archive boundary; original source path remains an alias. Kind is a navigation label based on file type, path, and title; it does not upgrade evidence.
dongxuelian2/strict-layer-proof-research	https://github.com/dongxuelian2/strict-layer-proof-research	main	912fb4b67419d69c8c7d805b7fd2fcadd26e9a7a	archive-by-series/72-Fourth-85/Fourth_85_R1_Fixed_Object_Extraction.md	912fb4b67419d69c8c7d805b7fd2fcadd26e9a7a	849b6a015af6b0fe68782fea9c82fdcb620f744f	2d05ace24da86d907f613afae5a15eb64e9ec61a963e42a5ba7c577e656b0587	160b88697d2a73be5d774050745a0561bdc3bb352af63ec2e13ba61b2ed12419	research/strict/campaigns/Fourth-85/Fourth_85_R1_Fixed_Object_Extraction.md	160b88697d2a73be5d774050745a0561bdc3bb352af63ec2e13ba61b2ed12419	research/a1/records/fixed-object-extraction.md	2d05ace24da86d907f613afae5a15eb64e9ec61a963e42a5ba7c577e656b0587	160b88697d2a73be5d774050745a0561bdc3bb352af63ec2e13ba61b2ed12419	canonical	archive-by-series/72-Fourth-85/Fourth_85_R1_Fixed_Object_Extraction.md	exact-duplicate	attempt	Exact byte duplicate of the canonical target; this source path is retained as provenance and no second canonical copy is created. Kind is a navigation label based on file type, path, and title; it does not upgrade evidence.
dongxuelian2/strict-layer-proof-research	https://github.com/dongxuelian2/strict-layer-proof-research	main	912fb4b67419d69c8c7d805b7fd2fcadd26e9a7a	archive-by-series/72-Fourth-85/Fourth_85_R1_Lemmas.md	912fb4b67419d69c8c7d805b7fd2fcadd26e9a7a	389698edd9ae5e36b59644d594d399491f64431a	f380a89fd564fdd16aa379cb319c22130f844cc70460bd5610ad875311033773	df8a7d7f19b8a72f934fdcd84ba6fa5b733e8e291761689c595949967794d4d0	research/strict/campaigns/Fourth-85/Fourth_85_R1_Lemmas.md	df8a7d7f19b8a72f934fdcd84ba6fa5b733e8e291761689c595949967794d4d0	research/a1/records/lemmas.md	f380a89fd564fdd16aa379cb319c22130f844cc70460bd5610ad875311033773	df8a7d7f19b8a72f934fdcd84ba6fa5b733e8e291761689c595949967794d4d0	canonical	archive-by-series/72-Fourth-85/Fourth_85_R1_Lemmas.md	exact-duplicate	attempt	Exact byte duplicate of the canonical target; this source path is retained as provenance and no second canonical copy is created. Kind is a navigation label based on file type, path, and title; it does not upgrade evidence.
dongxuelian2/strict-layer-proof-research	https://github.com/dongxuelian2/strict-layer-proof-research	main	912fb4b67419d69c8c7d805b7fd2fcadd26e9a7a	archive-by-series/72-Fourth-85/Fourth_85_R1_R5_First_Checkpoint.md	912fb4b67419d69c8c7d805b7fd2fcadd26e9a7a	39b1739025843a3068762c6f1fcbef5e68f440ba	f82141ff99e7049d28f2b9351f3628e05e94d8fde2361b8c25573917acdbb8c2	5975adfc78ab581b3f33dbad05ef742ca2c762ee8f6fdeadc5ef7226ce35867c	research/strict/campaigns/Fourth-85/Fourth_85_R1_R5_First_Checkpoint.md	5975adfc78ab581b3f33dbad05ef742ca2c762ee8f6fdeadc5ef7226ce35867c	research/a1/records/r5-first.md	f82141ff99e7049d28f2b9351f3628e05e94d8fde2361b8c25573917acdbb8c2	5975adfc78ab581b3f33dbad05ef742ca2c762ee8f6fdeadc5ef7226ce35867c	canonical	archive-by-series/72-Fourth-85/Fourth_85_R1_R5_First_Checkpoint.md	exact-duplicate	attempt	Exact byte duplicate of the canonical target; this source path is retained as provenance and no second canonical copy is created. Kind is a navigation label based on file type, path, and title; it does not upgrade evidence.
dongxuelian2/strict-layer-proof-research	https://github.com/dongxuelian2/strict-layer-proof-research	main	912fb4b67419d69c8c7d805b7fd2fcadd26e9a7a	archive-by-series/72-Fourth-85/Fourth_85_R1_computation.zip	912fb4b67419d69c8c7d805b7fd2fcadd26e9a7a	4f5018d56874a3a0e6261920b3bc1df28831756d	745514cb2a94622e4602dfd4d0da51bedcea5611b41af918a43ecb2d72761ba1	e111066f2895dc3d68aabb52f4fc3da021e71942df9f04dc9efd6ba1b0322fe1			research/archive/strict-layer-proof-research/archive-by-series/72-Fourth-85/Fourth_85_R1_computation.zip	745514cb2a94622e4602dfd4d0da51bedcea5611b41af918a43ecb2d72761ba1	e111066f2895dc3d68aabb52f4fc3da021e71942df9f04dc9efd6ba1b0322fe1	archived	archive-by-series/72-Fourth-85/Fourth_85_R1_computation.zip	source-only	archive	Source-only bytes preserved once at the canonical target under the frozen archive boundary; original source path remains an alias. Kind is a navigation label based on file type, path, and title; it does not upgrade evidence.
dongxuelian2/strict-layer-proof-research	https://github.com/dongxuelian2/strict-layer-proof-research	main	912fb4b67419d69c8c7d805b7fd2fcadd26e9a7a	archive-by-series/72-Fourth-85/Fourth_85_R2_Decimal_Core_Factor_Gap.md	912fb4b67419d69c8c7d805b7fd2fcadd26e9a7a	088492fc7e55d022fedf35e6557c626b85a6431c	93f2a45c787cafdedab006549085614f1661a98f67c54126fb1e1d45719a2227	fd11377305f8f027773d62604088a0c116604678573d279543d5fb3b7ff40c1b	research/strict/campaigns/Fourth-85/Fourth_85_R2_Decimal_Core_Factor_Gap.md	fd11377305f8f027773d62604088a0c116604678573d279543d5fb3b7ff40c1b	research/a1/records/decimal-core-factor-gap.md	93f2a45c787cafdedab006549085614f1661a98f67c54126fb1e1d45719a2227	fd11377305f8f027773d62604088a0c116604678573d279543d5fb3b7ff40c1b	canonical	archive-by-series/72-Fourth-85/Fourth_85_R2_Decimal_Core_Factor_Gap.md	exact-duplicate	attempt	Exact byte duplicate of the canonical target; this source path is retained as provenance and no second canonical copy is created. Kind is a navigation label based on file type, path, and title; it does not upgrade evidence.
dongxuelian2/strict-layer-proof-research	https://github.com/dongxuelian2/strict-layer-proof-research	main	912fb4b67419d69c8c7d805b7fd2fcadd26e9a7a	archive-by-series/72-Fourth-85/Fourth_85_R2_Factor_Gap_Lemmas.md	912fb4b67419d69c8c7d805b7fd2fcadd26e9a7a	33273d5c5c1bd951922ba99fbb8cdbca70baafc0	a24fd0e2ee28bc086ab38c3afffcafc7c5ca6aa0db2ab29337fd0fd682a59294	2ad19ee74866b54a6cec6095601880676fd56a8087cf90efbda0fd0c6ceb74d3	research/strict/campaigns/Fourth-85/Fourth_85_R2_Factor_Gap_Lemmas.md	2ad19ee74866b54a6cec6095601880676fd56a8087cf90efbda0fd0c6ceb74d3	research/a1/records/factor-gap-lemmas.md	a24fd0e2ee28bc086ab38c3afffcafc7c5ca6aa0db2ab29337fd0fd682a59294	2ad19ee74866b54a6cec6095601880676fd56a8087cf90efbda0fd0c6ceb74d3	canonical	archive-by-series/72-Fourth-85/Fourth_85_R2_Factor_Gap_Lemmas.md	exact-duplicate	attempt	Exact byte duplicate of the canonical target; this source path is retained as provenance and no second canonical copy is created. Kind is a navigation label based on file type, path, and title; it does not upgrade evidence.
dongxuelian2/strict-layer-proof-research	https://github.com/dongxuelian2/strict-layer-proof-research	main	912fb4b67419d69c8c7d805b7fd2fcadd26e9a7a	archive-by-series/72-Fourth-85/Fourth_85_R3_Support_Collision_Norm_Orbit.md	912fb4b67419d69c8c7d805b7fd2fcadd26e9a7a	7e634caaaf6d67761c1b43da0883718da15d8d42	e50ef10e505372e67c3baa0bd4d06c75b01a0458ac07f757a9eac32d3dd0303d	483e82a47fa3893f51d08fbdb80c57434d8c14b7db5bec98d3988ca536b2ff4a	research/strict/campaigns/Fourth-85/Fourth_85_R3_Support_Collision_Norm_Orbit.md	483e82a47fa3893f51d08fbdb80c57434d8c14b7db5bec98d3988ca536b2ff4a	research/a1/records/support-collision-norm-orbit.md	e50ef10e505372e67c3baa0bd4d06c75b01a0458ac07f757a9eac32d3dd0303d	483e82a47fa3893f51d08fbdb80c57434d8c14b7db5bec98d3988ca536b2ff4a	canonical	archive-by-series/72-Fourth-85/Fourth_85_R3_Support_Collision_Norm_Orbit.md	exact-duplicate	attempt	Exact byte duplicate of the canonical target; this source path is retained as provenance and no second canonical copy is created. Kind is a navigation label based on file type, path, and title; it does not upgrade evidence.
dongxuelian2/strict-layer-proof-research	https://github.com/dongxuelian2/strict-layer-proof-research	main	912fb4b67419d69c8c7d805b7fd2fcadd26e9a7a	archive-by-series/72-Fourth-85/Fourth_85_R4_Function_Field_Norm_Certificate.md	912fb4b67419d69c8c7d805b7fd2fcadd26e9a7a	0feabf3979dd9ceebdc353a90f504b7bfe38b453	0349f4bf88605101ddcaf690539708fed44ce705794174fc726fda448c13f3b3	89cf01e8bd9cc8fb7133b9f9eac70c394b02d7dfd3790b1c9e11cf1f50eff6bb	research/strict/campaigns/Fourth-85/Fourth_85_R4_Function_Field_Norm_Certificate.md	89cf01e8bd9cc8fb7133b9f9eac70c394b02d7dfd3790b1c9e11cf1f50eff6bb	research/a1/records/function-field-norm-certificate.md	0349f4bf88605101ddcaf690539708fed44ce705794174fc726fda448c13f3b3	89cf01e8bd9cc8fb7133b9f9eac70c394b02d7dfd3790b1c9e11cf1f50eff6bb	canonical	archive-by-series/72-Fourth-85/Fourth_85_R4_Function_Field_Norm_Certificate.md	exact-duplicate	result	Exact byte duplicate of the canonical target; this source path is retained as provenance and no second canonical copy is created. Kind is a navigation label based on file type, path, and title; it does not upgrade evidence.
dongxuelian2/strict-layer-proof-research	https://github.com/dongxuelian2/strict-layer-proof-research	main	912fb4b67419d69c8c7d805b7fd2fcadd26e9a7a	archive-by-series/72-Fourth-85/Fourth_85_R4_Global_Total_Space.md	912fb4b67419d69c8c7d805b7fd2fcadd26e9a7a	389708c7df84fca7645dae4ea1930924c97441ee	4711f31c3b62f5d00dec57da387483d526213a7fa8e0c03e560790efb2a479a2	ef2afa0a95da40e861f25f5ce2ec7dc685ca82bdd80c737d407d1141db6d5bc7	research/strict/campaigns/Fourth-85/Fourth_85_R4_Global_Total_Space.md	ef2afa0a95da40e861f25f5ce2ec7dc685ca82bdd80c737d407d1141db6d5bc7	research/a1/records/global-total-space.md	4711f31c3b62f5d00dec57da387483d526213a7fa8e0c03e560790efb2a479a2	ef2afa0a95da40e861f25f5ce2ec7dc685ca82bdd80c737d407d1141db6d5bc7	canonical	archive-by-series/72-Fourth-85/Fourth_85_R4_Global_Total_Space.md	exact-duplicate	attempt	Exact byte duplicate of the canonical target; this source path is retained as provenance and no second canonical copy is created. Kind is a navigation label based on file type, path, and title; it does not upgrade evidence.
dongxuelian2/strict-layer-proof-research	https://github.com/dongxuelian2/strict-layer-proof-research	main	912fb4b67419d69c8c7d805b7fd2fcadd26e9a7a	archive-by-series/72-Fourth-85/Fourth_85_R4_K10_q1_Local_Closure_Certificate.md	912fb4b67419d69c8c7d805b7fd2fcadd26e9a7a	a3911aa2b1204961ab442ae7ec45a9c07c4b6104	d13129f8eda835a559ccc65c93c8d7e0a085d994f01f0814ad32abb756671aa2	4baac47b931e1b3fceddb7a1b4f42846234ffba1c3cc56e733959101bf54908b	research/strict/campaigns/Fourth-85/Fourth_85_R4_K10_q1_Local_Closure_Certificate.md	4baac47b931e1b3fceddb7a1b4f42846234ffba1c3cc56e733959101bf54908b	research/a1/records/k10-q1-local-closure-certificate.md	d13129f8eda835a559ccc65c93c8d7e0a085d994f01f0814ad32abb756671aa2	4baac47b931e1b3fceddb7a1b4f42846234ffba1c3cc56e733959101bf54908b	canonical	archive-by-series/72-Fourth-85/Fourth_85_R4_K10_q1_Local_Closure_Certificate.md	exact-duplicate	result	Exact byte duplicate of the canonical target; this source path is retained as provenance and no second canonical copy is created. Kind is a navigation label based on file type, path, and title; it does not upgrade evidence.
dongxuelian2/strict-layer-proof-research	https://github.com/dongxuelian2/strict-layer-proof-research	main	912fb4b67419d69c8c7d805b7fd2fcadd26e9a7a	archive-by-series/72-Fourth-85/Fourth_85_R4_computation.zip	912fb4b67419d69c8c7d805b7fd2fcadd26e9a7a	fc5893c0420b705dd8f5b1dd709d24674d9908fc	8ada11e7bac67ebadb14d1ed74a7fcf6d084532ec680bd98a99002d641b2e97b	44224c1577d0fb09b259fbd37ca58d05e7953e7c551aaaf9a14570795781f12a			research/archive/strict-layer-proof-research/archive-by-series/72-Fourth-85/Fourth_85_R4_computation.zip	8ada11e7bac67ebadb14d1ed74a7fcf6d084532ec680bd98a99002d641b2e97b	44224c1577d0fb09b259fbd37ca58d05e7953e7c551aaaf9a14570795781f12a	archived	archive-by-series/72-Fourth-85/Fourth_85_R4_computation.zip	source-only	archive	Source-only bytes preserved once at the canonical target under the frozen archive boundary; original source path remains an alias. Kind is a navigation label based on file type, path, and title; it does not upgrade evidence.
dongxuelian2/strict-layer-proof-research	https://github.com/dongxuelian2/strict-layer-proof-research	main	912fb4b67419d69c8c7d805b7fd2fcadd26e9a7a	archive-by-series/72-Fourth-85/Fourth_85_R5_Brauer_Gaussian_Reduction_Certificate.md	912fb4b67419d69c8c7d805b7fd2fcadd26e9a7a	8be8fd485be61787c10b45742f60d9b5b2d5a4e4	ba4c38cb45251a61fc4499b9ffbd315794e7a5b09a0d188431547c2d7ff05038	653a61ff0aec28353537c1d0895fe3da9a527766a2192964235c53c207f56ada	research/strict/campaigns/Fourth-85/Fourth_85_R5_Brauer_Gaussian_Reduction_Certificate.md	653a61ff0aec28353537c1d0895fe3da9a527766a2192964235c53c207f56ada	research/a1/records/brauer-gaussian-reduction-certificate.md	ba4c38cb45251a61fc4499b9ffbd315794e7a5b09a0d188431547c2d7ff05038	653a61ff0aec28353537c1d0895fe3da9a527766a2192964235c53c207f56ada	canonical	archive-by-series/72-Fourth-85/Fourth_85_R5_Brauer_Gaussian_Reduction_Certificate.md	exact-duplicate	result	Exact byte duplicate of the canonical target; this source path is retained as provenance and no second canonical copy is created. Kind is a navigation label based on file type, path, and title; it does not upgrade evidence.
dongxuelian2/strict-layer-proof-research	https://github.com/dongxuelian2/strict-layer-proof-research	main	912fb4b67419d69c8c7d805b7fd2fcadd26e9a7a	archive-by-series/72-Fourth-85/Fourth_85_R5_Local_Cover_Autopsy.md	912fb4b67419d69c8c7d805b7fd2fcadd26e9a7a	f584070beedb2d733ffc4f643e98872df96e21ee	5400f8408ee0a05ddc470258152807e424f15f39785c8958b622f8fee947898c	2849d1c4be925f8a592dd7d363d769c88d906c0ac6ab5970d8059066af5b41af	research/strict/campaigns/Fourth-85/Fourth_85_R5_Local_Cover_Autopsy.md	2849d1c4be925f8a592dd7d363d769c88d906c0ac6ab5970d8059066af5b41af	research/a1/records/local-cover-autopsy.md	5400f8408ee0a05ddc470258152807e424f15f39785c8958b622f8fee947898c	2849d1c4be925f8a592dd7d363d769c88d906c0ac6ab5970d8059066af5b41af	canonical	archive-by-series/72-Fourth-85/Fourth_85_R5_Local_Cover_Autopsy.md	exact-duplicate	failure	Exact byte duplicate of the canonical target; this source path is retained as provenance and no second canonical copy is created. Kind is a navigation label based on file type, path, and title; it does not upgrade evidence.
dongxuelian2/strict-layer-proof-research	https://github.com/dongxuelian2/strict-layer-proof-research	main	912fb4b67419d69c8c7d805b7fd2fcadd26e9a7a	archive-by-series/72-Fourth-85/Fourth_85_R5_Norm_Brauer_Exponent_Atlas.md	912fb4b67419d69c8c7d805b7fd2fcadd26e9a7a	61e550a1ece7fd6a6ad0b31ad8ba03c53a13ba48	123a79b9b99702d006236ec57f237944973aa5118110703c7595ecf684d58263	a3985b6192f706a202601e29ce5e09cbbe91ed6e4d19b30ebc5e8c21e727a56f	research/strict/campaigns/Fourth-85/Fourth_85_R5_Norm_Brauer_Exponent_Atlas.md	a3985b6192f706a202601e29ce5e09cbbe91ed6e4d19b30ebc5e8c21e727a56f	research/a1/records/norm-brauer-exponent-atlas.md	123a79b9b99702d006236ec57f237944973aa5118110703c7595ecf684d58263	a3985b6192f706a202601e29ce5e09cbbe91ed6e4d19b30ebc5e8c21e727a56f	canonical	archive-by-series/72-Fourth-85/Fourth_85_R5_Norm_Brauer_Exponent_Atlas.md	exact-duplicate	attempt	Exact byte duplicate of the canonical target; this source path is retained as provenance and no second canonical copy is created. Kind is a navigation label based on file type, path, and title; it does not upgrade evidence.
dongxuelian2/strict-layer-proof-research	https://github.com/dongxuelian2/strict-layer-proof-research	main	912fb4b67419d69c8c7d805b7fd2fcadd26e9a7a	archive-by-series/72-Fourth-85/Fourth_85_R5_computation.zip	912fb4b67419d69c8c7d805b7fd2fcadd26e9a7a	a1df528b745795fd2c8644d79ca0b387529d9f5c	a729abf5ba6c2414b89234d5b1c391b79f51fb03360f7065c4154261deb4027f	6d1191507063318d2566bc1d4688f9f835e1dbf27df3e1bd1e0167f21b30a5d2			research/archive/strict-layer-proof-research/archive-by-series/72-Fourth-85/Fourth_85_R5_computation.zip	a729abf5ba6c2414b89234d5b1c391b79f51fb03360f7065c4154261deb4027f	6d1191507063318d2566bc1d4688f9f835e1dbf27df3e1bd1e0167f21b30a5d2	archived	archive-by-series/72-Fourth-85/Fourth_85_R5_computation.zip	source-only	archive	Source-only bytes preserved once at the canonical target under the frozen archive boundary; original source path remains an alias. Kind is a navigation label based on file type, path, and title; it does not upgrade evidence.
dongxuelian2/strict-layer-proof-research	https://github.com/dongxuelian2/strict-layer-proof-research	main	912fb4b67419d69c8c7d805b7fd2fcadd26e9a7a	archive-by-series/72-Fourth-85/Fourth_85_R6_Explicit_Extension_Gaussianization_Certificate.md	912fb4b67419d69c8c7d805b7fd2fcadd26e9a7a	692764e0d2993842cce16e4e9a7cecaa09ed1e36	e3134ade8161f310b63a59cfea3b7efa9791f51e76a448e4130c2886ff5697aa	5367258004c7ead404687bc6fe31401a6622233cb755aa8f64699174b0bbf9f8	research/strict/campaigns/Fourth-85/Fourth_85_R6_Explicit_Extension_Gaussianization_Certificate.md	5367258004c7ead404687bc6fe31401a6622233cb755aa8f64699174b0bbf9f8	research/a1/records/explicit-extension-gaussianization-certificate.md	e3134ade8161f310b63a59cfea3b7efa9791f51e76a448e4130c2886ff5697aa	5367258004c7ead404687bc6fe31401a6622233cb755aa8f64699174b0bbf9f8	canonical	archive-by-series/72-Fourth-85/Fourth_85_R6_Explicit_Extension_Gaussianization_Certificate.md	exact-duplicate	result	Exact byte duplicate of the canonical target; this source path is retained as provenance and no second canonical copy is created. Kind is a navigation label based on file type, path, and title; it does not upgrade evidence.
dongxuelian2/strict-layer-proof-research	https://github.com/dongxuelian2/strict-layer-proof-research	main	912fb4b67419d69c8c7d805b7fd2fcadd26e9a7a	archive-by-series/72-Fourth-85/Fourth_85_R6_Gaussian_Architecture_Autopsy.md	912fb4b67419d69c8c7d805b7fd2fcadd26e9a7a	f8c3da9cf0efcf0d2a1e33e0f2a73342b66a882f	9f37677c7644f1c0e0af306b386bceae9c3ed5ff16bc575c0209d793d817b38e	0a68e66772dac7b038e81cc3b26139ce904936397acf7d727390067bf8713087	research/strict/campaigns/Fourth-85/Fourth_85_R6_Gaussian_Architecture_Autopsy.md	0a68e66772dac7b038e81cc3b26139ce904936397acf7d727390067bf8713087	research/a1/records/gaussian-architecture-autopsy.md	9f37677c7644f1c0e0af306b386bceae9c3ed5ff16bc575c0209d793d817b38e	0a68e66772dac7b038e81cc3b26139ce904936397acf7d727390067bf8713087	canonical	archive-by-series/72-Fourth-85/Fourth_85_R6_Gaussian_Architecture_Autopsy.md	exact-duplicate	failure	Exact byte duplicate of the canonical target; this source path is retained as provenance and no second canonical copy is created. Kind is a navigation label based on file type, path, and title; it does not upgrade evidence.
dongxuelian2/strict-layer-proof-research	https://github.com/dongxuelian2/strict-layer-proof-research	main	912fb4b67419d69c8c7d805b7fd2fcadd26e9a7a	archive-by-series/72-Fourth-85/Fourth_85_R6_Gaussian_Source_Embedding.md	912fb4b67419d69c8c7d805b7fd2fcadd26e9a7a	ac8c3ef96b0277f1eb5bd3c8323e7c2ab51030e2	14f3e9723bf7b5e912989c12ae843ddc749c76e01ca4926efc216428ebc208f9	92f851b361c5061e00cdddebd076ac64e3a71b6244d230e7f585a2f4cd7c5b3c	research/strict/campaigns/Fourth-85/Fourth_85_R6_Gaussian_Source_Embedding.md	92f851b361c5061e00cdddebd076ac64e3a71b6244d230e7f585a2f4cd7c5b3c	research/a1/records/gaussian-source-embedding.md	14f3e9723bf7b5e912989c12ae843ddc749c76e01ca4926efc216428ebc208f9	92f851b361c5061e00cdddebd076ac64e3a71b6244d230e7f585a2f4cd7c5b3c	canonical	archive-by-series/72-Fourth-85/Fourth_85_R6_Gaussian_Source_Embedding.md	exact-duplicate	attempt	Exact byte duplicate of the canonical target; this source path is retained as provenance and no second canonical copy is created. Kind is a navigation label based on file type, path, and title; it does not upgrade evidence.
dongxuelian2/strict-layer-proof-research	https://github.com/dongxuelian2/strict-layer-proof-research	main	912fb4b67419d69c8c7d805b7fd2fcadd26e9a7a	archive-by-series/72-Fourth-85/Fourth_85_R6_Generated_Artifact_Index.txt	912fb4b67419d69c8c7d805b7fd2fcadd26e9a7a	bf09b35f14496af26e087bbb5faddd6f5a1adc73	005392cbc163c681b95af5b952236725e24248834e51ed7c954969888b92752f	3dfa915613753b362e50d7ae2f81b73ce06a3ca032b875531cb5ee605becd696			research/archive/strict-layer-proof-research/archive-by-series/72-Fourth-85/Fourth_85_R6_Generated_Artifact_Index.txt	005392cbc163c681b95af5b952236725e24248834e51ed7c954969888b92752f	3dfa915613753b362e50d7ae2f81b73ce06a3ca032b875531cb5ee605becd696	archived	archive-by-series/72-Fourth-85/Fourth_85_R6_Generated_Artifact_Index.txt	source-only	computation	Source-only bytes preserved once at the canonical target under the frozen archive boundary; original source path remains an alias. Kind is a navigation label based on file type, path, and title; it does not upgrade evidence.
dongxuelian2/strict-layer-proof-research	https://github.com/dongxuelian2/strict-layer-proof-research	main	912fb4b67419d69c8c7d805b7fd2fcadd26e9a7a	archive-by-series/72-Fourth-85/Fourth_85_R6_Source_Lattice_Certificate.md	912fb4b67419d69c8c7d805b7fd2fcadd26e9a7a	9bab92f952ad9264a57ec64d17b5a23eaa1e9ac5	f6804d5e1f63c40597e2203fbdc40d146868007c508ba97a928f06ae687d398c	c97ff2d84c9bcbfadc4f44e74891ab74a0f66e14380b05da8bfa90d16cecdb91	research/strict/campaigns/Fourth-85/Fourth_85_R6_Source_Lattice_Certificate.md	c97ff2d84c9bcbfadc4f44e74891ab74a0f66e14380b05da8bfa90d16cecdb91	research/a1/records/source-lattice-certificate.md	f6804d5e1f63c40597e2203fbdc40d146868007c508ba97a928f06ae687d398c	c97ff2d84c9bcbfadc4f44e74891ab74a0f66e14380b05da8bfa90d16cecdb91	canonical	archive-by-series/72-Fourth-85/Fourth_85_R6_Source_Lattice_Certificate.md	exact-duplicate	result	Exact byte duplicate of the canonical target; this source path is retained as provenance and no second canonical copy is created. Kind is a navigation label based on file type, path, and title; it does not upgrade evidence.
dongxuelian2/strict-layer-proof-research	https://github.com/dongxuelian2/strict-layer-proof-research	main	912fb4b67419d69c8c7d805b7fd2fcadd26e9a7a	archive-by-series/72-Fourth-85/Fourth_85_R6_Tau39_Source_Closure_Certificate.md	912fb4b67419d69c8c7d805b7fd2fcadd26e9a7a	f470d0a3de6b083a53a158181884dad33f571b29	435e259de0d1694d70678591e47229899720a6175c36814ab05b093c5d519758	738315bd5e5f364437db378cb9933eec8a015bb9916df406ba84a2ff6833746d	research/strict/campaigns/Fourth-85/Fourth_85_R6_Tau39_Source_Closure_Certificate.md	738315bd5e5f364437db378cb9933eec8a015bb9916df406ba84a2ff6833746d	research/a1/records/tau39-source-closure-certificate.md	435e259de0d1694d70678591e47229899720a6175c36814ab05b093c5d519758	738315bd5e5f364437db378cb9933eec8a015bb9916df406ba84a2ff6833746d	canonical	archive-by-series/72-Fourth-85/Fourth_85_R6_Tau39_Source_Closure_Certificate.md	exact-duplicate	result	Exact byte duplicate of the canonical target; this source path is retained as provenance and no second canonical copy is created. Kind is a navigation label based on file type, path, and title; it does not upgrade evidence.
dongxuelian2/strict-layer-proof-research	https://github.com/dongxuelian2/strict-layer-proof-research	main	912fb4b67419d69c8c7d805b7fd2fcadd26e9a7a	archive-by-series/72-Fourth-85/Fourth_85_R6_computation.zip	912fb4b67419d69c8c7d805b7fd2fcadd26e9a7a	19fa235d7f80dc4490199f05bce1ebbf1e51a606	e8ca614648fb2f8f6c28803a9200befa78860e9ea78e31491a7991927a23ffcd	80363194215343c4bffdb99550d76866cf9820f94945540296aa567611ec2a0f			research/archive/strict-layer-proof-research/archive-by-series/72-Fourth-85/Fourth_85_R6_computation.zip	e8ca614648fb2f8f6c28803a9200befa78860e9ea78e31491a7991927a23ffcd	80363194215343c4bffdb99550d76866cf9820f94945540296aa567611ec2a0f	archived	archive-by-series/72-Fourth-85/Fourth_85_R6_computation.zip	source-only	archive	Source-only bytes preserved once at the canonical target under the frozen archive boundary; original source path remains an alias. Kind is a navigation label based on file type, path, and title; it does not upgrade evidence.
dongxuelian2/strict-layer-proof-research	https://github.com/dongxuelian2/strict-layer-proof-research	main	912fb4b67419d69c8c7d805b7fd2fcadd26e9a7a	archive-by-series/80-95/95_R10_Second_Architecture_Shock_Checkpoint_and_New_Invariant_Audit.md	912fb4b67419d69c8c7d805b7fd2fcadd26e9a7a	b63927be4671e0b8b74aee6e27abca0fd8bc354d	e0f1fd5120b0d72cbcb3beb56a09506c50392f1441e02c5868a2af6b7213b910	f73be16a7741995197a4898082a3675b5f9ecbd2663dd000e0d18900afdea382	research/strict/campaigns/95/95_R10_Second_Architecture_Shock_Checkpoint_and_New_Invariant_Audit.md	f73be16a7741995197a4898082a3675b5f9ecbd2663dd000e0d18900afdea382	research/a1/records/second-architecture-shock-new-invariant-audit.md	e0f1fd5120b0d72cbcb3beb56a09506c50392f1441e02c5868a2af6b7213b910	f73be16a7741995197a4898082a3675b5f9ecbd2663dd000e0d18900afdea382	canonical	archive-by-series/80-95/95_R10_Second_Architecture_Shock_Checkpoint_and_New_Invariant_Audit.md	exact-duplicate	attempt	Exact byte duplicate of the canonical target; this source path is retained as provenance and no second canonical copy is created. Kind is a navigation label based on file type, path, and title; it does not upgrade evidence.
dongxuelian2/strict-layer-proof-research	https://github.com/dongxuelian2/strict-layer-proof-research	main	912fb4b67419d69c8c7d805b7fd2fcadd26e9a7a	archive-by-series/80-95/95_R1_Full_A1_Historical_Recovery_and_NonJ2_Canonical_Frontier.md	912fb4b67419d69c8c7d805b7fd2fcadd26e9a7a	2f1b885f50366dd60d725bde5aec90b74637a67b	436a0a715915ea008992aeac5f9855f987a7625dca98e816775479920158de2d	08639bc76334b3c85de46e9eb6781dcf8f19a5c75cf38b0801016e4156a14bae	research/strict/campaigns/95/95_R1_Full_A1_Historical_Recovery_and_NonJ2_Canonical_Frontier.md	08639bc76334b3c85de46e9eb6781dcf8f19a5c75cf38b0801016e4156a14bae	research/a1/records/full-a1-historical-recovery-nonj2-canonical-frontier.md	436a0a715915ea008992aeac5f9855f987a7625dca98e816775479920158de2d	08639bc76334b3c85de46e9eb6781dcf8f19a5c75cf38b0801016e4156a14bae	canonical	archive-by-series/80-95/95_R1_Full_A1_Historical_Recovery_and_NonJ2_Canonical_Frontier.md	exact-duplicate	attempt	Exact byte duplicate of the canonical target; this source path is retained as provenance and no second canonical copy is created. Kind is a navigation label based on file type, path, and title; it does not upgrade evidence.
dongxuelian2/strict-layer-proof-research	https://github.com/dongxuelian2/strict-layer-proof-research	main	912fb4b67419d69c8c7d805b7fd2fcadd26e9a7a	archive-by-series/80-95/95_R2_J5_certificate.json	912fb4b67419d69c8c7d805b7fd2fcadd26e9a7a	1ab9f9a995c38eae183c7c3d17ccee6fe3e3a10c	b51b887f8a18fadc4945921468fda627d982158f33144a58353daad75eb90d0c	af56007f4150e5929a20da470efde4944c51d7e4c6d7a0c49cac55e9924c76b5			research/archive/strict-layer-proof-research/archive-by-series/80-95/95_R2_J5_certificate.json	b51b887f8a18fadc4945921468fda627d982158f33144a58353daad75eb90d0c	af56007f4150e5929a20da470efde4944c51d7e4c6d7a0c49cac55e9924c76b5	archived	archive-by-series/80-95/95_R2_J5_certificate.json	source-only	computation	Source-only bytes preserved once at the canonical target under the frozen archive boundary; original source path remains an alias. Kind is a navigation label based on file type, path, and title; it does not upgrade evidence.
dongxuelian2/strict-layer-proof-research	https://github.com/dongxuelian2/strict-layer-proof-research	main	912fb4b67419d69c8c7d805b7fd2fcadd26e9a7a	archive-by-series/80-95/95_R2_J5_certificate_replay.py	912fb4b67419d69c8c7d805b7fd2fcadd26e9a7a	92f06996c0f76da4666054a9296b9d10fc7f2f21	9d9b4414ba56cde1448913efcecf8ca0781867dc1d1597aaa571e91fb37ce613	eedd179564f00dd1c605ea70b96b495ea8336f3fc24c146a40d18e63e267b4e4			research/archive/strict-layer-proof-research/archive-by-series/80-95/95_R2_J5_certificate_replay.py	9d9b4414ba56cde1448913efcecf8ca0781867dc1d1597aaa571e91fb37ce613	eedd179564f00dd1c605ea70b96b495ea8336f3fc24c146a40d18e63e267b4e4	archived	archive-by-series/80-95/95_R2_J5_certificate_replay.py	source-only	computation	Source-only bytes preserved once at the canonical target under the frozen archive boundary; original source path remains an alias. Kind is a navigation label based on file type, path, and title; it does not upgrade evidence.
dongxuelian2/strict-layer-proof-research	https://github.com/dongxuelian2/strict-layer-proof-research	main	912fb4b67419d69c8c7d805b7fd2fcadd26e9a7a	archive-by-series/80-95/95_R2_J5_certificate_verifier.py	912fb4b67419d69c8c7d805b7fd2fcadd26e9a7a	a8e29d6b2ca8239f27152fcdb99f03dff7791073	7e112faa25a9d63186e9e86ceabba3054512b32564ea440723f90458f149654c	7994fed5ef0f6da0320b8d218eedbe33542ae8c15d169b2840c212099388e406			research/archive/strict-layer-proof-research/archive-by-series/80-95/95_R2_J5_certificate_verifier.py	7e112faa25a9d63186e9e86ceabba3054512b32564ea440723f90458f149654c	7994fed5ef0f6da0320b8d218eedbe33542ae8c15d169b2840c212099388e406	archived	archive-by-series/80-95/95_R2_J5_certificate_verifier.py	source-only	computation	Source-only bytes preserved once at the canonical target under the frozen archive boundary; original source path remains an alias. Kind is a navigation label based on file type, path, and title; it does not upgrade evidence.
dongxuelian2/strict-layer-proof-research	https://github.com/dongxuelian2/strict-layer-proof-research	main	912fb4b67419d69c8c7d805b7fd2fcadd26e9a7a	archive-by-series/80-95/95_R2_J5_verifier_report.json	912fb4b67419d69c8c7d805b7fd2fcadd26e9a7a	dcca75c00b9c08f0c23636a4e7ccb17b99512aee	3bf17da49b3a3e4ad71785f54319e206f809c29b02730ec857b2dd20e2de0cfb	b77f7f81e83247e4d814119c079ee4cea88c45ec8ee10f25a6ad7d70b8001e2d			research/archive/strict-layer-proof-research/archive-by-series/80-95/95_R2_J5_verifier_report.json	3bf17da49b3a3e4ad71785f54319e206f809c29b02730ec857b2dd20e2de0cfb	b77f7f81e83247e4d814119c079ee4cea88c45ec8ee10f25a6ad7d70b8001e2d	archived	archive-by-series/80-95/95_R2_J5_verifier_report.json	source-only	computation	Source-only bytes preserved once at the canonical target under the frozen archive boundary; original source path remains an alias. Kind is a navigation label based on file type, path, and title; it does not upgrade evidence.
dongxuelian2/strict-layer-proof-research	https://github.com/dongxuelian2/strict-layer-proof-research	main	912fb4b67419d69c8c7d805b7fd2fcadd26e9a7a	archive-by-series/80-95/95_R2_NonJ2_Resonant_Cyclotomic_Endpoint_Collision.md	912fb4b67419d69c8c7d805b7fd2fcadd26e9a7a	9282126543c7831410426df5937b5e87f275b44f	21cf11b219ef670e807aece99031a5d9efad8078593ea36d585669db2b4df585	929f899e46fbf935532bbd095d1ff4534654cb3dc4acd5211437bbf8c076f541	research/strict/campaigns/95/95_R2_NonJ2_Resonant_Cyclotomic_Endpoint_Collision.md	929f899e46fbf935532bbd095d1ff4534654cb3dc4acd5211437bbf8c076f541	research/a1/records/nonj2-resonant-cyclotomic-endpoint-collision.md	21cf11b219ef670e807aece99031a5d9efad8078593ea36d585669db2b4df585	929f899e46fbf935532bbd095d1ff4534654cb3dc4acd5211437bbf8c076f541	canonical	archive-by-series/80-95/95_R2_NonJ2_Resonant_Cyclotomic_Endpoint_Collision.md	exact-duplicate	failure	Exact byte duplicate of the canonical target; this source path is retained as provenance and no second canonical copy is created. Kind is a navigation label based on file type, path, and title; it does not upgrade evidence.
dongxuelian2/strict-layer-proof-research	https://github.com/dongxuelian2/strict-layer-proof-research	main	912fb4b67419d69c8c7d805b7fd2fcadd26e9a7a	archive-by-series/80-95/95_R2_SHA256SUMS.txt	912fb4b67419d69c8c7d805b7fd2fcadd26e9a7a	283b399f7fc7b98ce06c3083336a87972ac8f43a	cf3d462b8fffa76424de051134476ecb4a0492b259abb144e430d0aa0cf678ce	acb1458fbe102d1c5032ff53f2b99e6da63aab4252fa2b1d1341a9b077b3e528			research/archive/strict-layer-proof-research/archive-by-series/80-95/95_R2_SHA256SUMS.txt	cf3d462b8fffa76424de051134476ecb4a0492b259abb144e430d0aa0cf678ce	acb1458fbe102d1c5032ff53f2b99e6da63aab4252fa2b1d1341a9b077b3e528	archived	archive-by-series/80-95/95_R2_SHA256SUMS.txt	source-only	computation	Source-only bytes preserved once at the canonical target under the frozen archive boundary; original source path remains an alias. Kind is a navigation label based on file type, path, and title; it does not upgrade evidence.
dongxuelian2/strict-layer-proof-research	https://github.com/dongxuelian2/strict-layer-proof-research	main	912fb4b67419d69c8c7d805b7fd2fcadd26e9a7a	archive-by-series/80-95/95_R3_Finite_Successor_Endpoint_Incidence_and_Signed_RRGS_Test.md	912fb4b67419d69c8c7d805b7fd2fcadd26e9a7a	6e63a7fda9805988a2b5f9e3139191a43f4faac2	19c8842fd8a22d6ab6bd4a8c139309211cfe6f369b8809ff2d73b5641c7fc014	119486ebef6e2efad738649d898ab250ca99d98cafa37984372e71f1ea18f265	research/strict/campaigns/95/95_R3_Finite_Successor_Endpoint_Incidence_and_Signed_RRGS_Test.md	119486ebef6e2efad738649d898ab250ca99d98cafa37984372e71f1ea18f265	research/a1/records/finite-successor-endpoint-incidence-signed-rrgs-test.md	19c8842fd8a22d6ab6bd4a8c139309211cfe6f369b8809ff2d73b5641c7fc014	119486ebef6e2efad738649d898ab250ca99d98cafa37984372e71f1ea18f265	canonical	archive-by-series/80-95/95_R3_Finite_Successor_Endpoint_Incidence_and_Signed_RRGS_Test.md	exact-duplicate	result	Exact byte duplicate of the canonical target; this source path is retained as provenance and no second canonical copy is created. Kind is a navigation label based on file type, path, and title; it does not upgrade evidence.
dongxuelian2/strict-layer-proof-research	https://github.com/dongxuelian2/strict-layer-proof-research	main	912fb4b67419d69c8c7d805b7fd2fcadd26e9a7a	archive-by-series/80-95/95_R3_symbolic_audit.py	912fb4b67419d69c8c7d805b7fd2fcadd26e9a7a	08cf671ddbdc7f365d73851602d3bf23aa34d202	5d284fe671a73e3e842f2e7a1101f75c6c84e5d7e3cd0bf73f6cb073eff944f5	ea3de9c9f1aa3988e604d1b5c946cc7e6cf3f19133bc8dc614e3153da853b815			research/archive/strict-layer-proof-research/archive-by-series/80-95/95_R3_symbolic_audit.py	5d284fe671a73e3e842f2e7a1101f75c6c84e5d7e3cd0bf73f6cb073eff944f5	ea3de9c9f1aa3988e604d1b5c946cc7e6cf3f19133bc8dc614e3153da853b815	archived	archive-by-series/80-95/95_R3_symbolic_audit.py	source-only	computation	Source-only bytes preserved once at the canonical target under the frozen archive boundary; original source path remains an alias. Kind is a navigation label based on file type, path, and title; it does not upgrade evidence.
dongxuelian2/strict-layer-proof-research	https://github.com/dongxuelian2/strict-layer-proof-research	main	912fb4b67419d69c8c7d805b7fd2fcadd26e9a7a	archive-by-series/80-95/95_R4_Successor_Conditioned_Primitive_Root_Gate_and_Negative_Ud2_Capacity.md	912fb4b67419d69c8c7d805b7fd2fcadd26e9a7a	e15a41736597e9571b99e6bc67e92ae8c6c95d63	8b691eab0f2bb7fe7ef0269a75e597df3b7b0a2f7add995e28cc7f0816c026e3	2a4a89d0eb3b4ebfa6c99169872a556b2901bc1daee7cb7b990f7c0385490688	research/strict/campaigns/95/95_R4_Successor_Conditioned_Primitive_Root_Gate_and_Negative_Ud2_Capacity.md	2a4a89d0eb3b4ebfa6c99169872a556b2901bc1daee7cb7b990f7c0385490688	research/a1/records/successor-conditioned-primitive-root-gate-negative-ud2-capacity.md	8b691eab0f2bb7fe7ef0269a75e597df3b7b0a2f7add995e28cc7f0816c026e3	2a4a89d0eb3b4ebfa6c99169872a556b2901bc1daee7cb7b990f7c0385490688	canonical	archive-by-series/80-95/95_R4_Successor_Conditioned_Primitive_Root_Gate_and_Negative_Ud2_Capacity.md	exact-duplicate	attempt	Exact byte duplicate of the canonical target; this source path is retained as provenance and no second canonical copy is created. Kind is a navigation label based on file type, path, and title; it does not upgrade evidence.
dongxuelian2/strict-layer-proof-research	https://github.com/dongxuelian2/strict-layer-proof-research	main	912fb4b67419d69c8c7d805b7fd2fcadd26e9a7a	archive-by-series/80-95/95_R5_First_Architecture_Shock_Checkpoint.md	912fb4b67419d69c8c7d805b7fd2fcadd26e9a7a	406437a606f81490df80393ccc3828b19bdfaf8e	39b0344b7328b9edb908c4542e6ca043972e1ceb37f8e8ec3cbc60872a8f1797	3ad184a53dd3bd10a9fcc3fecfffea1261d868bc20c947cd25bfd658b98b5da0	research/strict/campaigns/95/95_R5_First_Architecture_Shock_Checkpoint.md	3ad184a53dd3bd10a9fcc3fecfffea1261d868bc20c947cd25bfd658b98b5da0	research/a1/records/first-architecture-shock.md	39b0344b7328b9edb908c4542e6ca043972e1ceb37f8e8ec3cbc60872a8f1797	3ad184a53dd3bd10a9fcc3fecfffea1261d868bc20c947cd25bfd658b98b5da0	canonical	archive-by-series/80-95/95_R5_First_Architecture_Shock_Checkpoint.md	exact-duplicate	attempt	Exact byte duplicate of the canonical target; this source path is retained as provenance and no second canonical copy is created. Kind is a navigation label based on file type, path, and title; it does not upgrade evidence.
dongxuelian2/strict-layer-proof-research	https://github.com/dongxuelian2/strict-layer-proof-research	main	912fb4b67419d69c8c7d805b7fd2fcadd26e9a7a	archive-by-series/80-95/95_R6_T0_Transition_Finite_Borrow_Affine_Boundary_Margin_Assault.md	912fb4b67419d69c8c7d805b7fd2fcadd26e9a7a	66531880bd55ceb80d0c2a7fbad3de893e1648be	70eac82fbb90b69fea6afa9683be2ba463e0b4409a2a117122636f0bfeec3ea9	dca23a48d75853a807dee45c8af9f5353737c2c3793e281ee1f5028b8bf991d2	research/strict/campaigns/95/95_R6_T0_Transition_Finite_Borrow_Affine_Boundary_Margin_Assault.md	dca23a48d75853a807dee45c8af9f5353737c2c3793e281ee1f5028b8bf991d2	research/a1/records/t0-transition-finite-borrow-affine-boundary-margin-assault.md	70eac82fbb90b69fea6afa9683be2ba463e0b4409a2a117122636f0bfeec3ea9	dca23a48d75853a807dee45c8af9f5353737c2c3793e281ee1f5028b8bf991d2	canonical	archive-by-series/80-95/95_R6_T0_Transition_Finite_Borrow_Affine_Boundary_Margin_Assault.md	exact-duplicate	attempt	Exact byte duplicate of the canonical target; this source path is retained as provenance and no second canonical copy is created. Kind is a navigation label based on file type, path, and title; it does not upgrade evidence.
dongxuelian2/strict-layer-proof-research	https://github.com/dongxuelian2/strict-layer-proof-research	main	912fb4b67419d69c8c7d805b7fd2fcadd26e9a7a	archive-by-series/80-95/95_R7_Transition_Source_Boundary_Bridge_Repair_or_Kill.md	912fb4b67419d69c8c7d805b7fd2fcadd26e9a7a	bc43bda33478ac293631d2e322859451e888aac5	33a405888bd106fe60332eeeb97d3e8401c7fb12a6de2afa6f1d6cd16597c2ad	d873a167e345340890aaf133833ef3b1535e20e5b366818e39a19c43fee62bc8	research/strict/campaigns/95/95_R7_Transition_Source_Boundary_Bridge_Repair_or_Kill.md	d873a167e345340890aaf133833ef3b1535e20e5b366818e39a19c43fee62bc8	research/a1/records/transition-source-boundary-bridge-repair-or-kill.md	33a405888bd106fe60332eeeb97d3e8401c7fb12a6de2afa6f1d6cd16597c2ad	d873a167e345340890aaf133833ef3b1535e20e5b366818e39a19c43fee62bc8	canonical	archive-by-series/80-95/95_R7_Transition_Source_Boundary_Bridge_Repair_or_Kill.md	exact-duplicate	attempt	Exact byte duplicate of the canonical target; this source path is retained as provenance and no second canonical copy is created. Kind is a navigation label based on file type, path, and title; it does not upgrade evidence.
dongxuelian2/strict-layer-proof-research	https://github.com/dongxuelian2/strict-layer-proof-research	main	912fb4b67419d69c8c7d805b7fd2fcadd26e9a7a	archive-by-series/80-95/95_R8_g0_Smith_Reduced_Common_U_Three_Layer_Assault.md	912fb4b67419d69c8c7d805b7fd2fcadd26e9a7a	df597a6c433b5574cfe46ec73867a171e583a129	804721de6117e887533a93dd28a528cd2d412769b67a62f9518b8d9854d24d78	8e8aa0ad70a3a1616429936a6b0860b4ae27310d249f7a1f7fd947931082b86c	research/strict/campaigns/95/95_R8_g0_Smith_Reduced_Common_U_Three_Layer_Assault.md	8e8aa0ad70a3a1616429936a6b0860b4ae27310d249f7a1f7fd947931082b86c	research/a1/records/g0-smith-reduced-common-u-three-assault.md	804721de6117e887533a93dd28a528cd2d412769b67a62f9518b8d9854d24d78	8e8aa0ad70a3a1616429936a6b0860b4ae27310d249f7a1f7fd947931082b86c	canonical	archive-by-series/80-95/95_R8_g0_Smith_Reduced_Common_U_Three_Layer_Assault.md	exact-duplicate	attempt	Exact byte duplicate of the canonical target; this source path is retained as provenance and no second canonical copy is created. Kind is a navigation label based on file type, path, and title; it does not upgrade evidence.
dongxuelian2/strict-layer-proof-research	https://github.com/dongxuelian2/strict-layer-proof-research	main	912fb4b67419d69c8c7d805b7fd2fcadd26e9a7a	archive-by-series/80-95/95_R8_g0_three_layer_regression.py	912fb4b67419d69c8c7d805b7fd2fcadd26e9a7a	ba74c24fb3f0be9302c7e68bdddb9af318e908a8	08c9c5f680c837033442baf3c8183992e7684e9e2dd5e66c17acdeee539ee5aa	36c5ce00aaf7cc26b4e67850bcf040324f3cf3c7feb69126a10ca97540851711			research/archive/strict-layer-proof-research/archive-by-series/80-95/95_R8_g0_three_layer_regression.py	08c9c5f680c837033442baf3c8183992e7684e9e2dd5e66c17acdeee539ee5aa	36c5ce00aaf7cc26b4e67850bcf040324f3cf3c7feb69126a10ca97540851711	archived	archive-by-series/80-95/95_R8_g0_three_layer_regression.py	source-only	computation	Source-only bytes preserved once at the canonical target under the frozen archive boundary; original source path remains an alias. Kind is a navigation label based on file type, path, and title; it does not upgrade evidence.
dongxuelian2/strict-layer-proof-research	https://github.com/dongxuelian2/strict-layer-proof-research	main	912fb4b67419d69c8c7d805b7fd2fcadd26e9a7a	archive-by-series/80-95/95_R8_g0_three_layer_regression.txt	912fb4b67419d69c8c7d805b7fd2fcadd26e9a7a	baba2b6718d25b397e02866060125b772e40a438	c2d887c2820e453e8cf9a0e8cb3f483ad205e010b2374d3238fcd7182b849471	5d562e6a9e2312254a8a434fc8471d38e240a680aa136c31f4cb94d35e63c19a			research/archive/strict-layer-proof-research/archive-by-series/80-95/95_R8_g0_three_layer_regression.txt	c2d887c2820e453e8cf9a0e8cb3f483ad205e010b2374d3238fcd7182b849471	5d562e6a9e2312254a8a434fc8471d38e240a680aa136c31f4cb94d35e63c19a	archived	archive-by-series/80-95/95_R8_g0_three_layer_regression.txt	source-only	computation	Source-only bytes preserved once at the canonical target under the frozen archive boundary; original source path remains an alias. Kind is a navigation label based on file type, path, and title; it does not upgrade evidence.
dongxuelian2/strict-layer-proof-research	https://github.com/dongxuelian2/strict-layer-proof-research	main	912fb4b67419d69c8c7d805b7fd2fcadd26e9a7a	archive-by-series/80-95/95_R9_Outer_Plus_No_Borrow_Projective_Smallness_Assault.md	912fb4b67419d69c8c7d805b7fd2fcadd26e9a7a	1ff1d8b115358f93119b79f53ef954e83cfce436	933de61e17938c9ad72df5597460117acc3440eb3e3134e56fb57b979d65220a	78d4505ee20040800a8d68e1eecaeb1b69ca0c9278f67d9b3fec5c9d2132af69	research/strict/campaigns/95/95_R9_Outer_Plus_No_Borrow_Projective_Smallness_Assault.md	78d4505ee20040800a8d68e1eecaeb1b69ca0c9278f67d9b3fec5c9d2132af69	research/a1/records/outer-plus-no-borrow-projective-smallness-assault.md	933de61e17938c9ad72df5597460117acc3440eb3e3134e56fb57b979d65220a	78d4505ee20040800a8d68e1eecaeb1b69ca0c9278f67d9b3fec5c9d2132af69	canonical	archive-by-series/80-95/95_R9_Outer_Plus_No_Borrow_Projective_Smallness_Assault.md	exact-duplicate	attempt	Exact byte duplicate of the canonical target; this source path is retained as provenance and no second canonical copy is created. Kind is a navigation label based on file type, path, and title; it does not upgrade evidence.
dongxuelian2/strict-layer-proof-research	https://github.com/dongxuelian2/strict-layer-proof-research	main	912fb4b67419d69c8c7d805b7fd2fcadd26e9a7a	archive-by-series/80-95/95_R9_outer_plus_projective_cancellation_regression.py	912fb4b67419d69c8c7d805b7fd2fcadd26e9a7a	0e432ca8f1fe57bdd87657c7ea219204610132e3	8d0ce0657982aca53c8b292007cc4a6afb6bb3a60e44d9ae4ed501be1d1072e9	e6e8d3ffc382165a76b855de0142cb816fd75da5446c84dabc81f2d45f1b1683			research/archive/strict-layer-proof-research/archive-by-series/80-95/95_R9_outer_plus_projective_cancellation_regression.py	8d0ce0657982aca53c8b292007cc4a6afb6bb3a60e44d9ae4ed501be1d1072e9	e6e8d3ffc382165a76b855de0142cb816fd75da5446c84dabc81f2d45f1b1683	archived	archive-by-series/80-95/95_R9_outer_plus_projective_cancellation_regression.py	source-only	computation	Source-only bytes preserved once at the canonical target under the frozen archive boundary; original source path remains an alias. Kind is a navigation label based on file type, path, and title; it does not upgrade evidence.
dongxuelian2/strict-layer-proof-research	https://github.com/dongxuelian2/strict-layer-proof-research	main	912fb4b67419d69c8c7d805b7fd2fcadd26e9a7a	archive-by-series/90-105/105-R26-stage-archive.md	912fb4b67419d69c8c7d805b7fd2fcadd26e9a7a	8622296f6c5b8b26e84221807d4e4d52d2b082a4	70f0ae887e8572fe22cbd7448a241f467e0a982fe9233777c77afbbdb8fe2573	41f4e2aad7720862a98349d61d22c482b7f5045b6c54bfea56651d4032d97680	research/strict/campaigns/105/105-R26-stage-archive.md	41f4e2aad7720862a98349d61d22c482b7f5045b6c54bfea56651d4032d97680	research/a1/moving-profile/records/carrier-only-terminal-collapse.md	70f0ae887e8572fe22cbd7448a241f467e0a982fe9233777c77afbbdb8fe2573	41f4e2aad7720862a98349d61d22c482b7f5045b6c54bfea56651d4032d97680	canonical	archive-by-series/90-105/105-R26-stage-archive.md	exact-duplicate	attempt	Exact byte duplicate of the canonical target; this source path is retained as provenance and no second canonical copy is created. Kind is a navigation label based on file type, path, and title; it does not upgrade evidence.
dongxuelian2/strict-layer-proof-research	https://github.com/dongxuelian2/strict-layer-proof-research	main	912fb4b67419d69c8c7d805b7fd2fcadd26e9a7a	archive-by-series/90-105/105-R26-stage-archive.sha256.txt	912fb4b67419d69c8c7d805b7fd2fcadd26e9a7a	84c52a90360989baa34ffd34ea3a2142d8b8b810	c783708388638e55fdc5de212e57e22efa3b0a4d18eda6a09e3e77ce140c245b	b6065b9584334e96ac3718cd34979b769d33c001e936cd94ba826496a9533f35			research/archive/strict-layer-proof-research/archive-by-series/90-105/105-R26-stage-archive.sha256.txt	c783708388638e55fdc5de212e57e22efa3b0a4d18eda6a09e3e77ce140c245b	b6065b9584334e96ac3718cd34979b769d33c001e936cd94ba826496a9533f35	archived	archive-by-series/90-105/105-R26-stage-archive.sha256.txt	source-only	computation	Source-only bytes preserved once at the canonical target under the frozen archive boundary; original source path remains an alias. Kind is a navigation label based on file type, path, and title; it does not upgrade evidence.
dongxuelian2/strict-layer-proof-research	https://github.com/dongxuelian2/strict-layer-proof-research	main	912fb4b67419d69c8c7d805b7fd2fcadd26e9a7a	archive-by-series/90-105/105-R27-SHA256-MANIFEST.txt	912fb4b67419d69c8c7d805b7fd2fcadd26e9a7a	cc0370ad1d6c70fc5def5aa263853fbaecb06f14	856e31753b9b29093607e7b5edf9c6c6ca362e8bf8fe64d6e9ee0d95f65ea0df	5ed720c6c705e71ff9d934c18ff959ea2a031893d414291ed99b524c6b207dde			research/archive/strict-layer-proof-research/archive-by-series/90-105/105-R27-SHA256-MANIFEST.txt	856e31753b9b29093607e7b5edf9c6c6ca362e8bf8fe64d6e9ee0d95f65ea0df	5ed720c6c705e71ff9d934c18ff959ea2a031893d414291ed99b524c6b207dde	archived	archive-by-series/90-105/105-R27-SHA256-MANIFEST.txt	source-only	computation	Source-only bytes preserved once at the canonical target under the frozen archive boundary; original source path remains an alias. Kind is a navigation label based on file type, path, and title; it does not upgrade evidence.
dongxuelian2/strict-layer-proof-research	https://github.com/dongxuelian2/strict-layer-proof-research	main	912fb4b67419d69c8c7d805b7fd2fcadd26e9a7a	archive-by-series/90-105/105-R27-artifact-bundle.zip	912fb4b67419d69c8c7d805b7fd2fcadd26e9a7a	52d4a6aa33da16ed3d0622329c4f347c45f2f514	dd87523b5ba8074eba95d0dd517c2c5e735ced2121b36e3d6063426519558fc5	71bece274b7dde6d78fb6a4f6aa29a3f72295ac664ed5908b8a9817d9f95bea1			research/archive/strict-layer-proof-research/archive-by-series/90-105/105-R27-artifact-bundle.zip	dd87523b5ba8074eba95d0dd517c2c5e735ced2121b36e3d6063426519558fc5	71bece274b7dde6d78fb6a4f6aa29a3f72295ac664ed5908b8a9817d9f95bea1	archived	archive-by-series/90-105/105-R27-artifact-bundle.zip	source-only	archive	Source-only bytes preserved once at the canonical target under the frozen archive boundary; original source path remains an alias. Kind is a navigation label based on file type, path, and title; it does not upgrade evidence.
dongxuelian2/strict-layer-proof-research	https://github.com/dongxuelian2/strict-layer-proof-research	main	912fb4b67419d69c8c7d805b7fd2fcadd26e9a7a	archive-by-series/90-105/105-R27-execution.log	912fb4b67419d69c8c7d805b7fd2fcadd26e9a7a	cf56bce687d8627871bce7cfe09992e2bb6d0efb	003533bc4e1ff74225764cf6ceef28a93ac3f3c339f32c0515167ccdf5fcdcf5	aae601c682ac75fb77e2ec1e7d595dd8a6c35a2e2d19072f9e342bb0a7daa55b			research/archive/strict-layer-proof-research/archive-by-series/90-105/105-R27-execution.log	003533bc4e1ff74225764cf6ceef28a93ac3f3c339f32c0515167ccdf5fcdcf5	aae601c682ac75fb77e2ec1e7d595dd8a6c35a2e2d19072f9e342bb0a7daa55b	archived	archive-by-series/90-105/105-R27-execution.log	source-only	computation	Source-only bytes preserved once at the canonical target under the frozen archive boundary; original source path remains an alias. Kind is a navigation label based on file type, path, and title; it does not upgrade evidence.
dongxuelian2/strict-layer-proof-research	https://github.com/dongxuelian2/strict-layer-proof-research	main	912fb4b67419d69c8c7d805b7fd2fcadd26e9a7a	archive-by-series/90-105/105-R27-stage-archive.md	912fb4b67419d69c8c7d805b7fd2fcadd26e9a7a	91712791bda7bbfa72327e8c3edbd0d248f36238	cbd6dc4146ddf3c222539edf4805e45f0642b419a7b24438672c81a38d76069a	5a18cba2cbae8346300f54d845107699c4cd3f31cca7b527c11de77597bd74b2	research/strict/campaigns/105/105-R27-stage-archive.md	5a18cba2cbae8346300f54d845107699c4cd3f31cca7b527c11de77597bd74b2	research/a1/moving-profile/records/primitive-sphere-exceptional-locus-collapse.md	cbd6dc4146ddf3c222539edf4805e45f0642b419a7b24438672c81a38d76069a	5a18cba2cbae8346300f54d845107699c4cd3f31cca7b527c11de77597bd74b2	canonical	archive-by-series/90-105/105-R27-stage-archive.md	exact-duplicate	attempt	Exact byte duplicate of the canonical target; this source path is retained as provenance and no second canonical copy is created. Kind is a navigation label based on file type, path, and title; it does not upgrade evidence.
dongxuelian2/strict-layer-proof-research	https://github.com/dongxuelian2/strict-layer-proof-research	main	912fb4b67419d69c8c7d805b7fd2fcadd26e9a7a	archive-by-series/90-105/105-R28-SHA256-MANIFEST.txt	912fb4b67419d69c8c7d805b7fd2fcadd26e9a7a	8c985448393abfc9ed846581bb22e7266e2f6308	1eaddf44b730ae92c207a2db30f7b4fe060c91a075780450c9a6df8ccdf40e37	53f21a9b33abaca41140f317005fa68c0ca3e063ca7ecff5711eb4894fec595d			research/archive/strict-layer-proof-research/archive-by-series/90-105/105-R28-SHA256-MANIFEST.txt	1eaddf44b730ae92c207a2db30f7b4fe060c91a075780450c9a6df8ccdf40e37	53f21a9b33abaca41140f317005fa68c0ca3e063ca7ecff5711eb4894fec595d	archived	archive-by-series/90-105/105-R28-SHA256-MANIFEST.txt	source-only	computation	Source-only bytes preserved once at the canonical target under the frozen archive boundary; original source path remains an alias. Kind is a navigation label based on file type, path, and title; it does not upgrade evidence.
dongxuelian2/strict-layer-proof-research	https://github.com/dongxuelian2/strict-layer-proof-research	main	912fb4b67419d69c8c7d805b7fd2fcadd26e9a7a	archive-by-series/90-105/105-R28-TC1-derivation.md	912fb4b67419d69c8c7d805b7fd2fcadd26e9a7a	b1dd83e9980c48c0d95f5008c21b551e42e3526e	80bc8890cf77b7703ab67532e622b952f233cc2ddd8f74ee1221f301c62533f3	4dbeba031fdba7c9ead02c72a53e6300b306b5ca610aa8f9adc1931f43363f3a	research/strict/campaigns/105/105-R28-TC1-derivation.md	4dbeba031fdba7c9ead02c72a53e6300b306b5ca610aa8f9adc1931f43363f3a	research/a1/moving-profile/records/tc1-derivation.md	80bc8890cf77b7703ab67532e622b952f233cc2ddd8f74ee1221f301c62533f3	4dbeba031fdba7c9ead02c72a53e6300b306b5ca610aa8f9adc1931f43363f3a	canonical	archive-by-series/90-105/105-R28-TC1-derivation.md	exact-duplicate	result	Exact byte duplicate of the canonical target; this source path is retained as provenance and no second canonical copy is created. Kind is a navigation label based on file type, path, and title; it does not upgrade evidence.
dongxuelian2/strict-layer-proof-research	https://github.com/dongxuelian2/strict-layer-proof-research	main	912fb4b67419d69c8c7d805b7fd2fcadd26e9a7a	archive-by-series/90-105/105-R28-TC1-normal-form.md	912fb4b67419d69c8c7d805b7fd2fcadd26e9a7a	64f258ae2a852485531b69935d7c10ed19aa4cc1	26d91b0d99c8b322996c09bef8e851edec4e3dac0a4fd0739fbe0f6e31c780a4	1909f445f52237a13066ff74439f46b53b84ff5b6b60742c0e87e46bc3a36aca	research/strict/campaigns/105/105-R28-TC1-normal-form.md	1909f445f52237a13066ff74439f46b53b84ff5b6b60742c0e87e46bc3a36aca	research/a1/moving-profile/records/tc1-normal-form.md	26d91b0d99c8b322996c09bef8e851edec4e3dac0a4fd0739fbe0f6e31c780a4	1909f445f52237a13066ff74439f46b53b84ff5b6b60742c0e87e46bc3a36aca	canonical	archive-by-series/90-105/105-R28-TC1-normal-form.md	exact-duplicate	attempt	Exact byte duplicate of the canonical target; this source path is retained as provenance and no second canonical copy is created. Kind is a navigation label based on file type, path, and title; it does not upgrade evidence.
dongxuelian2/strict-layer-proof-research	https://github.com/dongxuelian2/strict-layer-proof-research	main	912fb4b67419d69c8c7d805b7fd2fcadd26e9a7a	archive-by-series/90-105/105-R28-execution.log	912fb4b67419d69c8c7d805b7fd2fcadd26e9a7a	7238e0929c7a96ef8200d9ed5d61d5dc5f53ad78	9c095ecc870d226a7097894b3503369b025a366260e7cae249d9c7ded99619be	2bc615f781089ec1f6954c299b9cdd1df6a5ee06176f49a17075068ded099002			research/archive/strict-layer-proof-research/archive-by-series/90-105/105-R28-execution.log	9c095ecc870d226a7097894b3503369b025a366260e7cae249d9c7ded99619be	2bc615f781089ec1f6954c299b9cdd1df6a5ee06176f49a17075068ded099002	archived	archive-by-series/90-105/105-R28-execution.log	source-only	computation	Source-only bytes preserved once at the canonical target under the frozen archive boundary; original source path remains an alias. Kind is a navigation label based on file type, path, and title; it does not upgrade evidence.
dongxuelian2/strict-layer-proof-research	https://github.com/dongxuelian2/strict-layer-proof-research	main	912fb4b67419d69c8c7d805b7fd2fcadd26e9a7a	archive-by-series/90-105/105-R28-frozen-artifacts.zip	912fb4b67419d69c8c7d805b7fd2fcadd26e9a7a	0181fb05c9223406df3595309b2f3d3de6f3de65	a6159aab026b08c2474071fe67bff49c5b33bc5ce496a78ac9b9c5824f32162c	59741756d59840dfdd9335a9f9f7630d3e2a7db081d41f2719d0767f97765615			research/archive/strict-layer-proof-research/archive-by-series/90-105/105-R28-frozen-artifacts.zip	a6159aab026b08c2474071fe67bff49c5b33bc5ce496a78ac9b9c5824f32162c	59741756d59840dfdd9335a9f9f7630d3e2a7db081d41f2719d0767f97765615	archived	archive-by-series/90-105/105-R28-frozen-artifacts.zip	source-only	archive	Source-only bytes preserved once at the canonical target under the frozen archive boundary; original source path remains an alias. Kind is a navigation label based on file type, path, and title; it does not upgrade evidence.
dongxuelian2/strict-layer-proof-research	https://github.com/dongxuelian2/strict-layer-proof-research	main	912fb4b67419d69c8c7d805b7fd2fcadd26e9a7a	archive-by-series/90-105/105-R28-frozen-artifacts.zip.sha256.txt	912fb4b67419d69c8c7d805b7fd2fcadd26e9a7a	138e159a384bb9db2b17eb484ba3769643a14228	fdd13a9798888bea16c479ce79d6e563c28899c7c9718c7700609f2b3fb15a6d	b6735c4e03be1600427ab5ac9ad94fb7df48462a08df8fd77fcb0daac29243bc			research/archive/strict-layer-proof-research/archive-by-series/90-105/105-R28-frozen-artifacts.zip.sha256.txt	fdd13a9798888bea16c479ce79d6e563c28899c7c9718c7700609f2b3fb15a6d	b6735c4e03be1600427ab5ac9ad94fb7df48462a08df8fd77fcb0daac29243bc	archived	archive-by-series/90-105/105-R28-frozen-artifacts.zip.sha256.txt	source-only	computation	Source-only bytes preserved once at the canonical target under the frozen archive boundary; original source path remains an alias. Kind is a navigation label based on file type, path, and title; it does not upgrade evidence.
dongxuelian2/strict-layer-proof-research	https://github.com/dongxuelian2/strict-layer-proof-research	main	912fb4b67419d69c8c7d805b7fd2fcadd26e9a7a	archive-by-series/90-105/105-R28-stage-archive.md	912fb4b67419d69c8c7d805b7fd2fcadd26e9a7a	1cdb078711f3afe78b362bd7ac63a733fc500632	c2bc15468d713663e69efceb4bfc0eb4997f3b08307ea62e564d573cfab0ef36	ee1bf90f78f4317eefc3e3c341c3f15828e7e69724e2b5fa393765ab106f14a1	research/strict/campaigns/105/105-R28-stage-archive.md	ee1bf90f78f4317eefc3e3c341c3f15828e7e69724e2b5fa393765ab106f14a1	research/a1/moving-profile/records/moving-tc1-incidence.md	c2bc15468d713663e69efceb4bfc0eb4997f3b08307ea62e564d573cfab0ef36	ee1bf90f78f4317eefc3e3c341c3f15828e7e69724e2b5fa393765ab106f14a1	canonical	archive-by-series/90-105/105-R28-stage-archive.md	exact-duplicate	attempt	Exact byte duplicate of the canonical target; this source path is retained as provenance and no second canonical copy is created. Kind is a navigation label based on file type, path, and title; it does not upgrade evidence.
dongxuelian2/strict-layer-proof-research	https://github.com/dongxuelian2/strict-layer-proof-research	main	912fb4b67419d69c8c7d805b7fd2fcadd26e9a7a	archive-by-series/90-105/105-R29-POST-RADIAL-SUPPORT-SATURATION-CERTIFICATE.md	912fb4b67419d69c8c7d805b7fd2fcadd26e9a7a	586d852442e47ad9de5ca560b18b5a2c76a9d643	f936400c70532882960114483e352af8be310738fd14738f093a00e0e42471d0	e374454c24e167a922d75c06f92e93dc1041e4d56f0f7679f80abb0fe602c8d0	research/strict/campaigns/105/105-R29-POST-RADIAL-SUPPORT-SATURATION-CERTIFICATE.md	e374454c24e167a922d75c06f92e93dc1041e4d56f0f7679f80abb0fe602c8d0	research/a1/moving-profile/records/post-radial-support-saturation-certificate.md	f936400c70532882960114483e352af8be310738fd14738f093a00e0e42471d0	e374454c24e167a922d75c06f92e93dc1041e4d56f0f7679f80abb0fe602c8d0	canonical	archive-by-series/90-105/105-R29-POST-RADIAL-SUPPORT-SATURATION-CERTIFICATE.md	exact-duplicate	result	Exact byte duplicate of the canonical target; this source path is retained as provenance and no second canonical copy is created. Kind is a navigation label based on file type, path, and title; it does not upgrade evidence.
dongxuelian2/strict-layer-proof-research	https://github.com/dongxuelian2/strict-layer-proof-research	main	912fb4b67419d69c8c7d805b7fd2fcadd26e9a7a	archive-by-series/90-105/105-R29-SHA256-MANIFEST.txt	912fb4b67419d69c8c7d805b7fd2fcadd26e9a7a	5162ff3a9befd954eeae87af2b130a6a65506b93	11dd09be2c295cff15af2683a8d50e56bbfbb518ba3c3514fc383428be66a288	788e47083b0da202ffc3b6339789adf98174ab2022b635157d0dad602569d9c0			research/archive/strict-layer-proof-research/archive-by-series/90-105/105-R29-SHA256-MANIFEST.txt	11dd09be2c295cff15af2683a8d50e56bbfbb518ba3c3514fc383428be66a288	788e47083b0da202ffc3b6339789adf98174ab2022b635157d0dad602569d9c0	archived	archive-by-series/90-105/105-R29-SHA256-MANIFEST.txt	source-only	computation	Source-only bytes preserved once at the canonical target under the frozen archive boundary; original source path remains an alias. Kind is a navigation label based on file type, path, and title; it does not upgrade evidence.
dongxuelian2/strict-layer-proof-research	https://github.com/dongxuelian2/strict-layer-proof-research	main	912fb4b67419d69c8c7d805b7fd2fcadd26e9a7a	archive-by-series/90-105/105-R29-execution.log	912fb4b67419d69c8c7d805b7fd2fcadd26e9a7a	7b93471519cc46e2c6ae54e769c4ee550c3acb82	4f311fb5aaf1eeae9eaef9d5834568dd8aea98af26fd67b2f93638c32edfd113	14a79c07efeb3ff7aa32d3b60e9cfc75be608da77ed197749bb6df9ed1004084			research/archive/strict-layer-proof-research/archive-by-series/90-105/105-R29-execution.log	4f311fb5aaf1eeae9eaef9d5834568dd8aea98af26fd67b2f93638c32edfd113	14a79c07efeb3ff7aa32d3b60e9cfc75be608da77ed197749bb6df9ed1004084	archived	archive-by-series/90-105/105-R29-execution.log	source-only	computation	Source-only bytes preserved once at the canonical target under the frozen archive boundary; original source path remains an alias. Kind is a navigation label based on file type, path, and title; it does not upgrade evidence.
dongxuelian2/strict-layer-proof-research	https://github.com/dongxuelian2/strict-layer-proof-research	main	912fb4b67419d69c8c7d805b7fd2fcadd26e9a7a	archive-by-series/90-105/105-R29-frozen-artifacts.zip	912fb4b67419d69c8c7d805b7fd2fcadd26e9a7a	6818bb7b01ad61e09e45e495a3c408135781a8cf	b5880eab19e6d216109d8b088d527cd9fc143b062fcffb37516bed5871a3c1a2	4e08a9999708d66b754599c3a6386e899d06af542b20edc21eb744cf23c6fdfe			research/archive/strict-layer-proof-research/archive-by-series/90-105/105-R29-frozen-artifacts.zip	b5880eab19e6d216109d8b088d527cd9fc143b062fcffb37516bed5871a3c1a2	4e08a9999708d66b754599c3a6386e899d06af542b20edc21eb744cf23c6fdfe	archived	archive-by-series/90-105/105-R29-frozen-artifacts.zip	source-only	archive	Source-only bytes preserved once at the canonical target under the frozen archive boundary; original source path remains an alias. Kind is a navigation label based on file type, path, and title; it does not upgrade evidence.
dongxuelian2/strict-layer-proof-research	https://github.com/dongxuelian2/strict-layer-proof-research	main	912fb4b67419d69c8c7d805b7fd2fcadd26e9a7a	archive-by-series/90-105/105-R29-mu-core-derivation.md	912fb4b67419d69c8c7d805b7fd2fcadd26e9a7a	a1e3f83c5e054a8861f1616c2c4933ceeca3456b	65ca130d2ce6172b3653a121825f4543ee370ed37954affdb8ea995e5375b894	51e666bb36d9cff3276ca9c6a9485d77a3bc486b12564b3f3907b30d82007e52	research/strict/campaigns/105/105-R29-mu-core-derivation.md	51e666bb36d9cff3276ca9c6a9485d77a3bc486b12564b3f3907b30d82007e52	research/a1/moving-profile/records/mu-core-derivation.md	65ca130d2ce6172b3653a121825f4543ee370ed37954affdb8ea995e5375b894	51e666bb36d9cff3276ca9c6a9485d77a3bc486b12564b3f3907b30d82007e52	canonical	archive-by-series/90-105/105-R29-mu-core-derivation.md	exact-duplicate	result	Exact byte duplicate of the canonical target; this source path is retained as provenance and no second canonical copy is created. Kind is a navigation label based on file type, path, and title; it does not upgrade evidence.
dongxuelian2/strict-layer-proof-research	https://github.com/dongxuelian2/strict-layer-proof-research	main	912fb4b67419d69c8c7d805b7fd2fcadd26e9a7a	archive-by-series/90-105/105-R29-smith-collision-proof.md	912fb4b67419d69c8c7d805b7fd2fcadd26e9a7a	6c72e12e893f8ca316d6215077c2d099bd4ea302	89b6a0232625ad0aa98668704f82e7f4b1832428e09669bfd806b6f2642b6f88	ba63d3bcf0668cf96b4b9be991a617ad9090e0e65f6d5d7f8d02fa85f096bec1	research/strict/campaigns/105/105-R29-smith-collision-proof.md	ba63d3bcf0668cf96b4b9be991a617ad9090e0e65f6d5d7f8d02fa85f096bec1	research/a1/moving-profile/records/smith-collision-proof.md	89b6a0232625ad0aa98668704f82e7f4b1832428e09669bfd806b6f2642b6f88	ba63d3bcf0668cf96b4b9be991a617ad9090e0e65f6d5d7f8d02fa85f096bec1	canonical	archive-by-series/90-105/105-R29-smith-collision-proof.md	exact-duplicate	result	Exact byte duplicate of the canonical target; this source path is retained as provenance and no second canonical copy is created. Kind is a navigation label based on file type, path, and title; it does not upgrade evidence.
dongxuelian2/strict-layer-proof-research	https://github.com/dongxuelian2/strict-layer-proof-research	main	912fb4b67419d69c8c7d805b7fd2fcadd26e9a7a	archive-by-series/90-105/105-R29-stage-archive.md	912fb4b67419d69c8c7d805b7fd2fcadd26e9a7a	bb1b55b3a7f8559f84079bb9f7d0c3fdb46547bb	44bb00d48ea2e9eff1a0a8bb07830c670fa2a44323b6bf9b9e0d12fda0b43459	f21b69272157b02a810830e49c10e5a4649daf565ad24f1ff3a946275f21ec3d	research/strict/campaigns/105/105-R29-stage-archive.md	f21b69272157b02a810830e49c10e5a4649daf565ad24f1ff3a946275f21ec3d	research/a1/moving-profile/records/mu-core-smith-collision.md	44bb00d48ea2e9eff1a0a8bb07830c670fa2a44323b6bf9b9e0d12fda0b43459	f21b69272157b02a810830e49c10e5a4649daf565ad24f1ff3a946275f21ec3d	canonical	archive-by-series/90-105/105-R29-stage-archive.md	exact-duplicate	attempt	Exact byte duplicate of the canonical target; this source path is retained as provenance and no second canonical copy is created. Kind is a navigation label based on file type, path, and title; it does not upgrade evidence.
dongxuelian2/strict-layer-proof-research	https://github.com/dongxuelian2/strict-layer-proof-research	main	912fb4b67419d69c8c7d805b7fd2fcadd26e9a7a	archive-by-series/90-105/105-R29-symbolic-factorization.txt	912fb4b67419d69c8c7d805b7fd2fcadd26e9a7a	423ec2cebf22762aa4f21d0404f08316a1d04dc8	97938ab51dd3a5a55c14237bdb453ec2740fc7951bfd1551d2f6bea536906afd	bd4027f09c966c5826054cd85738677cb3a7a40204775809d6664feadd5e13d6			research/archive/strict-layer-proof-research/archive-by-series/90-105/105-R29-symbolic-factorization.txt	97938ab51dd3a5a55c14237bdb453ec2740fc7951bfd1551d2f6bea536906afd	bd4027f09c966c5826054cd85738677cb3a7a40204775809d6664feadd5e13d6	archived	archive-by-series/90-105/105-R29-symbolic-factorization.txt	source-only	computation	Source-only bytes preserved once at the canonical target under the frozen archive boundary; original source path remains an alias. Kind is a navigation label based on file type, path, and title; it does not upgrade evidence.
dongxuelian2/strict-layer-proof-research	https://github.com/dongxuelian2/strict-layer-proof-research	main	912fb4b67419d69c8c7d805b7fd2fcadd26e9a7a	archive-by-series/90-105/105-R30-Q-SUCCESSOR-SATURATION-CERTIFICATE.md	912fb4b67419d69c8c7d805b7fd2fcadd26e9a7a	779272fcfcdaa7aff94bb0e2c00a87e29fae59be	162c1dfadeaeccb2fedaad6f014a09f558c3bd5a7016e3a184c95e70beeb7a80	4137beba338eba099012337ac2e2473e2d865bb706c3a05a336783c0ea7d3dcd	research/strict/campaigns/105/105-R30-Q-SUCCESSOR-SATURATION-CERTIFICATE.md	4137beba338eba099012337ac2e2473e2d865bb706c3a05a336783c0ea7d3dcd	research/a1/moving-profile/records/q-successor-saturation-certificate.md	162c1dfadeaeccb2fedaad6f014a09f558c3bd5a7016e3a184c95e70beeb7a80	4137beba338eba099012337ac2e2473e2d865bb706c3a05a336783c0ea7d3dcd	canonical	archive-by-series/90-105/105-R30-Q-SUCCESSOR-SATURATION-CERTIFICATE.md	exact-duplicate	result	Exact byte duplicate of the canonical target; this source path is retained as provenance and no second canonical copy is created. Kind is a navigation label based on file type, path, and title; it does not upgrade evidence.
dongxuelian2/strict-layer-proof-research	https://github.com/dongxuelian2/strict-layer-proof-research	main	912fb4b67419d69c8c7d805b7fd2fcadd26e9a7a	archive-by-series/90-105/105-R30-SHA256-MANIFEST.txt	912fb4b67419d69c8c7d805b7fd2fcadd26e9a7a	95b981824d3253c608c51e1b87eb5eabe1699ba7	e47269c4b9eacf36d09b095b1a82f1479e6ab54fe1b73ab292ab25713e6a6efd	0caaf738470914ec908c10be6c886b25625c1c8c1c60da32ae3a8fe667e6d5a4			research/archive/strict-layer-proof-research/archive-by-series/90-105/105-R30-SHA256-MANIFEST.txt	e47269c4b9eacf36d09b095b1a82f1479e6ab54fe1b73ab292ab25713e6a6efd	0caaf738470914ec908c10be6c886b25625c1c8c1c60da32ae3a8fe667e6d5a4	archived	archive-by-series/90-105/105-R30-SHA256-MANIFEST.txt	source-only	computation	Source-only bytes preserved once at the canonical target under the frozen archive boundary; original source path remains an alias. Kind is a navigation label based on file type, path, and title; it does not upgrade evidence.
dongxuelian2/strict-layer-proof-research	https://github.com/dongxuelian2/strict-layer-proof-research	main	912fb4b67419d69c8c7d805b7fd2fcadd26e9a7a	archive-by-series/90-105/105-R30-TC3-TC4-exact-definitions.md	912fb4b67419d69c8c7d805b7fd2fcadd26e9a7a	0349d99016f616b135f1ec3c0104c37757668fe5	19462c100c488d9fe9e59279a3ebe3b5b3ef44361196fc01ac221e6fd854d960	4fb3b68afbd9a95b7ff8067f5a93c78d1416f82b7c4b606912fb344163fc18f3	research/strict/campaigns/105/105-R30-TC3-TC4-exact-definitions.md	4fb3b68afbd9a95b7ff8067f5a93c78d1416f82b7c4b606912fb344163fc18f3	research/a1/moving-profile/records/tc3-tc4-exact-definitions.md	19462c100c488d9fe9e59279a3ebe3b5b3ef44361196fc01ac221e6fd854d960	4fb3b68afbd9a95b7ff8067f5a93c78d1416f82b7c4b606912fb344163fc18f3	canonical	archive-by-series/90-105/105-R30-TC3-TC4-exact-definitions.md	exact-duplicate	attempt	Exact byte duplicate of the canonical target; this source path is retained as provenance and no second canonical copy is created. Kind is a navigation label based on file type, path, and title; it does not upgrade evidence.
dongxuelian2/strict-layer-proof-research	https://github.com/dongxuelian2/strict-layer-proof-research	main	912fb4b67419d69c8c7d805b7fd2fcadd26e9a7a	archive-by-series/90-105/105-R30-bundle.zip	912fb4b67419d69c8c7d805b7fd2fcadd26e9a7a	f915ce6bdf03d7e697a166f11b1a64281655b8f4	19eb3f1021747532142a811c2c40843f153d6c1692694e1f76c066d3cc63711f	bdd9938ec5583e59f96211b7ef136a0373a35c2a4011d517d2277c9a6eda383e			research/archive/strict-layer-proof-research/archive-by-series/90-105/105-R30-bundle.zip	19eb3f1021747532142a811c2c40843f153d6c1692694e1f76c066d3cc63711f	bdd9938ec5583e59f96211b7ef136a0373a35c2a4011d517d2277c9a6eda383e	archived	archive-by-series/90-105/105-R30-bundle.zip	source-only	archive	Source-only bytes preserved once at the canonical target under the frozen archive boundary; original source path remains an alias. Kind is a navigation label based on file type, path, and title; it does not upgrade evidence.
dongxuelian2/strict-layer-proof-research	https://github.com/dongxuelian2/strict-layer-proof-research	main	912fb4b67419d69c8c7d805b7fd2fcadd26e9a7a	archive-by-series/90-105/105-R30-bundle.zip.sha256.txt	912fb4b67419d69c8c7d805b7fd2fcadd26e9a7a	4c15e7dc31a9fb717a0d0160a90dc8112ec0609e	db3825c893ada831bc907cef23e57721f6ba2937dbde5d305d4fa1984664789e	c9624780cb063f2a2ff0d78e623e5acd32ad303a9bc1754271a950fe4eedad28			research/archive/strict-layer-proof-research/archive-by-series/90-105/105-R30-bundle.zip.sha256.txt	db3825c893ada831bc907cef23e57721f6ba2937dbde5d305d4fa1984664789e	c9624780cb063f2a2ff0d78e623e5acd32ad303a9bc1754271a950fe4eedad28	archived	archive-by-series/90-105/105-R30-bundle.zip.sha256.txt	source-only	computation	Source-only bytes preserved once at the canonical target under the frozen archive boundary; original source path remains an alias. Kind is a navigation label based on file type, path, and title; it does not upgrade evidence.
dongxuelian2/strict-layer-proof-research	https://github.com/dongxuelian2/strict-layer-proof-research	main	912fb4b67419d69c8c7d805b7fd2fcadd26e9a7a	archive-by-series/90-105/105-R30-execution.log	912fb4b67419d69c8c7d805b7fd2fcadd26e9a7a	6797116185cb6d7477362328d95174272dad26cc	319e9c155ec505fdb05b6253e984c64dd4bd89d588984e7af380ce629c2292de	854a82ebd5b30611228ea771e992e82ff5a943be21457ab450dc98f47fba8afb			research/archive/strict-layer-proof-research/archive-by-series/90-105/105-R30-execution.log	319e9c155ec505fdb05b6253e984c64dd4bd89d588984e7af380ce629c2292de	854a82ebd5b30611228ea771e992e82ff5a943be21457ab450dc98f47fba8afb	archived	archive-by-series/90-105/105-R30-execution.log	source-only	computation	Source-only bytes preserved once at the canonical target under the frozen archive boundary; original source path remains an alias. Kind is a navigation label based on file type, path, and title; it does not upgrade evidence.
dongxuelian2/strict-layer-proof-research	https://github.com/dongxuelian2/strict-layer-proof-research	main	912fb4b67419d69c8c7d805b7fd2fcadd26e9a7a	archive-by-series/90-105/105-R30-q-elimination-derivation.md	912fb4b67419d69c8c7d805b7fd2fcadd26e9a7a	ed6403896af3b699348fe412f8fff79d25b4b049	7917f788ac6526a9404a8572cb349a5e7203a6a916086b99438bd38095f5697b	ca536b3764ef49d593019ad7c24b3874f6b2f3b10d0f42af8218b3a966722f6e	research/strict/campaigns/105/105-R30-q-elimination-derivation.md	ca536b3764ef49d593019ad7c24b3874f6b2f3b10d0f42af8218b3a966722f6e	research/a1/moving-profile/records/q-elimination-derivation.md	7917f788ac6526a9404a8572cb349a5e7203a6a916086b99438bd38095f5697b	ca536b3764ef49d593019ad7c24b3874f6b2f3b10d0f42af8218b3a966722f6e	canonical	archive-by-series/90-105/105-R30-q-elimination-derivation.md	exact-duplicate	result	Exact byte duplicate of the canonical target; this source path is retained as provenance and no second canonical copy is created. Kind is a navigation label based on file type, path, and title; it does not upgrade evidence.
dongxuelian2/strict-layer-proof-research	https://github.com/dongxuelian2/strict-layer-proof-research	main	912fb4b67419d69c8c7d805b7fd2fcadd26e9a7a	archive-by-series/90-105/105-R30-stage-archive.md	912fb4b67419d69c8c7d805b7fd2fcadd26e9a7a	31439998d0c2f747e043ab03ad7dee495a350357	c3c1b7590a4e754fff4250703f9a17c8175d1ffc7983343cb12b299ae937d50c	ce9c0be6cf52201ef99605ea4a67b414fc14327554b51a0c58d5000f84b25ade	research/strict/campaigns/105/105-R30-stage-archive.md	ce9c0be6cf52201ef99605ea4a67b414fc14327554b51a0c58d5000f84b25ade	research/a1/moving-profile/records/canonical-successor-collision-stage.md	c3c1b7590a4e754fff4250703f9a17c8175d1ffc7983343cb12b299ae937d50c	ce9c0be6cf52201ef99605ea4a67b414fc14327554b51a0c58d5000f84b25ade	canonical	archive-by-series/90-105/105-R30-stage-archive.md	exact-duplicate	attempt	Exact byte duplicate of the canonical target; this source path is retained as provenance and no second canonical copy is created. Kind is a navigation label based on file type, path, and title; it does not upgrade evidence.
dongxuelian2/strict-layer-proof-research	https://github.com/dongxuelian2/strict-layer-proof-research	main	912fb4b67419d69c8c7d805b7fd2fcadd26e9a7a	archive-by-series/90-105/105-R30-stage-archive.sha256.txt	912fb4b67419d69c8c7d805b7fd2fcadd26e9a7a	00aa7331428d09129af2b2c742b18c40a2830ad0	a0ee49053c9a0fa5416837b3611f461ebf43e3c65090c3b9a9b6438ef4c60138	e4fc49facca11dfec3018c23f0b65eb6f3a20c0902c47f6ade901eee50a83649			research/archive/strict-layer-proof-research/archive-by-series/90-105/105-R30-stage-archive.sha256.txt	a0ee49053c9a0fa5416837b3611f461ebf43e3c65090c3b9a9b6438ef4c60138	e4fc49facca11dfec3018c23f0b65eb6f3a20c0902c47f6ade901eee50a83649	archived	archive-by-series/90-105/105-R30-stage-archive.sha256.txt	source-only	computation	Source-only bytes preserved once at the canonical target under the frozen archive boundary; original source path remains an alias. Kind is a navigation label based on file type, path, and title; it does not upgrade evidence.
dongxuelian2/strict-layer-proof-research	https://github.com/dongxuelian2/strict-layer-proof-research	main	912fb4b67419d69c8c7d805b7fd2fcadd26e9a7a	archive-by-series/90-105/105-R30-successor-collision-proof.md	912fb4b67419d69c8c7d805b7fd2fcadd26e9a7a	d06678f02664483c8910bf9122ef761512d87ea1	8c3d375f5b5e83b4c7496d8f4735fa64909f883816eaab90f161d0407db17471	e86d6b1e0639f2c88ed877ea783f917d5e4c2499b71382ae7a9941861245060c	research/strict/campaigns/105/105-R30-successor-collision-proof.md	e86d6b1e0639f2c88ed877ea783f917d5e4c2499b71382ae7a9941861245060c	research/a1/moving-profile/records/successor-collision-proof.md	8c3d375f5b5e83b4c7496d8f4735fa64909f883816eaab90f161d0407db17471	e86d6b1e0639f2c88ed877ea783f917d5e4c2499b71382ae7a9941861245060c	canonical	archive-by-series/90-105/105-R30-successor-collision-proof.md	exact-duplicate	result	Exact byte duplicate of the canonical target; this source path is retained as provenance and no second canonical copy is created. Kind is a navigation label based on file type, path, and title; it does not upgrade evidence.
dongxuelian2/strict-layer-proof-research	https://github.com/dongxuelian2/strict-layer-proof-research	main	912fb4b67419d69c8c7d805b7fd2fcadd26e9a7a	archive-by-series/90-105/105-R31-N30-POSITIVE-SATURATION-CERTIFICATE.md	912fb4b67419d69c8c7d805b7fd2fcadd26e9a7a	fffe11ef5fe957135d4c7f258f8cdf22c5aa90bd	8b3f090f67a46092a6baa578409113396f51c8d3a6a14f5c6e64536f4bf77ff2	6e180a2ee6837eeef6058b07c3db75f0e9769c4e84daf543f1b40ceeb6f22f5b	research/strict/campaigns/105/105-R31-N30-POSITIVE-SATURATION-CERTIFICATE.md	6e180a2ee6837eeef6058b07c3db75f0e9769c4e84daf543f1b40ceeb6f22f5b	research/a1/moving-profile/records/n30-positive-saturation-certificate.md	8b3f090f67a46092a6baa578409113396f51c8d3a6a14f5c6e64536f4bf77ff2	6e180a2ee6837eeef6058b07c3db75f0e9769c4e84daf543f1b40ceeb6f22f5b	canonical	archive-by-series/90-105/105-R31-N30-POSITIVE-SATURATION-CERTIFICATE.md	exact-duplicate	result	Exact byte duplicate of the canonical target; this source path is retained as provenance and no second canonical copy is created. Kind is a navigation label based on file type, path, and title; it does not upgrade evidence.
dongxuelian2/strict-layer-proof-research	https://github.com/dongxuelian2/strict-layer-proof-research	main	912fb4b67419d69c8c7d805b7fd2fcadd26e9a7a	archive-by-series/90-105/105-R31-N30-positive-analysis.md	912fb4b67419d69c8c7d805b7fd2fcadd26e9a7a	e761ac45e9ba2b7806b564511e0aa5c97b705601	de0b23625a06b11ccea760ce5e2d9f0b2a8373093c17d3a398101280619c55df	ac3ade9284a0c18b80cbbf5c1dfd8bc4ea33c65a561612b23a929b525762d85b	research/strict/campaigns/105/105-R31-N30-positive-analysis.md	ac3ade9284a0c18b80cbbf5c1dfd8bc4ea33c65a561612b23a929b525762d85b	research/a1/moving-profile/records/n30-positive-analysis.md	de0b23625a06b11ccea760ce5e2d9f0b2a8373093c17d3a398101280619c55df	ac3ade9284a0c18b80cbbf5c1dfd8bc4ea33c65a561612b23a929b525762d85b	canonical	archive-by-series/90-105/105-R31-N30-positive-analysis.md	exact-duplicate	attempt	Exact byte duplicate of the canonical target; this source path is retained as provenance and no second canonical copy is created. Kind is a navigation label based on file type, path, and title; it does not upgrade evidence.
dongxuelian2/strict-layer-proof-research	https://github.com/dongxuelian2/strict-layer-proof-research	main	912fb4b67419d69c8c7d805b7fd2fcadd26e9a7a	archive-by-series/90-105/105-R31-SHA256-MANIFEST.txt	912fb4b67419d69c8c7d805b7fd2fcadd26e9a7a	91d1d148b73761af49b81c2846b9d870a465c911	a656717457fdaca44ce2c2f5c30460ec442fe44cd6fd7477c1449e14e3dc84a3	53046225c17fcef401c3ca64467b0a5d996b506f46b18fcd82f5dec1341a4a8d			research/archive/strict-layer-proof-research/archive-by-series/90-105/105-R31-SHA256-MANIFEST.txt	a656717457fdaca44ce2c2f5c30460ec442fe44cd6fd7477c1449e14e3dc84a3	53046225c17fcef401c3ca64467b0a5d996b506f46b18fcd82f5dec1341a4a8d	archived	archive-by-series/90-105/105-R31-SHA256-MANIFEST.txt	source-only	computation	Source-only bytes preserved once at the canonical target under the frozen archive boundary; original source path remains an alias. Kind is a navigation label based on file type, path, and title; it does not upgrade evidence.
dongxuelian2/strict-layer-proof-research	https://github.com/dongxuelian2/strict-layer-proof-research	main	912fb4b67419d69c8c7d805b7fd2fcadd26e9a7a	archive-by-series/90-105/105-R31-frozen-artifacts.zip	912fb4b67419d69c8c7d805b7fd2fcadd26e9a7a	96550f987cb8c56a018bb91c4c9bc8955296b3a2	31fb2b3a3d576f80532b788f2223e2eb4812533491cfbbe4b7daad263def62f3	53b711bb6e6b3c96e26c4219fca319476e008a598ccc73c5c7faeaa310bd6727			research/archive/strict-layer-proof-research/archive-by-series/90-105/105-R31-frozen-artifacts.zip	31fb2b3a3d576f80532b788f2223e2eb4812533491cfbbe4b7daad263def62f3	53b711bb6e6b3c96e26c4219fca319476e008a598ccc73c5c7faeaa310bd6727	archived	archive-by-series/90-105/105-R31-frozen-artifacts.zip	source-only	archive	Source-only bytes preserved once at the canonical target under the frozen archive boundary; original source path remains an alias. Kind is a navigation label based on file type, path, and title; it does not upgrade evidence.
dongxuelian2/strict-layer-proof-research	https://github.com/dongxuelian2/strict-layer-proof-research	main	912fb4b67419d69c8c7d805b7fd2fcadd26e9a7a	archive-by-series/90-105/105-R31-minimal-q-descent.md	912fb4b67419d69c8c7d805b7fd2fcadd26e9a7a	d26e75cb22e1d06e4225e6e36c249996d62c9cf6	b1be95182a74df8849bfa7f9e97ec91c86a7e6ddccfc410e1f5609632e668a8a	8a9e688fe8c85ecbceb3d3079a8be1ee5cb01ffe4aea87295f257269cbf91322	research/strict/campaigns/105/105-R31-minimal-q-descent.md	8a9e688fe8c85ecbceb3d3079a8be1ee5cb01ffe4aea87295f257269cbf91322	research/a1/moving-profile/records/minimal-q-descent.md	b1be95182a74df8849bfa7f9e97ec91c86a7e6ddccfc410e1f5609632e668a8a	8a9e688fe8c85ecbceb3d3079a8be1ee5cb01ffe4aea87295f257269cbf91322	canonical	archive-by-series/90-105/105-R31-minimal-q-descent.md	exact-duplicate	attempt	Exact byte duplicate of the canonical target; this source path is retained as provenance and no second canonical copy is created. Kind is a navigation label based on file type, path, and title; it does not upgrade evidence.
dongxuelian2/strict-layer-proof-research	https://github.com/dongxuelian2/strict-layer-proof-research	main	912fb4b67419d69c8c7d805b7fd2fcadd26e9a7a	archive-by-series/90-105/105-R31-q1-forced-scale-derivation.md	912fb4b67419d69c8c7d805b7fd2fcadd26e9a7a	c26f2683df0db91f90e8c05a6ec18a02b43b46bc	13debb7095d27cfe06a8e7f369452cca9884d174ca4ef43955d4ae59f27a7e2c	5dce481eb346bd2e67f4f46129248d1bfb9dc9f450c81f23ae4b033b7a7483ad	research/strict/campaigns/105/105-R31-q1-forced-scale-derivation.md	5dce481eb346bd2e67f4f46129248d1bfb9dc9f450c81f23ae4b033b7a7483ad	research/a1/moving-profile/records/q1-forced-scale-derivation.md	13debb7095d27cfe06a8e7f369452cca9884d174ca4ef43955d4ae59f27a7e2c	5dce481eb346bd2e67f4f46129248d1bfb9dc9f450c81f23ae4b033b7a7483ad	canonical	archive-by-series/90-105/105-R31-q1-forced-scale-derivation.md	exact-duplicate	result	Exact byte duplicate of the canonical target; this source path is retained as provenance and no second canonical copy is created. Kind is a navigation label based on file type, path, and title; it does not upgrade evidence.
dongxuelian2/strict-layer-proof-research	https://github.com/dongxuelian2/strict-layer-proof-research	main	912fb4b67419d69c8c7d805b7fd2fcadd26e9a7a	archive-by-series/90-105/105-R31-reconstruction-audit.md	912fb4b67419d69c8c7d805b7fd2fcadd26e9a7a	31cf85899254c08ac22840028b0c2d4531f157ab	f745529eec0a304f24493515d3d6604da558b24c838cf35749eab94f0af0f97a	48c1cda935c07fe02afbe761ec49448c8f44dd5421e60eb05ebeac11105df8e1	research/strict/campaigns/105/105-R31-reconstruction-audit.md	48c1cda935c07fe02afbe761ec49448c8f44dd5421e60eb05ebeac11105df8e1	research/a1/moving-profile/records/reconstruction-audit.md	f745529eec0a304f24493515d3d6604da558b24c838cf35749eab94f0af0f97a	48c1cda935c07fe02afbe761ec49448c8f44dd5421e60eb05ebeac11105df8e1	canonical	archive-by-series/90-105/105-R31-reconstruction-audit.md	exact-duplicate	attempt	Exact byte duplicate of the canonical target; this source path is retained as provenance and no second canonical copy is created. Kind is a navigation label based on file type, path, and title; it does not upgrade evidence.
dongxuelian2/strict-layer-proof-research	https://github.com/dongxuelian2/strict-layer-proof-research	main	912fb4b67419d69c8c7d805b7fd2fcadd26e9a7a	archive-by-series/90-105/105-R31-stage-archive.md	912fb4b67419d69c8c7d805b7fd2fcadd26e9a7a	19aa646a998440654001177b4fb083c5fd1ebb69	19d86cec04a5dd4d7e9bb4738500c6b4765546f7155a9af8c97f992f853b8a98	4bcbe12605a46e69051b0bff435aa88637411bbb63ac9d644f7671254884804d	research/strict/campaigns/105/105-R31-stage-archive.md	4bcbe12605a46e69051b0bff435aa88637411bbb63ac9d644f7671254884804d	research/a1/moving-profile/records/forced-scale-and-n30-analysis.md	19d86cec04a5dd4d7e9bb4738500c6b4765546f7155a9af8c97f992f853b8a98	4bcbe12605a46e69051b0bff435aa88637411bbb63ac9d644f7671254884804d	canonical	archive-by-series/90-105/105-R31-stage-archive.md	exact-duplicate	attempt	Exact byte duplicate of the canonical target; this source path is retained as provenance and no second canonical copy is created. Kind is a navigation label based on file type, path, and title; it does not upgrade evidence.
dongxuelian2/strict-layer-proof-research	https://github.com/dongxuelian2/strict-layer-proof-research	main	912fb4b67419d69c8c7d805b7fd2fcadd26e9a7a	archive-by-series/90-105/105-R32-SHA256-MANIFEST.txt	912fb4b67419d69c8c7d805b7fd2fcadd26e9a7a	8028210d6e249da3d367182441854d1f7b2083a7	f38566a99c9f4646b81bb2487e434df7cb7109bc892f3658556b383328097e53	37ea2e78b0c9e8346f5f599973cfd365ad319fc301a205877f8ce7895c7933d3			research/archive/strict-layer-proof-research/archive-by-series/90-105/105-R32-SHA256-MANIFEST.txt	f38566a99c9f4646b81bb2487e434df7cb7109bc892f3658556b383328097e53	37ea2e78b0c9e8346f5f599973cfd365ad319fc301a205877f8ce7895c7933d3	archived	archive-by-series/90-105/105-R32-SHA256-MANIFEST.txt	source-only	computation	Source-only bytes preserved once at the canonical target under the frozen archive boundary; original source path remains an alias. Kind is a navigation label based on file type, path, and title; it does not upgrade evidence.
dongxuelian2/strict-layer-proof-research	https://github.com/dongxuelian2/strict-layer-proof-research	main	912fb4b67419d69c8c7d805b7fd2fcadd26e9a7a	archive-by-series/90-105/105-R32-UNIT-CHAMBER-SATURATION-CERTIFICATE.md	912fb4b67419d69c8c7d805b7fd2fcadd26e9a7a	3773d7b02d352a037d643266fb10283630bbe837	1d480e1469cdbd1d9b5cf7792fee731954be5eb648ba86ff17785a75f5ee4ab0	e86f45c58d095c70db10f9c94665911c130a9019f9c656956df17b8d4648580b	research/strict/campaigns/105/105-R32-UNIT-CHAMBER-SATURATION-CERTIFICATE.md	e86f45c58d095c70db10f9c94665911c130a9019f9c656956df17b8d4648580b	research/a1/moving-profile/records/unit-chamber-saturation-certificate.md	1d480e1469cdbd1d9b5cf7792fee731954be5eb648ba86ff17785a75f5ee4ab0	e86f45c58d095c70db10f9c94665911c130a9019f9c656956df17b8d4648580b	canonical	archive-by-series/90-105/105-R32-UNIT-CHAMBER-SATURATION-CERTIFICATE.md	exact-duplicate	result	Exact byte duplicate of the canonical target; this source path is retained as provenance and no second canonical copy is created. Kind is a navigation label based on file type, path, and title; it does not upgrade evidence.
dongxuelian2/strict-layer-proof-research	https://github.com/dongxuelian2/strict-layer-proof-research	main	912fb4b67419d69c8c7d805b7fd2fcadd26e9a7a	archive-by-series/90-105/105-R32-artifacts.zip	912fb4b67419d69c8c7d805b7fd2fcadd26e9a7a	4723ff35ca4193ce0756c902220cfc82f5785a29	98175b2d02723611552a6042576ff86cc0d59d5c2a8bbdcd2a13af33d6011885	fd1e90aca5bdadaaa6987d22cbc6475f3f2d140c2097c2c3f2580eb6928aa6e8			research/archive/strict-layer-proof-research/archive-by-series/90-105/105-R32-artifacts.zip	98175b2d02723611552a6042576ff86cc0d59d5c2a8bbdcd2a13af33d6011885	fd1e90aca5bdadaaa6987d22cbc6475f3f2d140c2097c2c3f2580eb6928aa6e8	archived	archive-by-series/90-105/105-R32-artifacts.zip	source-only	archive	Source-only bytes preserved once at the canonical target under the frozen archive boundary; original source path remains an alias. Kind is a navigation label based on file type, path, and title; it does not upgrade evidence.
dongxuelian2/strict-layer-proof-research	https://github.com/dongxuelian2/strict-layer-proof-research	main	912fb4b67419d69c8c7d805b7fd2fcadd26e9a7a	archive-by-series/90-105/105-R32-digit-room-collision-derivation.md	912fb4b67419d69c8c7d805b7fd2fcadd26e9a7a	05eef2d6389ab29364e980ecd65de7080e9a64ec	bea979210adb2bb34ac4dfa8124f6de67df77be9a88322cee2a242f2cdb700ee	f4754f5db78687282a806cb31ac9861f5df9907719bf949961d3adb9edf6bcae	research/strict/campaigns/105/105-R32-digit-room-collision-derivation.md	f4754f5db78687282a806cb31ac9861f5df9907719bf949961d3adb9edf6bcae	research/a1/moving-profile/records/digit-room-collision-derivation.md	bea979210adb2bb34ac4dfa8124f6de67df77be9a88322cee2a242f2cdb700ee	f4754f5db78687282a806cb31ac9861f5df9907719bf949961d3adb9edf6bcae	canonical	archive-by-series/90-105/105-R32-digit-room-collision-derivation.md	exact-duplicate	result	Exact byte duplicate of the canonical target; this source path is retained as provenance and no second canonical copy is created. Kind is a navigation label based on file type, path, and title; it does not upgrade evidence.
dongxuelian2/strict-layer-proof-research	https://github.com/dongxuelian2/strict-layer-proof-research	main	912fb4b67419d69c8c7d805b7fd2fcadd26e9a7a	archive-by-series/90-105/105-R32-execution.log	912fb4b67419d69c8c7d805b7fd2fcadd26e9a7a	35f2083e8409cb569b1ea6d5c614b1ee8fbd874e	f699d3577fe56fbfb82b2d6ca1904b751dfba69d39d26ae481de7e3e0fc49d3e	5311ce0a856d3623704f09343cc29ad434d23d7583b79a49150de6a559b0c4c0			research/archive/strict-layer-proof-research/archive-by-series/90-105/105-R32-execution.log	f699d3577fe56fbfb82b2d6ca1904b751dfba69d39d26ae481de7e3e0fc49d3e	5311ce0a856d3623704f09343cc29ad434d23d7583b79a49150de6a559b0c4c0	archived	archive-by-series/90-105/105-R32-execution.log	source-only	computation	Source-only bytes preserved once at the canonical target under the frozen archive boundary; original source path remains an alias. Kind is a navigation label based on file type, path, and title; it does not upgrade evidence.
dongxuelian2/strict-layer-proof-research	https://github.com/dongxuelian2/strict-layer-proof-research	main	912fb4b67419d69c8c7d805b7fd2fcadd26e9a7a	archive-by-series/90-105/105-R32-prime-branch-derivation.md	912fb4b67419d69c8c7d805b7fd2fcadd26e9a7a	02861bc714d8f728f7c01a125721760ef387feb8	c2f3068bb36b5e14c4a4a6c768fdb3dd9b89639dcf293ca86e84e563550d8205	cc6204f27f497616aff6d75f1cd94a2084961410c95de9fb2ee77910c996ae1f	research/strict/campaigns/105/105-R32-prime-branch-derivation.md	cc6204f27f497616aff6d75f1cd94a2084961410c95de9fb2ee77910c996ae1f	research/a1/moving-profile/records/prime-branch-derivation.md	c2f3068bb36b5e14c4a4a6c768fdb3dd9b89639dcf293ca86e84e563550d8205	cc6204f27f497616aff6d75f1cd94a2084961410c95de9fb2ee77910c996ae1f	canonical	archive-by-series/90-105/105-R32-prime-branch-derivation.md	exact-duplicate	result	Exact byte duplicate of the canonical target; this source path is retained as provenance and no second canonical copy is created. Kind is a navigation label based on file type, path, and title; it does not upgrade evidence.
dongxuelian2/strict-layer-proof-research	https://github.com/dongxuelian2/strict-layer-proof-research	main	912fb4b67419d69c8c7d805b7fd2fcadd26e9a7a	archive-by-series/90-105/105-R32-q1-extinction-proof.md	912fb4b67419d69c8c7d805b7fd2fcadd26e9a7a	27727f817998cc491f38d918d8cf6f279d554352	d817c2eaffb6b252f4f4912411776bafcf05c9f7d474bfd4bbd2f83e86cae985	2df5eee2cca7ab5b001305d132f80b89359c5a311aeb77e24bfd737aff2a7779	research/strict/campaigns/105/105-R32-q1-extinction-proof.md	2df5eee2cca7ab5b001305d132f80b89359c5a311aeb77e24bfd737aff2a7779	research/a1/moving-profile/records/q1-extinction-proof.md	d817c2eaffb6b252f4f4912411776bafcf05c9f7d474bfd4bbd2f83e86cae985	2df5eee2cca7ab5b001305d132f80b89359c5a311aeb77e24bfd737aff2a7779	canonical	archive-by-series/90-105/105-R32-q1-extinction-proof.md	exact-duplicate	failure	Exact byte duplicate of the canonical target; this source path is retained as provenance and no second canonical copy is created. Kind is a navigation label based on file type, path, and title; it does not upgrade evidence.
dongxuelian2/strict-layer-proof-research	https://github.com/dongxuelian2/strict-layer-proof-research	main	912fb4b67419d69c8c7d805b7fd2fcadd26e9a7a	archive-by-series/90-105/105-R32-stage-archive.md	912fb4b67419d69c8c7d805b7fd2fcadd26e9a7a	a2b534872ba1559e934e455eb188c7d616c4392d	ea73f8fed06cbca0a5e16173f997c61ed65d381736040e5a61805b26add2fec3	28f7faaa8b382e4dc60537f7cf6300f2b6757c38679a03c9060dbe13da80f39c	research/strict/campaigns/105/105-R32-stage-archive.md	28f7faaa8b382e4dc60537f7cf6300f2b6757c38679a03c9060dbe13da80f39c	research/a1/moving-profile/records/unit-chamber-terminal-assault.md	ea73f8fed06cbca0a5e16173f997c61ed65d381736040e5a61805b26add2fec3	28f7faaa8b382e4dc60537f7cf6300f2b6757c38679a03c9060dbe13da80f39c	canonical	archive-by-series/90-105/105-R32-stage-archive.md	exact-duplicate	attempt	Exact byte duplicate of the canonical target; this source path is retained as provenance and no second canonical copy is created. Kind is a navigation label based on file type, path, and title; it does not upgrade evidence.
dongxuelian2/strict-layer-proof-research	https://github.com/dongxuelian2/strict-layer-proof-research	main	912fb4b67419d69c8c7d805b7fd2fcadd26e9a7a	archive-by-series/90-105/105-R32-unit-chamber-exact-system.md	912fb4b67419d69c8c7d805b7fd2fcadd26e9a7a	0215a09333b6499ebd996fe00c1e7e48d1b26445	6ba73d73ecc50a3cb8e2e4014370769cb6566f13868bd573b135149408551d04	afb0ce10a906fbd3109f9dd31bc0db3fc185553a69af36c2f3397e54654da617	research/strict/campaigns/105/105-R32-unit-chamber-exact-system.md	afb0ce10a906fbd3109f9dd31bc0db3fc185553a69af36c2f3397e54654da617	research/a1/moving-profile/records/unit-chamber-exact-system.md	6ba73d73ecc50a3cb8e2e4014370769cb6566f13868bd573b135149408551d04	afb0ce10a906fbd3109f9dd31bc0db3fc185553a69af36c2f3397e54654da617	canonical	archive-by-series/90-105/105-R32-unit-chamber-exact-system.md	exact-duplicate	attempt	Exact byte duplicate of the canonical target; this source path is retained as provenance and no second canonical copy is created. Kind is a navigation label based on file type, path, and title; it does not upgrade evidence.
dongxuelian2/strict-layer-proof-research	https://github.com/dongxuelian2/strict-layer-proof-research	main	912fb4b67419d69c8c7d805b7fd2fcadd26e9a7a	archive-by-series/90-105/105-R33-MASTER-SOURCE-SATURATION-CERTIFICATE.md	912fb4b67419d69c8c7d805b7fd2fcadd26e9a7a	ffa092c5983dd8885209a79fb806023fd5008f84	b6b3375bbf636b9addcd2156732dba1425fe5dc88e17c5ac2f1ba64ca7ec7deb	2f19b4334e3655eb40a9c12c37ef0ae14e13299762cd060b3040a0ae30309d55	research/strict/campaigns/105/105-R33-MASTER-SOURCE-SATURATION-CERTIFICATE.md	2f19b4334e3655eb40a9c12c37ef0ae14e13299762cd060b3040a0ae30309d55	research/a1/moving-profile/records/master-source-saturation-certificate.md	b6b3375bbf636b9addcd2156732dba1425fe5dc88e17c5ac2f1ba64ca7ec7deb	2f19b4334e3655eb40a9c12c37ef0ae14e13299762cd060b3040a0ae30309d55	canonical	archive-by-series/90-105/105-R33-MASTER-SOURCE-SATURATION-CERTIFICATE.md	exact-duplicate	result	Exact byte duplicate of the canonical target; this source path is retained as provenance and no second canonical copy is created. Kind is a navigation label based on file type, path, and title; it does not upgrade evidence.
dongxuelian2/strict-layer-proof-research	https://github.com/dongxuelian2/strict-layer-proof-research	main	912fb4b67419d69c8c7d805b7fd2fcadd26e9a7a	archive-by-series/90-105/105-R33-SHA256-MANIFEST.txt	912fb4b67419d69c8c7d805b7fd2fcadd26e9a7a	837a2feaea445bac9f371b65af98ad59ea670242	677af3af2c10ffd2b51ba197fdf0bfc5a532e3207aa5c51c4397b2c8fac20b4b	9d17bd8792a76345a5c31f61768be318be0f184fa172035be10e2387ac263678			research/archive/strict-layer-proof-research/archive-by-series/90-105/105-R33-SHA256-MANIFEST.txt	677af3af2c10ffd2b51ba197fdf0bfc5a532e3207aa5c51c4397b2c8fac20b4b	9d17bd8792a76345a5c31f61768be318be0f184fa172035be10e2387ac263678	archived	archive-by-series/90-105/105-R33-SHA256-MANIFEST.txt	source-only	computation	Source-only bytes preserved once at the canonical target under the frozen archive boundary; original source path remains an alias. Kind is a navigation label based on file type, path, and title; it does not upgrade evidence.
dongxuelian2/strict-layer-proof-research	https://github.com/dongxuelian2/strict-layer-proof-research	main	912fb4b67419d69c8c7d805b7fd2fcadd26e9a7a	archive-by-series/90-105/105-R33-artifacts.zip	912fb4b67419d69c8c7d805b7fd2fcadd26e9a7a	b11b7128d546a3baae6919ce0c7deb269f7e0699	b3f3ad4c1b39dbbb46776ac0ff9815540cf48f0dc46e1539e118fb15c0375508	10631fd89a477b0061c8706b0e3b8cddc85b59b6627b455085abecf1c0c2cf69			research/archive/strict-layer-proof-research/archive-by-series/90-105/105-R33-artifacts.zip	b3f3ad4c1b39dbbb46776ac0ff9815540cf48f0dc46e1539e118fb15c0375508	10631fd89a477b0061c8706b0e3b8cddc85b59b6627b455085abecf1c0c2cf69	archived	archive-by-series/90-105/105-R33-artifacts.zip	source-only	archive	Source-only bytes preserved once at the canonical target under the frozen archive boundary; original source path remains an alias. Kind is a navigation label based on file type, path, and title; it does not upgrade evidence.
dongxuelian2/strict-layer-proof-research	https://github.com/dongxuelian2/strict-layer-proof-research	main	912fb4b67419d69c8c7d805b7fd2fcadd26e9a7a	archive-by-series/90-105/105-R33-master-source-room-exact-system.md	912fb4b67419d69c8c7d805b7fd2fcadd26e9a7a	9689d9ec4931ccbd9d65ac0331c122966fdba9b7	fc96c88f7c4596fb3ad04cae8e64e19d8d891090a9fcf657b87513d077a7f1e9	13cf7727be859ccd99a35fa0c278a1ac3ba2407914b04f3f1edaa18252043af7	research/strict/campaigns/105/105-R33-master-source-room-exact-system.md	13cf7727be859ccd99a35fa0c278a1ac3ba2407914b04f3f1edaa18252043af7	research/a1/moving-profile/records/master-source-room-exact-system.md	fc96c88f7c4596fb3ad04cae8e64e19d8d891090a9fcf657b87513d077a7f1e9	13cf7727be859ccd99a35fa0c278a1ac3ba2407914b04f3f1edaa18252043af7	canonical	archive-by-series/90-105/105-R33-master-source-room-exact-system.md	exact-duplicate	attempt	Exact byte duplicate of the canonical target; this source path is retained as provenance and no second canonical copy is created. Kind is a navigation label based on file type, path, and title; it does not upgrade evidence.
dongxuelian2/strict-layer-proof-research	https://github.com/dongxuelian2/strict-layer-proof-research	main	912fb4b67419d69c8c7d805b7fd2fcadd26e9a7a	archive-by-series/90-105/105-R33-prime-branch-continuation.md	912fb4b67419d69c8c7d805b7fd2fcadd26e9a7a	971d05aee3f7a054f82b1fb2a0198a611273d6c5	c1c86fbe0276f9a377d2943d8323356e6885ace95fde31218f53b9588f7a3be0	f96dd7e98deaa7cde61f1fef7d928dd567ee11e193d04a0cdcb95055af7cf5da	research/strict/campaigns/105/105-R33-prime-branch-continuation.md	f96dd7e98deaa7cde61f1fef7d928dd567ee11e193d04a0cdcb95055af7cf5da	research/a1/moving-profile/records/prime-branch-continuation.md	c1c86fbe0276f9a377d2943d8323356e6885ace95fde31218f53b9588f7a3be0	f96dd7e98deaa7cde61f1fef7d928dd567ee11e193d04a0cdcb95055af7cf5da	canonical	archive-by-series/90-105/105-R33-prime-branch-continuation.md	exact-duplicate	attempt	Exact byte duplicate of the canonical target; this source path is retained as provenance and no second canonical copy is created. Kind is a navigation label based on file type, path, and title; it does not upgrade evidence.
dongxuelian2/strict-layer-proof-research	https://github.com/dongxuelian2/strict-layer-proof-research	main	912fb4b67419d69c8c7d805b7fd2fcadd26e9a7a	archive-by-series/90-105/105-R33-quotient-remainder-analysis.md	912fb4b67419d69c8c7d805b7fd2fcadd26e9a7a	fff024f45bd7d77400b953d21acfaee62b11b0a0	ea7380c676f065c97fc532499f2fafec7fed5f3158063ffa43f014f6c4b984c0	b3baac14f0aea9596da478128416133f37d4470d27f90e00bc8b60d370017c63	research/strict/campaigns/105/105-R33-quotient-remainder-analysis.md	b3baac14f0aea9596da478128416133f37d4470d27f90e00bc8b60d370017c63	research/a1/moving-profile/records/quotient-remainder-analysis.md	ea7380c676f065c97fc532499f2fafec7fed5f3158063ffa43f014f6c4b984c0	b3baac14f0aea9596da478128416133f37d4470d27f90e00bc8b60d370017c63	canonical	archive-by-series/90-105/105-R33-quotient-remainder-analysis.md	exact-duplicate	attempt	Exact byte duplicate of the canonical target; this source path is retained as provenance and no second canonical copy is created. Kind is a navigation label based on file type, path, and title; it does not upgrade evidence.
dongxuelian2/strict-layer-proof-research	https://github.com/dongxuelian2/strict-layer-proof-research	main	912fb4b67419d69c8c7d805b7fd2fcadd26e9a7a	archive-by-series/90-105/105-R33-stage-archive.md	912fb4b67419d69c8c7d805b7fd2fcadd26e9a7a	a3995b657c11cf37dd6b07998c4f12b773a85b37	5bc4ca08273f4f937b74201ad2a751fc2775d92416d97dc74fd7c470d88032e3	743a8003e7225268ed9a21678b7fc3e2690bf842a377748104af5ecdcf9849b6	research/strict/campaigns/105/105-R33-stage-archive.md	743a8003e7225268ed9a21678b7fc3e2690bf842a377748104af5ecdcf9849b6	research/a1/moving-profile/records/master-source-room-gap.md	5bc4ca08273f4f937b74201ad2a751fc2775d92416d97dc74fd7c470d88032e3	743a8003e7225268ed9a21678b7fc3e2690bf842a377748104af5ecdcf9849b6	canonical	archive-by-series/90-105/105-R33-stage-archive.md	exact-duplicate	attempt	Exact byte duplicate of the canonical target; this source path is retained as provenance and no second canonical copy is created. Kind is a navigation label based on file type, path, and title; it does not upgrade evidence.
dongxuelian2/strict-layer-proof-research	https://github.com/dongxuelian2/strict-layer-proof-research	main	912fb4b67419d69c8c7d805b7fd2fcadd26e9a7a	archive-by-series/90-105/105-R34-SHA256-MANIFEST.txt	912fb4b67419d69c8c7d805b7fd2fcadd26e9a7a	8492f66fcc579a4e08f9092efdc873693c3a9254	72bb68f223b38e844115bc89ae6371917ce541da957ec504460a2efb0a1255d6	df4567bd74c8178ecf2f8fced32c6651b47441688f22bcea5e21cdbec44c332f			research/archive/strict-layer-proof-research/archive-by-series/90-105/105-R34-SHA256-MANIFEST.txt	72bb68f223b38e844115bc89ae6371917ce541da957ec504460a2efb0a1255d6	df4567bd74c8178ecf2f8fced32c6651b47441688f22bcea5e21cdbec44c332f	archived	archive-by-series/90-105/105-R34-SHA256-MANIFEST.txt	source-only	computation	Source-only bytes preserved once at the canonical target under the frozen archive boundary; original source path remains an alias. Kind is a navigation label based on file type, path, and title; it does not upgrade evidence.
dongxuelian2/strict-layer-proof-research	https://github.com/dongxuelian2/strict-layer-proof-research	main	912fb4b67419d69c8c7d805b7fd2fcadd26e9a7a	archive-by-series/90-105/105-R34-SOURCE-WORD-SATURATION-CERTIFICATE.md	912fb4b67419d69c8c7d805b7fd2fcadd26e9a7a	a35fc80df99617b0d68784fbedbfcd8a2297b797	0facbb4dc98d6a8bf2fb315bc2067b64ca9dc3c274a293d519b829c43e7b457c	c1e50f0934bdeeb344b4e3ef1d714952ed3f8854c60cded808af49ab3e90d427	research/strict/campaigns/105/105-R34-SOURCE-WORD-SATURATION-CERTIFICATE.md	c1e50f0934bdeeb344b4e3ef1d714952ed3f8854c60cded808af49ab3e90d427	research/a1/moving-profile/records/source-word-saturation-certificate.md	0facbb4dc98d6a8bf2fb315bc2067b64ca9dc3c274a293d519b829c43e7b457c	c1e50f0934bdeeb344b4e3ef1d714952ed3f8854c60cded808af49ab3e90d427	canonical	archive-by-series/90-105/105-R34-SOURCE-WORD-SATURATION-CERTIFICATE.md	exact-duplicate	result	Exact byte duplicate of the canonical target; this source path is retained as provenance and no second canonical copy is created. Kind is a navigation label based on file type, path, and title; it does not upgrade evidence.
dongxuelian2/strict-layer-proof-research	https://github.com/dongxuelian2/strict-layer-proof-research	main	912fb4b67419d69c8c7d805b7fd2fcadd26e9a7a	archive-by-series/90-105/105-R34-U-elimination-derivation.md	912fb4b67419d69c8c7d805b7fd2fcadd26e9a7a	e960eeb3db9a8989ba29843327a7815c00f6c6ae	27fcfcdb78bdceea1ed43c568076868aa1598eb0298a9c3c3e3e9e9879ef598d	7296bf9406a81521442b84cd8d0b3fb2b094b9f41726bc4c33ec64082fea445d	research/strict/campaigns/105/105-R34-U-elimination-derivation.md	7296bf9406a81521442b84cd8d0b3fb2b094b9f41726bc4c33ec64082fea445d	research/a1/moving-profile/records/u-elimination-derivation.md	27fcfcdb78bdceea1ed43c568076868aa1598eb0298a9c3c3e3e9e9879ef598d	7296bf9406a81521442b84cd8d0b3fb2b094b9f41726bc4c33ec64082fea445d	canonical	archive-by-series/90-105/105-R34-U-elimination-derivation.md	exact-duplicate	result	Exact byte duplicate of the canonical target; this source path is retained as provenance and no second canonical copy is created. Kind is a navigation label based on file type, path, and title; it does not upgrade evidence.
dongxuelian2/strict-layer-proof-research	https://github.com/dongxuelian2/strict-layer-proof-research	main	912fb4b67419d69c8c7d805b7fd2fcadd26e9a7a	archive-by-series/90-105/105-R34-all-q-extension.md	912fb4b67419d69c8c7d805b7fd2fcadd26e9a7a	d13dafab701386212d54647a26be5f9596d839a8	9c98a4e44919b994220c0e399d7ae983ab8275be1b366f89190d5e2da01887b2	180737061c1b353cf8702bb65cce5a5e9044923486515239f365ce0310514494	research/strict/campaigns/105/105-R34-all-q-extension.md	180737061c1b353cf8702bb65cce5a5e9044923486515239f365ce0310514494	research/a1/moving-profile/records/all-q-extension.md	9c98a4e44919b994220c0e399d7ae983ab8275be1b366f89190d5e2da01887b2	180737061c1b353cf8702bb65cce5a5e9044923486515239f365ce0310514494	canonical	archive-by-series/90-105/105-R34-all-q-extension.md	exact-duplicate	attempt	Exact byte duplicate of the canonical target; this source path is retained as provenance and no second canonical copy is created. Kind is a navigation label based on file type, path, and title; it does not upgrade evidence.
dongxuelian2/strict-layer-proof-research	https://github.com/dongxuelian2/strict-layer-proof-research	main	912fb4b67419d69c8c7d805b7fd2fcadd26e9a7a	archive-by-series/90-105/105-R34-artifacts.zip	912fb4b67419d69c8c7d805b7fd2fcadd26e9a7a	da51be9ce901cb688b993f08552be85f98481998	0c16eeb909c8209545f07506857d7df02c8e388a335edae595a7d588f79e4b0e	2a6e2e2e00901da1d6bd6ade4741f470ec4f4c6da94cdeb3e77cab013abfd148			research/archive/strict-layer-proof-research/archive-by-series/90-105/105-R34-artifacts.zip	0c16eeb909c8209545f07506857d7df02c8e388a335edae595a7d588f79e4b0e	2a6e2e2e00901da1d6bd6ade4741f470ec4f4c6da94cdeb3e77cab013abfd148	archived	archive-by-series/90-105/105-R34-artifacts.zip	source-only	archive	Source-only bytes preserved once at the canonical target under the frozen archive boundary; original source path remains an alias. Kind is a navigation label based on file type, path, and title; it does not upgrade evidence.
dongxuelian2/strict-layer-proof-research	https://github.com/dongxuelian2/strict-layer-proof-research	main	912fb4b67419d69c8c7d805b7fd2fcadd26e9a7a	archive-by-series/90-105/105-R34-decimal-residue-collision-proof.md	912fb4b67419d69c8c7d805b7fd2fcadd26e9a7a	a9249c88e14c9fc6ea69c838b99d8767f8b5c6e2	e69bd4d1c9ed2c9734c3d356a560a8509048a635259f358924c703b7579e342c	a5030147d6d6ad12c76c8fc544c9c3a40830c64a478f5900ccc7be6a679f2797	research/strict/campaigns/105/105-R34-decimal-residue-collision-proof.md	a5030147d6d6ad12c76c8fc544c9c3a40830c64a478f5900ccc7be6a679f2797	research/a1/moving-profile/records/decimal-residue-collision-proof.md	e69bd4d1c9ed2c9734c3d356a560a8509048a635259f358924c703b7579e342c	a5030147d6d6ad12c76c8fc544c9c3a40830c64a478f5900ccc7be6a679f2797	canonical	archive-by-series/90-105/105-R34-decimal-residue-collision-proof.md	exact-duplicate	failure	Exact byte duplicate of the canonical target; this source path is retained as provenance and no second canonical copy is created. Kind is a navigation label based on file type, path, and title; it does not upgrade evidence.
dongxuelian2/strict-layer-proof-research	https://github.com/dongxuelian2/strict-layer-proof-research	main	912fb4b67419d69c8c7d805b7fd2fcadd26e9a7a	archive-by-series/90-105/105-R34-execution.log	912fb4b67419d69c8c7d805b7fd2fcadd26e9a7a	ff444b8c2489087ce1dc316dd1a82af189205ab4	66a73e4316586eec43ee352871bb82ecc105aaae0c1c9183c6e29356241999d8	327d2eae4fe63c3b7e957738fa5e34dde2d458fc3e91fbc62af7789d153413b4			research/archive/strict-layer-proof-research/archive-by-series/90-105/105-R34-execution.log	66a73e4316586eec43ee352871bb82ecc105aaae0c1c9183c6e29356241999d8	327d2eae4fe63c3b7e957738fa5e34dde2d458fc3e91fbc62af7789d153413b4	archived	archive-by-series/90-105/105-R34-execution.log	source-only	computation	Source-only bytes preserved once at the canonical target under the frozen archive boundary; original source path remains an alias. Kind is a navigation label based on file type, path, and title; it does not upgrade evidence.
dongxuelian2/strict-layer-proof-research	https://github.com/dongxuelian2/strict-layer-proof-research	main	912fb4b67419d69c8c7d805b7fd2fcadd26e9a7a	archive-by-series/90-105/105-R34-source-word-exact-system.md	912fb4b67419d69c8c7d805b7fd2fcadd26e9a7a	b55073099f16109d25da465e75fdd782b86a22cd	68171bc66c5b2cfe4b260571869bd752d5260d689e7a2a934f234643722cba61	16a9a30a8a06b7fa9c3d436992c98ba6c4b5f7509a5ac6e3902ae0336a2d70f4	research/strict/campaigns/105/105-R34-source-word-exact-system.md	16a9a30a8a06b7fa9c3d436992c98ba6c4b5f7509a5ac6e3902ae0336a2d70f4	research/a1/moving-profile/records/source-word-exact-system.md	68171bc66c5b2cfe4b260571869bd752d5260d689e7a2a934f234643722cba61	16a9a30a8a06b7fa9c3d436992c98ba6c4b5f7509a5ac6e3902ae0336a2d70f4	canonical	archive-by-series/90-105/105-R34-source-word-exact-system.md	exact-duplicate	attempt	Exact byte duplicate of the canonical target; this source path is retained as provenance and no second canonical copy is created. Kind is a navigation label based on file type, path, and title; it does not upgrade evidence.
dongxuelian2/strict-layer-proof-research	https://github.com/dongxuelian2/strict-layer-proof-research	main	912fb4b67419d69c8c7d805b7fd2fcadd26e9a7a	archive-by-series/90-105/105-R34-stage-archive.md	912fb4b67419d69c8c7d805b7fd2fcadd26e9a7a	92268dde355d65721d6c2d695bd9293c063c227d	0cc2846220a63abfe6f8510030c30c4bd7ce580f2746d1924f43bd1cc7ebcd73	230cff80979ca06d0bd9c79ec37bdaadaaabe2d2a046b523bf2d12cf6585fbf1	research/strict/campaigns/105/105-R34-stage-archive.md	230cff80979ca06d0bd9c79ec37bdaadaaabe2d2a046b523bf2d12cf6585fbf1	research/a1/moving-profile/records/master-carry-source-word-elimination.md	0cc2846220a63abfe6f8510030c30c4bd7ce580f2746d1924f43bd1cc7ebcd73	230cff80979ca06d0bd9c79ec37bdaadaaabe2d2a046b523bf2d12cf6585fbf1	canonical	archive-by-series/90-105/105-R34-stage-archive.md	exact-duplicate	attempt	Exact byte duplicate of the canonical target; this source path is retained as provenance and no second canonical copy is created. Kind is a navigation label based on file type, path, and title; it does not upgrade evidence.
dongxuelian2/strict-layer-proof-research	https://github.com/dongxuelian2/strict-layer-proof-research	main	912fb4b67419d69c8c7d805b7fd2fcadd26e9a7a	archive-by-series/90-105/105-R35-SHA256-MANIFEST.txt	912fb4b67419d69c8c7d805b7fd2fcadd26e9a7a	b2e9d64c6117ffac10c2fac6475ff6fa3a704229	ab24d8121497e304197fca70850f4e9b409a4e71d0e94b00f77379dace79f51e	19e870b753817d0f81b0b3e206864e12c270249714a9ef3e44c2d19f54775ebb			research/archive/strict-layer-proof-research/archive-by-series/90-105/105-R35-SHA256-MANIFEST.txt	ab24d8121497e304197fca70850f4e9b409a4e71d0e94b00f77379dace79f51e	19e870b753817d0f81b0b3e206864e12c270249714a9ef3e44c2d19f54775ebb	archived	archive-by-series/90-105/105-R35-SHA256-MANIFEST.txt	source-only	computation	Source-only bytes preserved once at the canonical target under the frozen archive boundary; original source path remains an alias. Kind is a navigation label based on file type, path, and title; it does not upgrade evidence.
dongxuelian2/strict-layer-proof-research	https://github.com/dongxuelian2/strict-layer-proof-research	main	912fb4b67419d69c8c7d805b7fd2fcadd26e9a7a	archive-by-series/90-105/105-R35-TERMINAL-PREDICATE-SATURATION-CERTIFICATE.md	912fb4b67419d69c8c7d805b7fd2fcadd26e9a7a	6efa8334e1b6038532bf680c2ddea28ef6d04050	3c595afe9685f6577f88cac0c373ba05ae116782e7726c006337f6017f915fbd	18525ba917a75b50bcbf9245903e0f3785e22cee65a756e96e9b05a43e705e32	research/strict/campaigns/105/105-R35-TERMINAL-PREDICATE-SATURATION-CERTIFICATE.md	18525ba917a75b50bcbf9245903e0f3785e22cee65a756e96e9b05a43e705e32	research/a1/moving-profile/records/terminal-predicate-saturation-certificate.md	3c595afe9685f6577f88cac0c373ba05ae116782e7726c006337f6017f915fbd	18525ba917a75b50bcbf9245903e0f3785e22cee65a756e96e9b05a43e705e32	canonical	archive-by-series/90-105/105-R35-TERMINAL-PREDICATE-SATURATION-CERTIFICATE.md	exact-duplicate	result	Exact byte duplicate of the canonical target; this source path is retained as provenance and no second canonical copy is created. Kind is a navigation label based on file type, path, and title; it does not upgrade evidence.
dongxuelian2/strict-layer-proof-research	https://github.com/dongxuelian2/strict-layer-proof-research	main	912fb4b67419d69c8c7d805b7fd2fcadd26e9a7a	archive-by-series/90-105/105-R35-artifacts.zip	912fb4b67419d69c8c7d805b7fd2fcadd26e9a7a	af2bf8ecf0d1c4b381fbe402c32b713111212e5e	6334acd75b060d7e0703ab8edd7cb650a7e99ede9b3639b8654951915eb14b7c	3a3110ef18480f41cd6ca866709c2dbce2ac3cfaf3f12bd481088cfed5b96e63			research/archive/strict-layer-proof-research/archive-by-series/90-105/105-R35-artifacts.zip	6334acd75b060d7e0703ab8edd7cb650a7e99ede9b3639b8654951915eb14b7c	3a3110ef18480f41cd6ca866709c2dbce2ac3cfaf3f12bd481088cfed5b96e63	archived	archive-by-series/90-105/105-R35-artifacts.zip	source-only	archive	Source-only bytes preserved once at the canonical target under the frozen archive boundary; original source path remains an alias. Kind is a navigation label based on file type, path, and title; it does not upgrade evidence.
dongxuelian2/strict-layer-proof-research	https://github.com/dongxuelian2/strict-layer-proof-research	main	912fb4b67419d69c8c7d805b7fd2fcadd26e9a7a	archive-by-series/90-105/105-R35-stage-archive.md	912fb4b67419d69c8c7d805b7fd2fcadd26e9a7a	e2a042f1bcf676acb614851eb746fc3ee319ff6f	f52e80696d6282104e6fbffb35104bf6038c8d5304554b1edcae8eea3415bb37	fce11832f2949f19ec1b4c918a9faf58f2ad410442022c2e904fb5af600e71de	research/strict/campaigns/105/105-R35-stage-archive.md	fce11832f2949f19ec1b4c918a9faf58f2ad410442022c2e904fb5af600e71de	research/a1/moving-profile/records/terminal-predicate-cutoff.md	f52e80696d6282104e6fbffb35104bf6038c8d5304554b1edcae8eea3415bb37	fce11832f2949f19ec1b4c918a9faf58f2ad410442022c2e904fb5af600e71de	canonical	archive-by-series/90-105/105-R35-stage-archive.md	exact-duplicate	failure	Exact byte duplicate of the canonical target; this source path is retained as provenance and no second canonical copy is created. Kind is a navigation label based on file type, path, and title; it does not upgrade evidence.
dongxuelian2/strict-layer-proof-research	https://github.com/dongxuelian2/strict-layer-proof-research	main	912fb4b67419d69c8c7d805b7fd2fcadd26e9a7a	archive-by-series/90-105/105-R36-SHA256-MANIFEST.txt	912fb4b67419d69c8c7d805b7fd2fcadd26e9a7a	8a56ce34098fdfef673b808a1bd0c1db5ce9541b	0da6ec48e21ec77f1f563da09e6e3c0c458a5d3779c000087b46924eda1d397c	54b5e16030720dfd1bccc9f303809978a39f350c240ff0ae77f8a084be85884e			research/archive/strict-layer-proof-research/archive-by-series/90-105/105-R36-SHA256-MANIFEST.txt	0da6ec48e21ec77f1f563da09e6e3c0c458a5d3779c000087b46924eda1d397c	54b5e16030720dfd1bccc9f303809978a39f350c240ff0ae77f8a084be85884e	archived	archive-by-series/90-105/105-R36-SHA256-MANIFEST.txt	source-only	computation	Source-only bytes preserved once at the canonical target under the frozen archive boundary; original source path remains an alias. Kind is a navigation label based on file type, path, and title; it does not upgrade evidence.
dongxuelian2/strict-layer-proof-research	https://github.com/dongxuelian2/strict-layer-proof-research	main	912fb4b67419d69c8c7d805b7fd2fcadd26e9a7a	archive-by-series/90-105/105-R36-SIMULTANEOUS-NONEMPTY-SATURATION-CERTIFICATE.md	912fb4b67419d69c8c7d805b7fd2fcadd26e9a7a	8b6c7923f39ca927ca017902409b782313bb1f2e	5c6d246794dda38877067f461185b37c6f5938f36c5557a5e869b463d4c55481	74cd6d5cafe9a84f9fc30b9a005c76fffae3f01c624c8bd44cb94011cdc60b7f	research/strict/campaigns/105/105-R36-SIMULTANEOUS-NONEMPTY-SATURATION-CERTIFICATE.md	74cd6d5cafe9a84f9fc30b9a005c76fffae3f01c624c8bd44cb94011cdc60b7f	research/a1/moving-profile/records/simultaneous-nonempty-saturation-certificate.md	5c6d246794dda38877067f461185b37c6f5938f36c5557a5e869b463d4c55481	74cd6d5cafe9a84f9fc30b9a005c76fffae3f01c624c8bd44cb94011cdc60b7f	canonical	archive-by-series/90-105/105-R36-SIMULTANEOUS-NONEMPTY-SATURATION-CERTIFICATE.md	exact-duplicate	result	Exact byte duplicate of the canonical target; this source path is retained as provenance and no second canonical copy is created. Kind is a navigation label based on file type, path, and title; it does not upgrade evidence.
dongxuelian2/strict-layer-proof-research	https://github.com/dongxuelian2/strict-layer-proof-research	main	912fb4b67419d69c8c7d805b7fd2fcadd26e9a7a	archive-by-series/90-105/105-R36-artifacts.zip	912fb4b67419d69c8c7d805b7fd2fcadd26e9a7a	fce207af909919a3e6e5052b83dea2c8a86a507b	b774f2a04ad9815504f5672d77c284254b56b489a5ad706893b572ce853f9d51	e091b84e41cda0421a5ad7fe356f7f146f59d10907cbedeee6efc3902b784abf			research/archive/strict-layer-proof-research/archive-by-series/90-105/105-R36-artifacts.zip	b774f2a04ad9815504f5672d77c284254b56b489a5ad706893b572ce853f9d51	e091b84e41cda0421a5ad7fe356f7f146f59d10907cbedeee6efc3902b784abf	archived	archive-by-series/90-105/105-R36-artifacts.zip	source-only	archive	Source-only bytes preserved once at the canonical target under the frozen archive boundary; original source path remains an alias. Kind is a navigation label based on file type, path, and title; it does not upgrade evidence.
dongxuelian2/strict-layer-proof-research	https://github.com/dongxuelian2/strict-layer-proof-research	main	912fb4b67419d69c8c7d805b7fd2fcadd26e9a7a	archive-by-series/90-105/105-R36-artifacts.zip.sha256.txt	912fb4b67419d69c8c7d805b7fd2fcadd26e9a7a	c8bd4038a29fdd03568496c424fd4392a93b72bf	28e12c3ba24d8c03ef19fc0fc2cf60e54dfb839358d4c0738908c7ee29fac55a	aac2a2663f0e6ebc1713f374e25298115c58a49ad99f8aaec67b05022c54e6e7			research/archive/strict-layer-proof-research/archive-by-series/90-105/105-R36-artifacts.zip.sha256.txt	28e12c3ba24d8c03ef19fc0fc2cf60e54dfb839358d4c0738908c7ee29fac55a	aac2a2663f0e6ebc1713f374e25298115c58a49ad99f8aaec67b05022c54e6e7	archived	archive-by-series/90-105/105-R36-artifacts.zip.sha256.txt	source-only	computation	Source-only bytes preserved once at the canonical target under the frozen archive boundary; original source path remains an alias. Kind is a navigation label based on file type, path, and title; it does not upgrade evidence.
dongxuelian2/strict-layer-proof-research	https://github.com/dongxuelian2/strict-layer-proof-research	main	912fb4b67419d69c8c7d805b7fd2fcadd26e9a7a	archive-by-series/90-105/105-R36-nonunit-source-master-synchronization.md	912fb4b67419d69c8c7d805b7fd2fcadd26e9a7a	c1aefefdbc64e133db6064a84ec02c3be444abe1	ba9f611e338fdbff092ff7dfbfbbce0817e77195b4a4d58815856abf071548d7	0447dfb80e9a4603751649d9f819acf972908b8f9ce81e86a2f89494f48215e3	research/strict/campaigns/105/105-R36-nonunit-source-master-synchronization.md	0447dfb80e9a4603751649d9f819acf972908b8f9ce81e86a2f89494f48215e3	research/a1/moving-profile/records/nonunit-source-master-synchronization.md	ba9f611e338fdbff092ff7dfbfbbce0817e77195b4a4d58815856abf071548d7	0447dfb80e9a4603751649d9f819acf972908b8f9ce81e86a2f89494f48215e3	canonical	archive-by-series/90-105/105-R36-nonunit-source-master-synchronization.md	exact-duplicate	attempt	Exact byte duplicate of the canonical target; this source path is retained as provenance and no second canonical copy is created. Kind is a navigation label based on file type, path, and title; it does not upgrade evidence.
dongxuelian2/strict-layer-proof-research	https://github.com/dongxuelian2/strict-layer-proof-research	main	912fb4b67419d69c8c7d805b7fd2fcadd26e9a7a	archive-by-series/90-105/105-R36-simultaneous-nonempty-exact-system.md	912fb4b67419d69c8c7d805b7fd2fcadd26e9a7a	6b3fc5c1eb06b63f5aaa679e315f875a89cc6033	f9f764637a7c97b3006eb7e118f163cc812017b09d14898f3f11cf2b1e5d644d	bc4ec57124c43dfa072b571794eb5ed146f6a92dc10a82eea33207cc131fe057	research/strict/campaigns/105/105-R36-simultaneous-nonempty-exact-system.md	bc4ec57124c43dfa072b571794eb5ed146f6a92dc10a82eea33207cc131fe057	research/a1/moving-profile/records/simultaneous-nonempty-exact-system.md	f9f764637a7c97b3006eb7e118f163cc812017b09d14898f3f11cf2b1e5d644d	bc4ec57124c43dfa072b571794eb5ed146f6a92dc10a82eea33207cc131fe057	canonical	archive-by-series/90-105/105-R36-simultaneous-nonempty-exact-system.md	exact-duplicate	attempt	Exact byte duplicate of the canonical target; this source path is retained as provenance and no second canonical copy is created. Kind is a navigation label based on file type, path, and title; it does not upgrade evidence.
dongxuelian2/strict-layer-proof-research	https://github.com/dongxuelian2/strict-layer-proof-research	main	912fb4b67419d69c8c7d805b7fd2fcadd26e9a7a	archive-by-series/90-105/105-R36-stage-archive.md	912fb4b67419d69c8c7d805b7fd2fcadd26e9a7a	7881194bca448da5995d2e63cad26315f62b0c98	df929de3ee07cf95b5921e2570c2216e7539f527588c4281cb472b7c1fb2a68b	a81860c3dfef3a85dc38ba41cf0a45e11afa4cabbc25ed4b822395fb2b6102f4	research/strict/campaigns/105/105-R36-stage-archive.md	a81860c3dfef3a85dc38ba41cf0a45e11afa4cabbc25ed4b822395fb2b6102f4	research/a1/moving-profile/records/unit-successor-synchronization.md	df929de3ee07cf95b5921e2570c2216e7539f527588c4281cb472b7c1fb2a68b	a81860c3dfef3a85dc38ba41cf0a45e11afa4cabbc25ed4b822395fb2b6102f4	canonical	archive-by-series/90-105/105-R36-stage-archive.md	exact-duplicate	attempt	Exact byte duplicate of the canonical target; this source path is retained as provenance and no second canonical copy is created. Kind is a navigation label based on file type, path, and title; it does not upgrade evidence.
dongxuelian2/strict-layer-proof-research	https://github.com/dongxuelian2/strict-layer-proof-research	main	912fb4b67419d69c8c7d805b7fd2fcadd26e9a7a	archive-by-series/90-105/105-R36-unit-canonical-successor-derivation.md	912fb4b67419d69c8c7d805b7fd2fcadd26e9a7a	40c6ed20c6b0811c5ddd1e68acd92a9b68348318	7cd9ae0c3dcd8ad4655997228c232ba7c1b0f0af62db49e36d78d4c30cd4b2bf	c1ef8b7947e3a6edca62e6b890c9403e873ccbc6a9623b23d85776f0e9d5ab30	research/strict/campaigns/105/105-R36-unit-canonical-successor-derivation.md	c1ef8b7947e3a6edca62e6b890c9403e873ccbc6a9623b23d85776f0e9d5ab30	research/a1/moving-profile/records/unit-canonical-successor-derivation.md	7cd9ae0c3dcd8ad4655997228c232ba7c1b0f0af62db49e36d78d4c30cd4b2bf	c1ef8b7947e3a6edca62e6b890c9403e873ccbc6a9623b23d85776f0e9d5ab30	canonical	archive-by-series/90-105/105-R36-unit-canonical-successor-derivation.md	exact-duplicate	result	Exact byte duplicate of the canonical target; this source path is retained as provenance and no second canonical copy is created. Kind is a navigation label based on file type, path, and title; it does not upgrade evidence.
dongxuelian2/strict-layer-proof-research	https://github.com/dongxuelian2/strict-layer-proof-research	main	912fb4b67419d69c8c7d805b7fd2fcadd26e9a7a	archive-by-series/90-105/105-R37-GCD-NORMALIZED-SATURATION-CERTIFICATE.md	912fb4b67419d69c8c7d805b7fd2fcadd26e9a7a	6442f10b4f78701d10697d95946a34487bdf450a	35ec99860b98c51d5af09e35b2f68594586af71ae7ce13feca1c25656a5850fb	4b375a03a3818bbbf4b286c3078394b9749688a47951df6dfc3d53c8b751624a	research/strict/campaigns/105/105-R37-GCD-NORMALIZED-SATURATION-CERTIFICATE.md	4b375a03a3818bbbf4b286c3078394b9749688a47951df6dfc3d53c8b751624a	research/a1/moving-profile/records/gcd-normalized-saturation-certificate.md	35ec99860b98c51d5af09e35b2f68594586af71ae7ce13feca1c25656a5850fb	4b375a03a3818bbbf4b286c3078394b9749688a47951df6dfc3d53c8b751624a	canonical	archive-by-series/90-105/105-R37-GCD-NORMALIZED-SATURATION-CERTIFICATE.md	exact-duplicate	result	Exact byte duplicate of the canonical target; this source path is retained as provenance and no second canonical copy is created. Kind is a navigation label based on file type, path, and title; it does not upgrade evidence.
dongxuelian2/strict-layer-proof-research	https://github.com/dongxuelian2/strict-layer-proof-research	main	912fb4b67419d69c8c7d805b7fd2fcadd26e9a7a	archive-by-series/90-105/105-R37-SHA256-MANIFEST.txt	912fb4b67419d69c8c7d805b7fd2fcadd26e9a7a	a9c4546cd5eca4ae0c68fb48dbd4597492056976	77db987f7705754a9e4e9a37b20b278cb2f2315c701919cfd0a557bd2eabfde6	a1ff25537921d4582a0d19c8027e910f9bde66ee9b668a9c46dcea9844435871			research/archive/strict-layer-proof-research/archive-by-series/90-105/105-R37-SHA256-MANIFEST.txt	77db987f7705754a9e4e9a37b20b278cb2f2315c701919cfd0a557bd2eabfde6	a1ff25537921d4582a0d19c8027e910f9bde66ee9b668a9c46dcea9844435871	archived	archive-by-series/90-105/105-R37-SHA256-MANIFEST.txt	source-only	computation	Source-only bytes preserved once at the canonical target under the frozen archive boundary; original source path remains an alias. Kind is a navigation label based on file type, path, and title; it does not upgrade evidence.
dongxuelian2/strict-layer-proof-research	https://github.com/dongxuelian2/strict-layer-proof-research	main	912fb4b67419d69c8c7d805b7fd2fcadd26e9a7a	archive-by-series/90-105/105-R37-artifacts.zip	912fb4b67419d69c8c7d805b7fd2fcadd26e9a7a	015de2237181f9ca8c55ce1784d0ef2222121c5d	acfb8d907d9e05fa0386f839d7bcaae57e3e15c5e6930068d75819202b3e0324	f60238177a19dc2cc2d649305104dac9c98dbb9312499d482a141845b938fee1			research/archive/strict-layer-proof-research/archive-by-series/90-105/105-R37-artifacts.zip	acfb8d907d9e05fa0386f839d7bcaae57e3e15c5e6930068d75819202b3e0324	f60238177a19dc2cc2d649305104dac9c98dbb9312499d482a141845b938fee1	archived	archive-by-series/90-105/105-R37-artifacts.zip	source-only	archive	Source-only bytes preserved once at the canonical target under the frozen archive boundary; original source path remains an alias. Kind is a navigation label based on file type, path, and title; it does not upgrade evidence.
dongxuelian2/strict-layer-proof-research	https://github.com/dongxuelian2/strict-layer-proof-research	main	912fb4b67419d69c8c7d805b7fd2fcadd26e9a7a	archive-by-series/90-105/105-R37-artifacts.zip.sha256.txt	912fb4b67419d69c8c7d805b7fd2fcadd26e9a7a	33494b3cfccee2c72f370757eed6e990fbe0e816	0705f220cda0491a3971b948dbc298462abc8cf925ba4800d7c084f4aa7ecc3a	34a1b94d47aa31ed0c47acb80afdb22f380618dd5a322d0a32ebb3d129e42acb			research/archive/strict-layer-proof-research/archive-by-series/90-105/105-R37-artifacts.zip.sha256.txt	0705f220cda0491a3971b948dbc298462abc8cf925ba4800d7c084f4aa7ecc3a	34a1b94d47aa31ed0c47acb80afdb22f380618dd5a322d0a32ebb3d129e42acb	archived	archive-by-series/90-105/105-R37-artifacts.zip.sha256.txt	source-only	computation	Source-only bytes preserved once at the canonical target under the frozen archive boundary; original source path remains an alias. Kind is a navigation label based on file type, path, and title; it does not upgrade evidence.
dongxuelian2/strict-layer-proof-research	https://github.com/dongxuelian2/strict-layer-proof-research	main	912fb4b67419d69c8c7d805b7fd2fcadd26e9a7a	archive-by-series/90-105/105-R37-corrected-source-first-search.md	912fb4b67419d69c8c7d805b7fd2fcadd26e9a7a	eaa3db6bca0a21a62a20451f8a939b3921669f93	7f1244ee8d0fda232a32724aaea56f8ae7cc1371e59663346c2fd6ce661ba434	7703979fa8bff7d0d44545db08e0157d40ff2b8e45cbece5160ed3076330387e	research/strict/campaigns/105/105-R37-corrected-source-first-search.md	7703979fa8bff7d0d44545db08e0157d40ff2b8e45cbece5160ed3076330387e	research/a1/moving-profile/records/corrected-source-first-search.md	7f1244ee8d0fda232a32724aaea56f8ae7cc1371e59663346c2fd6ce661ba434	7703979fa8bff7d0d44545db08e0157d40ff2b8e45cbece5160ed3076330387e	canonical	archive-by-series/90-105/105-R37-corrected-source-first-search.md	exact-duplicate	attempt	Exact byte duplicate of the canonical target; this source path is retained as provenance and no second canonical copy is created. Kind is a navigation label based on file type, path, and title; it does not upgrade evidence.
dongxuelian2/strict-layer-proof-research	https://github.com/dongxuelian2/strict-layer-proof-research	main	912fb4b67419d69c8c7d805b7fd2fcadd26e9a7a	archive-by-series/90-105/105-R37-execution.log	912fb4b67419d69c8c7d805b7fd2fcadd26e9a7a	34c43192757887b0107d699a273f66de69110427	557502180a8e90c4d81ec2b7de8e01e5188288aa4d83c7b0163e8752ecfdc06e	442fa2d5b1643c73fc38347edc06869785a56737cfbb8b231262a48ab48d6781			research/archive/strict-layer-proof-research/archive-by-series/90-105/105-R37-execution.log	557502180a8e90c4d81ec2b7de8e01e5188288aa4d83c7b0163e8752ecfdc06e	442fa2d5b1643c73fc38347edc06869785a56737cfbb8b231262a48ab48d6781	archived	archive-by-series/90-105/105-R37-execution.log	source-only	computation	Source-only bytes preserved once at the canonical target under the frozen archive boundary; original source path remains an alias. Kind is a navigation label based on file type, path, and title; it does not upgrade evidence.
dongxuelian2/strict-layer-proof-research	https://github.com/dongxuelian2/strict-layer-proof-research	main	912fb4b67419d69c8c7d805b7fd2fcadd26e9a7a	archive-by-series/90-105/105-R37-gcd-normalized-master-sphere-system.md	912fb4b67419d69c8c7d805b7fd2fcadd26e9a7a	2a4278d72adfb17ed846ab482bbf3517b66d2587	29caed1ba3634114bbaefa379baa424ae48ad1bacd57a0923b3b869bfb9d2168	cadf3cad7b020fcf07a3424549f30c56b38639908ae52083f9e47349502c2ed9	research/strict/campaigns/105/105-R37-gcd-normalized-master-sphere-system.md	cadf3cad7b020fcf07a3424549f30c56b38639908ae52083f9e47349502c2ed9	research/a1/moving-profile/records/gcd-normalized-master-sphere-system.md	29caed1ba3634114bbaefa379baa424ae48ad1bacd57a0923b3b869bfb9d2168	cadf3cad7b020fcf07a3424549f30c56b38639908ae52083f9e47349502c2ed9	canonical	archive-by-series/90-105/105-R37-gcd-normalized-master-sphere-system.md	exact-duplicate	attempt	Exact byte duplicate of the canonical target; this source path is retained as provenance and no second canonical copy is created. Kind is a navigation label based on file type, path, and title; it does not upgrade evidence.
dongxuelian2/strict-layer-proof-research	https://github.com/dongxuelian2/strict-layer-proof-research	main	912fb4b67419d69c8c7d805b7fd2fcadd26e9a7a	archive-by-series/90-105/105-R37-stage-archive.md	912fb4b67419d69c8c7d805b7fd2fcadd26e9a7a	7a9533dd5f71f547ed6bae86b02b07457cfdc599	9f133d67d589754f8d411444a7e6e15437cffabbcda0412925ce2163ba47b741	a94b710a01a91f9db715b5293749cd4eea4ed93661e5d6b9b96ca1889ee18ed0	research/strict/campaigns/105/105-R37-stage-archive.md	a94b710a01a91f9db715b5293749cd4eea4ed93661e5d6b9b96ca1889ee18ed0	research/a1/moving-profile/records/gcd-normalized-root-audit.md	9f133d67d589754f8d411444a7e6e15437cffabbcda0412925ce2163ba47b741	a94b710a01a91f9db715b5293749cd4eea4ed93661e5d6b9b96ca1889ee18ed0	canonical	archive-by-series/90-105/105-R37-stage-archive.md	exact-duplicate	attempt	Exact byte duplicate of the canonical target; this source path is retained as provenance and no second canonical copy is created. Kind is a navigation label based on file type, path, and title; it does not upgrade evidence.
dongxuelian2/strict-layer-proof-research	https://github.com/dongxuelian2/strict-layer-proof-research	main	912fb4b67419d69c8c7d805b7fd2fcadd26e9a7a	archive-by-series/90-105/105-R38-FIRST-GENUINE-SELECTOR-CONSISTENT-ROOT.md	912fb4b67419d69c8c7d805b7fd2fcadd26e9a7a	0633ce1ddf766e945b27d1c12c7d48296836a471	cd77941b665f9b3f0f52e9ee3c5c11d62db3371154a1ceb241b84937a0158f9b	26d3505aaad53a46445850681c3625ef044a77b82eae5e279c1b18792ecc886a	research/strict/campaigns/105/105-R38-FIRST-GENUINE-SELECTOR-CONSISTENT-ROOT.md	26d3505aaad53a46445850681c3625ef044a77b82eae5e279c1b18792ecc886a	research/a1/moving-profile/records/first-genuine-selector-consistent-root.md	cd77941b665f9b3f0f52e9ee3c5c11d62db3371154a1ceb241b84937a0158f9b	26d3505aaad53a46445850681c3625ef044a77b82eae5e279c1b18792ecc886a	canonical	archive-by-series/90-105/105-R38-FIRST-GENUINE-SELECTOR-CONSISTENT-ROOT.md	exact-duplicate	result	Exact byte duplicate of the canonical target; this source path is retained as provenance and no second canonical copy is created. Kind is a navigation label based on file type, path, and title; it does not upgrade evidence.
dongxuelian2/strict-layer-proof-research	https://github.com/dongxuelian2/strict-layer-proof-research	main	912fb4b67419d69c8c7d805b7fd2fcadd26e9a7a	archive-by-series/90-105/105-R38-NRDG-SATURATION-CERTIFICATE.md	912fb4b67419d69c8c7d805b7fd2fcadd26e9a7a	322a3f6d3fa684ed1866513ab55149358bbe443b	87838aa0ba406cb06cda7c0aaee576aa8aadbd7d6a5694cd7f25a2ce6e39448e	04a2c38bd7827df740a0ad585ad78b7ff6f461907793ba29ad2e4b73fcf3a578	research/strict/campaigns/105/105-R38-NRDG-SATURATION-CERTIFICATE.md	04a2c38bd7827df740a0ad585ad78b7ff6f461907793ba29ad2e4b73fcf3a578	research/a1/moving-profile/records/nrdg-saturation-certificate.md	87838aa0ba406cb06cda7c0aaee576aa8aadbd7d6a5694cd7f25a2ce6e39448e	04a2c38bd7827df740a0ad585ad78b7ff6f461907793ba29ad2e4b73fcf3a578	canonical	archive-by-series/90-105/105-R38-NRDG-SATURATION-CERTIFICATE.md	exact-duplicate	result	Exact byte duplicate of the canonical target; this source path is retained as provenance and no second canonical copy is created. Kind is a navigation label based on file type, path, and title; it does not upgrade evidence.
dongxuelian2/strict-layer-proof-research	https://github.com/dongxuelian2/strict-layer-proof-research	main	912fb4b67419d69c8c7d805b7fd2fcadd26e9a7a	archive-by-series/90-105/105-R38-SHA256-MANIFEST.txt	912fb4b67419d69c8c7d805b7fd2fcadd26e9a7a	1ae82f1c138845c9c12e9b718cf39dc49072e874	d167c42a8c2e27c8cc3f830cd0cecd9002337bce915443fd96162644f0ea89d6	91167646cbcf32366d22ef0b220683ccea1f0d54ddd6d0ac632c3c0fa5c6e279			research/archive/strict-layer-proof-research/archive-by-series/90-105/105-R38-SHA256-MANIFEST.txt	d167c42a8c2e27c8cc3f830cd0cecd9002337bce915443fd96162644f0ea89d6	91167646cbcf32366d22ef0b220683ccea1f0d54ddd6d0ac632c3c0fa5c6e279	archived	archive-by-series/90-105/105-R38-SHA256-MANIFEST.txt	source-only	computation	Source-only bytes preserved once at the canonical target under the frozen archive boundary; original source path remains an alias. Kind is a navigation label based on file type, path, and title; it does not upgrade evidence.
dongxuelian2/strict-layer-proof-research	https://github.com/dongxuelian2/strict-layer-proof-research	main	912fb4b67419d69c8c7d805b7fd2fcadd26e9a7a	archive-by-series/90-105/105-R38-artifacts.zip	912fb4b67419d69c8c7d805b7fd2fcadd26e9a7a	18b0306814ca12ddd7ef7477986bfed59f390b50	1390aa2193647e8f113c588fb5d76dbf363a45c3d7403b398fb7155e13c85943	c7ca8f537b96ce32d9eab410379660aa10eacaf9a5a3499cc322559d40216d8f			research/archive/strict-layer-proof-research/archive-by-series/90-105/105-R38-artifacts.zip	1390aa2193647e8f113c588fb5d76dbf363a45c3d7403b398fb7155e13c85943	c7ca8f537b96ce32d9eab410379660aa10eacaf9a5a3499cc322559d40216d8f	archived	archive-by-series/90-105/105-R38-artifacts.zip	source-only	archive	Source-only bytes preserved once at the canonical target under the frozen archive boundary; original source path remains an alias. Kind is a navigation label based on file type, path, and title; it does not upgrade evidence.
dongxuelian2/strict-layer-proof-research	https://github.com/dongxuelian2/strict-layer-proof-research	main	912fb4b67419d69c8c7d805b7fd2fcadd26e9a7a	archive-by-series/90-105/105-R38-factor-allocation-derivation.md	912fb4b67419d69c8c7d805b7fd2fcadd26e9a7a	7d0d1bd9134bc90528006b120f31bc23fd09b1fd	49a026a3fd2bdb9a0db4dfb89a77fc2e8702ff7b08b6e0ce3ddc941241cd7bfa	338d5666944654aa89a81e7d2deaeb7ce7cfd3ab54bd08b375ccf7eae0105d30	research/strict/campaigns/105/105-R38-factor-allocation-derivation.md	338d5666944654aa89a81e7d2deaeb7ce7cfd3ab54bd08b375ccf7eae0105d30	research/a1/moving-profile/records/factor-allocation-derivation.md	49a026a3fd2bdb9a0db4dfb89a77fc2e8702ff7b08b6e0ce3ddc941241cd7bfa	338d5666944654aa89a81e7d2deaeb7ce7cfd3ab54bd08b375ccf7eae0105d30	canonical	archive-by-series/90-105/105-R38-factor-allocation-derivation.md	exact-duplicate	result	Exact byte duplicate of the canonical target; this source path is retained as provenance and no second canonical copy is created. Kind is a navigation label based on file type, path, and title; it does not upgrade evidence.
dongxuelian2/strict-layer-proof-research	https://github.com/dongxuelian2/strict-layer-proof-research	main	912fb4b67419d69c8c7d805b7fd2fcadd26e9a7a	archive-by-series/90-105/105-R38-stage-archive.md	912fb4b67419d69c8c7d805b7fd2fcadd26e9a7a	b088b88ce7481dce378b71e5829222ab1a3865bf	73c6b76e822ff14c39d3aeb23e89b739689608a29fc8e4a11770daf263fc6240	7a50e5c99ef1ba54099bb88cd8a08cc532a21dcf53142891202f258971226ca0	research/strict/campaigns/105/105-R38-stage-archive.md	7a50e5c99ef1ba54099bb88cd8a08cc532a21dcf53142891202f258971226ca0	research/a1/moving-profile/records/selector-consistent-root.md	73c6b76e822ff14c39d3aeb23e89b739689608a29fc8e4a11770daf263fc6240	7a50e5c99ef1ba54099bb88cd8a08cc532a21dcf53142891202f258971226ca0	canonical	archive-by-series/90-105/105-R38-stage-archive.md	exact-duplicate	attempt	Exact byte duplicate of the canonical target; this source path is retained as provenance and no second canonical copy is created. Kind is a navigation label based on file type, path, and title; it does not upgrade evidence.
dongxuelian2/strict-layer-proof-research	https://github.com/dongxuelian2/strict-layer-proof-research	main	912fb4b67419d69c8c7d805b7fd2fcadd26e9a7a	archive-by-series/90-105/105-R39-FIRST-EXPONENT-SYNCHRONIZED-ROOT.md	912fb4b67419d69c8c7d805b7fd2fcadd26e9a7a	d6e0b092ef3fb51a77f50b39cf93e3df0ce7be51	5907feae4c85f50d3ef6daa6d5b86224b1611afe96f8359226d46cc5a11521a0	2ffb62a15b58c65b2629d3a1eb3c97014e00c5cb07eb8786d32a28a9e572fbf7	research/strict/campaigns/105/105-R39-FIRST-EXPONENT-SYNCHRONIZED-ROOT.md	2ffb62a15b58c65b2629d3a1eb3c97014e00c5cb07eb8786d32a28a9e572fbf7	research/a1/moving-profile/records/first-exponent-synchronized-root.md	5907feae4c85f50d3ef6daa6d5b86224b1611afe96f8359226d46cc5a11521a0	2ffb62a15b58c65b2629d3a1eb3c97014e00c5cb07eb8786d32a28a9e572fbf7	canonical	archive-by-series/90-105/105-R39-FIRST-EXPONENT-SYNCHRONIZED-ROOT.md	exact-duplicate	attempt	Exact byte duplicate of the canonical target; this source path is retained as provenance and no second canonical copy is created. Kind is a navigation label based on file type, path, and title; it does not upgrade evidence.
dongxuelian2/strict-layer-proof-research	https://github.com/dongxuelian2/strict-layer-proof-research	main	912fb4b67419d69c8c7d805b7fd2fcadd26e9a7a	archive-by-series/90-105/105-R39-SHA256-MANIFEST.txt	912fb4b67419d69c8c7d805b7fd2fcadd26e9a7a	e0c54edff9d3133f24fd63daf0e522ad78382da2	9b6a0e0b13273b6442571c87989598a37258de4840db1e29ab495f75789491cd	a0781a091f462188abed9303b85610fb5c62a986391a9585e6d3d948945778c9			research/archive/strict-layer-proof-research/archive-by-series/90-105/105-R39-SHA256-MANIFEST.txt	9b6a0e0b13273b6442571c87989598a37258de4840db1e29ab495f75789491cd	a0781a091f462188abed9303b85610fb5c62a986391a9585e6d3d948945778c9	archived	archive-by-series/90-105/105-R39-SHA256-MANIFEST.txt	source-only	computation	Source-only bytes preserved once at the canonical target under the frozen archive boundary; original source path remains an alias. Kind is a navigation label based on file type, path, and title; it does not upgrade evidence.
dongxuelian2/strict-layer-proof-research	https://github.com/dongxuelian2/strict-layer-proof-research	main	912fb4b67419d69c8c7d805b7fd2fcadd26e9a7a	archive-by-series/90-105/105-R39-SOURCE-EXPONENT-IMAGE-SATURATION-CERTIFICATE.md	912fb4b67419d69c8c7d805b7fd2fcadd26e9a7a	891384ebc7af759b67c64ecc2b7207db6bf19922	9b2ec3ff1f15078770ca29d61fe287e30e406faa055316a7a79d2b52d03a25a2	ecdb4daa7dbe0a1415e5ffa7049a0310d3e77a7ca7df4e33dec4a8d7aa2a9496	research/strict/campaigns/105/105-R39-SOURCE-EXPONENT-IMAGE-SATURATION-CERTIFICATE.md	ecdb4daa7dbe0a1415e5ffa7049a0310d3e77a7ca7df4e33dec4a8d7aa2a9496	research/a1/moving-profile/records/source-exponent-image-saturation-certificate.md	9b2ec3ff1f15078770ca29d61fe287e30e406faa055316a7a79d2b52d03a25a2	ecdb4daa7dbe0a1415e5ffa7049a0310d3e77a7ca7df4e33dec4a8d7aa2a9496	canonical	archive-by-series/90-105/105-R39-SOURCE-EXPONENT-IMAGE-SATURATION-CERTIFICATE.md	exact-duplicate	result	Exact byte duplicate of the canonical target; this source path is retained as provenance and no second canonical copy is created. Kind is a navigation label based on file type, path, and title; it does not upgrade evidence.
dongxuelian2/strict-layer-proof-research	https://github.com/dongxuelian2/strict-layer-proof-research	main	912fb4b67419d69c8c7d805b7fd2fcadd26e9a7a	archive-by-series/90-105/105-R39-artifacts.zip	912fb4b67419d69c8c7d805b7fd2fcadd26e9a7a	c08ed25e208ffb01487b588838fc1d76bc769b58	76a7042ab841c05aa8040eda040772b56f373a1d5e4278ff136c5549577a6b72	a607258f5a446ddb2f3c162aa8d6f4492941b980e7df5181745ed1738f2585af			research/archive/strict-layer-proof-research/archive-by-series/90-105/105-R39-artifacts.zip	76a7042ab841c05aa8040eda040772b56f373a1d5e4278ff136c5549577a6b72	a607258f5a446ddb2f3c162aa8d6f4492941b980e7df5181745ed1738f2585af	archived	archive-by-series/90-105/105-R39-artifacts.zip	source-only	archive	Source-only bytes preserved once at the canonical target under the frozen archive boundary; original source path remains an alias. Kind is a navigation label based on file type, path, and title; it does not upgrade evidence.
dongxuelian2/strict-layer-proof-research	https://github.com/dongxuelian2/strict-layer-proof-research	main	912fb4b67419d69c8c7d805b7fd2fcadd26e9a7a	archive-by-series/90-105/105-R39-execution.log	912fb4b67419d69c8c7d805b7fd2fcadd26e9a7a	2e90baeac3527db6d15b0cb41f7da1c51049ecce	dbec0f3d75f0e3990b8c24d209f9eef1c118b278025f6094d7f6f18f5769f9b1	2f959233e419891b22673e2a55077a36542b9db87221ddfc7d0aeb26b2aed515			research/archive/strict-layer-proof-research/archive-by-series/90-105/105-R39-execution.log	dbec0f3d75f0e3990b8c24d209f9eef1c118b278025f6094d7f6f18f5769f9b1	2f959233e419891b22673e2a55077a36542b9db87221ddfc7d0aeb26b2aed515	archived	archive-by-series/90-105/105-R39-execution.log	source-only	computation	Source-only bytes preserved once at the canonical target under the frozen archive boundary; original source path remains an alias. Kind is a navigation label based on file type, path, and title; it does not upgrade evidence.
dongxuelian2/strict-layer-proof-research	https://github.com/dongxuelian2/strict-layer-proof-research	main	912fb4b67419d69c8c7d805b7fd2fcadd26e9a7a	archive-by-series/90-105/105-R39-exponent-synchronization-derivation.md	912fb4b67419d69c8c7d805b7fd2fcadd26e9a7a	0229cfede702bc8d6e5f600d39cc7e457d4ac8f6	de47edeabf9434c6576ac77e2f9dd6ce388e8b34a53e255ac0376169523cc376	2486000e9d831a2e790529e0e19c418aba048d50c0e28c11679d1824147b5e35	research/strict/campaigns/105/105-R39-exponent-synchronization-derivation.md	2486000e9d831a2e790529e0e19c418aba048d50c0e28c11679d1824147b5e35	research/a1/moving-profile/records/exponent-synchronization-derivation.md	de47edeabf9434c6576ac77e2f9dd6ce388e8b34a53e255ac0376169523cc376	2486000e9d831a2e790529e0e19c418aba048d50c0e28c11679d1824147b5e35	canonical	archive-by-series/90-105/105-R39-exponent-synchronization-derivation.md	exact-duplicate	result	Exact byte duplicate of the canonical target; this source path is retained as provenance and no second canonical copy is created. Kind is a navigation label based on file type, path, and title; it does not upgrade evidence.
dongxuelian2/strict-layer-proof-research	https://github.com/dongxuelian2/strict-layer-proof-research	main	912fb4b67419d69c8c7d805b7fd2fcadd26e9a7a	archive-by-series/90-105/105-R39-production-native-root-system.md	912fb4b67419d69c8c7d805b7fd2fcadd26e9a7a	3ad5d15ce18326418cf8ecd01bd0c2b820e0619e	8b296edb6044f531eee85e94bee50b6a0d9a458468acdd68a86957e88d634af7	b1414272ef19922a3b74d1238a43636c733f77d751f2f947fd48cd76504e8bb3	research/strict/campaigns/105/105-R39-production-native-root-system.md	b1414272ef19922a3b74d1238a43636c733f77d751f2f947fd48cd76504e8bb3	research/a1/moving-profile/records/production-native-root-system.md	8b296edb6044f531eee85e94bee50b6a0d9a458468acdd68a86957e88d634af7	b1414272ef19922a3b74d1238a43636c733f77d751f2f947fd48cd76504e8bb3	canonical	archive-by-series/90-105/105-R39-production-native-root-system.md	exact-duplicate	attempt	Exact byte duplicate of the canonical target; this source path is retained as provenance and no second canonical copy is created. Kind is a navigation label based on file type, path, and title; it does not upgrade evidence.
dongxuelian2/strict-layer-proof-research	https://github.com/dongxuelian2/strict-layer-proof-research	main	912fb4b67419d69c8c7d805b7fd2fcadd26e9a7a	archive-by-series/90-105/105-R39-stage-archive.md	912fb4b67419d69c8c7d805b7fd2fcadd26e9a7a	c8db7eb9706d2b667f78570dee9eb712adae9d54	e55ac2d7b0d13c05bf40ef6a7bc8bb150365ae1aa325ca1a346223d43187a590	aafd00c841c66b976dea0798a724a332ef873e25fb5806aa80619077a546158e	research/strict/campaigns/105/105-R39-stage-archive.md	aafd00c841c66b976dea0798a724a332ef873e25fb5806aa80619077a546158e	research/a1/moving-profile/records/source-exponent-root-reconstruction.md	e55ac2d7b0d13c05bf40ef6a7bc8bb150365ae1aa325ca1a346223d43187a590	aafd00c841c66b976dea0798a724a332ef873e25fb5806aa80619077a546158e	canonical	archive-by-series/90-105/105-R39-stage-archive.md	exact-duplicate	attempt	Exact byte duplicate of the canonical target; this source path is retained as provenance and no second canonical copy is created. Kind is a navigation label based on file type, path, and title; it does not upgrade evidence.
dongxuelian2/strict-layer-proof-research	https://github.com/dongxuelian2/strict-layer-proof-research	main	912fb4b67419d69c8c7d805b7fd2fcadd26e9a7a	archive-by-series/90-105/105-R40-FINAL-FAILURE-REPORT.md	912fb4b67419d69c8c7d805b7fd2fcadd26e9a7a	4834c8256e6e46d69092e2d555680339296829a0	b5250565074b2f4953d1d215921db99432d326d5ced70e9f09569c29b74b522d	c8bde8b716238da7d1e5b6232ab16de8bac0f753dd7b66d35fc4331c22913348	research/strict/campaigns/105/105-R40-FINAL-FAILURE-REPORT.md	c8bde8b716238da7d1e5b6232ab16de8bac0f753dd7b66d35fc4331c22913348	research/a1/moving-profile/records/failure.md	b5250565074b2f4953d1d215921db99432d326d5ced70e9f09569c29b74b522d	c8bde8b716238da7d1e5b6232ab16de8bac0f753dd7b66d35fc4331c22913348	canonical	archive-by-series/90-105/105-R40-FINAL-FAILURE-REPORT.md	exact-duplicate	failure	Exact byte duplicate of the canonical target; this source path is retained as provenance and no second canonical copy is created. Kind is a navigation label based on file type, path, and title; it does not upgrade evidence.
dongxuelian2/strict-layer-proof-research	https://github.com/dongxuelian2/strict-layer-proof-research	main	912fb4b67419d69c8c7d805b7fd2fcadd26e9a7a	archive-by-series/90-105/105_R10_DES_Endpoint_Coset_Lift_Index.md	912fb4b67419d69c8c7d805b7fd2fcadd26e9a7a	b67bd0f9af6b4fd320a38b6fb1d3e802dfcc398b	a5c544be30b946f613be4b017cd8b0c925ee44e1ac4069b33b8bacf70354e77e	c37c52064f2749d5365820601149010f142b8e41edc9646a027bd83a464c3947	research/strict/campaigns/105/105_R10_DES_Endpoint_Coset_Lift_Index.md	c37c52064f2749d5365820601149010f142b8e41edc9646a027bd83a464c3947	research/a1/moving-profile/records/des-endpoint-coset-lift-index.md	a5c544be30b946f613be4b017cd8b0c925ee44e1ac4069b33b8bacf70354e77e	c37c52064f2749d5365820601149010f142b8e41edc9646a027bd83a464c3947	canonical	archive-by-series/90-105/105_R10_DES_Endpoint_Coset_Lift_Index.md	exact-duplicate	attempt	Exact byte duplicate of the canonical target; this source path is retained as provenance and no second canonical copy is created. Kind is a navigation label based on file type, path, and title; it does not upgrade evidence.
dongxuelian2/strict-layer-proof-research	https://github.com/dongxuelian2/strict-layer-proof-research	main	912fb4b67419d69c8c7d805b7fd2fcadd26e9a7a	archive-by-series/90-105/105_R10_bundle.zip	912fb4b67419d69c8c7d805b7fd2fcadd26e9a7a	788ab82e944a3b57b7fc4e8f4c62de7deb37eb48	8007a88cfabb8af09a2800c13039bce1c72e907aee743545eaeaa3a95fce3220	c0bf729215dc008bd460b64b9941129a77c7605a81048b125141ebb301828859			research/archive/strict-layer-proof-research/archive-by-series/90-105/105_R10_bundle.zip	8007a88cfabb8af09a2800c13039bce1c72e907aee743545eaeaa3a95fce3220	c0bf729215dc008bd460b64b9941129a77c7605a81048b125141ebb301828859	archived	archive-by-series/90-105/105_R10_bundle.zip	source-only	archive	Source-only bytes preserved once at the canonical target under the frozen archive boundary; original source path remains an alias. Kind is a navigation label based on file type, path, and title; it does not upgrade evidence.
dongxuelian2/strict-layer-proof-research	https://github.com/dongxuelian2/strict-layer-proof-research	main	912fb4b67419d69c8c7d805b7fd2fcadd26e9a7a	archive-by-series/90-105/105_R10_scripts.zip	912fb4b67419d69c8c7d805b7fd2fcadd26e9a7a	ac7b2462174c7e12941b69d9cabf0829b1da161c	7c6a840e19169c9754ca6722ba8467027f3cefd27c9170ee282dda71790976f4	8159cf2dfdec36b8f2bd6d579b79b9ede2eb8e04ccc15c6114a681e6cd0d1b9a			research/archive/strict-layer-proof-research/archive-by-series/90-105/105_R10_scripts.zip	7c6a840e19169c9754ca6722ba8467027f3cefd27c9170ee282dda71790976f4	8159cf2dfdec36b8f2bd6d579b79b9ede2eb8e04ccc15c6114a681e6cd0d1b9a	archived	archive-by-series/90-105/105_R10_scripts.zip	source-only	archive	Source-only bytes preserved once at the canonical target under the frozen archive boundary; original source path remains an alias. Kind is a navigation label based on file type, path, and title; it does not upgrade evidence.
dongxuelian2/strict-layer-proof-research	https://github.com/dongxuelian2/strict-layer-proof-research	main	912fb4b67419d69c8c7d805b7fd2fcadd26e9a7a	archive-by-series/90-105/105_R11_Archive_Package.zip	912fb4b67419d69c8c7d805b7fd2fcadd26e9a7a	ef186bfd6bef97a0a2738e0f939025e6ed356597	270164ffe968759c04d7777d1e2a4cb9f2bde47d9722b8c5633ce3398b65838d	0dfc2781441374eff7b62fd867548a7bddf72174b177b5031a48ac0128170125			research/archive/strict-layer-proof-research/archive-by-series/90-105/105_R11_Archive_Package.zip	270164ffe968759c04d7777d1e2a4cb9f2bde47d9722b8c5633ce3398b65838d	0dfc2781441374eff7b62fd867548a7bddf72174b177b5031a48ac0128170125	archived	archive-by-series/90-105/105_R11_Archive_Package.zip	source-only	archive	Source-only bytes preserved once at the canonical target under the frozen archive boundary; original source path remains an alias. Kind is a navigation label based on file type, path, and title; it does not upgrade evidence.
dongxuelian2/strict-layer-proof-research	https://github.com/dongxuelian2/strict-layer-proof-research	main	912fb4b67419d69c8c7d805b7fd2fcadd26e9a7a	archive-by-series/90-105/105_R11_Exact_DES_Quotient_Threshold_Membership.md	912fb4b67419d69c8c7d805b7fd2fcadd26e9a7a	36eaf5515430fbe1f3ceef5d55004c613f969b55	e9d9fba0d5ed0cac7b6c2f3a3cc4bcc47fcc2395198b35e7e5b3d664ecafae1b	05028fc069a574a80913f6f106dbc24653fb2ea7c50c2cf4a67e572a037ff725	research/strict/campaigns/105/105_R11_Exact_DES_Quotient_Threshold_Membership.md	05028fc069a574a80913f6f106dbc24653fb2ea7c50c2cf4a67e572a037ff725	research/a1/moving-profile/records/exact-des-quotient-threshold-membership.md	e9d9fba0d5ed0cac7b6c2f3a3cc4bcc47fcc2395198b35e7e5b3d664ecafae1b	05028fc069a574a80913f6f106dbc24653fb2ea7c50c2cf4a67e572a037ff725	canonical	archive-by-series/90-105/105_R11_Exact_DES_Quotient_Threshold_Membership.md	exact-duplicate	attempt	Exact byte duplicate of the canonical target; this source path is retained as provenance and no second canonical copy is created. Kind is a navigation label based on file type, path, and title; it does not upgrade evidence.
dongxuelian2/strict-layer-proof-research	https://github.com/dongxuelian2/strict-layer-proof-research	main	912fb4b67419d69c8c7d805b7fd2fcadd26e9a7a	archive-by-series/90-105/105_R12_Archive_Package.zip	912fb4b67419d69c8c7d805b7fd2fcadd26e9a7a	609b851cf7139f9093fa5ebfad21daf1d26216fe	81e7f2a943e0bd81a4df5f59b19e8b9a7f439afbd476a146a56d40a1e2f21c67	4d2aa95ba405da6f5924734d3718952a2ebd85927833886368bd712d483ed8a8			research/archive/strict-layer-proof-research/archive-by-series/90-105/105_R12_Archive_Package.zip	81e7f2a943e0bd81a4df5f59b19e8b9a7f439afbd476a146a56d40a1e2f21c67	4d2aa95ba405da6f5924734d3718952a2ebd85927833886368bd712d483ed8a8	archived	archive-by-series/90-105/105_R12_Archive_Package.zip	source-only	archive	Source-only bytes preserved once at the canonical target under the frozen archive boundary; original source path remains an alias. Kind is a navigation label based on file type, path, and title; it does not upgrade evidence.
dongxuelian2/strict-layer-proof-research	https://github.com/dongxuelian2/strict-layer-proof-research	main	912fb4b67419d69c8c7d805b7fd2fcadd26e9a7a	archive-by-series/90-105/105_R12_Normalized_Local_DES_Numerator_Residue.md	912fb4b67419d69c8c7d805b7fd2fcadd26e9a7a	e14f7bbe6b42c059ea6ff0ea8bd33c5e7c3482a9	b5cbc5be63f23fb514b446a706492754675142ba77157a11aa2d773c49d9ed02	9e269c37bbbe23906b21310346ac11824a586702972c0cab91503ad5546f3521	research/strict/campaigns/105/105_R12_Normalized_Local_DES_Numerator_Residue.md	9e269c37bbbe23906b21310346ac11824a586702972c0cab91503ad5546f3521	research/a1/moving-profile/records/normalized-local-des-numerator-residue.md	b5cbc5be63f23fb514b446a706492754675142ba77157a11aa2d773c49d9ed02	9e269c37bbbe23906b21310346ac11824a586702972c0cab91503ad5546f3521	canonical	archive-by-series/90-105/105_R12_Normalized_Local_DES_Numerator_Residue.md	exact-duplicate	attempt	Exact byte duplicate of the canonical target; this source path is retained as provenance and no second canonical copy is created. Kind is a navigation label based on file type, path, and title; it does not upgrade evidence.
dongxuelian2/strict-layer-proof-research	https://github.com/dongxuelian2/strict-layer-proof-research	main	912fb4b67419d69c8c7d805b7fd2fcadd26e9a7a	archive-by-series/90-105/105_R13_Companion_Artifacts.zip	912fb4b67419d69c8c7d805b7fd2fcadd26e9a7a	90cfaa3e89c539bd2f9c2d18c7cb1f79c38a0435	5a60bec8ea502a0cf1938e4da562b40caa6473c09d822483aabbd402eb863cee	87b9cc3eaf6bfd732676b12bbef002e00e2c7701bbb84b4621ee9e181c624dd9			research/archive/strict-layer-proof-research/archive-by-series/90-105/105_R13_Companion_Artifacts.zip	5a60bec8ea502a0cf1938e4da562b40caa6473c09d822483aabbd402eb863cee	87b9cc3eaf6bfd732676b12bbef002e00e2c7701bbb84b4621ee9e181c624dd9	archived	archive-by-series/90-105/105_R13_Companion_Artifacts.zip	source-only	archive	Source-only bytes preserved once at the canonical target under the frozen archive boundary; original source path remains an alias. Kind is a navigation label based on file type, path, and title; it does not upgrade evidence.
dongxuelian2/strict-layer-proof-research	https://github.com/dongxuelian2/strict-layer-proof-research	main	912fb4b67419d69c8c7d805b7fd2fcadd26e9a7a	archive-by-series/90-105/105_R13_Post_PSDG_Source_Carrier_Image.md	912fb4b67419d69c8c7d805b7fd2fcadd26e9a7a	fc780f04975cf5476ea51fc4c697a664ec78a66c	be9e1d1ec17ac375c4fb52e580d6b6cc27d06b0d352b42ce8a8ab75837c146dc	a11fe86436da6b59abd777844619d0a54a006b5c2dcea8beba09e359decf491c	research/strict/campaigns/105/105_R13_Post_PSDG_Source_Carrier_Image.md	a11fe86436da6b59abd777844619d0a54a006b5c2dcea8beba09e359decf491c	research/a1/moving-profile/records/post-psdg-source-carrier-image.md	be9e1d1ec17ac375c4fb52e580d6b6cc27d06b0d352b42ce8a8ab75837c146dc	a11fe86436da6b59abd777844619d0a54a006b5c2dcea8beba09e359decf491c	canonical	archive-by-series/90-105/105_R13_Post_PSDG_Source_Carrier_Image.md	exact-duplicate	attempt	Exact byte duplicate of the canonical target; this source path is retained as provenance and no second canonical copy is created. Kind is a navigation label based on file type, path, and title; it does not upgrade evidence.
dongxuelian2/strict-layer-proof-research	https://github.com/dongxuelian2/strict-layer-proof-research	main	912fb4b67419d69c8c7d805b7fd2fcadd26e9a7a	archive-by-series/90-105/105_R13_SHA256SUMS.txt	912fb4b67419d69c8c7d805b7fd2fcadd26e9a7a	7fd86fdf7fb53f8a2d08d56d30da941866be75d8	af2726516ce7a2800e8c3e5ad0003c74328174b958b992013df28855401cbf28	e571418cc2509eb239d1656da2798b73ddeb7bded2922ca474e681371f9795b6			research/archive/strict-layer-proof-research/archive-by-series/90-105/105_R13_SHA256SUMS.txt	af2726516ce7a2800e8c3e5ad0003c74328174b958b992013df28855401cbf28	e571418cc2509eb239d1656da2798b73ddeb7bded2922ca474e681371f9795b6	archived	archive-by-series/90-105/105_R13_SHA256SUMS.txt	source-only	computation	Source-only bytes preserved once at the canonical target under the frozen archive boundary; original source path remains an alias. Kind is a navigation label based on file type, path, and title; it does not upgrade evidence.
dongxuelian2/strict-layer-proof-research	https://github.com/dongxuelian2/strict-layer-proof-research	main	912fb4b67419d69c8c7d805b7fd2fcadd26e9a7a	archive-by-series/90-105/105_R14_Positive_Radial_Core_Lift_Fibre.md	912fb4b67419d69c8c7d805b7fd2fcadd26e9a7a	3aaf40feb5900b27013ec8b423de7b4a8f8c5d62	2315d86f242de0609a0ee7649493f768185d7b31d5ba1ff20ff21ca19f55d57a	f19ea4cc1e428dd42eca7f7ea584bd4b28adfc146c1b280e12a1eacfa8d3db1b	research/strict/campaigns/105/105_R14_Positive_Radial_Core_Lift_Fibre.md	f19ea4cc1e428dd42eca7f7ea584bd4b28adfc146c1b280e12a1eacfa8d3db1b	research/a1/moving-profile/records/positive-radial-core-lift-fibre.md	2315d86f242de0609a0ee7649493f768185d7b31d5ba1ff20ff21ca19f55d57a	f19ea4cc1e428dd42eca7f7ea584bd4b28adfc146c1b280e12a1eacfa8d3db1b	canonical	archive-by-series/90-105/105_R14_Positive_Radial_Core_Lift_Fibre.md	exact-duplicate	result	Exact byte duplicate of the canonical target; this source path is retained as provenance and no second canonical copy is created. Kind is a navigation label based on file type, path, and title; it does not upgrade evidence.
dongxuelian2/strict-layer-proof-research	https://github.com/dongxuelian2/strict-layer-proof-research	main	912fb4b67419d69c8c7d805b7fd2fcadd26e9a7a	archive-by-series/90-105/105_R14_scripts.zip	912fb4b67419d69c8c7d805b7fd2fcadd26e9a7a	d4951ab9f054d40e6c96290f90a3d938bc4a34ea	e154f78c3469d50856c520e73ff94c65879989abf4c2748378a7b3d57ce475dc	e154f78c3469d50856c520e73ff94c65879989abf4c2748378a7b3d57ce475dc			research/archive/strict-layer-proof-research/archive-by-series/90-105/105_R14_scripts.zip	e154f78c3469d50856c520e73ff94c65879989abf4c2748378a7b3d57ce475dc	e154f78c3469d50856c520e73ff94c65879989abf4c2748378a7b3d57ce475dc	archived	archive-by-series/90-105/105_R14_scripts.zip	source-only	archive	Source-only bytes preserved once at the canonical target under the frozen archive boundary; original source path remains an alias. Kind is a navigation label based on file type, path, and title; it does not upgrade evidence.
dongxuelian2/strict-layer-proof-research	https://github.com/dongxuelian2/strict-layer-proof-research	main	912fb4b67419d69c8c7d805b7fd2fcadd26e9a7a	archive-by-series/90-105/105_R15_Archive.zip	912fb4b67419d69c8c7d805b7fd2fcadd26e9a7a	c26206c8e9db7488aa6b9dc68bcec64b3c3138a7	f254a5f9cf753555d878d89ebfc531127c74545c3a03506c636ac57756f7d4aa	5075af22d4ba202f8d61c9259f29369381219d04ed4bc8b916892247ed369600			research/archive/strict-layer-proof-research/archive-by-series/90-105/105_R15_Archive.zip	f254a5f9cf753555d878d89ebfc531127c74545c3a03506c636ac57756f7d4aa	5075af22d4ba202f8d61c9259f29369381219d04ed4bc8b916892247ed369600	archived	archive-by-series/90-105/105_R15_Archive.zip	source-only	archive	Source-only bytes preserved once at the canonical target under the frozen archive boundary; original source path remains an alias. Kind is a navigation label based on file type, path, and title; it does not upgrade evidence.
dongxuelian2/strict-layer-proof-research	https://github.com/dongxuelian2/strict-layer-proof-research	main	912fb4b67419d69c8c7d805b7fd2fcadd26e9a7a	archive-by-series/90-105/105_R15_Master_G1_Z_Shell_Phase_Offensive.md	912fb4b67419d69c8c7d805b7fd2fcadd26e9a7a	73998f03a68b6541da61a2febaec7669829daa82	c88c339fac64eaf1ad05d8a674db06ea316c20419fc7fb1c249ddde41ce7b77a	42ae75f11238a36ac04f8ca00b0c829189b608754406f828b6eb4730bea1b533	research/strict/campaigns/105/105_R15_Master_G1_Z_Shell_Phase_Offensive.md	42ae75f11238a36ac04f8ca00b0c829189b608754406f828b6eb4730bea1b533	research/a1/moving-profile/records/master-g1-z-shell-offensive.md	c88c339fac64eaf1ad05d8a674db06ea316c20419fc7fb1c249ddde41ce7b77a	42ae75f11238a36ac04f8ca00b0c829189b608754406f828b6eb4730bea1b533	canonical	archive-by-series/90-105/105_R15_Master_G1_Z_Shell_Phase_Offensive.md	exact-duplicate	failure	Exact byte duplicate of the canonical target; this source path is retained as provenance and no second canonical copy is created. Kind is a navigation label based on file type, path, and title; it does not upgrade evidence.
dongxuelian2/strict-layer-proof-research	https://github.com/dongxuelian2/strict-layer-proof-research	main	912fb4b67419d69c8c7d805b7fd2fcadd26e9a7a	archive-by-series/90-105/105_R15_execution.log	912fb4b67419d69c8c7d805b7fd2fcadd26e9a7a	fe46572ca19a903dd13c3305abe357a882f7b0f2	13c1e058c69988dc019e331b8ba4806c92b91db897af943dbccc57d0fcc1c1c7	c13ad8af627b22d19d375e93117fc24e66b686dca074172084384f573d1793f5			research/archive/strict-layer-proof-research/archive-by-series/90-105/105_R15_execution.log	13c1e058c69988dc019e331b8ba4806c92b91db897af943dbccc57d0fcc1c1c7	c13ad8af627b22d19d375e93117fc24e66b686dca074172084384f573d1793f5	archived	archive-by-series/90-105/105_R15_execution.log	source-only	computation	Source-only bytes preserved once at the canonical target under the frozen archive boundary; original source path remains an alias. Kind is a navigation label based on file type, path, and title; it does not upgrade evidence.
dongxuelian2/strict-layer-proof-research	https://github.com/dongxuelian2/strict-layer-proof-research	main	912fb4b67419d69c8c7d805b7fd2fcadd26e9a7a	archive-by-series/90-105/105_R15_phase_offensive.py	912fb4b67419d69c8c7d805b7fd2fcadd26e9a7a	7647af29a44c5b4d8957133aa88a8a7ff689a51b	c0824510f5e53665269268d3a6322e24bdb6c69f253e162ca5148bff5625f1a0	a5b020cb7a051c5762edf74c4d5cf80ff86334a37f2a36791a1fb92307d429dc			research/archive/strict-layer-proof-research/archive-by-series/90-105/105_R15_phase_offensive.py	c0824510f5e53665269268d3a6322e24bdb6c69f253e162ca5148bff5625f1a0	a5b020cb7a051c5762edf74c4d5cf80ff86334a37f2a36791a1fb92307d429dc	archived	archive-by-series/90-105/105_R15_phase_offensive.py	source-only	computation	Source-only bytes preserved once at the canonical target under the frozen archive boundary; original source path remains an alias. Kind is a navigation label based on file type, path, and title; it does not upgrade evidence.
dongxuelian2/strict-layer-proof-research	https://github.com/dongxuelian2/strict-layer-proof-research	main	912fb4b67419d69c8c7d805b7fd2fcadd26e9a7a	archive-by-series/90-105/105_R16_Archive.zip	912fb4b67419d69c8c7d805b7fd2fcadd26e9a7a	131a14f69ffab2873e6aec76e0cb1ddefe38694b	1edfb34c6130346d54b7ffdc0f064bbbb87fa42a06ecced0008be581f915cb66	971972b7248575dba51fcde08239c519c623d9446639efa2ab411f12b2f4c0c7			research/archive/strict-layer-proof-research/archive-by-series/90-105/105_R16_Archive.zip	1edfb34c6130346d54b7ffdc0f064bbbb87fa42a06ecced0008be581f915cb66	971972b7248575dba51fcde08239c519c623d9446639efa2ab411f12b2f4c0c7	archived	archive-by-series/90-105/105_R16_Archive.zip	source-only	archive	Source-only bytes preserved once at the canonical target under the frozen archive boundary; original source path remains an alias. Kind is a navigation label based on file type, path, and title; it does not upgrade evidence.
dongxuelian2/strict-layer-proof-research	https://github.com/dongxuelian2/strict-layer-proof-research	main	912fb4b67419d69c8c7d805b7fd2fcadd26e9a7a	archive-by-series/90-105/105_R16_Master_Complement_Divisor_Omega_Corridor.md	912fb4b67419d69c8c7d805b7fd2fcadd26e9a7a	aa7cdbcd28f2efce0444cb78f4a2dbae630976f0	156a7c5fdd0db10fc38f0aaf78586ba30875023999c76a6902eb86009603cd7c	73279520973464e0399db36c8ac9b401efad75f4e29935d484364434d85544f5	research/strict/campaigns/105/105_R16_Master_Complement_Divisor_Omega_Corridor.md	73279520973464e0399db36c8ac9b401efad75f4e29935d484364434d85544f5	research/a1/moving-profile/records/master-complement-divisor-omega-corridor.md	156a7c5fdd0db10fc38f0aaf78586ba30875023999c76a6902eb86009603cd7c	73279520973464e0399db36c8ac9b401efad75f4e29935d484364434d85544f5	canonical	archive-by-series/90-105/105_R16_Master_Complement_Divisor_Omega_Corridor.md	exact-duplicate	attempt	Exact byte duplicate of the canonical target; this source path is retained as provenance and no second canonical copy is created. Kind is a navigation label based on file type, path, and title; it does not upgrade evidence.
dongxuelian2/strict-layer-proof-research	https://github.com/dongxuelian2/strict-layer-proof-research	main	912fb4b67419d69c8c7d805b7fd2fcadd26e9a7a	archive-by-series/90-105/105_R16_execution.log	912fb4b67419d69c8c7d805b7fd2fcadd26e9a7a	74eebc9cd089d68ba78e1cd37330234b5e35c25b	254f166c218114048332f0b9460b72c4fbc761c5087c07892a657e9a07b36404	7295fd1023d1c2fffa495fdf2f108cebb8fdb35784bac745b10ae2ac1b92a806			research/archive/strict-layer-proof-research/archive-by-series/90-105/105_R16_execution.log	254f166c218114048332f0b9460b72c4fbc761c5087c07892a657e9a07b36404	7295fd1023d1c2fffa495fdf2f108cebb8fdb35784bac745b10ae2ac1b92a806	archived	archive-by-series/90-105/105_R16_execution.log	source-only	computation	Source-only bytes preserved once at the canonical target under the frozen archive boundary; original source path remains an alias. Kind is a navigation label based on file type, path, and title; it does not upgrade evidence.
dongxuelian2/strict-layer-proof-research	https://github.com/dongxuelian2/strict-layer-proof-research	main	912fb4b67419d69c8c7d805b7fd2fcadd26e9a7a	archive-by-series/90-105/105_R16_master_complement.py	912fb4b67419d69c8c7d805b7fd2fcadd26e9a7a	ab195bb7eb98df7e995e0ab8e61468497132de83	82fa78ab3e6a85417f7b4d3b7e5f4616d853ec2797e9f1310c8e1d8e8bf1735e	0faa7c6999a4f28127c43a5722b7b6d0681ec02fa8f44fed22afb27f43c95bb0			research/archive/strict-layer-proof-research/archive-by-series/90-105/105_R16_master_complement.py	82fa78ab3e6a85417f7b4d3b7e5f4616d853ec2797e9f1310c8e1d8e8bf1735e	0faa7c6999a4f28127c43a5722b7b6d0681ec02fa8f44fed22afb27f43c95bb0	archived	archive-by-series/90-105/105_R16_master_complement.py	source-only	computation	Source-only bytes preserved once at the canonical target under the frozen archive boundary; original source path remains an alias. Kind is a navigation label based on file type, path, and title; it does not upgrade evidence.
dongxuelian2/strict-layer-proof-research	https://github.com/dongxuelian2/strict-layer-proof-research	main	912fb4b67419d69c8c7d805b7fd2fcadd26e9a7a	archive-by-series/90-105/105_R17_Archive.zip	912fb4b67419d69c8c7d805b7fd2fcadd26e9a7a	5a97ed7b15d7a8b2efaf5d8eba1e3739661440ff	9fe83d71907b0de1e61e1443b9983af5cc10a1be4d9ce95943d650a8127d3047	f8528e4cf687ea8f4001000167d301b0c1f4b0ae4711abdccb25b1f43dabdb55			research/archive/strict-layer-proof-research/archive-by-series/90-105/105_R17_Archive.zip	9fe83d71907b0de1e61e1443b9983af5cc10a1be4d9ce95943d650a8127d3047	f8528e4cf687ea8f4001000167d301b0c1f4b0ae4711abdccb25b1f43dabdb55	archived	archive-by-series/90-105/105_R17_Archive.zip	source-only	archive	Source-only bytes preserved once at the canonical target under the frozen archive boundary; original source path remains an alias. Kind is a navigation label based on file type, path, and title; it does not upgrade evidence.
dongxuelian2/strict-layer-proof-research	https://github.com/dongxuelian2/strict-layer-proof-research	main	912fb4b67419d69c8c7d805b7fd2fcadd26e9a7a	archive-by-series/90-105/105_R17_Post_D_Source_Excess.md	912fb4b67419d69c8c7d805b7fd2fcadd26e9a7a	601f81a238874288b00aa69cba9190003952239a	cd723d953ebb6d0da979a26fe93e1dd18bd3bbb4a7b5997c37def124b9b8d7fb	f8792821f280f0980814155c2bd3d24eba4eaa177dfa56cc06f9c5105549e5ab	research/strict/campaigns/105/105_R17_Post_D_Source_Excess.md	cd723d953ebb6d0da979a26fe93e1dd18bd3bbb4a7b5997c37def124b9b8d7fb	research/a1/moving-profile/records/post-d-source-excess.md	cd723d953ebb6d0da979a26fe93e1dd18bd3bbb4a7b5997c37def124b9b8d7fb	f8792821f280f0980814155c2bd3d24eba4eaa177dfa56cc06f9c5105549e5ab	canonical	archive-by-series/90-105/105_R17_Post_D_Source_Excess.md	exact-duplicate	failure	Exact byte duplicate of the canonical target; this source path is retained as provenance and no second canonical copy is created. Kind is a navigation label based on file type, path, and title; it does not upgrade evidence.
dongxuelian2/strict-layer-proof-research	https://github.com/dongxuelian2/strict-layer-proof-research	main	912fb4b67419d69c8c7d805b7fd2fcadd26e9a7a	archive-by-series/90-105/105_R17_post_d_source_excess.py	912fb4b67419d69c8c7d805b7fd2fcadd26e9a7a	f35824b8308868e964c534e6773cc8c4f36b455f	9b5d336db2b97902124be98e043fb83178211c8980ef10a42d98d7c5f0bf16c3	a4808392c3ba614c1897416d0953eae7a14a032989745d39b783a41d7769d0d6			research/archive/strict-layer-proof-research/archive-by-series/90-105/105_R17_post_d_source_excess.py	9b5d336db2b97902124be98e043fb83178211c8980ef10a42d98d7c5f0bf16c3	a4808392c3ba614c1897416d0953eae7a14a032989745d39b783a41d7769d0d6	archived	archive-by-series/90-105/105_R17_post_d_source_excess.py	source-only	computation	Source-only bytes preserved once at the canonical target under the frozen archive boundary; original source path remains an alias. Kind is a navigation label based on file type, path, and title; it does not upgrade evidence.
dongxuelian2/strict-layer-proof-research	https://github.com/dongxuelian2/strict-layer-proof-research	main	912fb4b67419d69c8c7d805b7fd2fcadd26e9a7a	archive-by-series/90-105/105_R18_Archive.zip	912fb4b67419d69c8c7d805b7fd2fcadd26e9a7a	a0cccdf7552dddb5211779cfd196999a79d5f6c7	79da6cea30b25e1e4e5bb85dcbcdf3cf8449620e48df021e86532095a28520ec	4e4b3eeb02892a765187e35b37dda022e2fbacd4b33eac8f8798023dd7477e65			research/archive/strict-layer-proof-research/archive-by-series/90-105/105_R18_Archive.zip	79da6cea30b25e1e4e5bb85dcbcdf3cf8449620e48df021e86532095a28520ec	4e4b3eeb02892a765187e35b37dda022e2fbacd4b33eac8f8798023dd7477e65	archived	archive-by-series/90-105/105_R18_Archive.zip	source-only	archive	Source-only bytes preserved once at the canonical target under the frozen archive boundary; original source path remains an alias. Kind is a navigation label based on file type, path, and title; it does not upgrade evidence.
dongxuelian2/strict-layer-proof-research	https://github.com/dongxuelian2/strict-layer-proof-research	main	912fb4b67419d69c8c7d805b7fd2fcadd26e9a7a	archive-by-series/90-105/105_R18_Post_Corridor_Z_Shell_Compatibility.md	912fb4b67419d69c8c7d805b7fd2fcadd26e9a7a	579d3763d37405f734e2de9ba3805b6ce27dfbd5	40d7c923ae572643b867c0ae9efa09dc489755553bb652a62cea86a2a713af39	2cc4c42d8d8c93cd5d51b57873297b2a5ee276d97d330d48c4a6ef289fe5c82e	research/strict/campaigns/105/105_R18_Post_Corridor_Z_Shell_Compatibility.md	2cc4c42d8d8c93cd5d51b57873297b2a5ee276d97d330d48c4a6ef289fe5c82e	research/a1/moving-profile/records/post-corridor-z-shell-compatibility.md	40d7c923ae572643b867c0ae9efa09dc489755553bb652a62cea86a2a713af39	2cc4c42d8d8c93cd5d51b57873297b2a5ee276d97d330d48c4a6ef289fe5c82e	canonical	archive-by-series/90-105/105_R18_Post_Corridor_Z_Shell_Compatibility.md	exact-duplicate	attempt	Exact byte duplicate of the canonical target; this source path is retained as provenance and no second canonical copy is created. Kind is a navigation label based on file type, path, and title; it does not upgrade evidence.
dongxuelian2/strict-layer-proof-research	https://github.com/dongxuelian2/strict-layer-proof-research	main	912fb4b67419d69c8c7d805b7fd2fcadd26e9a7a	archive-by-series/90-105/105_R18_scripts.zip	912fb4b67419d69c8c7d805b7fd2fcadd26e9a7a	71de12d8656b4101cc399a8c48678323acae070a	a06f643c32a8743c9357d7c76b836402384c762c1be17579c72648d7aa614995	892860bf6a814f31cf4d0198bc6b0150f7e104d021731cc47230d131b973f393			research/archive/strict-layer-proof-research/archive-by-series/90-105/105_R18_scripts.zip	a06f643c32a8743c9357d7c76b836402384c762c1be17579c72648d7aa614995	892860bf6a814f31cf4d0198bc6b0150f7e104d021731cc47230d131b973f393	archived	archive-by-series/90-105/105_R18_scripts.zip	source-only	archive	Source-only bytes preserved once at the canonical target under the frozen archive boundary; original source path remains an alias. Kind is a navigation label based on file type, path, and title; it does not upgrade evidence.
dongxuelian2/strict-layer-proof-research	https://github.com/dongxuelian2/strict-layer-proof-research	main	912fb4b67419d69c8c7d805b7fd2fcadd26e9a7a	archive-by-series/90-105/105_R19_Absorbed_Content_Smith_Saturation.md	912fb4b67419d69c8c7d805b7fd2fcadd26e9a7a	4ff0125327b6e5616f61e20857098268dd44a6e3	5a9fba0844979b82fff9f3720e42a6f8f516f389799d29829b38756298e3efc8	51c7f2ad1aa7bfa3d1027a132bc4252b7a4cd15546ca5b5457a325bbf30076ce	research/strict/campaigns/105/105_R19_Absorbed_Content_Smith_Saturation.md	51c7f2ad1aa7bfa3d1027a132bc4252b7a4cd15546ca5b5457a325bbf30076ce	research/a1/moving-profile/records/absorbed-content-smith-saturation.md	5a9fba0844979b82fff9f3720e42a6f8f516f389799d29829b38756298e3efc8	51c7f2ad1aa7bfa3d1027a132bc4252b7a4cd15546ca5b5457a325bbf30076ce	canonical	archive-by-series/90-105/105_R19_Absorbed_Content_Smith_Saturation.md	exact-duplicate	result	Exact byte duplicate of the canonical target; this source path is retained as provenance and no second canonical copy is created. Kind is a navigation label based on file type, path, and title; it does not upgrade evidence.
dongxuelian2/strict-layer-proof-research	https://github.com/dongxuelian2/strict-layer-proof-research	main	912fb4b67419d69c8c7d805b7fd2fcadd26e9a7a	archive-by-series/90-105/105_R19_execution.log	912fb4b67419d69c8c7d805b7fd2fcadd26e9a7a	75671dc88365fe811b7a26a3b99e82f209485484	f45bdbdd0303ce7f0eb5045f513ddc46d444a13cbb3b7edddd0e71e8d0953036	e25b1a36e1fc45eef9b1dc4b33143adb4a7315516155991f2a9db4722351e96d			research/archive/strict-layer-proof-research/archive-by-series/90-105/105_R19_execution.log	f45bdbdd0303ce7f0eb5045f513ddc46d444a13cbb3b7edddd0e71e8d0953036	e25b1a36e1fc45eef9b1dc4b33143adb4a7315516155991f2a9db4722351e96d	archived	archive-by-series/90-105/105_R19_execution.log	source-only	computation	Source-only bytes preserved once at the canonical target under the frozen archive boundary; original source path remains an alias. Kind is a navigation label based on file type, path, and title; it does not upgrade evidence.
dongxuelian2/strict-layer-proof-research	https://github.com/dongxuelian2/strict-layer-proof-research	main	912fb4b67419d69c8c7d805b7fd2fcadd26e9a7a	archive-by-series/90-105/105_R19_scripts.zip	912fb4b67419d69c8c7d805b7fd2fcadd26e9a7a	2ae0c09cf2732f0238536cbd1bbd753e8a36fe2d	9156f8a3132a640b1789a8b7a34e5420c3ddce6264c102b24c58f3440862543c	44acacd97739a86d228696eb6d7e0ad44350fedc379cc552fcab816d6ac0e84c			research/archive/strict-layer-proof-research/archive-by-series/90-105/105_R19_scripts.zip	9156f8a3132a640b1789a8b7a34e5420c3ddce6264c102b24c58f3440862543c	44acacd97739a86d228696eb6d7e0ad44350fedc379cc552fcab816d6ac0e84c	archived	archive-by-series/90-105/105_R19_scripts.zip	source-only	archive	Source-only bytes preserved once at the canonical target under the frozen archive boundary; original source path remains an alias. Kind is a navigation label based on file type, path, and title; it does not upgrade evidence.
dongxuelian2/strict-layer-proof-research	https://github.com/dongxuelian2/strict-layer-proof-research	main	912fb4b67419d69c8c7d805b7fd2fcadd26e9a7a	archive-by-series/90-105/105_R1_Common_Obstruction_Reconstruction.md	912fb4b67419d69c8c7d805b7fd2fcadd26e9a7a	51870550511c23937a069ea407eae7bbccffd71e	f4b1071184bdd783cfe8f5014b215992342fb81d413214a6406e1ac96b9dfc21	d06d6095644982290d74a784f367451250540b82aca8ff8063eb090414fb4852	research/strict/campaigns/105/105_R1_Common_Obstruction_Reconstruction.md	d06d6095644982290d74a784f367451250540b82aca8ff8063eb090414fb4852	research/a1/moving-profile/records/common-obstruction-reconstruction.md	f4b1071184bdd783cfe8f5014b215992342fb81d413214a6406e1ac96b9dfc21	d06d6095644982290d74a784f367451250540b82aca8ff8063eb090414fb4852	canonical	archive-by-series/90-105/105_R1_Common_Obstruction_Reconstruction.md	exact-duplicate	attempt	Exact byte duplicate of the canonical target; this source path is retained as provenance and no second canonical copy is created. Kind is a navigation label based on file type, path, and title; it does not upgrade evidence.
dongxuelian2/strict-layer-proof-research	https://github.com/dongxuelian2/strict-layer-proof-research	main	912fb4b67419d69c8c7d805b7fd2fcadd26e9a7a	archive-by-series/90-105/105_R1_Master_Object_Schema.json	912fb4b67419d69c8c7d805b7fd2fcadd26e9a7a	3d9e512132693240c6325be5426225140df6f428	77005dda582ad4485a4a75751810ab9926b1695d3ee947e43a4bc6401efed1f3	eb180d5b59ef01f560a75e4f948b8bf5583aeafd185e8838b4e13ad8eef57391			research/archive/strict-layer-proof-research/archive-by-series/90-105/105_R1_Master_Object_Schema.json	77005dda582ad4485a4a75751810ab9926b1695d3ee947e43a4bc6401efed1f3	eb180d5b59ef01f560a75e4f948b8bf5583aeafd185e8838b4e13ad8eef57391	archived	archive-by-series/90-105/105_R1_Master_Object_Schema.json	source-only	computation	Source-only bytes preserved once at the canonical target under the frozen archive boundary; original source path remains an alias. Kind is a navigation label based on file type, path, and title; it does not upgrade evidence.
dongxuelian2/strict-layer-proof-research	https://github.com/dongxuelian2/strict-layer-proof-research	main	912fb4b67419d69c8c7d805b7fd2fcadd26e9a7a	archive-by-series/90-105/105_R20_Face2_Decimal_Primary_Absorption_Budget.md	912fb4b67419d69c8c7d805b7fd2fcadd26e9a7a	f5f0caae59b66faed35dda00ada55c237b4c8cbe	1d6efbf8934015f2da7a62bcff75bf1e6ffc981022b850c5fd5095574a56b94b	572532e1bcfdcd570d540574751dd89a63787e5caa0edc2ca6226fe36281130b	research/strict/campaigns/105/105_R20_Face2_Decimal_Primary_Absorption_Budget.md	572532e1bcfdcd570d540574751dd89a63787e5caa0edc2ca6226fe36281130b	research/a1/moving-profile/records/face2-decimal-primary-absorption-budget.md	1d6efbf8934015f2da7a62bcff75bf1e6ffc981022b850c5fd5095574a56b94b	572532e1bcfdcd570d540574751dd89a63787e5caa0edc2ca6226fe36281130b	canonical	archive-by-series/90-105/105_R20_Face2_Decimal_Primary_Absorption_Budget.md	exact-duplicate	result	Exact byte duplicate of the canonical target; this source path is retained as provenance and no second canonical copy is created. Kind is a navigation label based on file type, path, and title; it does not upgrade evidence.
dongxuelian2/strict-layer-proof-research	https://github.com/dongxuelian2/strict-layer-proof-research	main	912fb4b67419d69c8c7d805b7fd2fcadd26e9a7a	archive-by-series/90-105/105_R20_package.zip	912fb4b67419d69c8c7d805b7fd2fcadd26e9a7a	fe0b292136224f0b7cf2efc5b0c77554ea1e8974	8ea5df5c0fc740f61c33a641878a89f2fa3dad412fa95bb2ae53d649b76e8f08	7ba9572fbe3c6889f41f26f4f0c34f6a058280c3622840b7f09d519282509464			research/archive/strict-layer-proof-research/archive-by-series/90-105/105_R20_package.zip	8ea5df5c0fc740f61c33a641878a89f2fa3dad412fa95bb2ae53d649b76e8f08	7ba9572fbe3c6889f41f26f4f0c34f6a058280c3622840b7f09d519282509464	archived	archive-by-series/90-105/105_R20_package.zip	source-only	archive	Source-only bytes preserved once at the canonical target under the frozen archive boundary; original source path remains an alias. Kind is a navigation label based on file type, path, and title; it does not upgrade evidence.
dongxuelian2/strict-layer-proof-research	https://github.com/dongxuelian2/strict-layer-proof-research	main	912fb4b67419d69c8c7d805b7fd2fcadd26e9a7a	archive-by-series/90-105/105_R20_scripts.zip	912fb4b67419d69c8c7d805b7fd2fcadd26e9a7a	d43985b95ab0390f9928c3a02e489416cac141b3	3caddbcccc51a9ec755eb37bf5f6f4ea35f657a605a769b78b6117ae60b77ac4	636cec07d650d0a8000efa43bb17e1b5ad0e8b57d4281e2d87d818ac137b8085			research/archive/strict-layer-proof-research/archive-by-series/90-105/105_R20_scripts.zip	3caddbcccc51a9ec755eb37bf5f6f4ea35f657a605a769b78b6117ae60b77ac4	636cec07d650d0a8000efa43bb17e1b5ad0e8b57d4281e2d87d818ac137b8085	archived	archive-by-series/90-105/105_R20_scripts.zip	source-only	archive	Source-only bytes preserved once at the canonical target under the frozen archive boundary; original source path remains an alias. Kind is a navigation label based on file type, path, and title; it does not upgrade evidence.
dongxuelian2/strict-layer-proof-research	https://github.com/dongxuelian2/strict-layer-proof-research	main	912fb4b67419d69c8c7d805b7fd2fcadd26e9a7a	archive-by-series/90-105/105_R21_Normalized_Denominator_Ratio_Corridor.md	912fb4b67419d69c8c7d805b7fd2fcadd26e9a7a	5bbbd61d9966883cc944586de51c25607496ce1b	66c60f54d59417a7e844e5d3713b7d98103bf1cfb367696b63d74ce9f9104c0a	d61ed47073108c5892b382a993daf9bde77f42479637fad977a444f2ce034aac	research/strict/campaigns/105/105_R21_Normalized_Denominator_Ratio_Corridor.md	d61ed47073108c5892b382a993daf9bde77f42479637fad977a444f2ce034aac	research/a1/moving-profile/records/normalized-denominator-ratio-corridor.md	66c60f54d59417a7e844e5d3713b7d98103bf1cfb367696b63d74ce9f9104c0a	d61ed47073108c5892b382a993daf9bde77f42479637fad977a444f2ce034aac	canonical	archive-by-series/90-105/105_R21_Normalized_Denominator_Ratio_Corridor.md	exact-duplicate	failure	Exact byte duplicate of the canonical target; this source path is retained as provenance and no second canonical copy is created. Kind is a navigation label based on file type, path, and title; it does not upgrade evidence.
dongxuelian2/strict-layer-proof-research	https://github.com/dongxuelian2/strict-layer-proof-research	main	912fb4b67419d69c8c7d805b7fd2fcadd26e9a7a	archive-by-series/90-105/105_R21_artifacts_bundle.zip	912fb4b67419d69c8c7d805b7fd2fcadd26e9a7a	61832e191982c113c2fe720d4a5530707f6410b4	27be15c4ea427ad09a21dd42c1ffa3b316720147ad62e08a6b713476b3b8f259	4fb4593d5804783bc0fddf2d5768fa13a56e85ed1ee8db742d09778260c4004a			research/archive/strict-layer-proof-research/archive-by-series/90-105/105_R21_artifacts_bundle.zip	27be15c4ea427ad09a21dd42c1ffa3b316720147ad62e08a6b713476b3b8f259	4fb4593d5804783bc0fddf2d5768fa13a56e85ed1ee8db742d09778260c4004a	archived	archive-by-series/90-105/105_R21_artifacts_bundle.zip	source-only	archive	Source-only bytes preserved once at the canonical target under the frozen archive boundary; original source path remains an alias. Kind is a navigation label based on file type, path, and title; it does not upgrade evidence.
dongxuelian2/strict-layer-proof-research	https://github.com/dongxuelian2/strict-layer-proof-research	main	912fb4b67419d69c8c7d805b7fd2fcadd26e9a7a	archive-by-series/90-105/105_R21_terminal.txt	912fb4b67419d69c8c7d805b7fd2fcadd26e9a7a	c7f9cba238fe3bde23c0ab7f2018cc1101f477f6	584aa0b230b2296d56d1c1ef7aba1c82b1e21b3ad63e1a7bfe7ced01349cf829	f7897a8ceb16ba049e12aba4dd1df185bcd19af9df4c0c7d2b063efba9f63629			research/archive/strict-layer-proof-research/archive-by-series/90-105/105_R21_terminal.txt	584aa0b230b2296d56d1c1ef7aba1c82b1e21b3ad63e1a7bfe7ced01349cf829	f7897a8ceb16ba049e12aba4dd1df185bcd19af9df4c0c7d2b063efba9f63629	archived	archive-by-series/90-105/105_R21_terminal.txt	source-only	computation	Source-only bytes preserved once at the canonical target under the frozen archive boundary; original source path remains an alias. Kind is a navigation label based on file type, path, and title; it does not upgrade evidence.
dongxuelian2/strict-layer-proof-research	https://github.com/dongxuelian2/strict-layer-proof-research	main	912fb4b67419d69c8c7d805b7fd2fcadd26e9a7a	archive-by-series/90-105/105_R22_Master_Angular_Archive.zip	912fb4b67419d69c8c7d805b7fd2fcadd26e9a7a	7caea5e042c41ff8f4240bfe08b79dd9e921dbc9	73c1ea107b80f4dc1202aba282865c450ffb5ac50ce62cdac2c02a0152902b11	41265db9c19853810ad72ad00ab916ba478b537eaf3f22d0d4e15d1ebfd50e5a			research/archive/strict-layer-proof-research/archive-by-series/90-105/105_R22_Master_Angular_Archive.zip	73c1ea107b80f4dc1202aba282865c450ffb5ac50ce62cdac2c02a0152902b11	41265db9c19853810ad72ad00ab916ba478b537eaf3f22d0d4e15d1ebfd50e5a	archived	archive-by-series/90-105/105_R22_Master_Angular_Archive.zip	source-only	archive	Source-only bytes preserved once at the canonical target under the frozen archive boundary; original source path remains an alias. Kind is a navigation label based on file type, path, and title; it does not upgrade evidence.
dongxuelian2/strict-layer-proof-research	https://github.com/dongxuelian2/strict-layer-proof-research	main	912fb4b67419d69c8c7d805b7fd2fcadd26e9a7a	archive-by-series/90-105/105_R22_Master_Angular_Elimination.md	912fb4b67419d69c8c7d805b7fd2fcadd26e9a7a	53a67e0d05966b6be7fe684db3d27e026ac6ea35	bba06deed5b8aea371f622c116ca8e2a233a81d0aa160963e15cc12d5c9905cc	b2b056f25bc9157e3d3abccd36d1f4a8a3013ddc40c44412233740335fc45cf6	research/strict/campaigns/105/105_R22_Master_Angular_Elimination.md	b2b056f25bc9157e3d3abccd36d1f4a8a3013ddc40c44412233740335fc45cf6	research/a1/moving-profile/records/master-angular-elimination.md	bba06deed5b8aea371f622c116ca8e2a233a81d0aa160963e15cc12d5c9905cc	b2b056f25bc9157e3d3abccd36d1f4a8a3013ddc40c44412233740335fc45cf6	canonical	archive-by-series/90-105/105_R22_Master_Angular_Elimination.md	exact-duplicate	result	Exact byte duplicate of the canonical target; this source path is retained as provenance and no second canonical copy is created. Kind is a navigation label based on file type, path, and title; it does not upgrade evidence.
dongxuelian2/strict-layer-proof-research	https://github.com/dongxuelian2/strict-layer-proof-research	main	912fb4b67419d69c8c7d805b7fd2fcadd26e9a7a	archive-by-series/90-105/105_R22_terminal.txt	912fb4b67419d69c8c7d805b7fd2fcadd26e9a7a	bfc77072c9583011a4a2e342af0d05bc0ee4980d	21fd3d1af562905536917e8c6b12154506eda6f969f3c0f9f1c869e0d51321e6	202373b378541e6c4606077f735e4eed507929cb2616b1836fdd2b6b78b4beee			research/archive/strict-layer-proof-research/archive-by-series/90-105/105_R22_terminal.txt	21fd3d1af562905536917e8c6b12154506eda6f969f3c0f9f1c869e0d51321e6	202373b378541e6c4606077f735e4eed507929cb2616b1836fdd2b6b78b4beee	archived	archive-by-series/90-105/105_R22_terminal.txt	source-only	computation	Source-only bytes preserved once at the canonical target under the frozen archive boundary; original source path remains an alias. Kind is a navigation label based on file type, path, and title; it does not upgrade evidence.
dongxuelian2/strict-layer-proof-research	https://github.com/dongxuelian2/strict-layer-proof-research	main	912fb4b67419d69c8c7d805b7fd2fcadd26e9a7a	archive-by-series/90-105/105_R23_Archive.zip	912fb4b67419d69c8c7d805b7fd2fcadd26e9a7a	740d2f02a63ef3eb72e3c319421e50c2207bcee2	d6098f091905cfbaf6e0ac02dff952fc8c5e38ff94f7985ec16050d7be4069b3	48bf4cba575b50a436741512c8a3788e0ca45933a283c9ad44b7ea76d2c9bd8e			research/archive/strict-layer-proof-research/archive-by-series/90-105/105_R23_Archive.zip	d6098f091905cfbaf6e0ac02dff952fc8c5e38ff94f7985ec16050d7be4069b3	48bf4cba575b50a436741512c8a3788e0ca45933a283c9ad44b7ea76d2c9bd8e	archived	archive-by-series/90-105/105_R23_Archive.zip	source-only	archive	Source-only bytes preserved once at the canonical target under the frozen archive boundary; original source path remains an alias. Kind is a navigation label based on file type, path, and title; it does not upgrade evidence.
dongxuelian2/strict-layer-proof-research	https://github.com/dongxuelian2/strict-layer-proof-research	main	912fb4b67419d69c8c7d805b7fd2fcadd26e9a7a	archive-by-series/90-105/105_R23_Completed_Positive_Angular_Load_Corridor.md	912fb4b67419d69c8c7d805b7fd2fcadd26e9a7a	2d607b254abe3cf0d065c3e59aae9b712b91594b	b2d31a69063d8cc4c36bd5503db6cacd373911b9a4df0da7b7253ca4e7fb71fc	75e7b55e4e0130118b773d70c3c6ae1192a088cf0b96f5340201b6709b830ccf	research/strict/campaigns/105/105_R23_Completed_Positive_Angular_Load_Corridor.md	75e7b55e4e0130118b773d70c3c6ae1192a088cf0b96f5340201b6709b830ccf	research/a1/moving-profile/records/completed-positive-angular-load-corridor.md	b2d31a69063d8cc4c36bd5503db6cacd373911b9a4df0da7b7253ca4e7fb71fc	75e7b55e4e0130118b773d70c3c6ae1192a088cf0b96f5340201b6709b830ccf	canonical	archive-by-series/90-105/105_R23_Completed_Positive_Angular_Load_Corridor.md	exact-duplicate	attempt	Exact byte duplicate of the canonical target; this source path is retained as provenance and no second canonical copy is created. Kind is a navigation label based on file type, path, and title; it does not upgrade evidence.
dongxuelian2/strict-layer-proof-research	https://github.com/dongxuelian2/strict-layer-proof-research	main	912fb4b67419d69c8c7d805b7fd2fcadd26e9a7a	archive-by-series/90-105/105_R23_exact_audit_output.txt	912fb4b67419d69c8c7d805b7fd2fcadd26e9a7a	9ef2857fb9ded1c64ee707e0cb8ee3faceb0fbdb	c39fad34682466662600445b21fab30ab78fc08f854e19450cea1096a9fc59c0	40b9e81ba35fcd95796030eabe8e07ba1c8fda7a637938277cce7521271c8c58			research/archive/strict-layer-proof-research/archive-by-series/90-105/105_R23_exact_audit_output.txt	c39fad34682466662600445b21fab30ab78fc08f854e19450cea1096a9fc59c0	40b9e81ba35fcd95796030eabe8e07ba1c8fda7a637938277cce7521271c8c58	archived	archive-by-series/90-105/105_R23_exact_audit_output.txt	source-only	computation	Source-only bytes preserved once at the canonical target under the frozen archive boundary; original source path remains an alias. Kind is a navigation label based on file type, path, and title; it does not upgrade evidence.
dongxuelian2/strict-layer-proof-research	https://github.com/dongxuelian2/strict-layer-proof-research	main	912fb4b67419d69c8c7d805b7fd2fcadd26e9a7a	archive-by-series/90-105/105_R23_terminal.txt	912fb4b67419d69c8c7d805b7fd2fcadd26e9a7a	3b3e00d9a9cdacea86f62a58e90c70d956cda6e3	bde24f460f47ce5de589b915482240ac6ebcc83f43351b8971655118c0403f67	37a81fa7bcbe6e3467f5eecb7e610749ef5f338ff0ff7f3ec950089d631fbbf3			research/archive/strict-layer-proof-research/archive-by-series/90-105/105_R23_terminal.txt	bde24f460f47ce5de589b915482240ac6ebcc83f43351b8971655118c0403f67	37a81fa7bcbe6e3467f5eecb7e610749ef5f338ff0ff7f3ec950089d631fbbf3	archived	archive-by-series/90-105/105_R23_terminal.txt	source-only	computation	Source-only bytes preserved once at the canonical target under the frozen archive boundary; original source path remains an alias. Kind is a navigation label based on file type, path, and title; it does not upgrade evidence.
dongxuelian2/strict-layer-proof-research	https://github.com/dongxuelian2/strict-layer-proof-research	main	912fb4b67419d69c8c7d805b7fd2fcadd26e9a7a	archive-by-series/90-105/105_R24_Post_Support_Source_Carrier_Image.md	912fb4b67419d69c8c7d805b7fd2fcadd26e9a7a	94a3c2dfaf8f5c3bee02f59b96c792ce4d72348f	3bfabd767d5e18ec236018e1b255aba2ad04a63dd67feaa5c4bdee9a3c60d322	e6768ee326b9796130e4ea63933ed72238f1c327c63759b70c9662e0590deedf	research/strict/campaigns/105/105_R24_Post_Support_Source_Carrier_Image.md	e6768ee326b9796130e4ea63933ed72238f1c327c63759b70c9662e0590deedf	research/a1/moving-profile/records/post-support-source-carrier-image.md	3bfabd767d5e18ec236018e1b255aba2ad04a63dd67feaa5c4bdee9a3c60d322	e6768ee326b9796130e4ea63933ed72238f1c327c63759b70c9662e0590deedf	canonical	archive-by-series/90-105/105_R24_Post_Support_Source_Carrier_Image.md	exact-duplicate	attempt	Exact byte duplicate of the canonical target; this source path is retained as provenance and no second canonical copy is created. Kind is a navigation label based on file type, path, and title; it does not upgrade evidence.
dongxuelian2/strict-layer-proof-research	https://github.com/dongxuelian2/strict-layer-proof-research	main	912fb4b67419d69c8c7d805b7fd2fcadd26e9a7a	archive-by-series/90-105/105_R24_Post_Support_Source_Carrier_Image_bundle.zip	912fb4b67419d69c8c7d805b7fd2fcadd26e9a7a	48874ade3478d186c4053762e35bfc41e2d16d72	4c2855de95c368b05a3c3c231337349c12aae7d7905bd37d4dc86bd3fb49e827	aeda008b2309f19ec01814435064372d17a51687d23dc1fda86e4b6772f7c1b6			research/archive/strict-layer-proof-research/archive-by-series/90-105/105_R24_Post_Support_Source_Carrier_Image_bundle.zip	4c2855de95c368b05a3c3c231337349c12aae7d7905bd37d4dc86bd3fb49e827	aeda008b2309f19ec01814435064372d17a51687d23dc1fda86e4b6772f7c1b6	archived	archive-by-series/90-105/105_R24_Post_Support_Source_Carrier_Image_bundle.zip	source-only	archive	Source-only bytes preserved once at the canonical target under the frozen archive boundary; original source path remains an alias. Kind is a navigation label based on file type, path, and title; it does not upgrade evidence.
dongxuelian2/strict-layer-proof-research	https://github.com/dongxuelian2/strict-layer-proof-research	main	912fb4b67419d69c8c7d805b7fd2fcadd26e9a7a	archive-by-series/90-105/105_R24_terminal.txt	912fb4b67419d69c8c7d805b7fd2fcadd26e9a7a	bec367057fbe6e19fa95bffc9995326f2bd50eb2	ee5823c0d4d061ed6ddf73a2852687dc28216c21bf4862e3161a9ddf8318cbb1	e2f63db7cf5a2a73d201e0dd16caf4e657aaeb5d921902d594384890d0f33d45			research/archive/strict-layer-proof-research/archive-by-series/90-105/105_R24_terminal.txt	ee5823c0d4d061ed6ddf73a2852687dc28216c21bf4862e3161a9ddf8318cbb1	e2f63db7cf5a2a73d201e0dd16caf4e657aaeb5d921902d594384890d0f33d45	archived	archive-by-series/90-105/105_R24_terminal.txt	source-only	computation	Source-only bytes preserved once at the canonical target under the frozen archive boundary; original source path remains an alias. Kind is a navigation label based on file type, path, and title; it does not upgrade evidence.
dongxuelian2/strict-layer-proof-research	https://github.com/dongxuelian2/strict-layer-proof-research	main	912fb4b67419d69c8c7d805b7fd2fcadd26e9a7a	archive-by-series/90-105/105_R25_Positive_Carrier_Excess_Divisor.md	912fb4b67419d69c8c7d805b7fd2fcadd26e9a7a	cea51c45e890a55658e178587e7d0df06786a77d	82a25fc89a8d02f7f4091a152b9de97b6ef30f11063d1e32eb6676bd70837151	d211f81c318124bf3102cbca790fb4af7397cc3cf56719d0fbab0b2f2e946913	research/strict/campaigns/105/105_R25_Positive_Carrier_Excess_Divisor.md	d211f81c318124bf3102cbca790fb4af7397cc3cf56719d0fbab0b2f2e946913	research/a1/moving-profile/records/positive-carrier-excess-divisor.md	82a25fc89a8d02f7f4091a152b9de97b6ef30f11063d1e32eb6676bd70837151	d211f81c318124bf3102cbca790fb4af7397cc3cf56719d0fbab0b2f2e946913	canonical	archive-by-series/90-105/105_R25_Positive_Carrier_Excess_Divisor.md	exact-duplicate	attempt	Exact byte duplicate of the canonical target; this source path is retained as provenance and no second canonical copy is created. Kind is a navigation label based on file type, path, and title; it does not upgrade evidence.
dongxuelian2/strict-layer-proof-research	https://github.com/dongxuelian2/strict-layer-proof-research	main	912fb4b67419d69c8c7d805b7fd2fcadd26e9a7a	archive-by-series/90-105/105_R25_Positive_Carrier_Excess_Package.zip	912fb4b67419d69c8c7d805b7fd2fcadd26e9a7a	d17ee43d20ff87879241d4d8cb69388ee1d73371	23caf4cbdc25450c9d717352a44db42e21df57c8c4c5f9e3f5c66bcbcb1a62ff	a65a2fae461ada4e518a7e3893ec81b143f592c2f91bdfda601a3e4d5976c464			research/archive/strict-layer-proof-research/archive-by-series/90-105/105_R25_Positive_Carrier_Excess_Package.zip	23caf4cbdc25450c9d717352a44db42e21df57c8c4c5f9e3f5c66bcbcb1a62ff	a65a2fae461ada4e518a7e3893ec81b143f592c2f91bdfda601a3e4d5976c464	archived	archive-by-series/90-105/105_R25_Positive_Carrier_Excess_Package.zip	source-only	archive	Source-only bytes preserved once at the canonical target under the frozen archive boundary; original source path remains an alias. Kind is a navigation label based on file type, path, and title; it does not upgrade evidence.
dongxuelian2/strict-layer-proof-research	https://github.com/dongxuelian2/strict-layer-proof-research	main	912fb4b67419d69c8c7d805b7fd2fcadd26e9a7a	archive-by-series/90-105/105_R25_terminal.txt	912fb4b67419d69c8c7d805b7fd2fcadd26e9a7a	3da8c7e73a7485b0f72e8806afb30d451528a6fe	f2c2adb321549fb826aeede9ada47e241f109d1888dca85ad9e08d1376322590	311cfc52be02220896f4ffb8f8dfa6ff0d9b89e0d551b9fde062eb10e4360cd0			research/archive/strict-layer-proof-research/archive-by-series/90-105/105_R25_terminal.txt	f2c2adb321549fb826aeede9ada47e241f109d1888dca85ad9e08d1376322590	311cfc52be02220896f4ffb8f8dfa6ff0d9b89e0d551b9fde062eb10e4360cd0	archived	archive-by-series/90-105/105_R25_terminal.txt	source-only	computation	Source-only bytes preserved once at the canonical target under the frozen archive boundary; original source path remains an alias. Kind is a navigation label based on file type, path, and title; it does not upgrade evidence.
dongxuelian2/strict-layer-proof-research	https://github.com/dongxuelian2/strict-layer-proof-research	main	912fb4b67419d69c8c7d805b7fd2fcadd26e9a7a	archive-by-series/90-105/105_R2_Artifacts.zip	912fb4b67419d69c8c7d805b7fd2fcadd26e9a7a	a43853b2c5376084ff689c109e21c6a08f8d2787	6f5337535c52de91e15d026bfef7913d006ca5a6c7e7ddf03543189d352a830b	84a71db8ef55391492ffb55f9d88392c2282f7025a92fdf4ff111a69bb19fa25			research/archive/strict-layer-proof-research/archive-by-series/90-105/105_R2_Artifacts.zip	6f5337535c52de91e15d026bfef7913d006ca5a6c7e7ddf03543189d352a830b	84a71db8ef55391492ffb55f9d88392c2282f7025a92fdf4ff111a69bb19fa25	archived	archive-by-series/90-105/105_R2_Artifacts.zip	source-only	archive	Source-only bytes preserved once at the canonical target under the frozen archive boundary; original source path remains an alias. Kind is a navigation label based on file type, path, and title; it does not upgrade evidence.
dongxuelian2/strict-layer-proof-research	https://github.com/dongxuelian2/strict-layer-proof-research	main	912fb4b67419d69c8c7d805b7fd2fcadd26e9a7a	archive-by-series/90-105/105_R2_KappaSrc_Schema.json	912fb4b67419d69c8c7d805b7fd2fcadd26e9a7a	6f72d9395cb4605bf5824919c03884852826c750	125cd68bdd5493723576630fdd43c5d343d5099b278f3ae4dffd25e0a19267b2	1fd507ba89513f849c667b4f8cb1507f71ef9cfc2b7c6fe8d1864a2384c77363			research/archive/strict-layer-proof-research/archive-by-series/90-105/105_R2_KappaSrc_Schema.json	125cd68bdd5493723576630fdd43c5d343d5099b278f3ae4dffd25e0a19267b2	1fd507ba89513f849c667b4f8cb1507f71ef9cfc2b7c6fe8d1864a2384c77363	archived	archive-by-series/90-105/105_R2_KappaSrc_Schema.json	source-only	computation	Source-only bytes preserved once at the canonical target under the frozen archive boundary; original source path remains an alias. Kind is a navigation label based on file type, path, and title; it does not upgrade evidence.
dongxuelian2/strict-layer-proof-research	https://github.com/dongxuelian2/strict-layer-proof-research	main	912fb4b67419d69c8c7d805b7fd2fcadd26e9a7a	archive-by-series/90-105/105_R2_Source_Section_Internalization.md	912fb4b67419d69c8c7d805b7fd2fcadd26e9a7a	5a9447421dafdf7bf6274a097fc5772f7a3a5e1c	585fcf0d3339117f61ebbc71f24e355f7c301e54fb2e3cbd8b89277b1d551fe3	1837e84a9e6fe265a17edd0a8160010ac8413068333a046bac6078cdd31c926d	research/strict/campaigns/105/105_R2_Source_Section_Internalization.md	1837e84a9e6fe265a17edd0a8160010ac8413068333a046bac6078cdd31c926d	research/a1/moving-profile/records/source-section-internalization.md	585fcf0d3339117f61ebbc71f24e355f7c301e54fb2e3cbd8b89277b1d551fe3	1837e84a9e6fe265a17edd0a8160010ac8413068333a046bac6078cdd31c926d	canonical	archive-by-series/90-105/105_R2_Source_Section_Internalization.md	exact-duplicate	result	Exact byte duplicate of the canonical target; this source path is retained as provenance and no second canonical copy is created. Kind is a navigation label based on file type, path, and title; it does not upgrade evidence.
dongxuelian2/strict-layer-proof-research	https://github.com/dongxuelian2/strict-layer-proof-research	main	912fb4b67419d69c8c7d805b7fd2fcadd26e9a7a	archive-by-series/90-105/105_R2_q1_transport_certificate.py	912fb4b67419d69c8c7d805b7fd2fcadd26e9a7a	e644229479d97cc09c32c1b71bbb2a3e53ed72bd	4e5e4181eeda004507fcc5baaf40aab98bcfe3862c049eec8f044bab3ef22b71	630f4402f4946b519e09067fa3a019cf34258fe5e6b0cfca95563286ff1fdcfe			research/archive/strict-layer-proof-research/archive-by-series/90-105/105_R2_q1_transport_certificate.py	4e5e4181eeda004507fcc5baaf40aab98bcfe3862c049eec8f044bab3ef22b71	630f4402f4946b519e09067fa3a019cf34258fe5e6b0cfca95563286ff1fdcfe	archived	archive-by-series/90-105/105_R2_q1_transport_certificate.py	source-only	computation	Source-only bytes preserved once at the canonical target under the frozen archive boundary; original source path remains an alias. Kind is a navigation label based on file type, path, and title; it does not upgrade evidence.
dongxuelian2/strict-layer-proof-research	https://github.com/dongxuelian2/strict-layer-proof-research	main	912fb4b67419d69c8c7d805b7fd2fcadd26e9a7a	archive-by-series/90-105/105_R2_q1_transport_certificate.txt	912fb4b67419d69c8c7d805b7fd2fcadd26e9a7a	c9485455f1884c7a7e82f2838551fd4b03253cd2	383c1e818c134990999da92174996094362821b0bea066e4c349fff39fd08d87	b118318f90e1d8892337efc7ecc16531ccdd74beb7e4b1c1c57b1058ac9acf35			research/archive/strict-layer-proof-research/archive-by-series/90-105/105_R2_q1_transport_certificate.txt	383c1e818c134990999da92174996094362821b0bea066e4c349fff39fd08d87	b118318f90e1d8892337efc7ecc16531ccdd74beb7e4b1c1c57b1058ac9acf35	archived	archive-by-series/90-105/105_R2_q1_transport_certificate.txt	source-only	computation	Source-only bytes preserved once at the canonical target under the frozen archive boundary; original source path remains an alias. Kind is a navigation label based on file type, path, and title; it does not upgrade evidence.
dongxuelian2/strict-layer-proof-research	https://github.com/dongxuelian2/strict-layer-proof-research	main	912fb4b67419d69c8c7d805b7fd2fcadd26e9a7a	archive-by-series/90-105/105_R3_Initial_Form_Registry.json	912fb4b67419d69c8c7d805b7fd2fcadd26e9a7a	d297f8990d58f77422f22c64f159f835cbf63891	b3a086eb3a5623edc6b82734cfbcef9d4f12ca69d14fddf3b0fa012b41347579	1ba50ce3b024d5976f8c6b97691485ef1ea965cf327e2a2fe808e45fd33b33b2			research/archive/strict-layer-proof-research/archive-by-series/90-105/105_R3_Initial_Form_Registry.json	b3a086eb3a5623edc6b82734cfbcef9d4f12ca69d14fddf3b0fa012b41347579	1ba50ce3b024d5976f8c6b97691485ef1ea965cf327e2a2fe808e45fd33b33b2	archived	archive-by-series/90-105/105_R3_Initial_Form_Registry.json	source-only	computation	Source-only bytes preserved once at the canonical target under the frozen archive boundary; original source path remains an alias. Kind is a navigation label based on file type, path, and title; it does not upgrade evidence.
dongxuelian2/strict-layer-proof-research	https://github.com/dongxuelian2/strict-layer-proof-research	main	912fb4b67419d69c8c7d805b7fd2fcadd26e9a7a	archive-by-series/90-105/105_R3_S3_Counterfamily_Verification.log	912fb4b67419d69c8c7d805b7fd2fcadd26e9a7a	acb4c112e37c166a996b6b36ddd23b69e0bbe79c	409bd75d94b7a5add4d1a4c71f449e417514feef9321afd4a9b14a0dd947930a	35f624585823c0b98f2f610fb46c3522cb31e9e02e285531626bcebbd5bd1ca6			research/archive/strict-layer-proof-research/archive-by-series/90-105/105_R3_S3_Counterfamily_Verification.log	409bd75d94b7a5add4d1a4c71f449e417514feef9321afd4a9b14a0dd947930a	35f624585823c0b98f2f610fb46c3522cb31e9e02e285531626bcebbd5bd1ca6	archived	archive-by-series/90-105/105_R3_S3_Counterfamily_Verification.log	source-only	computation	Source-only bytes preserved once at the canonical target under the frozen archive boundary; original source path remains an alias. Kind is a navigation label based on file type, path, and title; it does not upgrade evidence.
dongxuelian2/strict-layer-proof-research	https://github.com/dongxuelian2/strict-layer-proof-research	main	912fb4b67419d69c8c7d805b7fd2fcadd26e9a7a	archive-by-series/90-105/105_R3_Source_Completed_Valuation_Atlas.md	912fb4b67419d69c8c7d805b7fd2fcadd26e9a7a	f6551de49c5056f8cc70ce047ab34ddc0dd2717e	74f62905ef91c1d9689fa3b3c9a288df66642ae8df6c54ffc052d36eb7934fda	b7069eaa9884d22f94f9a50756fdac9d0c8f5ef9620ff41515e9c6621be6c57f	research/strict/campaigns/105/105_R3_Source_Completed_Valuation_Atlas.md	b7069eaa9884d22f94f9a50756fdac9d0c8f5ef9620ff41515e9c6621be6c57f	research/a1/moving-profile/records/source-completed-valuation-atlas.md	74f62905ef91c1d9689fa3b3c9a288df66642ae8df6c54ffc052d36eb7934fda	b7069eaa9884d22f94f9a50756fdac9d0c8f5ef9620ff41515e9c6621be6c57f	canonical	archive-by-series/90-105/105_R3_Source_Completed_Valuation_Atlas.md	exact-duplicate	attempt	Exact byte duplicate of the canonical target; this source path is retained as provenance and no second canonical copy is created. Kind is a navigation label based on file type, path, and title; it does not upgrade evidence.
dongxuelian2/strict-layer-proof-research	https://github.com/dongxuelian2/strict-layer-proof-research	main	912fb4b67419d69c8c7d805b7fd2fcadd26e9a7a	archive-by-series/90-105/105_R3_Source_Completed_Valuation_Atlas_Artifacts.zip	912fb4b67419d69c8c7d805b7fd2fcadd26e9a7a	3b809964183df78ea5dfd80a59cc351cfb6778f8	efae1158fdde9717e8621d0b45df7ec144d229b1491ed493593a49327f23c5b2	c9b905fbf014cbfe96a73a586ad3ce287ce21828a6d0026cf0ec2f8911078159			research/archive/strict-layer-proof-research/archive-by-series/90-105/105_R3_Source_Completed_Valuation_Atlas_Artifacts.zip	efae1158fdde9717e8621d0b45df7ec144d229b1491ed493593a49327f23c5b2	c9b905fbf014cbfe96a73a586ad3ce287ce21828a6d0026cf0ec2f8911078159	archived	archive-by-series/90-105/105_R3_Source_Completed_Valuation_Atlas_Artifacts.zip	source-only	archive	Source-only bytes preserved once at the canonical target under the frozen archive boundary; original source path remains an alias. Kind is a navigation label based on file type, path, and title; it does not upgrade evidence.
dongxuelian2/strict-layer-proof-research	https://github.com/dongxuelian2/strict-layer-proof-research	main	912fb4b67419d69c8c7d805b7fd2fcadd26e9a7a	archive-by-series/90-105/105_R3_Valuation_Carriers.json	912fb4b67419d69c8c7d805b7fd2fcadd26e9a7a	383f059bb78f9f4f9d6c8ef7732b067a557393df	2dd390fba0935d0974ff5b924b33b5d405d5b25a70fdff9803b1e8517521581b	b31adb653b89180c182eacb861e747d750f793b8976cccb1f00088b1e808c49d			research/archive/strict-layer-proof-research/archive-by-series/90-105/105_R3_Valuation_Carriers.json	2dd390fba0935d0974ff5b924b33b5d405d5b25a70fdff9803b1e8517521581b	b31adb653b89180c182eacb861e747d750f793b8976cccb1f00088b1e808c49d	archived	archive-by-series/90-105/105_R3_Valuation_Carriers.json	source-only	computation	Source-only bytes preserved once at the canonical target under the frozen archive boundary; original source path remains an alias. Kind is a navigation label based on file type, path, and title; it does not upgrade evidence.
dongxuelian2/strict-layer-proof-research	https://github.com/dongxuelian2/strict-layer-proof-research	main	912fb4b67419d69c8c7d805b7fd2fcadd26e9a7a	archive-by-series/90-105/105_R4_Elimination_Registry.json	912fb4b67419d69c8c7d805b7fd2fcadd26e9a7a	831ce41c50979eccdf5e57c9a9e9cd80bb1afd76	6650feadda3a6bf834f221d782f0f64cbf82ee3ffb3409fa400cc591b3aa0b4a	4077d0933b86bcaa430f0f398b6c900b105acadfe3ccf49e11d8d464a06af2be			research/archive/strict-layer-proof-research/archive-by-series/90-105/105_R4_Elimination_Registry.json	6650feadda3a6bf834f221d782f0f64cbf82ee3ffb3409fa400cc591b3aa0b4a	4077d0933b86bcaa430f0f398b6c900b105acadfe3ccf49e11d8d464a06af2be	archived	archive-by-series/90-105/105_R4_Elimination_Registry.json	source-only	computation	Source-only bytes preserved once at the canonical target under the frozen archive boundary; original source path remains an alias. Kind is a navigation label based on file type, path, and title; it does not upgrade evidence.
dongxuelian2/strict-layer-proof-research	https://github.com/dongxuelian2/strict-layer-proof-research	main	912fb4b67419d69c8c7d805b7fd2fcadd26e9a7a	archive-by-series/90-105/105_R4_MANIFEST.json	912fb4b67419d69c8c7d805b7fd2fcadd26e9a7a	6da1554507c826a03abdbb9d60a11346929da26a	adcef83bf8368bcc9087fa5428d461a70f666319d98cf87e3ee0727099e0674a	a043d5fe3ea751d34ed3194caef27522837d5e3b33883df40fced98a19cd126f			research/archive/strict-layer-proof-research/archive-by-series/90-105/105_R4_MANIFEST.json	adcef83bf8368bcc9087fa5428d461a70f666319d98cf87e3ee0727099e0674a	a043d5fe3ea751d34ed3194caef27522837d5e3b33883df40fced98a19cd126f	archived	archive-by-series/90-105/105_R4_MANIFEST.json	source-only	computation	Source-only bytes preserved once at the canonical target under the frozen archive boundary; original source path remains an alias. Kind is a navigation label based on file type, path, and title; it does not upgrade evidence.
dongxuelian2/strict-layer-proof-research	https://github.com/dongxuelian2/strict-layer-proof-research	main	912fb4b67419d69c8c7d805b7fd2fcadd26e9a7a	archive-by-series/90-105/105_R4_Source_Completed_Fixed_Incidence_Extraction.md	912fb4b67419d69c8c7d805b7fd2fcadd26e9a7a	584343d39a1abd1e0221cee789b670c8d864db6e	bff07686a5e5ae1982fcd9eefff49da54c0e90a413d41caaea52aad72d87d29e	1a699fd5d724b06a67e80335f6bbe8e6b55e5807722aa7c67fe4f4f073755aa2	research/strict/campaigns/105/105_R4_Source_Completed_Fixed_Incidence_Extraction.md	1a699fd5d724b06a67e80335f6bbe8e6b55e5807722aa7c67fe4f4f073755aa2	research/a1/moving-profile/records/source-completed-fixed-incidence-extraction.md	bff07686a5e5ae1982fcd9eefff49da54c0e90a413d41caaea52aad72d87d29e	1a699fd5d724b06a67e80335f6bbe8e6b55e5807722aa7c67fe4f4f073755aa2	canonical	archive-by-series/90-105/105_R4_Source_Completed_Fixed_Incidence_Extraction.md	exact-duplicate	attempt	Exact byte duplicate of the canonical target; this source path is retained as provenance and no second canonical copy is created. Kind is a navigation label based on file type, path, and title; it does not upgrade evidence.
dongxuelian2/strict-layer-proof-research	https://github.com/dongxuelian2/strict-layer-proof-research	main	912fb4b67419d69c8c7d805b7fd2fcadd26e9a7a	archive-by-series/90-105/105_R4_package.zip	912fb4b67419d69c8c7d805b7fd2fcadd26e9a7a	41d492048078eaaf7f071c919e2e0d1a700850b3	359a2d28f218f32ae6f6c55453258a91b26000fe658ec96f33d7995d8c4ed273	98ccb00805468fed7e36a6d557874066f2ce943a9643600c0d43c19e25e6fe94			research/archive/strict-layer-proof-research/archive-by-series/90-105/105_R4_package.zip	359a2d28f218f32ae6f6c55453258a91b26000fe658ec96f33d7995d8c4ed273	98ccb00805468fed7e36a6d557874066f2ce943a9643600c0d43c19e25e6fe94	archived	archive-by-series/90-105/105_R4_package.zip	source-only	archive	Source-only bytes preserved once at the canonical target under the frozen archive boundary; original source path remains an alias. Kind is a navigation label based on file type, path, and title; it does not upgrade evidence.
dongxuelian2/strict-layer-proof-research	https://github.com/dongxuelian2/strict-layer-proof-research	main	912fb4b67419d69c8c7d805b7fd2fcadd26e9a7a	archive-by-series/90-105/105_R5C_Moving_Base_Full_Source_Decision.md	912fb4b67419d69c8c7d805b7fd2fcadd26e9a7a	7268be2e37e16462a89352eda0927b8e000ba7d3	b8afb365feec2bb37353d32310bc8766162f577b3a7d7b3ac01964cd05897762	3628f0404c85cabc1d1681837cbe8a5ab929a9d06bacf46ca7bcbfb3147896fc	research/strict/campaigns/105/105_R5C_Moving_Base_Full_Source_Decision.md	3628f0404c85cabc1d1681837cbe8a5ab929a9d06bacf46ca7bcbfb3147896fc	research/a1/moving-profile/records/moving-base-full-source-decision.md	b8afb365feec2bb37353d32310bc8766162f577b3a7d7b3ac01964cd05897762	3628f0404c85cabc1d1681837cbe8a5ab929a9d06bacf46ca7bcbfb3147896fc	canonical	archive-by-series/90-105/105_R5C_Moving_Base_Full_Source_Decision.md	exact-duplicate	attempt	Exact byte duplicate of the canonical target; this source path is retained as provenance and no second canonical copy is created. Kind is a navigation label based on file type, path, and title; it does not upgrade evidence.
dongxuelian2/strict-layer-proof-research	https://github.com/dongxuelian2/strict-layer-proof-research	main	912fb4b67419d69c8c7d805b7fd2fcadd26e9a7a	archive-by-series/90-105/105_R5C_artifacts.zip	912fb4b67419d69c8c7d805b7fd2fcadd26e9a7a	9c2e15785f60f4e29d5f1bae816c30587de94109	5e555e306662d60a3eeb1f23567eb0e3a4ce0af6b983299cbaba79905cc39ce0	390f4ca094ba54a0ea2e0cc2d3ec3d0be964dd1e354d6ac305d08f453987ce52			research/archive/strict-layer-proof-research/archive-by-series/90-105/105_R5C_artifacts.zip	5e555e306662d60a3eeb1f23567eb0e3a4ce0af6b983299cbaba79905cc39ce0	390f4ca094ba54a0ea2e0cc2d3ec3d0be964dd1e354d6ac305d08f453987ce52	archived	archive-by-series/90-105/105_R5C_artifacts.zip	source-only	archive	Source-only bytes preserved once at the canonical target under the frozen archive boundary; original source path remains an alias. Kind is a navigation label based on file type, path, and title; it does not upgrade evidence.
dongxuelian2/strict-layer-proof-research	https://github.com/dongxuelian2/strict-layer-proof-research	main	912fb4b67419d69c8c7d805b7fd2fcadd26e9a7a	archive-by-series/90-105/105_R5_Outer_Depth_Source_Selector_Fixedness.md	912fb4b67419d69c8c7d805b7fd2fcadd26e9a7a	a95dbc1181a91ecb7d316aecdb8df892dedbbfc2	75754d30fb9a98cf488624d0937d2885d211cc48678624e23ec1caed42283323	06d675f46231493be3aed371f385947eb6dc35a7cbb490dd7e500b2ccd41fab8	research/strict/campaigns/105/105_R5_Outer_Depth_Source_Selector_Fixedness.md	06d675f46231493be3aed371f385947eb6dc35a7cbb490dd7e500b2ccd41fab8	research/a1/moving-profile/records/outer-depth-source-selector-fixedness.md	75754d30fb9a98cf488624d0937d2885d211cc48678624e23ec1caed42283323	06d675f46231493be3aed371f385947eb6dc35a7cbb490dd7e500b2ccd41fab8	canonical	archive-by-series/90-105/105_R5_Outer_Depth_Source_Selector_Fixedness.md	exact-duplicate	attempt	Exact byte duplicate of the canonical target; this source path is retained as provenance and no second canonical copy is created. Kind is a navigation label based on file type, path, and title; it does not upgrade evidence.
dongxuelian2/strict-layer-proof-research	https://github.com/dongxuelian2/strict-layer-proof-research	main	912fb4b67419d69c8c7d805b7fd2fcadd26e9a7a	archive-by-series/90-105/105_R6_General_Moving_Profile_Sphere_Master_Lift.md	912fb4b67419d69c8c7d805b7fd2fcadd26e9a7a	9ba31b9101befbc72f6ecc0d1c1a5539e807b7bd	48231ab221283b2de47c704fc8731a0a9b6e995c7b705d465ca0d41f0abae8f8	69bbca50c6fec4cad66394546559677bd6b95971b2a919d9be27c46cd9d62249	research/strict/campaigns/105/105_R6_General_Moving_Profile_Sphere_Master_Lift.md	69bbca50c6fec4cad66394546559677bd6b95971b2a919d9be27c46cd9d62249	research/a1/moving-profile/records/general-moving-profile-sphere-master-lift.md	48231ab221283b2de47c704fc8731a0a9b6e995c7b705d465ca0d41f0abae8f8	69bbca50c6fec4cad66394546559677bd6b95971b2a919d9be27c46cd9d62249	canonical	archive-by-series/90-105/105_R6_General_Moving_Profile_Sphere_Master_Lift.md	exact-duplicate	attempt	Exact byte duplicate of the canonical target; this source path is retained as provenance and no second canonical copy is created. Kind is a navigation label based on file type, path, and title; it does not upgrade evidence.
dongxuelian2/strict-layer-proof-research	https://github.com/dongxuelian2/strict-layer-proof-research	main	912fb4b67419d69c8c7d805b7fd2fcadd26e9a7a	archive-by-series/90-105/105_R6_SHA256.txt	912fb4b67419d69c8c7d805b7fd2fcadd26e9a7a	82681f53373f3cae618866f445547e21e72a4a50	68afd86678dd8be22bf4affea1193bc98794f433e86ce46a315c721ab5555d1b	314b4f4ea995f30e4dc9e3c05516f21ba9fe10b311e2226dc619c3c3249d8cfe			research/archive/strict-layer-proof-research/archive-by-series/90-105/105_R6_SHA256.txt	68afd86678dd8be22bf4affea1193bc98794f433e86ce46a315c721ab5555d1b	314b4f4ea995f30e4dc9e3c05516f21ba9fe10b311e2226dc619c3c3249d8cfe	archived	archive-by-series/90-105/105_R6_SHA256.txt	source-only	computation	Source-only bytes preserved once at the canonical target under the frozen archive boundary; original source path remains an alias. Kind is a navigation label based on file type, path, and title; it does not upgrade evidence.
dongxuelian2/strict-layer-proof-research	https://github.com/dongxuelian2/strict-layer-proof-research	main	912fb4b67419d69c8c7d805b7fd2fcadd26e9a7a	archive-by-series/90-105/105_R6_Square_Locus.json	912fb4b67419d69c8c7d805b7fd2fcadd26e9a7a	df8b60f6d366c1754aaeaba8e8d123eba160094f	f4eb47173cc0eeb83d4504aa9d824993da077e1a53251b35474708217607b030	0cab77979f94e9be68f679fc73da6a7f2eecf5575b7f67aabe9e06cca3666a0d			research/archive/strict-layer-proof-research/archive-by-series/90-105/105_R6_Square_Locus.json	f4eb47173cc0eeb83d4504aa9d824993da077e1a53251b35474708217607b030	0cab77979f94e9be68f679fc73da6a7f2eecf5575b7f67aabe9e06cca3666a0d	archived	archive-by-series/90-105/105_R6_Square_Locus.json	source-only	computation	Source-only bytes preserved once at the canonical target under the frozen archive boundary; original source path remains an alias. Kind is a navigation label based on file type, path, and title; it does not upgrade evidence.
dongxuelian2/strict-layer-proof-research	https://github.com/dongxuelian2/strict-layer-proof-research	main	912fb4b67419d69c8c7d805b7fd2fcadd26e9a7a	archive-by-series/90-105/105_R6_scripts.zip	912fb4b67419d69c8c7d805b7fd2fcadd26e9a7a	14bd38b06e37a68bbf492dc95ac85e4686330338	3f9303a87e95cbd0a40226a6d048ea857f4b202f1763dec6ad80e97638914390	722bab74f8b941189eb66d0069ecf97307decb7b32013e308d64cae2c5c425b4			research/archive/strict-layer-proof-research/archive-by-series/90-105/105_R6_scripts.zip	3f9303a87e95cbd0a40226a6d048ea857f4b202f1763dec6ad80e97638914390	722bab74f8b941189eb66d0069ecf97307decb7b32013e308d64cae2c5c425b4	archived	archive-by-series/90-105/105_R6_scripts.zip	source-only	archive	Source-only bytes preserved once at the canonical target under the frozen archive boundary; original source path remains an alias. Kind is a navigation label based on file type, path, and title; it does not upgrade evidence.
dongxuelian2/strict-layer-proof-research	https://github.com/dongxuelian2/strict-layer-proof-research	main	912fb4b67419d69c8c7d805b7fd2fcadd26e9a7a	archive-by-series/90-105/105_R7B_Oriented_Root_Divisibility.md	912fb4b67419d69c8c7d805b7fd2fcadd26e9a7a	d3fe39772f29f2c5f0727590216f205c7a13d02a	f02b10d1a27af545551789f7e6c9c8205e1b4c471bfd8fc1f94269a20e590609	f8bfe6f6d68c085c07ce2ea478b363910cb7a403b16e653da3ef5cd8e6f4428c	research/strict/campaigns/105/105_R7B_Oriented_Root_Divisibility.md	f8bfe6f6d68c085c07ce2ea478b363910cb7a403b16e653da3ef5cd8e6f4428c	research/a1/moving-profile/records/oriented-root-divisibility.md	f02b10d1a27af545551789f7e6c9c8205e1b4c471bfd8fc1f94269a20e590609	f8bfe6f6d68c085c07ce2ea478b363910cb7a403b16e653da3ef5cd8e6f4428c	canonical	archive-by-series/90-105/105_R7B_Oriented_Root_Divisibility.md	exact-duplicate	attempt	Exact byte duplicate of the canonical target; this source path is retained as provenance and no second canonical copy is created. Kind is a navigation label based on file type, path, and title; it does not upgrade evidence.
dongxuelian2/strict-layer-proof-research	https://github.com/dongxuelian2/strict-layer-proof-research	main	912fb4b67419d69c8c7d805b7fd2fcadd26e9a7a	archive-by-series/90-105/105_R7B_Verification.log	912fb4b67419d69c8c7d805b7fd2fcadd26e9a7a	7598a198707420ef14b885df715280acd6467cfd	dd26766968f36b13f646d8ea308d3f1812eddefc16a9322e6ea33a26ddceb448	9f1f520dd9daecb5e80931c5e665eb411274f05228ac05aa53150f14299f18fb			research/archive/strict-layer-proof-research/archive-by-series/90-105/105_R7B_Verification.log	dd26766968f36b13f646d8ea308d3f1812eddefc16a9322e6ea33a26ddceb448	9f1f520dd9daecb5e80931c5e665eb411274f05228ac05aa53150f14299f18fb	archived	archive-by-series/90-105/105_R7B_Verification.log	source-only	computation	Source-only bytes preserved once at the canonical target under the frozen archive boundary; original source path remains an alias. Kind is a navigation label based on file type, path, and title; it does not upgrade evidence.
dongxuelian2/strict-layer-proof-research	https://github.com/dongxuelian2/strict-layer-proof-research	main	912fb4b67419d69c8c7d805b7fd2fcadd26e9a7a	archive-by-series/90-105/105_R7B_package.zip	912fb4b67419d69c8c7d805b7fd2fcadd26e9a7a	a79804b2c6b61d5e3f7d7ba78a47e9f3a6b1473d	a030f92c0448f8009f3fca20bdb1527b54b7d513a67d0509cea2612b60c8216d	9891c08a1cc2dd4b0a25d85335d99f4d3601eb364b1015bc0c8ba82ef6368bd3			research/archive/strict-layer-proof-research/archive-by-series/90-105/105_R7B_package.zip	a030f92c0448f8009f3fca20bdb1527b54b7d513a67d0509cea2612b60c8216d	9891c08a1cc2dd4b0a25d85335d99f4d3601eb364b1015bc0c8ba82ef6368bd3	archived	archive-by-series/90-105/105_R7B_package.zip	source-only	archive	Source-only bytes preserved once at the canonical target under the frozen archive boundary; original source path remains an alias. Kind is a navigation label based on file type, path, and title; it does not upgrade evidence.
dongxuelian2/strict-layer-proof-research	https://github.com/dongxuelian2/strict-layer-proof-research	main	912fb4b67419d69c8c7d805b7fd2fcadd26e9a7a	archive-by-series/90-105/105_R7C_Prescribed_Source_Divisor_Gate.md	912fb4b67419d69c8c7d805b7fd2fcadd26e9a7a	f162b4c7ce4585f719d13cf3aec18599de4101a9	3245c6345f1914ce8917629e9e9373eeaa703ae16ed93adc2439ff9f67de5a0b	b92633440469c3cc252dbe237f2891eea2f7c5a945a638b3d3357ce5519e9f7e	research/strict/campaigns/105/105_R7C_Prescribed_Source_Divisor_Gate.md	b92633440469c3cc252dbe237f2891eea2f7c5a945a638b3d3357ce5519e9f7e	research/a1/moving-profile/records/prescribed-source-divisor-gate.md	3245c6345f1914ce8917629e9e9373eeaa703ae16ed93adc2439ff9f67de5a0b	b92633440469c3cc252dbe237f2891eea2f7c5a945a638b3d3357ce5519e9f7e	canonical	archive-by-series/90-105/105_R7C_Prescribed_Source_Divisor_Gate.md	exact-duplicate	attempt	Exact byte duplicate of the canonical target; this source path is retained as provenance and no second canonical copy is created. Kind is a navigation label based on file type, path, and title; it does not upgrade evidence.
dongxuelian2/strict-layer-proof-research	https://github.com/dongxuelian2/strict-layer-proof-research	main	912fb4b67419d69c8c7d805b7fd2fcadd26e9a7a	archive-by-series/90-105/105_R7C_companion_artifacts.zip	912fb4b67419d69c8c7d805b7fd2fcadd26e9a7a	40fe57275096d11a7283be6f5ab8d6870823989e	52a1f348f394af894698b0be7f7e1318f2a75565094319854eeb6ea0b89d1f31	a797de6403e3080a28a9badbf7689559e71d2e43cf86cb22a2d2047c091a27ad			research/archive/strict-layer-proof-research/archive-by-series/90-105/105_R7C_companion_artifacts.zip	52a1f348f394af894698b0be7f7e1318f2a75565094319854eeb6ea0b89d1f31	a797de6403e3080a28a9badbf7689559e71d2e43cf86cb22a2d2047c091a27ad	archived	archive-by-series/90-105/105_R7C_companion_artifacts.zip	source-only	archive	Source-only bytes preserved once at the canonical target under the frozen archive boundary; original source path remains an alias. Kind is a navigation label based on file type, path, and title; it does not upgrade evidence.
dongxuelian2/strict-layer-proof-research	https://github.com/dongxuelian2/strict-layer-proof-research	main	912fb4b67419d69c8c7d805b7fd2fcadd26e9a7a	archive-by-series/90-105/105_R7D_Archive_Bundle.zip	912fb4b67419d69c8c7d805b7fd2fcadd26e9a7a	5e53b6b97fa852c37b6e8a82332c32ead354ca85	ad2fb74951d70ef2646ee3df2fb43beaccac8691f750b75ecff720c1b907b675	f8dae144a8e7193ef316045322c9e6971785153e349c87228a97aca77faf97d3			research/archive/strict-layer-proof-research/archive-by-series/90-105/105_R7D_Archive_Bundle.zip	ad2fb74951d70ef2646ee3df2fb43beaccac8691f750b75ecff720c1b907b675	f8dae144a8e7193ef316045322c9e6971785153e349c87228a97aca77faf97d3	archived	archive-by-series/90-105/105_R7D_Archive_Bundle.zip	source-only	archive	Source-only bytes preserved once at the canonical target under the frozen archive boundary; original source path remains an alias. Kind is a navigation label based on file type, path, and title; it does not upgrade evidence.
dongxuelian2/strict-layer-proof-research	https://github.com/dongxuelian2/strict-layer-proof-research	main	912fb4b67419d69c8c7d805b7fd2fcadd26e9a7a	archive-by-series/90-105/105_R7D_Determinant_Packet_Source_GCD_Firewall.md	912fb4b67419d69c8c7d805b7fd2fcadd26e9a7a	a630de541a1b26f90c5bf69039a6301c39983689	53b3af9a2aebba809c2b2d426b06fd766d9c17f95e803351c7c31e4d64184d04	69c32a5c06e202431aba3a0f7694211c86b9fdd7d0422a09ef488eb31d229033	research/strict/campaigns/105/105_R7D_Determinant_Packet_Source_GCD_Firewall.md	69c32a5c06e202431aba3a0f7694211c86b9fdd7d0422a09ef488eb31d229033	research/a1/moving-profile/records/determinant-packet-source-gcd-firewall.md	53b3af9a2aebba809c2b2d426b06fd766d9c17f95e803351c7c31e4d64184d04	69c32a5c06e202431aba3a0f7694211c86b9fdd7d0422a09ef488eb31d229033	canonical	archive-by-series/90-105/105_R7D_Determinant_Packet_Source_GCD_Firewall.md	exact-duplicate	attempt	Exact byte duplicate of the canonical target; this source path is retained as provenance and no second canonical copy is created. Kind is a navigation label based on file type, path, and title; it does not upgrade evidence.
dongxuelian2/strict-layer-proof-research	https://github.com/dongxuelian2/strict-layer-proof-research	main	912fb4b67419d69c8c7d805b7fd2fcadd26e9a7a	archive-by-series/90-105/105_R7_Exceptional_Square_Locus_Source_Intersection.md	912fb4b67419d69c8c7d805b7fd2fcadd26e9a7a	b81eca4c55dd0c1651fc9ae23872b8a1c6012fb5	9923a3525be18d575b91df365a31478f597d97bb9ffa69b46e1efc771bce008c	ec2b52b0c8aa01c07b7241f4fd32768dc45175a47de9b63a220d5ea598ff583a	research/strict/campaigns/105/105_R7_Exceptional_Square_Locus_Source_Intersection.md	ec2b52b0c8aa01c07b7241f4fd32768dc45175a47de9b63a220d5ea598ff583a	research/a1/moving-profile/records/exceptional-square-locus-source-intersection.md	9923a3525be18d575b91df365a31478f597d97bb9ffa69b46e1efc771bce008c	ec2b52b0c8aa01c07b7241f4fd32768dc45175a47de9b63a220d5ea598ff583a	canonical	archive-by-series/90-105/105_R7_Exceptional_Square_Locus_Source_Intersection.md	exact-duplicate	attempt	Exact byte duplicate of the canonical target; this source path is retained as provenance and no second canonical copy is created. Kind is a navigation label based on file type, path, and title; it does not upgrade evidence.
dongxuelian2/strict-layer-proof-research	https://github.com/dongxuelian2/strict-layer-proof-research	main	912fb4b67419d69c8c7d805b7fd2fcadd26e9a7a	archive-by-series/90-105/105_R7_artifacts.zip	912fb4b67419d69c8c7d805b7fd2fcadd26e9a7a	6caf7c59cb334bcbe2211a427d346989c2aee6ec	2ee78e498e5705f9de890c04e116122c8ba4811d6be54fbd2d835e0510f800d6	4eccf466ead1f6cb0176dfb4beed804ec8fe0d70a89588e8b98920b4e47506c3			research/archive/strict-layer-proof-research/archive-by-series/90-105/105_R7_artifacts.zip	2ee78e498e5705f9de890c04e116122c8ba4811d6be54fbd2d835e0510f800d6	4eccf466ead1f6cb0176dfb4beed804ec8fe0d70a89588e8b98920b4e47506c3	archived	archive-by-series/90-105/105_R7_artifacts.zip	source-only	archive	Source-only bytes preserved once at the canonical target under the frozen archive boundary; original source path remains an alias. Kind is a navigation label based on file type, path, and title; it does not upgrade evidence.
dongxuelian2/strict-layer-proof-research	https://github.com/dongxuelian2/strict-layer-proof-research	main	912fb4b67419d69c8c7d805b7fd2fcadd26e9a7a	archive-by-series/90-105/105_R8_Common_U_Integer_Source_Fibre.md	912fb4b67419d69c8c7d805b7fd2fcadd26e9a7a	5a075fa0b3ab1b9e82267eec119a62bf21d2ddb1	ac7c0e7156a2cfd61dfd20fa7d86507add7d50cfe5313adeb5aef0e1dc5b9044	972fa7b8a5ad54224405b1f19e750f3beb1f4b96d5b36e6e4ac283e7a927c6a3	research/strict/campaigns/105/105_R8_Common_U_Integer_Source_Fibre.md	972fa7b8a5ad54224405b1f19e750f3beb1f4b96d5b36e6e4ac283e7a927c6a3	research/a1/moving-profile/records/common-u-integer-source-fibre.md	ac7c0e7156a2cfd61dfd20fa7d86507add7d50cfe5313adeb5aef0e1dc5b9044	972fa7b8a5ad54224405b1f19e750f3beb1f4b96d5b36e6e4ac283e7a927c6a3	canonical	archive-by-series/90-105/105_R8_Common_U_Integer_Source_Fibre.md	exact-duplicate	attempt	Exact byte duplicate of the canonical target; this source path is retained as provenance and no second canonical copy is created. Kind is a navigation label based on file type, path, and title; it does not upgrade evidence.
dongxuelian2/strict-layer-proof-research	https://github.com/dongxuelian2/strict-layer-proof-research	main	912fb4b67419d69c8c7d805b7fd2fcadd26e9a7a	archive-by-series/90-105/105_R8_Common_U_Integer_Source_Fibre_bundle.zip	912fb4b67419d69c8c7d805b7fd2fcadd26e9a7a	3e944c0b1a326c68d885877bf903ce126bda1c64	761d1ad953aae52e71b262ad8608c71e072de681de6a66d6dc972277497d1e63	e8a52e7646efba4be213e5efb088bb2d035980564b11ffb49d741e47df540d1f			research/archive/strict-layer-proof-research/archive-by-series/90-105/105_R8_Common_U_Integer_Source_Fibre_bundle.zip	761d1ad953aae52e71b262ad8608c71e072de681de6a66d6dc972277497d1e63	e8a52e7646efba4be213e5efb088bb2d035980564b11ffb49d741e47df540d1f	archived	archive-by-series/90-105/105_R8_Common_U_Integer_Source_Fibre_bundle.zip	source-only	archive	Source-only bytes preserved once at the canonical target under the frozen archive boundary; original source path remains an alias. Kind is a navigation label based on file type, path, and title; it does not upgrade evidence.
dongxuelian2/strict-layer-proof-research	https://github.com/dongxuelian2/strict-layer-proof-research	main	912fb4b67419d69c8c7d805b7fd2fcadd26e9a7a	archive-by-series/90-105/105_R9_Endpoint_Quotient_Source_Successor.md	912fb4b67419d69c8c7d805b7fd2fcadd26e9a7a	bf3953f8fb6faa45b549ba4a1e2659b5495f6cbd	e2c7125eff82b69e6a294a98a97bd72c94cec31727491c25779cd869d991f542	4560c3db521082d83a5e0d2f19a5d64f9728d4bc552ceb0210218108876d1fd7	research/strict/campaigns/105/105_R9_Endpoint_Quotient_Source_Successor.md	4560c3db521082d83a5e0d2f19a5d64f9728d4bc552ceb0210218108876d1fd7	research/a1/moving-profile/records/endpoint-quotient-source-successor.md	e2c7125eff82b69e6a294a98a97bd72c94cec31727491c25779cd869d991f542	4560c3db521082d83a5e0d2f19a5d64f9728d4bc552ceb0210218108876d1fd7	canonical	archive-by-series/90-105/105_R9_Endpoint_Quotient_Source_Successor.md	exact-duplicate	attempt	Exact byte duplicate of the canonical target; this source path is retained as provenance and no second canonical copy is created. Kind is a navigation label based on file type, path, and title; it does not upgrade evidence.
dongxuelian2/strict-layer-proof-research	https://github.com/dongxuelian2/strict-layer-proof-research	main	912fb4b67419d69c8c7d805b7fd2fcadd26e9a7a	archive-by-series/90-105/105_R9_artifacts.zip	912fb4b67419d69c8c7d805b7fd2fcadd26e9a7a	48fb7cd68c926b7c0b192329ab6be52ba0f1143a	e3c5f2880f1acd3c03199e47c7f1ee49fa33b5073cd00075784374ce14f6c4b7	97ff1ad80f75a5b9a85e85ca9ffbc8ca0287337fb28e29d6880118527851ccb4			research/archive/strict-layer-proof-research/archive-by-series/90-105/105_R9_artifacts.zip	e3c5f2880f1acd3c03199e47c7f1ee49fa33b5073cd00075784374ce14f6c4b7	97ff1ad80f75a5b9a85e85ca9ffbc8ca0287337fb28e29d6880118527851ccb4	archived	archive-by-series/90-105/105_R9_artifacts.zip	source-only	archive	Source-only bytes preserved once at the canonical target under the frozen archive boundary; original source path remains an alias. Kind is a navigation label based on file type, path, and title; it does not upgrade evidence.
dongxuelian2/strict-layer-proof-research	https://github.com/dongxuelian2/strict-layer-proof-research	main	912fb4b67419d69c8c7d805b7fd2fcadd26e9a7a	archive-by-series/90-105/r27_recon.py	912fb4b67419d69c8c7d805b7fd2fcadd26e9a7a	c6bc5571fab2b66a66b3116d756d0c0baeedca20	aaf7353f0b6d3053a0a60a9e2d88ee4494831adc78912f1d2fb5491b90ebf5f2	4ed2f0750d8e5f1d6a78cf48ea18fda583981c7440c8426288a1326e3f4fc85b			research/archive/strict-layer-proof-research/archive-by-series/90-105/r27_recon.py	aaf7353f0b6d3053a0a60a9e2d88ee4494831adc78912f1d2fb5491b90ebf5f2	4ed2f0750d8e5f1d6a78cf48ea18fda583981c7440c8426288a1326e3f4fc85b	archived	archive-by-series/90-105/r27_recon.py	source-only	computation	Source-only bytes preserved once at the canonical target under the frozen archive boundary; original source path remains an alias. Kind is a navigation label based on file type, path, and title; it does not upgrade evidence.
dongxuelian2/strict-layer-proof-research	https://github.com/dongxuelian2/strict-layer-proof-research	main	912fb4b67419d69c8c7d805b7fd2fcadd26e9a7a	archive-by-series/90-105/r29_support_core.py	912fb4b67419d69c8c7d805b7fd2fcadd26e9a7a	1dd50b1b2d0128fe15f97ee77f88e82587e5fcb4	3c5e946d3e004c6fcc845b131c500999973a00dfa9de4d33bb3726822cfc9b3f	8b7a7945c88af08cdaa6d970b300817b4a20a6f0d5ab9b54578581bbb19c961b			research/archive/strict-layer-proof-research/archive-by-series/90-105/r29_support_core.py	3c5e946d3e004c6fcc845b131c500999973a00dfa9de4d33bb3726822cfc9b3f	8b7a7945c88af08cdaa6d970b300817b4a20a6f0d5ab9b54578581bbb19c961b	archived	archive-by-series/90-105/r29_support_core.py	source-only	computation	Source-only bytes preserved once at the canonical target under the frozen archive boundary; original source path remains an alias. Kind is a navigation label based on file type, path, and title; it does not upgrade evidence.
dongxuelian2/strict-layer-proof-research	https://github.com/dongxuelian2/strict-layer-proof-research	main	912fb4b67419d69c8c7d805b7fd2fcadd26e9a7a	archive-by-series/90-105/r32_unit_digit.py	912fb4b67419d69c8c7d805b7fd2fcadd26e9a7a	9bf64d938a60e600b341785cbf2630885f67b744	e52e405ab78feceb7c967cc8b05eada94bd6b4d01734098238eaf5d3a167ec98	0b5dca636d5cc567cc2ef304adaef24bb459cf80fe28812fbb1eb2a2df54241a			research/archive/strict-layer-proof-research/archive-by-series/90-105/r32_unit_digit.py	e52e405ab78feceb7c967cc8b05eada94bd6b4d01734098238eaf5d3a167ec98	0b5dca636d5cc567cc2ef304adaef24bb459cf80fe28812fbb1eb2a2df54241a	archived	archive-by-series/90-105/r32_unit_digit.py	source-only	computation	Source-only bytes preserved once at the canonical target under the frozen archive boundary; original source path remains an alias. Kind is a navigation label based on file type, path, and title; it does not upgrade evidence.
dongxuelian2/strict-layer-proof-research	https://github.com/dongxuelian2/strict-layer-proof-research	main	912fb4b67419d69c8c7d805b7fd2fcadd26e9a7a	archive-by-series/90-105/r36_sourcefirst_unit_shell.py	912fb4b67419d69c8c7d805b7fd2fcadd26e9a7a	196a8327d542e5d38d91829b563b46997ec7f0bb	9680f820db346fc4638bf3410e216deedf0fb165b38aecef1e84844ae0c11d10	b40b8db524a5a1212f36ca2fb0c52609b70619b444c7a7c4f09716a17cbd4d0c			research/archive/strict-layer-proof-research/archive-by-series/90-105/r36_sourcefirst_unit_shell.py	9680f820db346fc4638bf3410e216deedf0fb165b38aecef1e84844ae0c11d10	b40b8db524a5a1212f36ca2fb0c52609b70619b444c7a7c4f09716a17cbd4d0c	archived	archive-by-series/90-105/r36_sourcefirst_unit_shell.py	source-only	computation	Source-only bytes preserved once at the canonical target under the frozen archive boundary; original source path remains an alias. Kind is a navigation label based on file type, path, and title; it does not upgrade evidence.
dongxuelian2/strict-layer-proof-research	https://github.com/dongxuelian2/strict-layer-proof-research	main	912fb4b67419d69c8c7d805b7fd2fcadd26e9a7a	archive-by-series/90-105/r39_verify.py	912fb4b67419d69c8c7d805b7fd2fcadd26e9a7a	835226b1e563123110b2b987d16c6a5f27990d65	6139da2fedf75dddcf63fb53c5b50df552b821f2036a10947d8124be14c94321	6ba405f4134a6a8ef288e0df97e5a0f5a3c115d5729c1f6a49e43e6a88f57d67			research/archive/strict-layer-proof-research/archive-by-series/90-105/r39_verify.py	6139da2fedf75dddcf63fb53c5b50df552b821f2036a10947d8124be14c94321	6ba405f4134a6a8ef288e0df97e5a0f5a3c115d5729c1f6a49e43e6a88f57d67	archived	archive-by-series/90-105/r39_verify.py	source-only	computation	Source-only bytes preserved once at the canonical target under the frozen archive boundary; original source path remains an alias. Kind is a navigation label based on file type, path, and title; it does not upgrade evidence.
dongxuelian2/strict-layer-proof-research	https://github.com/dongxuelian2/strict-layer-proof-research	main	912fb4b67419d69c8c7d805b7fd2fcadd26e9a7a	archive-by-series/90-105/verification_output.txt	912fb4b67419d69c8c7d805b7fd2fcadd26e9a7a	5f8471528ce142b424e2b52dc7d473cafb3f2e91	cc4c0f155d78acbc0b3e2ca213ab4d38fd5cdf9cbde27d084df3eb0495296170	271c322fef4a17ed2a5d5327a43f65e7642789d91030a845990ce843694b647c			research/archive/strict-layer-proof-research/archive-by-series/90-105/verification_output.txt	cc4c0f155d78acbc0b3e2ca213ab4d38fd5cdf9cbde27d084df3eb0495296170	271c322fef4a17ed2a5d5327a43f65e7642789d91030a845990ce843694b647c	archived	archive-by-series/90-105/verification_output.txt	source-only	computation	Source-only bytes preserved once at the canonical target under the frozen archive boundary; original source path remains an alias. Kind is a navigation label based on file type, path, and title; it does not upgrade evidence.
dongxuelian2/strict-layer-proof-research	https://github.com/dongxuelian2/strict-layer-proof-research	main	912fb4b67419d69c8c7d805b7fd2fcadd26e9a7a	archive-by-series/90-105/verify_r11_quotient.py	912fb4b67419d69c8c7d805b7fd2fcadd26e9a7a	3740745c54adc41841c80acf8db8693d5d08b185	76b5337257ea1ce2cabda4a560b1482868dfbe4f158e121539bb44d9cd64ecc3	e71b623ebab589c9ec63e3fd97cbcea9efd2f15f5bb78c21c7185e72f7de44df			research/archive/strict-layer-proof-research/archive-by-series/90-105/verify_r11_quotient.py	76b5337257ea1ce2cabda4a560b1482868dfbe4f158e121539bb44d9cd64ecc3	e71b623ebab589c9ec63e3fd97cbcea9efd2f15f5bb78c21c7185e72f7de44df	archived	archive-by-series/90-105/verify_r11_quotient.py	source-only	computation	Source-only bytes preserved once at the canonical target under the frozen archive boundary; original source path remains an alias. Kind is a navigation label based on file type, path, and title; it does not upgrade evidence.
dongxuelian2/strict-layer-proof-research	https://github.com/dongxuelian2/strict-layer-proof-research	main	912fb4b67419d69c8c7d805b7fd2fcadd26e9a7a	archive-by-series/90-105/verify_r13_carrier_image.py	912fb4b67419d69c8c7d805b7fd2fcadd26e9a7a	bae167b15f05001c790e06295ab3133fc82fd0a3	df085f011758cc06ece2ccd8a36a73d58ab672b9a32e750cc9a10d072888c0b0	d4ddf1fbc8c424bc7f1a21fbb534adbb9d2114e17038617d3788cdea6d49884d			research/archive/strict-layer-proof-research/archive-by-series/90-105/verify_r13_carrier_image.py	df085f011758cc06ece2ccd8a36a73d58ab672b9a32e750cc9a10d072888c0b0	d4ddf1fbc8c424bc7f1a21fbb534adbb9d2114e17038617d3788cdea6d49884d	archived	archive-by-series/90-105/verify_r13_carrier_image.py	source-only	computation	Source-only bytes preserved once at the canonical target under the frozen archive boundary; original source path remains an alias. Kind is a navigation label based on file type, path, and title; it does not upgrade evidence.
dongxuelian2/strict-layer-proof-research	https://github.com/dongxuelian2/strict-layer-proof-research	main	912fb4b67419d69c8c7d805b7fd2fcadd26e9a7a	archive-by-series/90-105/verify_transfer_first_failure.py	912fb4b67419d69c8c7d805b7fd2fcadd26e9a7a	969db2e406a8ec6c1e3b85dd7c7104ce2b5abcaf	1cadff70c938423e0796da6b3ae6332afeecb13914b877d6ca99b1780a8b27ec	8b4e0301e36cf3edf80b8700fef107c2dfb6c639587467d420b816354e45e11e			research/archive/strict-layer-proof-research/archive-by-series/90-105/verify_transfer_first_failure.py	1cadff70c938423e0796da6b3ae6332afeecb13914b877d6ca99b1780a8b27ec	8b4e0301e36cf3edf80b8700fef107c2dfb6c639587467d420b816354e45e11e	archived	archive-by-series/90-105/verify_transfer_first_failure.py	source-only	failure	Source-only bytes preserved once at the canonical target under the frozen archive boundary; original source path remains an alias. Kind is a navigation label based on file type, path, and title; it does not upgrade evidence.
